<?xml version="1.0" encoding="UTF-8" ?>


<Show>
<name>Fernwood 2Night</name>
<totalseasons>1</totalseasons>
<showid>1</showid>
<showlink>http://tvrage.com/Fernwood_2Night</showlink>
<started>Jul/04/1977</started>
<ended>Sep/30/1977</ended>
<image>http://images.tvrage.com/shows/1/1.jpg</image>
<origin_country>US</origin_country>
<status>Canceled/Ended</status>
<classification>Scripted</classification>
<genres><genre>Comedy</genre></genres>
<runtime>30</runtime>
<network country="US">Syndicated</network>
<airtime>12:00</airtime>
<airday>Weekdays</airday>
<timezone>GMT-5 -DST</timezone>
<akas><aka>Fernwood 2Nite</aka></akas>
<Episodelist>

<Season no="1">
<episode><epnum>1</epnum><seasonnum>01</seasonnum><prodnum></prodnum><airdate>1977-07-04</airdate><link>http://www.tvrage.com/Fernwood_2Night/episodes/238297</link><title>Talk to a Jew</title></episode>
<episode><epnum>2</epnum><seasonnum>02</seasonnum><prodnum></prodnum><airdate>1977-07-05</airdate><link>http://www.tvrage.com/Fernwood_2Night/episodes/238298</link><title>Leisure Suits Cause Cancer</title></episode>
<episode><epnum>3</epnum><seasonnum>03</seasonnum><prodnum></prodnum><airdate>1977-07-06</airdate><link>http://www.tvrage.com/Fernwood_2Night/episodes/238299</link><title>The Wonderblender</title></episode>
<episode><epnum>4</epnum><seasonnum>04</seasonnum><prodnum></prodnum><airdate>1977-07-07</airdate><link>http://www.tvrage.com/Fernwood_2Night/episodes/238300</link><title>Corporal Punishment I</title></episode>
<episode><epnum>5</epnum><seasonnum>05</seasonnum><prodnum></prodnum><airdate>1977-07-08</airdate><link>http://www.tvrage.com/Fernwood_2Night/episodes/238301</link><title>Corporal Punishment II</title></episode>
<episode><epnum>6</epnum><seasonnum>06</seasonnum><prodnum></prodnum><airdate>1977-07-11</airdate><link>http://www.tvrage.com/Fernwood_2Night/episodes/238302</link><title>Fernwood Fascinating Females</title></episode>
<episode><epnum>7</epnum><seasonnum>07</seasonnum><prodnum></prodnum><airdate>1977-07-12</airdate><link>http://www.tvrage.com/Fernwood_2Night/episodes/238303</link><title>Hearing Ear Dogs for the Deaf</title></episode>
<episode><epnum>8</epnum><seasonnum>08</seasonnum><prodnum></prodnum><airdate>1977-07-13</airdate><link>http://www.tvrage.com/Fernwood_2Night/episodes/238304</link><title>Congressman Chambers</title></episode>
<episode><epnum>9</epnum><seasonnum>09</seasonnum><prodnum></prodnum><airdate>1977-07-14</airdate><link>http://www.tvrage.com/Fernwood_2Night/episodes/238305</link><title>No-frills Hospitals</title></episode>
<episode><epnum>10</epnum><seasonnum>10</seasonnum><prodnum></prodnum><airdate>1977-07-15</airdate><link>http://www.tvrage.com/Fernwood_2Night/episodes/238306</link><title>Ethnic Myths</title></episode>
<episode><epnum>11</epnum><seasonnum>11</seasonnum><prodnum></prodnum><airdate>1977-07-18</airdate><link>http://www.tvrage.com/Fernwood_2Night/episodes/238307</link><title>Lillian Dunbar</title></episode>
<episode><epnum>12</epnum><seasonnum>12</seasonnum><prodnum></prodnum><airdate>1977-07-19</airdate><link>http://www.tvrage.com/Fernwood_2Night/episodes/238308</link><title>Uncle Sam, Jr (I)</title></episode>
<episode><epnum>13</epnum><seasonnum>13</seasonnum><prodnum></prodnum><airdate>1977-07-20</airdate><link>http://www.tvrage.com/Fernwood_2Night/episodes/238309</link><title>Tony Rolletti and Susan Cloud</title></episode>
<episode><epnum>14</epnum><seasonnum>14</seasonnum><prodnum></prodnum><airdate>1977-07-21</airdate><link>http://www.tvrage.com/Fernwood_2Night/episodes/238310</link><title>Breeding Athletes</title></episode>
<episode><epnum>15</epnum><seasonnum>15</seasonnum><prodnum></prodnum><airdate>1977-07-22</airdate><link>http://www.tvrage.com/Fernwood_2Night/episodes/238311</link><title>Animal Sexuality</title></episode>
<episode><epnum>16</epnum><seasonnum>16</seasonnum><prodnum>127</prodnum><airdate>1977-07-25</airdate><link>http://www.tvrage.com/Fernwood_2Night/episodes/238312</link><title>Garth Gimble Memorial Tennis Classic</title></episode>
<episode><epnum>17</epnum><seasonnum>17</seasonnum><prodnum></prodnum><airdate>1977-07-26</airdate><link>http://www.tvrage.com/Fernwood_2Night/episodes/238313</link><title>Dating Service for Dogs</title></episode>
<episode><epnum>18</epnum><seasonnum>18</seasonnum><prodnum></prodnum><airdate>1977-07-27</airdate><link>http://www.tvrage.com/Fernwood_2Night/episodes/238314</link><title>Lou Moffatt on Land Deals</title></episode>
<episode><epnum>19</epnum><seasonnum>19</seasonnum><prodnum></prodnum><airdate>1977-07-28</airdate><link>http://www.tvrage.com/Fernwood_2Night/episodes/238315</link><title>Uncle Sam Jr. II</title></episode>
<episode><epnum>20</epnum><seasonnum>20</seasonnum><prodnum></prodnum><airdate>1977-07-29</airdate><link>http://www.tvrage.com/Fernwood_2Night/episodes/238316</link><title>Comedy Sales Techniques</title></episode>
<episode><epnum>21</epnum><seasonnum>21</seasonnum><prodnum></prodnum><airdate>1977-08-01</airdate><link>http://www.tvrage.com/Fernwood_2Night/episodes/238317</link><title>Tom Waits</title></episode>
<episode><epnum>22</epnum><seasonnum>22</seasonnum><prodnum></prodnum><airdate>1977-08-02</airdate><link>http://www.tvrage.com/Fernwood_2Night/episodes/238318</link><title>Dumbness measuring machine</title></episode>
<episode><epnum>23</epnum><seasonnum>23</seasonnum><prodnum></prodnum><airdate>1977-08-03</airdate><link>http://www.tvrage.com/Fernwood_2Night/episodes/238319</link><title>no info</title></episode>
<episode><epnum>24</epnum><seasonnum>24</seasonnum><prodnum></prodnum><airdate>1977-08-04</airdate><link>http://www.tvrage.com/Fernwood_2Night/episodes/238320</link><title>Singers and salesmen</title></episode>
<episode><epnum>25</epnum><seasonnum>25</seasonnum><prodnum></prodnum><airdate>1977-08-05</airdate><link>http://www.tvrage.com/Fernwood_2Night/episodes/238321</link><title>Criminal Justice</title></episode>
<episode><epnum>26</epnum><seasonnum>26</seasonnum><prodnum></prodnum><airdate>1977-08-08</airdate><link>http://www.tvrage.com/Fernwood_2Night/episodes/238322</link><title>8/8/77</title></episode>
<episode><epnum>27</epnum><seasonnum>27</seasonnum><prodnum></prodnum><airdate>1977-08-09</airdate><link>http://www.tvrage.com/Fernwood_2Night/episodes/238323</link><title>Fernwood Blood Drive</title></episode>
<episode><epnum>28</epnum><seasonnum>28</seasonnum><prodnum></prodnum><airdate>1977-08-10</airdate><link>http://www.tvrage.com/Fernwood_2Night/episodes/238324</link><title>8/10/77</title></episode>
<episode><epnum>29</epnum><seasonnum>29</seasonnum><prodnum></prodnum><airdate>1977-08-11</airdate><link>http://www.tvrage.com/Fernwood_2Night/episodes/238325</link><title>Barbershop Trio</title></episode>
<episode><epnum>30</epnum><seasonnum>30</seasonnum><prodnum></prodnum><airdate>1977-08-12</airdate><link>http://www.tvrage.com/Fernwood_2Night/episodes/238326</link><title>8/12/77</title></episode>
<episode><epnum>31</epnum><seasonnum>31</seasonnum><prodnum></prodnum><airdate>1977-08-15</airdate><link>http://www.tvrage.com/Fernwood_2Night/episodes/238327</link><title>Church of the Devine Lemonade</title></episode>
<episode><epnum>32</epnum><seasonnum>32</seasonnum><prodnum></prodnum><airdate>1977-08-16</airdate><link>http://www.tvrage.com/Fernwood_2Night/episodes/238328</link><title>8/16/77</title></episode>
<episode><epnum>33</epnum><seasonnum>33</seasonnum><prodnum></prodnum><airdate>1977-08-17</airdate><link>http://www.tvrage.com/Fernwood_2Night/episodes/238329</link><title>8/17/77</title></episode>
<episode><epnum>34</epnum><seasonnum>34</seasonnum><prodnum></prodnum><airdate>1977-08-18</airdate><link>http://www.tvrage.com/Fernwood_2Night/episodes/238330</link><title>8/18/77</title></episode>
<episode><epnum>35</epnum><seasonnum>35</seasonnum><prodnum></prodnum><airdate>1977-08-19</airdate><link>http://www.tvrage.com/Fernwood_2Night/episodes/238331</link><title>8/19/77</title></episode>
<episode><epnum>36</epnum><seasonnum>36</seasonnum><prodnum></prodnum><airdate>1977-08-22</airdate><link>http://www.tvrage.com/Fernwood_2Night/episodes/238332</link><title>8/22/77</title></episode>
<episode><epnum>37</epnum><seasonnum>37</seasonnum><prodnum></prodnum><airdate>1977-08-23</airdate><link>http://www.tvrage.com/Fernwood_2Night/episodes/238333</link><title>Tony Rolletti's autobiography</title></episode>
<episode><epnum>38</epnum><seasonnum>38</seasonnum><prodnum></prodnum><airdate>1977-08-24</airdate><link>http://www.tvrage.com/Fernwood_2Night/episodes/238334</link><title>Getting the most from your warranty</title></episode>
<episode><epnum>39</epnum><seasonnum>39</seasonnum><prodnum></prodnum><airdate>1977-08-25</airdate><link>http://www.tvrage.com/Fernwood_2Night/episodes/238335</link><title>Nudists</title></episode>
<episode><epnum>40</epnum><seasonnum>40</seasonnum><prodnum></prodnum><airdate>1977-08-26</airdate><link>http://www.tvrage.com/Fernwood_2Night/episodes/238336</link><title>Wrestling</title></episode>
<episode><epnum>41</epnum><seasonnum>41</seasonnum><prodnum></prodnum><airdate>1977-08-27</airdate><link>http://www.tvrage.com/Fernwood_2Night/episodes/238337</link><title>Tony and Chance Rolletti</title></episode>
<episode><epnum>42</epnum><seasonnum>42</seasonnum><prodnum></prodnum><airdate>1977-08-28</airdate><link>http://www.tvrage.com/Fernwood_2Night/episodes/238338</link><title>Solving Water Shortages</title></episode>
<episode><epnum>43</epnum><seasonnum>43</seasonnum><prodnum></prodnum><airdate>1977-08-29</airdate><link>http://www.tvrage.com/Fernwood_2Night/episodes/238339</link><title>Sex Therapy</title></episode>
<episode><epnum>44</epnum><seasonnum>44</seasonnum><prodnum></prodnum><airdate>1977-08-30</airdate><link>http://www.tvrage.com/Fernwood_2Night/episodes/238340</link><title>Real Estate Tips</title></episode>
<episode><epnum>45</epnum><seasonnum>45</seasonnum><prodnum></prodnum><airdate>1977-09-02</airdate><link>http://www.tvrage.com/Fernwood_2Night/episodes/238341</link><title>Skateboard Angel</title></episode>
<episode><epnum>46</epnum><seasonnum>46</seasonnum><prodnum></prodnum><airdate>1977-09-05</airdate><link>http://www.tvrage.com/Fernwood_2Night/episodes/238342</link><title>9/5/77</title></episode>
<episode><epnum>47</epnum><seasonnum>47</seasonnum><prodnum></prodnum><airdate>1977-09-06</airdate><link>http://www.tvrage.com/Fernwood_2Night/episodes/238343</link><title>Rev. Chung Hee</title></episode>
<episode><epnum>48</epnum><seasonnum>48</seasonnum><prodnum></prodnum><airdate>1977-09-07</airdate><link>http://www.tvrage.com/Fernwood_2Night/episodes/238344</link><title>9/7/77</title></episode>
<episode><epnum>49</epnum><seasonnum>49</seasonnum><prodnum></prodnum><airdate>1977-09-08</airdate><link>http://www.tvrage.com/Fernwood_2Night/episodes/238345</link><title>Pet Mating Service</title></episode>
<episode><epnum>50</epnum><seasonnum>50</seasonnum><prodnum></prodnum><airdate>1977-09-09</airdate><link>http://www.tvrage.com/Fernwood_2Night/episodes/238346</link><title>9/9/77</title></episode>
<episode><epnum>51</epnum><seasonnum>51</seasonnum><prodnum></prodnum><airdate>1977-09-12</airdate><link>http://www.tvrage.com/Fernwood_2Night/episodes/238347</link><title>Behind Hollywood</title></episode>
<episode><epnum>52</epnum><seasonnum>52</seasonnum><prodnum></prodnum><airdate>1977-09-13</airdate><link>http://www.tvrage.com/Fernwood_2Night/episodes/238348</link><title>9/13/77</title></episode>
<episode><epnum>53</epnum><seasonnum>53</seasonnum><prodnum></prodnum><airdate>1977-09-14</airdate><link>http://www.tvrage.com/Fernwood_2Night/episodes/238349</link><title>Aunt Edity</title></episode>
<episode><epnum>54</epnum><seasonnum>54</seasonnum><prodnum></prodnum><airdate>1977-09-15</airdate><link>http://www.tvrage.com/Fernwood_2Night/episodes/238350</link><title>no info</title></episode>
<episode><epnum>55</epnum><seasonnum>55</seasonnum><prodnum></prodnum><airdate>1977-09-16</airdate><link>http://www.tvrage.com/Fernwood_2Night/episodes/238351</link><title>no info</title></episode>
<episode><epnum>56</epnum><seasonnum>56</seasonnum><prodnum></prodnum><airdate>1977-09-19</airdate><link>http://www.tvrage.com/Fernwood_2Night/episodes/238352</link><title>Theological Correspondence Course</title></episode>
<episode><epnum>57</epnum><seasonnum>57</seasonnum><prodnum></prodnum><airdate>1977-09-20</airdate><link>http://www.tvrage.com/Fernwood_2Night/episodes/238353</link><title>Singles Mingles Club</title></episode>
<episode><epnum>58</epnum><seasonnum>58</seasonnum><prodnum></prodnum><airdate>1977-09-21</airdate><link>http://www.tvrage.com/Fernwood_2Night/episodes/238354</link><title>9/21/77</title></episode>
<episode><epnum>59</epnum><seasonnum>59</seasonnum><prodnum></prodnum><airdate>1977-09-22</airdate><link>http://www.tvrage.com/Fernwood_2Night/episodes/238355</link><title>Battery Powered Car</title></episode>
<episode><epnum>60</epnum><seasonnum>60</seasonnum><prodnum></prodnum><airdate>1977-09-23</airdate><link>http://www.tvrage.com/Fernwood_2Night/episodes/238356</link><title>Harry Shearer</title></episode>
<episode><epnum>61</epnum><seasonnum>61</seasonnum><prodnum></prodnum><airdate>1977-09-26</airdate><link>http://www.tvrage.com/Fernwood_2Night/episodes/238357</link><title>Amusement and Healing Parks</title></episode>
<episode><epnum>62</epnum><seasonnum>62</seasonnum><prodnum></prodnum><airdate>1977-09-27</airdate><link>http://www.tvrage.com/Fernwood_2Night/episodes/238358</link><title>Indian Princess</title></episode>
<episode><epnum>63</epnum><seasonnum>63</seasonnum><prodnum></prodnum><airdate>1977-09-28</airdate><link>http://www.tvrage.com/Fernwood_2Night/episodes/238359</link><title>Fan Club President</title></episode>
<episode><epnum>64</epnum><seasonnum>64</seasonnum><prodnum></prodnum><airdate>1977-09-29</airdate><link>http://www.tvrage.com/Fernwood_2Night/episodes/238360</link><title>The Ransom</title></episode>
<episode><epnum>65</epnum><seasonnum>65</seasonnum><prodnum></prodnum><airdate>1977-09-30</airdate><link>http://www.tvrage.com/Fernwood_2Night/episodes/238361</link><title>Save &quot;Fernwood 2Night&quot; Telethon</title></episode>
</Season>

</Episodelist>

</Show>