<?xml version="1.0" encoding="UTF-8" ?>


<Show>
<name>Animal, Vegetable, Mineral?</name>
<totalseasons>7</totalseasons>
<showid>10001</showid>
<showlink>http://tvrage.com/shows/id-10001</showlink>
<started>Nov/1952</started>
<ended>Jun/1959</ended>
<image>http://images.tvrage.com/shows/11/10001.jpg</image>
<origin_country>UK</origin_country>
<status>Canceled/Ended</status>
<classification>Game Show</classification>
<runtime>30</runtime>
<network country="UK">BBC One</network>
<airtime>15:00</airtime>
<airday>Weekdays</airday>
<timezone>GMT+0 -DST</timezone>

</Show>