<?xml version="1.0" encoding="UTF-8" ?>


<Show>
<name>Our World</name>
<totalseasons>1</totalseasons>
<showid>1000</showid>
<showlink>http://tvrage.com/shows/id-1000</showlink>
<started>Sep/18/1986</started>
<ended>Feb/19/1987</ended>
<image>http://images.tvrage.com/shows/2/1000.jpg</image>
<origin_country>US</origin_country>
<status>Canceled/Ended</status>
<classification>News</classification>
<runtime>60</runtime>
<network country="US">ABC</network>
<airtime>20:00</airtime>
<airday>Thursday</airday>
<timezone>GMT-5 -DST</timezone>

</Show>