<?xml version="1.0" encoding="UTF-8" ?>


<Show>
<name>The Art Linkletter Show</name>
<totalseasons>7</totalseasons>
<showid>10008</showid>
<showlink>http://tvrage.com/shows/id-10008</showlink>
<started>Feb/1963</started>
<ended>Sep/1970</ended>
<image>http://images.tvrage.com/shows/11/10008.jpg</image>
<origin_country>US</origin_country>
<status>Canceled/Ended</status>
<classification>Game Show</classification>
<runtime>30</runtime>
<network country="US">NBC</network>
<airtime>21:30</airtime>
<airday>Monday</airday>
<timezone>GMT-5 -DST</timezone>
<Episodelist>

<Season no="7">
<episode><epnum>1</epnum><seasonnum>01</seasonnum><prodnum></prodnum><airdate>1970-05-14</airdate><link>http://www.tvrage.com/shows/id-10008/episodes/552166</link><title>May 14, 1970</title></episode>
</Season>

</Episodelist>

</Show>