<?xml version="1.0" encoding="UTF-8" ?>


<Show>
<name>Anybody Can Play</name>
<totalseasons>1</totalseasons>
<showid>10002</showid>
<showlink>http://tvrage.com/shows/id-10002</showlink>
<started>Jul/1958</started>
<ended>Dec/1958</ended>
<image>http://images.tvrage.com/shows/11/10002.jpg</image>
<origin_country>US</origin_country>
<status>Canceled/Ended</status>
<classification>Game Show</classification>
<runtime>30</runtime>
<network country="US">ABC</network>
<airtime>20:30</airtime>
<airday>Sunday</airday>
<timezone>GMT-5 -DST</timezone>

</Show>