<?xml version="1.0" encoding="UTF-8" ?>


<Show>
<name>Anything You Can Cook</name>
<totalseasons>1</totalseasons>
<showid>10006</showid>
<showlink>http://tvrage.com/shows/id-10006</showlink>
<started>Aug/1999</started>
<ended>May/2000</ended>
<image>http://images.tvrage.com/shows/11/10006.jpg</image>
<origin_country>UK</origin_country>
<status>Canceled/Ended</status>
<classification>Game Show</classification>
<runtime>30</runtime>
<network country="UK">BBC One</network>
<airtime>14:00</airtime>
<airday>Tuesday</airday>
<timezone>GMT+0 -DST</timezone>

</Show>