<?xml version="1.0" encoding="UTF-8" ?>


<Show>
<name>Anything Goes</name>
<totalseasons>1</totalseasons>
<showid>10005</showid>
<showlink>http://tvrage.com/shows/id-10005</showlink>
<started>May/1985</started>
<ended>Aug/1985</ended>
<image>http://images.tvrage.com/shows/11/10005.jpg</image>
<origin_country>UK</origin_country>
<status>Canceled/Ended</status>
<classification>Game Show</classification>
<runtime>50</runtime>
<network country="UK">BBC One</network>
<airtime>20:00</airtime>
<airday>Sunday</airday>
<timezone>GMT+0 -DST</timezone>

</Show>