<?xml version="1.0" encoding="UTF-8" ?>


<Show>
<name>Back To The Present</name>
<totalseasons>1</totalseasons>
<showid>10015</showid>
<showlink>http://tvrage.com/shows/id-10015</showlink>
<started>Feb/1999</started>
<ended>Apr/1999</ended>
<image>http://images.tvrage.com/shows/11/10015.jpg</image>
<origin_country>UK</origin_country>
<status>Canceled/Ended</status>
<classification>Game Show</classification>
<runtime>30</runtime>
<network country="UK">ITV Central</network>
<airtime>16:00</airtime>
<airday>Saturday</airday>
<timezone>GMT+0 -DST</timezone>

</Show>