<?xml version="1.0" encoding="UTF-8" ?>


<Show>
<name>Ask Me Another (UK)</name>
<totalseasons>1</totalseasons>
<showid>10011</showid>
<showlink>http://tvrage.com/Ask_Me_Another_UK</showlink>
<started>Feb/1962</started>
<ended>Jun/1962</ended>
<image>http://images.tvrage.com/shows/11/10011.jpg</image>
<origin_country>UK</origin_country>
<status>Canceled/Ended</status>
<classification>Game Show</classification>
<runtime>25</runtime>
<network country="UK">BBC One</network>
<airtime>18:00</airtime>
<airday>Sunday</airday>
<timezone>GMT+0 -DST</timezone>

</Show>