<?xml version="1.0" encoding="UTF-8" ?>


<Show>
<name>Ask No Questions</name>
<totalseasons>1</totalseasons>
<showid>10013</showid>
<showlink>http://tvrage.com/shows/id-10013</showlink>
<started>Aug/1987</started>
<ended>Nov/1987</ended>
<image>http://images.tvrage.com/shows/11/10013.jpg</image>
<origin_country>UK</origin_country>
<status>Canceled/Ended</status>
<classification>Game Show</classification>
<genres><genre>Family</genre></genres>
<runtime>30</runtime>
<network country="UK">ITV</network>
<airtime>15:00</airtime>
<airday>Tuesday</airday>
<timezone>GMT+0 -DST</timezone>

</Show>