<?xml version="1.0" encoding="UTF-8" ?>


<Show>
<name>Too Young to Go Steady</name>
<totalseasons>1</totalseasons>
<showid>1001</showid>
<showlink>http://tvrage.com/shows/id-1001</showlink>
<started>May/14/1959</started>
<ended>Jun/25/1959</ended>
<image>http://images.tvrage.com/shows/2/1001.jpg</image>
<origin_country>US</origin_country>
<status>Canceled/Ended</status>
<classification>Scripted</classification>
<genres><genre>Comedy</genre></genres>
<runtime>30</runtime>
<network country="US">NBC</network>
<airtime>20:30</airtime>
<airday>Thursday</airday>
<timezone>GMT-5 -DST</timezone>
<Episodelist>

<Season no="1">
<episode><epnum>1</epnum><seasonnum>01</seasonnum><prodnum></prodnum><airdate>1959-05-14</airdate><link>http://www.tvrage.com/shows/id-1001/episodes/439931</link><title>Pilot Episode</title></episode>
<episode><epnum>2</epnum><seasonnum>02</seasonnum><prodnum></prodnum><airdate>1959-05-21</airdate><link>http://www.tvrage.com/shows/id-1001/episodes/439932</link><title>Pam Fails To Land A Part In The School Play</title></episode>
<episode><epnum>3</epnum><seasonnum>03</seasonnum><prodnum></prodnum><airdate>1959-05-28</airdate><link>http://www.tvrage.com/shows/id-1001/episodes/439933</link><title>The Anniversary Party</title></episode>
<episode><epnum>4</epnum><seasonnum>04</seasonnum><prodnum></prodnum><airdate>1959-06-04</airdate><link>http://www.tvrage.com/shows/id-1001/episodes/439934</link><title>Cheating</title></episode>
<episode><epnum>5</epnum><seasonnum>05</seasonnum><prodnum></prodnum><airdate>1959-06-11</airdate><link>http://www.tvrage.com/shows/id-1001/episodes/439935</link><title>Baseball</title></episode>
<episode><epnum>6</epnum><seasonnum>06</seasonnum><prodnum></prodnum><airdate>1959-06-18</airdate><link>http://www.tvrage.com/shows/id-1001/episodes/439936</link><title>Sophomore Queen</title></episode>
<episode><epnum>7</epnum><seasonnum>07</seasonnum><prodnum></prodnum><airdate>1959-06-25</airdate><link>http://www.tvrage.com/shows/id-1001/episodes/439937</link><title>Slam Book</title></episode>
</Season>

</Episodelist>

</Show>