<?xml version="1.0" encoding="UTF-8" ?>


<Show>
<name>Ask The Family (UK)</name>
<totalseasons>1</totalseasons>
<showid>10012</showid>
<showlink>http://tvrage.com/Ask_The_Family_UK</showlink>
<started>Mar/1967</started>
<ended>May/1982</ended>
<image>http://images.tvrage.com/shows/11/10012.jpg</image>
<origin_country>UK</origin_country>
<status>Canceled/Ended</status>
<classification>Game Show</classification>
<runtime>30</runtime>
<network country="UK">BBC One</network>
<airtime>20:00</airtime>
<airday>Tuesday</airday>
<timezone>GMT+0 -DST</timezone>

</Show>