<?xml version="1.0" encoding="UTF-8" ?>


<Show>
<name>Bob's Full House</name>
<totalseasons>6</totalseasons>
<showid>10026</showid>
<showlink>http://tvrage.com/shows/id-10026</showlink>
<started>Sep/1984</started>
<ended>Jan/1990</ended>
<image>http://images.tvrage.com/shows/11/10026.jpg</image>
<origin_country>UK</origin_country>
<status>Canceled/Ended</status>
<classification>Game Show</classification>
<runtime>30</runtime>
<network country="UK">BBC One</network>
<airtime>12:00</airtime>
<airday>Saturday</airday>
<timezone>GMT+0 -DST</timezone>
<Episodelist>

<Season no="1">
<episode><epnum>1</epnum><seasonnum>01</seasonnum><prodnum></prodnum><airdate>1984-09-01</airdate><link>http://www.tvrage.com/shows/id-10026/episodes/381110</link><title>Series 1, Episode 1</title></episode>
<episode><epnum>2</epnum><seasonnum>02</seasonnum><prodnum></prodnum><airdate>1984-09-08</airdate><link>http://www.tvrage.com/shows/id-10026/episodes/381111</link><title>Series 1, Episode 2</title></episode>
<episode><epnum>3</epnum><seasonnum>03</seasonnum><prodnum></prodnum><airdate>1984-09-15</airdate><link>http://www.tvrage.com/shows/id-10026/episodes/381112</link><title>Series 1, Episode 3</title></episode>
<episode><epnum>4</epnum><seasonnum>04</seasonnum><prodnum></prodnum><airdate>1984-09-22</airdate><link>http://www.tvrage.com/shows/id-10026/episodes/381113</link><title>Series 1, Episode 4</title></episode>
<episode><epnum>5</epnum><seasonnum>05</seasonnum><prodnum></prodnum><airdate>1984-09-29</airdate><link>http://www.tvrage.com/shows/id-10026/episodes/381114</link><title>Series 1, Episode 5</title></episode>
<episode><epnum>6</epnum><seasonnum>06</seasonnum><prodnum></prodnum><airdate>1984-10-06</airdate><link>http://www.tvrage.com/shows/id-10026/episodes/381115</link><title>Series 1, Episode 6</title></episode>
<episode><epnum>7</epnum><seasonnum>07</seasonnum><prodnum></prodnum><airdate>1984-10-13</airdate><link>http://www.tvrage.com/shows/id-10026/episodes/381116</link><title>Series 1, Episode 7</title></episode>
<episode><epnum>8</epnum><seasonnum>08</seasonnum><prodnum></prodnum><airdate>1984-10-20</airdate><link>http://www.tvrage.com/shows/id-10026/episodes/381117</link><title>Series 1, Episode 8</title></episode>
<episode><epnum>9</epnum><seasonnum>09</seasonnum><prodnum></prodnum><airdate>1984-10-27</airdate><link>http://www.tvrage.com/shows/id-10026/episodes/381118</link><title>Series 1, Episode 9</title></episode>
<episode><epnum>10</epnum><seasonnum>10</seasonnum><prodnum></prodnum><airdate>1984-11-03</airdate><link>http://www.tvrage.com/shows/id-10026/episodes/381119</link><title>Series 1, Episode 10</title></episode>
<episode><epnum>11</epnum><seasonnum>11</seasonnum><prodnum></prodnum><airdate>1984-11-10</airdate><link>http://www.tvrage.com/shows/id-10026/episodes/381120</link><title>Series 1, Episode 11</title></episode>
<episode><epnum>12</epnum><seasonnum>12</seasonnum><prodnum></prodnum><airdate>1984-11-17</airdate><link>http://www.tvrage.com/shows/id-10026/episodes/381121</link><title>Series 1, Episode 12</title></episode>
<episode><epnum>13</epnum><seasonnum>13</seasonnum><prodnum></prodnum><airdate>1984-11-24</airdate><link>http://www.tvrage.com/shows/id-10026/episodes/381122</link><title>Series 1, Episode 13</title></episode>
<episode><epnum>14</epnum><seasonnum>14</seasonnum><prodnum></prodnum><airdate>1984-12-01</airdate><link>http://www.tvrage.com/shows/id-10026/episodes/381123</link><title>Series 1, Episode 14</title></episode>
<episode><epnum>15</epnum><seasonnum>15</seasonnum><prodnum></prodnum><airdate>1984-12-26</airdate><link>http://www.tvrage.com/shows/id-10026/episodes/381124</link><title>Series 1, Episode 15 (Christmas Special)</title></episode>
</Season>

<Season no="2">
<episode><epnum>16</epnum><seasonnum>01</seasonnum><prodnum></prodnum><airdate>1985-04-08</airdate><link>http://www.tvrage.com/shows/id-10026/episodes/381130</link><title>Bob's Easter Full House</title></episode>
<episode><epnum>17</epnum><seasonnum>02</seasonnum><prodnum></prodnum><airdate>1985-09-07</airdate><link>http://www.tvrage.com/shows/id-10026/episodes/381131</link><title>Series 2, Episode 1</title></episode>
<episode><epnum>18</epnum><seasonnum>03</seasonnum><prodnum></prodnum><airdate>1985-09-14</airdate><link>http://www.tvrage.com/shows/id-10026/episodes/381132</link><title>Series 2, Episode 2</title></episode>
<episode><epnum>19</epnum><seasonnum>04</seasonnum><prodnum></prodnum><airdate>1985-09-21</airdate><link>http://www.tvrage.com/shows/id-10026/episodes/381133</link><title>Series 2, Episode 3</title></episode>
<episode><epnum>20</epnum><seasonnum>05</seasonnum><prodnum></prodnum><airdate>1985-09-28</airdate><link>http://www.tvrage.com/shows/id-10026/episodes/381134</link><title>Series 2, Episode 4</title></episode>
<episode><epnum>21</epnum><seasonnum>06</seasonnum><prodnum></prodnum><airdate>1985-10-05</airdate><link>http://www.tvrage.com/shows/id-10026/episodes/381135</link><title>Series 2, Episode 5</title></episode>
<episode><epnum>22</epnum><seasonnum>07</seasonnum><prodnum></prodnum><airdate>1985-10-12</airdate><link>http://www.tvrage.com/shows/id-10026/episodes/381136</link><title>Series 2, Episode 6</title></episode>
<episode><epnum>23</epnum><seasonnum>08</seasonnum><prodnum></prodnum><airdate>1985-10-19</airdate><link>http://www.tvrage.com/shows/id-10026/episodes/381137</link><title>Series 2, Episode 7</title></episode>
<episode><epnum>24</epnum><seasonnum>09</seasonnum><prodnum></prodnum><airdate>1985-10-26</airdate><link>http://www.tvrage.com/shows/id-10026/episodes/381138</link><title>Series 2, Episode 8</title></episode>
<episode><epnum>25</epnum><seasonnum>10</seasonnum><prodnum></prodnum><airdate>1985-11-02</airdate><link>http://www.tvrage.com/shows/id-10026/episodes/381139</link><title>Series 2, Episode 9</title></episode>
<episode><epnum>26</epnum><seasonnum>11</seasonnum><prodnum></prodnum><airdate>1985-11-09</airdate><link>http://www.tvrage.com/shows/id-10026/episodes/381140</link><title>Series 2, Episode 10</title></episode>
<episode><epnum>27</epnum><seasonnum>12</seasonnum><prodnum></prodnum><airdate>1985-11-16</airdate><link>http://www.tvrage.com/shows/id-10026/episodes/381141</link><title>Series 2, Episode 11</title></episode>
<episode><epnum>28</epnum><seasonnum>13</seasonnum><prodnum></prodnum><airdate>1985-11-23</airdate><link>http://www.tvrage.com/shows/id-10026/episodes/381142</link><title>Series 2, Episode 12</title></episode>
<episode><epnum>29</epnum><seasonnum>14</seasonnum><prodnum></prodnum><airdate>1985-11-30</airdate><link>http://www.tvrage.com/shows/id-10026/episodes/381143</link><title>Series 2, Episode 13</title></episode>
<episode><epnum>30</epnum><seasonnum>15</seasonnum><prodnum></prodnum><airdate>1985-12-07</airdate><link>http://www.tvrage.com/shows/id-10026/episodes/381144</link><title>Series 2, Episode 14</title></episode>
<episode><epnum>31</epnum><seasonnum>16</seasonnum><prodnum></prodnum><airdate>1985-12-14</airdate><link>http://www.tvrage.com/shows/id-10026/episodes/381145</link><title>Series 2, Episode 15</title></episode>
<episode><epnum>32</epnum><seasonnum>17</seasonnum><prodnum></prodnum><airdate>1985-12-21</airdate><link>http://www.tvrage.com/shows/id-10026/episodes/381146</link><title>Series 2, Episode 16</title></episode>
<episode><epnum>33</epnum><seasonnum>18</seasonnum><prodnum></prodnum><airdate>1985-12-26</airdate><link>http://www.tvrage.com/shows/id-10026/episodes/381147</link><title>Series 2, Episode 17 (Christmas Special)</title></episode>
</Season>

<Season no="3">
<episode><epnum>34</epnum><seasonnum>01</seasonnum><prodnum></prodnum><airdate>1986-03-31</airdate><link>http://www.tvrage.com/shows/id-10026/episodes/381148</link><title>Bob's Easter Full House</title></episode>
<episode><epnum>35</epnum><seasonnum>02</seasonnum><prodnum></prodnum><airdate>1986-12-06</airdate><link>http://www.tvrage.com/shows/id-10026/episodes/381149</link><title>Series 3, Episode 1</title></episode>
<episode><epnum>36</epnum><seasonnum>03</seasonnum><prodnum></prodnum><airdate>1986-12-13</airdate><link>http://www.tvrage.com/shows/id-10026/episodes/381150</link><title>Series 3, Episode 2</title></episode>
<episode><epnum>37</epnum><seasonnum>04</seasonnum><prodnum></prodnum><airdate>1986-12-20</airdate><link>http://www.tvrage.com/shows/id-10026/episodes/381151</link><title>Series 3, Episode 3</title></episode>
<episode><epnum>38</epnum><seasonnum>05</seasonnum><prodnum></prodnum><airdate>1987-01-03</airdate><link>http://www.tvrage.com/shows/id-10026/episodes/381152</link><title>Series 3, Episode 4</title></episode>
<episode><epnum>39</epnum><seasonnum>06</seasonnum><prodnum></prodnum><airdate>1987-01-10</airdate><link>http://www.tvrage.com/shows/id-10026/episodes/381153</link><title>Series 3, Episode 5</title></episode>
<episode><epnum>40</epnum><seasonnum>07</seasonnum><prodnum></prodnum><airdate>1987-01-17</airdate><link>http://www.tvrage.com/shows/id-10026/episodes/381154</link><title>Series 3, Episode 6</title></episode>
<episode><epnum>41</epnum><seasonnum>08</seasonnum><prodnum></prodnum><airdate>1987-01-24</airdate><link>http://www.tvrage.com/shows/id-10026/episodes/381155</link><title>Series 3, Episode 7</title></episode>
<episode><epnum>42</epnum><seasonnum>09</seasonnum><prodnum></prodnum><airdate>1987-01-31</airdate><link>http://www.tvrage.com/shows/id-10026/episodes/381156</link><title>Series 3, Episode 8</title></episode>
<episode><epnum>43</epnum><seasonnum>10</seasonnum><prodnum></prodnum><airdate>1987-02-07</airdate><link>http://www.tvrage.com/shows/id-10026/episodes/381157</link><title>Series 3, Episode 9</title></episode>
<episode><epnum>44</epnum><seasonnum>11</seasonnum><prodnum></prodnum><airdate>1987-02-14</airdate><link>http://www.tvrage.com/shows/id-10026/episodes/381158</link><title>Series 3, Episode 10</title></episode>
<episode><epnum>45</epnum><seasonnum>12</seasonnum><prodnum></prodnum><airdate>1987-02-21</airdate><link>http://www.tvrage.com/shows/id-10026/episodes/381159</link><title>Series 3, Episode 11</title></episode>
<episode><epnum>46</epnum><seasonnum>13</seasonnum><prodnum></prodnum><airdate>1987-02-28</airdate><link>http://www.tvrage.com/shows/id-10026/episodes/381160</link><title>Series 3, Episode 12</title></episode>
<episode><epnum>47</epnum><seasonnum>14</seasonnum><prodnum></prodnum><airdate>1987-03-07</airdate><link>http://www.tvrage.com/shows/id-10026/episodes/381161</link><title>Series 3, Episode 13</title></episode>
<episode><epnum>48</epnum><seasonnum>15</seasonnum><prodnum></prodnum><airdate>1987-03-14</airdate><link>http://www.tvrage.com/shows/id-10026/episodes/381162</link><title>Series 3, Episode 14</title></episode>
<episode><epnum>49</epnum><seasonnum>16</seasonnum><prodnum></prodnum><airdate>1987-04-20</airdate><link>http://www.tvrage.com/shows/id-10026/episodes/381163</link><title>Series 3, Episode 15</title></episode>
<episode><epnum>50</epnum><seasonnum>17</seasonnum><prodnum></prodnum><airdate>1987-05-25</airdate><link>http://www.tvrage.com/shows/id-10026/episodes/381164</link><title>Series 3, Episode 16</title></episode>
</Season>

<Season no="4">
<episode><epnum>51</epnum><seasonnum>01</seasonnum><prodnum></prodnum><airdate>1987-09-05</airdate><link>http://www.tvrage.com/shows/id-10026/episodes/381165</link><title>Series 4, Episode 1</title></episode>
<episode><epnum>52</epnum><seasonnum>02</seasonnum><prodnum></prodnum><airdate>1987-09-12</airdate><link>http://www.tvrage.com/shows/id-10026/episodes/381166</link><title>Series 4, Episode 2</title></episode>
<episode><epnum>53</epnum><seasonnum>03</seasonnum><prodnum></prodnum><airdate>1987-09-19</airdate><link>http://www.tvrage.com/shows/id-10026/episodes/381167</link><title>Series 4, Episode 3</title></episode>
<episode><epnum>54</epnum><seasonnum>04</seasonnum><prodnum></prodnum><airdate>1987-09-26</airdate><link>http://www.tvrage.com/shows/id-10026/episodes/381168</link><title>Series 4, Episode 4</title></episode>
<episode><epnum>55</epnum><seasonnum>05</seasonnum><prodnum></prodnum><airdate>1987-10-03</airdate><link>http://www.tvrage.com/shows/id-10026/episodes/381169</link><title>Series 4, Episode 5</title></episode>
<episode><epnum>56</epnum><seasonnum>06</seasonnum><prodnum></prodnum><airdate>1987-10-10</airdate><link>http://www.tvrage.com/shows/id-10026/episodes/381170</link><title>Series 4, Episode 6</title></episode>
<episode><epnum>57</epnum><seasonnum>07</seasonnum><prodnum></prodnum><airdate>1987-10-17</airdate><link>http://www.tvrage.com/shows/id-10026/episodes/381171</link><title>Series 4, Episode 7</title></episode>
<episode><epnum>58</epnum><seasonnum>08</seasonnum><prodnum></prodnum><airdate>1987-10-24</airdate><link>http://www.tvrage.com/shows/id-10026/episodes/381172</link><title>Series 4, Episode 8</title></episode>
<episode><epnum>59</epnum><seasonnum>09</seasonnum><prodnum></prodnum><airdate>1987-10-31</airdate><link>http://www.tvrage.com/shows/id-10026/episodes/381173</link><title>Series 4, Episode 9</title></episode>
<episode><epnum>60</epnum><seasonnum>10</seasonnum><prodnum></prodnum><airdate>1987-11-07</airdate><link>http://www.tvrage.com/shows/id-10026/episodes/381174</link><title>Series 4, Episode 10</title></episode>
<episode><epnum>61</epnum><seasonnum>11</seasonnum><prodnum></prodnum><airdate>1987-11-14</airdate><link>http://www.tvrage.com/shows/id-10026/episodes/381175</link><title>Series 4, Episode 11</title></episode>
<episode><epnum>62</epnum><seasonnum>12</seasonnum><prodnum></prodnum><airdate>1987-11-21</airdate><link>http://www.tvrage.com/shows/id-10026/episodes/381176</link><title>Series 4, Episode 12</title></episode>
<episode><epnum>63</epnum><seasonnum>13</seasonnum><prodnum></prodnum><airdate>1987-11-28</airdate><link>http://www.tvrage.com/shows/id-10026/episodes/381177</link><title>Series 4, Episode 13</title></episode>
<episode><epnum>64</epnum><seasonnum>14</seasonnum><prodnum></prodnum><airdate>1987-12-05</airdate><link>http://www.tvrage.com/shows/id-10026/episodes/381178</link><title>Series 4, Episode 14</title></episode>
<episode><epnum>65</epnum><seasonnum>15</seasonnum><prodnum></prodnum><airdate>1987-12-12</airdate><link>http://www.tvrage.com/shows/id-10026/episodes/381179</link><title>Series 4, Episode 15</title></episode>
<episode><epnum>66</epnum><seasonnum>16</seasonnum><prodnum></prodnum><airdate>1987-12-19</airdate><link>http://www.tvrage.com/shows/id-10026/episodes/381180</link><title>Series 4, Episode 16</title></episode>
<episode><epnum>67</epnum><seasonnum>17</seasonnum><prodnum></prodnum><airdate>1987-12-26</airdate><link>http://www.tvrage.com/shows/id-10026/episodes/381181</link><title>Series 4, Episode 17 (Christmas Special)</title></episode>
<episode><epnum>68</epnum><seasonnum>18</seasonnum><prodnum></prodnum><airdate>1988-01-02</airdate><link>http://www.tvrage.com/shows/id-10026/episodes/381182</link><title>Series 4, Episode 18</title></episode>
<episode><epnum>69</epnum><seasonnum>19</seasonnum><prodnum></prodnum><airdate>1988-01-09</airdate><link>http://www.tvrage.com/shows/id-10026/episodes/381183</link><title>Series 4, Episode 19</title></episode>
<episode><epnum>70</epnum><seasonnum>20</seasonnum><prodnum></prodnum><airdate>1988-01-16</airdate><link>http://www.tvrage.com/shows/id-10026/episodes/381184</link><title>Series 4, Episode 20</title></episode>
<episode><epnum>71</epnum><seasonnum>21</seasonnum><prodnum></prodnum><airdate>1988-01-23</airdate><link>http://www.tvrage.com/shows/id-10026/episodes/381185</link><title>Series 4, Episode 21</title></episode>
<episode><epnum>72</epnum><seasonnum>22</seasonnum><prodnum></prodnum><airdate>1988-01-30</airdate><link>http://www.tvrage.com/shows/id-10026/episodes/381186</link><title>Series 4, Episode 22</title></episode>
</Season>

<Season no="5">
<episode><epnum>73</epnum><seasonnum>01</seasonnum><prodnum></prodnum><airdate>1988-09-03</airdate><link>http://www.tvrage.com/shows/id-10026/episodes/381187</link><title>Series 5, Episode 1</title></episode>
<episode><epnum>74</epnum><seasonnum>02</seasonnum><prodnum></prodnum><airdate>1988-09-10</airdate><link>http://www.tvrage.com/shows/id-10026/episodes/381188</link><title>Series 5, Episode 2</title></episode>
<episode><epnum>75</epnum><seasonnum>03</seasonnum><prodnum></prodnum><airdate>1988-09-17</airdate><link>http://www.tvrage.com/shows/id-10026/episodes/381189</link><title>Series 5, Episode 3</title></episode>
<episode><epnum>76</epnum><seasonnum>04</seasonnum><prodnum></prodnum><airdate>1988-09-24</airdate><link>http://www.tvrage.com/shows/id-10026/episodes/381190</link><title>Series 5, Episode 4</title></episode>
<episode><epnum>77</epnum><seasonnum>05</seasonnum><prodnum></prodnum><airdate>1988-10-01</airdate><link>http://www.tvrage.com/shows/id-10026/episodes/381191</link><title>Series 5, Episode 5</title></episode>
<episode><epnum>78</epnum><seasonnum>06</seasonnum><prodnum></prodnum><airdate>1988-10-08</airdate><link>http://www.tvrage.com/shows/id-10026/episodes/381192</link><title>Series 5, Episode 6</title></episode>
<episode><epnum>79</epnum><seasonnum>07</seasonnum><prodnum></prodnum><airdate>1988-10-15</airdate><link>http://www.tvrage.com/shows/id-10026/episodes/381193</link><title>Series 5, Episode 7</title></episode>
<episode><epnum>80</epnum><seasonnum>08</seasonnum><prodnum></prodnum><airdate>1988-10-22</airdate><link>http://www.tvrage.com/shows/id-10026/episodes/381194</link><title>Series 5, Episode 8</title></episode>
<episode><epnum>81</epnum><seasonnum>09</seasonnum><prodnum></prodnum><airdate>1988-10-29</airdate><link>http://www.tvrage.com/shows/id-10026/episodes/381195</link><title>Series 5, Episode 9</title></episode>
<episode><epnum>82</epnum><seasonnum>10</seasonnum><prodnum></prodnum><airdate>1988-11-05</airdate><link>http://www.tvrage.com/shows/id-10026/episodes/381196</link><title>Series 5, Episode 10</title></episode>
<episode><epnum>83</epnum><seasonnum>11</seasonnum><prodnum></prodnum><airdate>1988-11-12</airdate><link>http://www.tvrage.com/shows/id-10026/episodes/381197</link><title>Series 5, Episode 11</title></episode>
<episode><epnum>84</epnum><seasonnum>12</seasonnum><prodnum></prodnum><airdate>1988-11-19</airdate><link>http://www.tvrage.com/shows/id-10026/episodes/381198</link><title>Series 5, Episode 12</title></episode>
<episode><epnum>85</epnum><seasonnum>13</seasonnum><prodnum></prodnum><airdate>1988-12-03</airdate><link>http://www.tvrage.com/shows/id-10026/episodes/381199</link><title>Series 5, Episode 13</title></episode>
<episode><epnum>86</epnum><seasonnum>14</seasonnum><prodnum></prodnum><airdate>1988-12-10</airdate><link>http://www.tvrage.com/shows/id-10026/episodes/381200</link><title>Series 5, Episode 14</title></episode>
<episode><epnum>87</epnum><seasonnum>15</seasonnum><prodnum></prodnum><airdate>1988-12-17</airdate><link>http://www.tvrage.com/shows/id-10026/episodes/381201</link><title>Series 5, Episode 15</title></episode>
<episode><epnum>88</epnum><seasonnum>16</seasonnum><prodnum></prodnum><airdate>1988-12-31</airdate><link>http://www.tvrage.com/shows/id-10026/episodes/381202</link><title>Series 5, Episode 16</title></episode>
<episode><epnum>89</epnum><seasonnum>17</seasonnum><prodnum></prodnum><airdate>1989-01-07</airdate><link>http://www.tvrage.com/shows/id-10026/episodes/381203</link><title>Series 5, Episode 17</title></episode>
<episode><epnum>90</epnum><seasonnum>18</seasonnum><prodnum></prodnum><airdate>1989-01-14</airdate><link>http://www.tvrage.com/shows/id-10026/episodes/381204</link><title>Series 5, Episode 18</title></episode>
<episode><epnum>91</epnum><seasonnum>19</seasonnum><prodnum></prodnum><airdate>1989-01-21</airdate><link>http://www.tvrage.com/shows/id-10026/episodes/381205</link><title>Series 5, Episode 19</title></episode>
<episode><epnum>92</epnum><seasonnum>20</seasonnum><prodnum></prodnum><airdate>1989-01-28</airdate><link>http://www.tvrage.com/shows/id-10026/episodes/381206</link><title>Series 5, Episode 20</title></episode>
<episode><epnum>93</epnum><seasonnum>21</seasonnum><prodnum></prodnum><airdate>1989-02-04</airdate><link>http://www.tvrage.com/shows/id-10026/episodes/381207</link><title>Series 5, Episode 21</title></episode>
</Season>

<Season no="6">
<episode><epnum>94</epnum><seasonnum>01</seasonnum><prodnum></prodnum><airdate>1989-09-02</airdate><link>http://www.tvrage.com/shows/id-10026/episodes/381208</link><title>Series 6, Episode 1</title></episode>
<episode><epnum>95</epnum><seasonnum>02</seasonnum><prodnum></prodnum><airdate>1989-09-09</airdate><link>http://www.tvrage.com/shows/id-10026/episodes/381209</link><title>Series 6, Episode 2</title></episode>
<episode><epnum>96</epnum><seasonnum>03</seasonnum><prodnum></prodnum><airdate>1989-09-16</airdate><link>http://www.tvrage.com/shows/id-10026/episodes/381210</link><title>Series 6, Episode 3</title></episode>
<episode><epnum>97</epnum><seasonnum>04</seasonnum><prodnum></prodnum><airdate>1989-09-23</airdate><link>http://www.tvrage.com/shows/id-10026/episodes/381211</link><title>Series 6, Episode 4</title></episode>
<episode><epnum>98</epnum><seasonnum>05</seasonnum><prodnum></prodnum><airdate>1989-09-30</airdate><link>http://www.tvrage.com/shows/id-10026/episodes/381212</link><title>Series 6, Episode 5</title></episode>
<episode><epnum>99</epnum><seasonnum>06</seasonnum><prodnum></prodnum><airdate>1989-10-07</airdate><link>http://www.tvrage.com/shows/id-10026/episodes/381213</link><title>Series 6, Episode 6</title></episode>
<episode><epnum>100</epnum><seasonnum>07</seasonnum><prodnum></prodnum><airdate>1989-10-14</airdate><link>http://www.tvrage.com/shows/id-10026/episodes/381214</link><title>Series 6, Episode 7</title></episode>
<episode><epnum>101</epnum><seasonnum>08</seasonnum><prodnum></prodnum><airdate>1989-10-21</airdate><link>http://www.tvrage.com/shows/id-10026/episodes/381215</link><title>Series 6, Episode 8</title></episode>
<episode><epnum>102</epnum><seasonnum>09</seasonnum><prodnum></prodnum><airdate>1989-10-28</airdate><link>http://www.tvrage.com/shows/id-10026/episodes/381216</link><title>Series 6, Episode 9</title></episode>
<episode><epnum>103</epnum><seasonnum>10</seasonnum><prodnum></prodnum><airdate>1989-11-04</airdate><link>http://www.tvrage.com/shows/id-10026/episodes/381217</link><title>Series 6, Episode 10</title></episode>
<episode><epnum>104</epnum><seasonnum>11</seasonnum><prodnum></prodnum><airdate>1989-11-11</airdate><link>http://www.tvrage.com/shows/id-10026/episodes/381218</link><title>Series 6, Episode 11</title></episode>
<episode><epnum>105</epnum><seasonnum>12</seasonnum><prodnum></prodnum><airdate>1989-11-18</airdate><link>http://www.tvrage.com/shows/id-10026/episodes/381219</link><title>Series 6, Episode 12</title></episode>
<episode><epnum>106</epnum><seasonnum>13</seasonnum><prodnum></prodnum><airdate>1989-11-25</airdate><link>http://www.tvrage.com/shows/id-10026/episodes/381220</link><title>Series 6, Episode 13</title></episode>
<episode><epnum>107</epnum><seasonnum>14</seasonnum><prodnum></prodnum><airdate>1989-12-02</airdate><link>http://www.tvrage.com/shows/id-10026/episodes/381221</link><title>Series 6, Episode 14</title></episode>
<episode><epnum>108</epnum><seasonnum>15</seasonnum><prodnum></prodnum><airdate>1989-12-09</airdate><link>http://www.tvrage.com/shows/id-10026/episodes/381222</link><title>Series 6, Episode 15</title></episode>
<episode><epnum>109</epnum><seasonnum>16</seasonnum><prodnum></prodnum><airdate>1989-12-16</airdate><link>http://www.tvrage.com/shows/id-10026/episodes/381223</link><title>Series 6, Episode 16</title></episode>
<episode><epnum>110</epnum><seasonnum>17</seasonnum><prodnum></prodnum><airdate>1989-12-23</airdate><link>http://www.tvrage.com/shows/id-10026/episodes/381224</link><title>Series 6, Episode 17</title></episode>
<episode><epnum>111</epnum><seasonnum>18</seasonnum><prodnum></prodnum><airdate>1989-12-30</airdate><link>http://www.tvrage.com/shows/id-10026/episodes/381225</link><title>Series 6, Episode 18</title></episode>
<episode><epnum>112</epnum><seasonnum>19</seasonnum><prodnum></prodnum><airdate>1990-01-06</airdate><link>http://www.tvrage.com/shows/id-10026/episodes/381226</link><title>Series 6, Episode 19</title></episode>
<episode><epnum>113</epnum><seasonnum>20</seasonnum><prodnum></prodnum><airdate>1990-01-13</airdate><link>http://www.tvrage.com/shows/id-10026/episodes/381227</link><title>Series 6, Episode 20</title></episode>
<episode><epnum>114</epnum><seasonnum>21</seasonnum><prodnum></prodnum><airdate>1990-01-20</airdate><link>http://www.tvrage.com/shows/id-10026/episodes/381228</link><title>Series 6, Episode 21</title></episode>
</Season>

</Episodelist>

</Show>