<?xml version="1.0" encoding="UTF-8" ?>


<Show>
<name>Bognor Or Bust</name>
<totalseasons>1</totalseasons>
<showid>10028</showid>
<showlink>http://tvrage.com/shows/id-10028</showlink>
<started>Sep/2004</started>
<ended>Oct/2004</ended>
<image>http://images.tvrage.com/shows/11/10028.jpg</image>
<origin_country>UK</origin_country>
<status>Canceled/Ended</status>
<classification>Game Show</classification>
<runtime>30</runtime>
<network country="UK">ITV1</network>
<airtime>12:00</airtime>
<timezone>GMT+0 -DST</timezone>
<Episodelist>

<Season no="1">
<episode><epnum>1</epnum><seasonnum>01</seasonnum><prodnum></prodnum><airdate>2004-09-02</airdate><link>http://www.tvrage.com/shows/id-10028/episodes/492473</link><title>Show 1</title></episode>
<episode><epnum>2</epnum><seasonnum>02</seasonnum><prodnum></prodnum><airdate>2004-09-09</airdate><link>http://www.tvrage.com/shows/id-10028/episodes/492474</link><title>Show 2</title></episode>
<episode><epnum>3</epnum><seasonnum>03</seasonnum><prodnum></prodnum><airdate>2004-09-16</airdate><link>http://www.tvrage.com/shows/id-10028/episodes/492475</link><title>Show 3</title></episode>
<episode><epnum>4</epnum><seasonnum>04</seasonnum><prodnum></prodnum><airdate>2004-09-23</airdate><link>http://www.tvrage.com/shows/id-10028/episodes/492476</link><title>Show 4</title></episode>
<episode><epnum>5</epnum><seasonnum>05</seasonnum><prodnum></prodnum><airdate>2004-09-30</airdate><link>http://www.tvrage.com/shows/id-10028/episodes/492477</link><title>Show 5</title></episode>
<episode><epnum>6</epnum><seasonnum>06</seasonnum><prodnum></prodnum><airdate>2004-10-07</airdate><link>http://www.tvrage.com/shows/id-10028/episodes/492478</link><title>Show 6</title></episode>
</Season>

</Episodelist>

</Show>