<?xml version="1.0" encoding="UTF-8" ?>


<Show>
<name>Strange But True</name>
<totalseasons>4</totalseasons>
<showid>1002</showid>
<showlink>http://tvrage.com/shows/id-1002</showlink>
<started>May/1993</started>
<ended>Nov/1997</ended>
<origin_country>UK</origin_country>
<status>Canceled/Ended</status>
<runtime>30</runtime>
<network country="UK">ITV</network>
<timezone>GMT+0 -DST</timezone>
<Episodelist>

<Season no="1">
<episode><epnum>2</epnum><seasonnum>01</seasonnum><prodnum></prodnum><airdate>1994-10-28</airdate><link>http://www.tvrage.com/shows/id-1002/episodes/272224</link><title>Chris Robinson's premonitions / Pete the Polt(ergeist)</title></episode>
<episode><epnum>3</epnum><seasonnum>02</seasonnum><prodnum></prodnum><airdate>1994-11-04</airdate><link>http://www.tvrage.com/shows/id-1002/episodes/272225</link><title>Bonnybridge / Painless Penny</title></episode>
<episode><epnum>4</epnum><seasonnum>03</seasonnum><prodnum></prodnum><airdate>1994-11-11</airdate><link>http://www.tvrage.com/shows/id-1002/episodes/272226</link><title>Dover Castle / Lorraine Ham the psychic healer</title></episode>
<episode><epnum>5</epnum><seasonnum>04</seasonnum><prodnum></prodnum><airdate>1994-11-18</airdate><link>http://www.tvrage.com/shows/id-1002/episodes/272227</link><title>Nella Jones - crime solving psychic / Millboro (Past lives)</title></episode>
<episode><epnum>6</epnum><seasonnum>05</seasonnum><prodnum></prodnum><airdate>1994-11-25</airdate><link>http://www.tvrage.com/shows/id-1002/episodes/272228</link><title>Heaven and Back (Near Death Experiences) / Borley Rectory</title></episode>
<episode><epnum>7</epnum><seasonnum>06</seasonnum><prodnum></prodnum><airdate>1994-12-02</airdate><link>http://www.tvrage.com/shows/id-1002/episodes/272229</link><title>Stocksbridge Bypass / Angels</title></episode>
<episode><epnum>8</epnum><seasonnum>07</seasonnum><prodnum></prodnum><airdate>1994-12-09</airdate><link>http://www.tvrage.com/shows/id-1002/episodes/272230</link><title>The Rendlesham Incident</title></episode>
</Season>

<Season no="2">
<episode><epnum>9</epnum><seasonnum>01</seasonnum><prodnum></prodnum><airdate>1995-09-08</airdate><link>http://www.tvrage.com/shows/id-1002/episodes/272231</link><title>Faith Healer / Past Memories</title></episode>
<episode><epnum>10</epnum><seasonnum>02</seasonnum><prodnum></prodnum><airdate>1995-09-15</airdate><link>http://www.tvrage.com/shows/id-1002/episodes/272232</link><title>Timeslip / Haunted Trawler</title></episode>
<episode><epnum>11</epnum><seasonnum>03</seasonnum><prodnum></prodnum><airdate>1995-09-22</airdate><link>http://www.tvrage.com/shows/id-1002/episodes/272233</link><title>Pet Healers / Munster Castle (Mincaster Abbey)</title></episode>
<episode><epnum>12</epnum><seasonnum>04</seasonnum><prodnum></prodnum><airdate>1995-09-29</airdate><link>http://www.tvrage.com/shows/id-1002/episodes/272234</link><title>Miracles</title></episode>
<episode><epnum>13</epnum><seasonnum>05</seasonnum><prodnum></prodnum><airdate>1995-10-06</airdate><link>http://www.tvrage.com/shows/id-1002/episodes/272235</link><title>Cursed Stone / Phantom Hitch-Hiker</title></episode>
<episode><epnum>14</epnum><seasonnum>06</seasonnum><prodnum></prodnum><airdate>1995-10-13</airdate><link>http://www.tvrage.com/shows/id-1002/episodes/272236</link><title>Dowsing / Near Death Experience</title></episode>
<episode><epnum>15</epnum><seasonnum>07</seasonnum><prodnum></prodnum><airdate>1995-10-20</airdate><link>http://www.tvrage.com/shows/id-1002/episodes/272237</link><title>Enfield Poltergeist</title></episode>
<episode><epnum>16</epnum><seasonnum>08</seasonnum><prodnum></prodnum><airdate>1995-10-27</airdate><link>http://www.tvrage.com/shows/id-1002/episodes/272238</link><title>The Jim Twins / Flitwock Ghost</title></episode>
<episode><epnum>17</epnum><seasonnum>09</seasonnum><prodnum></prodnum><airdate>1995-11-03</airdate><link>http://www.tvrage.com/shows/id-1002/episodes/272239</link><title>Etta Smith /</title></episode>
<episode><epnum>18</epnum><seasonnum>10</seasonnum><prodnum></prodnum><airdate>1995-11-10</airdate><link>http://www.tvrage.com/shows/id-1002/episodes/272240</link><title>UFOS - Pilots / UFOs - Kaikoura Incident</title></episode>
</Season>

<Season no="3">
<episode><epnum>19</epnum><seasonnum>01</seasonnum><prodnum></prodnum><airdate>1996-08-30</airdate><link>http://www.tvrage.com/shows/id-1002/episodes/272241</link><title>Venetian Palace Incident</title></episode>
<episode><epnum>20</epnum><seasonnum>02</seasonnum><prodnum></prodnum><airdate>1996-09-06</airdate><link>http://www.tvrage.com/shows/id-1002/episodes/272242</link><title>Cornish Sea Monster / Exorcist's story</title></episode>
<episode><epnum>21</epnum><seasonnum>03</seasonnum><prodnum></prodnum><airdate>1996-09-13</airdate><link>http://www.tvrage.com/shows/id-1002/episodes/272243</link><title>Past Life / Pluckley - the most haunted village in England</title></episode>
<episode><epnum>22</epnum><seasonnum>04</seasonnum><prodnum></prodnum><airdate>1996-09-20</airdate><link>http://www.tvrage.com/shows/id-1002/episodes/272244</link><title>Gulf Breeze UFOs</title></episode>
<episode><epnum>23</epnum><seasonnum>05</seasonnum><prodnum></prodnum><airdate>1996-09-27</airdate><link>http://www.tvrage.com/shows/id-1002/episodes/272245</link><title>Paranormal on Camera / Ghost Planes of the Peaks</title></episode>
<episode><epnum>24</epnum><seasonnum>06</seasonnum><prodnum></prodnum><airdate>1996-10-04</airdate><link>http://www.tvrage.com/shows/id-1002/episodes/272246</link><title>Chingle Hall / Psychic Detective Part 1</title></episode>
<episode><epnum>25</epnum><seasonnum>07</seasonnum><prodnum></prodnum><airdate>1996-10-11</airdate><link>http://www.tvrage.com/shows/id-1002/episodes/272247</link><title>Psychic Detective Parts 2 and 3</title></episode>
<episode><epnum>26</epnum><seasonnum>08</seasonnum><prodnum></prodnum><airdate>1996-10-18</airdate><link>http://www.tvrage.com/shows/id-1002/episodes/272248</link><title>Life Beyond Death / The Haunted Bomber</title></episode>
<episode><epnum>27</epnum><seasonnum>09</seasonnum><prodnum></prodnum><airdate>1996-10-25</airdate><link>http://www.tvrage.com/shows/id-1002/episodes/272249</link><title>Alien Abduction</title></episode>
<episode><epnum>28</epnum><seasonnum>10</seasonnum><prodnum></prodnum><airdate>1996-11-01</airdate><link>http://www.tvrage.com/shows/id-1002/episodes/272250</link><title>Psychic Pets / The Mystery of Dark Peak</title></episode>
<episode><epnum>29</epnum><seasonnum>11</seasonnum><prodnum></prodnum><airdate>1997-06-27</airdate><link>http://www.tvrage.com/shows/id-1002/episodes/272251</link><title>Strange But True? Live</title></episode>
</Season>

<Season no="4">
<episode><epnum>30</epnum><seasonnum>01</seasonnum><prodnum></prodnum><airdate>1997-09-05</airdate><link>http://www.tvrage.com/shows/id-1002/episodes/272252</link><title>Paranormal On Camera / Twin Co-incidences</title></episode>
<episode><epnum>31</epnum><seasonnum>02</seasonnum><prodnum></prodnum><airdate>1997-09-12</airdate><link>http://www.tvrage.com/shows/id-1002/episodes/272253</link><title>Littlecote House / Skiers on Bavarian Alps</title></episode>
<episode><epnum>32</epnum><seasonnum>03</seasonnum><prodnum></prodnum><airdate>1997-09-19</airdate><link>http://www.tvrage.com/shows/id-1002/episodes/272254</link><title>Remote Viewing (David Morehouse)</title></episode>
<episode><epnum>33</epnum><seasonnum>04</seasonnum><prodnum></prodnum><airdate>1997-09-26</airdate><link>http://www.tvrage.com/shows/id-1002/episodes/272255</link><title>The Falkirk Triangle / Beast of Durham</title></episode>
<episode><epnum>34</epnum><seasonnum>05</seasonnum><prodnum></prodnum><airdate>1997-10-02</airdate><link>http://www.tvrage.com/shows/id-1002/episodes/272256</link><title>John Rapheal (Past Life); Premonitions</title></episode>
<episode><epnum>35</epnum><seasonnum>06</seasonnum><prodnum></prodnum><airdate>1997-10-09</airdate><link>http://www.tvrage.com/shows/id-1002/episodes/272257</link><title>The Curse of Tutankhamun</title></episode>
<episode><epnum>36</epnum><seasonnum>07</seasonnum><prodnum></prodnum><airdate>1997-10-16</airdate><link>http://www.tvrage.com/shows/id-1002/episodes/272258</link><title>Lucid Dreams / Psychic Children</title></episode>
<episode><epnum>37</epnum><seasonnum>08</seasonnum><prodnum></prodnum><airdate>1997-10-23</airdate><link>http://www.tvrage.com/shows/id-1002/episodes/272259</link><title>Bigfoot / Ouija Boards</title></episode>
<episode><epnum>38</epnum><seasonnum>09</seasonnum><prodnum></prodnum><airdate>1997-10-30</airdate><link>http://www.tvrage.com/shows/id-1002/episodes/272260</link><title>The Galway Poltergeist</title></episode>
<episode><epnum>39</epnum><seasonnum>10</seasonnum><prodnum></prodnum><airdate>1997-11-07</airdate><link>http://www.tvrage.com/shows/id-1002/episodes/272261</link><title>Andrew Green the ghostbuster / Psychic Pets</title></episode>
</Season>

</Episodelist>

</Show>