<?xml version="1.0" encoding="UTF-8" ?>


<Show>
<name>Blankety Blanks (AU)</name>
<totalseasons>1</totalseasons>
<showid>10025</showid>
<showlink>http://tvrage.com/Blankety_Blanks_AU</showlink>
<started>Jan/03/1977</started>
<ended>1978</ended>
<origin_country>AU</origin_country>
<status>Canceled/Ended</status>
<classification>Game Show</classification>
<runtime>30</runtime>
<network country="AU">Ten</network>
<airtime>12:00</airtime>
<airday>Weekdays</airday>
<timezone>GMT+10 -DST</timezone>

</Show>