<?xml version="1.0" encoding="UTF-8" ?>


<Show>
<name>Big Break</name>
<totalseasons>14</totalseasons>
<showid>10023</showid>
<showlink>http://tvrage.com/shows/id-10023</showlink>
<started>Sep/1991</started>
<ended>Oct/2002</ended>
<image>http://images.tvrage.com/shows/11/10023.gif</image>
<origin_country>UK</origin_country>
<status>Canceled/Ended</status>
<classification>Game Show</classification>
<genres><genre>Family</genre></genres>
<runtime>30</runtime>
<network country="UK">BBC One</network>
<airtime>20:00</airtime>
<airday>Thursday</airday>
<timezone>GMT+0 -DST</timezone>
<Episodelist>

<Season no="1">
<episode><epnum>1</epnum><seasonnum>01</seasonnum><prodnum></prodnum><airdate>1991-04-30</airdate><link>http://www.tvrage.com/shows/id-10023/episodes/382164</link><title>Series 1, Show 1</title></episode>
<episode><epnum>2</epnum><seasonnum>02</seasonnum><prodnum></prodnum><airdate>1991-05-07</airdate><link>http://www.tvrage.com/shows/id-10023/episodes/382165</link><title>Series 1, Show 2</title></episode>
<episode><epnum>3</epnum><seasonnum>03</seasonnum><prodnum></prodnum><airdate>1991-05-14</airdate><link>http://www.tvrage.com/shows/id-10023/episodes/382166</link><title>Series 1, Show 3</title></episode>
<episode><epnum>4</epnum><seasonnum>04</seasonnum><prodnum></prodnum><airdate>1991-05-21</airdate><link>http://www.tvrage.com/shows/id-10023/episodes/382167</link><title>Series 1, Show 4</title></episode>
<episode><epnum>5</epnum><seasonnum>05</seasonnum><prodnum></prodnum><airdate>1991-05-28</airdate><link>http://www.tvrage.com/shows/id-10023/episodes/382168</link><title>Series 1, Show 5</title></episode>
<episode><epnum>6</epnum><seasonnum>06</seasonnum><prodnum></prodnum><airdate>1991-06-04</airdate><link>http://www.tvrage.com/shows/id-10023/episodes/382169</link><title>Series 1, Show 6</title></episode>
<episode><epnum>7</epnum><seasonnum>07</seasonnum><prodnum></prodnum><airdate>1991-06-11</airdate><link>http://www.tvrage.com/shows/id-10023/episodes/382170</link><title>Series 1, Show 7</title></episode>
<episode><epnum>8</epnum><seasonnum>08</seasonnum><prodnum></prodnum><airdate>1991-06-18</airdate><link>http://www.tvrage.com/shows/id-10023/episodes/382171</link><title>Series 1, Show 8</title></episode>
<episode><epnum>9</epnum><seasonnum>09</seasonnum><prodnum></prodnum><airdate>1991-06-25</airdate><link>http://www.tvrage.com/shows/id-10023/episodes/382172</link><title>Series 1, Show 9</title></episode>
<episode><epnum>10</epnum><seasonnum>10</seasonnum><prodnum></prodnum><airdate>1991-07-02</airdate><link>http://www.tvrage.com/shows/id-10023/episodes/382173</link><title>Series 1, Show 10</title></episode>
<episode><epnum>11</epnum><seasonnum>11</seasonnum><prodnum></prodnum><airdate>1991-07-09</airdate><link>http://www.tvrage.com/shows/id-10023/episodes/382174</link><title>Series 1, Show 11</title></episode>
<episode><epnum>12</epnum><seasonnum>12</seasonnum><prodnum></prodnum><airdate>1991-07-16</airdate><link>http://www.tvrage.com/shows/id-10023/episodes/382175</link><title>Series 1, Show 12</title></episode>
<episode><epnum>13</epnum><seasonnum>13</seasonnum><prodnum></prodnum><airdate>1991-12-24</airdate><link>http://www.tvrage.com/shows/id-10023/episodes/382176</link><title>Series 1, Christmas Special</title></episode>
</Season>

<Season no="2">
<episode><epnum>14</epnum><seasonnum>01</seasonnum><prodnum></prodnum><airdate>1992-01-11</airdate><link>http://www.tvrage.com/shows/id-10023/episodes/382177</link><title>Series 2, Show 1</title></episode>
<episode><epnum>15</epnum><seasonnum>02</seasonnum><prodnum></prodnum><airdate>1992-01-18</airdate><link>http://www.tvrage.com/shows/id-10023/episodes/382178</link><title>Series 2, Show 2</title></episode>
<episode><epnum>16</epnum><seasonnum>03</seasonnum><prodnum></prodnum><airdate>1992-01-25</airdate><link>http://www.tvrage.com/shows/id-10023/episodes/382179</link><title>Series 2, Show 3</title></episode>
<episode><epnum>17</epnum><seasonnum>04</seasonnum><prodnum></prodnum><airdate>1992-02-01</airdate><link>http://www.tvrage.com/shows/id-10023/episodes/382180</link><title>Series 2, Show 4</title></episode>
<episode><epnum>18</epnum><seasonnum>05</seasonnum><prodnum></prodnum><airdate>1992-02-08</airdate><link>http://www.tvrage.com/shows/id-10023/episodes/382181</link><title>Series 2, Show 5</title></episode>
<episode><epnum>19</epnum><seasonnum>06</seasonnum><prodnum></prodnum><airdate>1992-02-15</airdate><link>http://www.tvrage.com/shows/id-10023/episodes/382182</link><title>Series 2, Show 6</title></episode>
<episode><epnum>20</epnum><seasonnum>07</seasonnum><prodnum></prodnum><airdate>1992-02-22</airdate><link>http://www.tvrage.com/shows/id-10023/episodes/382183</link><title>Series 2, Show 7</title></episode>
<episode><epnum>21</epnum><seasonnum>08</seasonnum><prodnum></prodnum><airdate>1992-02-29</airdate><link>http://www.tvrage.com/shows/id-10023/episodes/382184</link><title>Series 2, Show 8</title></episode>
<episode><epnum>22</epnum><seasonnum>09</seasonnum><prodnum></prodnum><airdate>1992-03-07</airdate><link>http://www.tvrage.com/shows/id-10023/episodes/382185</link><title>Series 2, Show 9</title></episode>
<episode><epnum>23</epnum><seasonnum>10</seasonnum><prodnum></prodnum><airdate>1992-03-14</airdate><link>http://www.tvrage.com/shows/id-10023/episodes/382186</link><title>Series 2, Show 10</title></episode>
<episode><epnum>24</epnum><seasonnum>11</seasonnum><prodnum></prodnum><airdate>1992-03-21</airdate><link>http://www.tvrage.com/shows/id-10023/episodes/382187</link><title>Series 2, Show 11</title></episode>
<episode><epnum>25</epnum><seasonnum>12</seasonnum><prodnum></prodnum><airdate>1992-03-28</airdate><link>http://www.tvrage.com/shows/id-10023/episodes/382188</link><title>Series 2, Show 12</title></episode>
<episode><epnum>26</epnum><seasonnum>13</seasonnum><prodnum></prodnum><airdate>1992-04-04</airdate><link>http://www.tvrage.com/shows/id-10023/episodes/382189</link><title>Series 2, Show 13</title></episode>
</Season>

<Season no="3">
<episode><epnum>27</epnum><seasonnum>01</seasonnum><prodnum></prodnum><airdate>1992-09-12</airdate><link>http://www.tvrage.com/shows/id-10023/episodes/382190</link><title>Series 3, Show 1</title></episode>
<episode><epnum>28</epnum><seasonnum>02</seasonnum><prodnum></prodnum><airdate>1992-09-19</airdate><link>http://www.tvrage.com/shows/id-10023/episodes/382191</link><title>Series 3, Show 2</title></episode>
<episode><epnum>29</epnum><seasonnum>03</seasonnum><prodnum></prodnum><airdate>1992-09-26</airdate><link>http://www.tvrage.com/shows/id-10023/episodes/382192</link><title>Series 3, Show 3</title></episode>
<episode><epnum>30</epnum><seasonnum>04</seasonnum><prodnum></prodnum><airdate>1992-10-03</airdate><link>http://www.tvrage.com/shows/id-10023/episodes/382193</link><title>Series 3, Show 4</title></episode>
<episode><epnum>31</epnum><seasonnum>05</seasonnum><prodnum></prodnum><airdate>1992-10-10</airdate><link>http://www.tvrage.com/shows/id-10023/episodes/382194</link><title>Series 3, Show 5</title></episode>
<episode><epnum>32</epnum><seasonnum>06</seasonnum><prodnum></prodnum><airdate>1992-10-17</airdate><link>http://www.tvrage.com/shows/id-10023/episodes/382195</link><title>Series 3, Show 6</title></episode>
<episode><epnum>33</epnum><seasonnum>07</seasonnum><prodnum></prodnum><airdate>1992-10-24</airdate><link>http://www.tvrage.com/shows/id-10023/episodes/382196</link><title>Series 3, Show 7</title></episode>
<episode><epnum>34</epnum><seasonnum>08</seasonnum><prodnum></prodnum><airdate>1992-10-31</airdate><link>http://www.tvrage.com/shows/id-10023/episodes/382197</link><title>Series 3, Show 8</title></episode>
<episode><epnum>35</epnum><seasonnum>09</seasonnum><prodnum></prodnum><airdate>1992-11-07</airdate><link>http://www.tvrage.com/shows/id-10023/episodes/382198</link><title>Series 3, Show 9</title></episode>
<episode><epnum>36</epnum><seasonnum>10</seasonnum><prodnum></prodnum><airdate>1992-11-14</airdate><link>http://www.tvrage.com/shows/id-10023/episodes/382199</link><title>Series 3, Show 10</title></episode>
<episode><epnum>37</epnum><seasonnum>11</seasonnum><prodnum></prodnum><airdate>1992-11-21</airdate><link>http://www.tvrage.com/shows/id-10023/episodes/382200</link><title>Series 3, Show 11</title></episode>
<episode><epnum>38</epnum><seasonnum>12</seasonnum><prodnum></prodnum><airdate>1992-11-28</airdate><link>http://www.tvrage.com/shows/id-10023/episodes/382201</link><title>Series 3, Show 12</title></episode>
<episode><epnum>39</epnum><seasonnum>13</seasonnum><prodnum></prodnum><airdate>1992-12-05</airdate><link>http://www.tvrage.com/shows/id-10023/episodes/382202</link><title>Series 3, Show 13</title></episode>
<episode><epnum>40</epnum><seasonnum>14</seasonnum><prodnum></prodnum><airdate>1992-12-12</airdate><link>http://www.tvrage.com/shows/id-10023/episodes/382203</link><title>Series 3, Show 14</title></episode>
<episode><epnum>41</epnum><seasonnum>15</seasonnum><prodnum></prodnum><airdate>1992-12-19</airdate><link>http://www.tvrage.com/shows/id-10023/episodes/382204</link><title>Series 3, Show 15</title></episode>
<episode><epnum>42</epnum><seasonnum>16</seasonnum><prodnum></prodnum><airdate>1992-12-26</airdate><link>http://www.tvrage.com/shows/id-10023/episodes/382205</link><title>Series 3, Christmas Celebrity Special</title></episode>
</Season>

<Season no="4">
<episode><epnum>43</epnum><seasonnum>01</seasonnum><prodnum></prodnum><airdate>1993-09-04</airdate><link>http://www.tvrage.com/shows/id-10023/episodes/382206</link><title>Series 4, Show 1</title></episode>
<episode><epnum>44</epnum><seasonnum>02</seasonnum><prodnum></prodnum><airdate>1993-09-11</airdate><link>http://www.tvrage.com/shows/id-10023/episodes/382207</link><title>Series 4, Show 2</title></episode>
<episode><epnum>45</epnum><seasonnum>03</seasonnum><prodnum></prodnum><airdate>1993-09-18</airdate><link>http://www.tvrage.com/shows/id-10023/episodes/382208</link><title>Series 4, Show 3</title></episode>
<episode><epnum>46</epnum><seasonnum>04</seasonnum><prodnum></prodnum><airdate>1993-09-25</airdate><link>http://www.tvrage.com/shows/id-10023/episodes/382209</link><title>Series 4, Show 4</title></episode>
<episode><epnum>47</epnum><seasonnum>05</seasonnum><prodnum></prodnum><airdate>1993-10-02</airdate><link>http://www.tvrage.com/shows/id-10023/episodes/382210</link><title>Series 4, Show 5</title></episode>
<episode><epnum>48</epnum><seasonnum>06</seasonnum><prodnum></prodnum><airdate>1993-10-09</airdate><link>http://www.tvrage.com/shows/id-10023/episodes/382211</link><title>Series 4, Show 6</title></episode>
<episode><epnum>49</epnum><seasonnum>07</seasonnum><prodnum></prodnum><airdate>1993-10-23</airdate><link>http://www.tvrage.com/shows/id-10023/episodes/382212</link><title>Series 4, Show 7</title></episode>
<episode><epnum>50</epnum><seasonnum>08</seasonnum><prodnum></prodnum><airdate>1993-10-30</airdate><link>http://www.tvrage.com/shows/id-10023/episodes/382213</link><title>Series 4, Show 8</title></episode>
<episode><epnum>51</epnum><seasonnum>09</seasonnum><prodnum></prodnum><airdate>1993-11-06</airdate><link>http://www.tvrage.com/shows/id-10023/episodes/382214</link><title>Series 4, Show 9</title></episode>
<episode><epnum>52</epnum><seasonnum>10</seasonnum><prodnum></prodnum><airdate>1993-11-13</airdate><link>http://www.tvrage.com/shows/id-10023/episodes/382215</link><title>Series 4, Show 10</title></episode>
<episode><epnum>53</epnum><seasonnum>11</seasonnum><prodnum></prodnum><airdate>1993-11-20</airdate><link>http://www.tvrage.com/shows/id-10023/episodes/382216</link><title>Series 4, Show 11</title></episode>
<episode><epnum>54</epnum><seasonnum>12</seasonnum><prodnum></prodnum><airdate>1993-11-27</airdate><link>http://www.tvrage.com/shows/id-10023/episodes/382217</link><title>Series 4, Show 12</title></episode>
<episode><epnum>55</epnum><seasonnum>13</seasonnum><prodnum></prodnum><airdate>1993-12-04</airdate><link>http://www.tvrage.com/shows/id-10023/episodes/382218</link><title>Series 4, Show 13</title></episode>
<episode><epnum>56</epnum><seasonnum>14</seasonnum><prodnum></prodnum><airdate>1993-12-11</airdate><link>http://www.tvrage.com/shows/id-10023/episodes/382219</link><title>Series 4, Show 14</title></episode>
<episode><epnum>57</epnum><seasonnum>15</seasonnum><prodnum></prodnum><airdate>1993-12-18</airdate><link>http://www.tvrage.com/shows/id-10023/episodes/382220</link><title>Series 4, Show 15</title></episode>
<episode><epnum>58</epnum><seasonnum>16</seasonnum><prodnum></prodnum><airdate>1993-12-27</airdate><link>http://www.tvrage.com/shows/id-10023/episodes/382221</link><title>Series 4, Christmas Celebrity Special</title></episode>
<episode><epnum>59</epnum><seasonnum>17</seasonnum><prodnum></prodnum><airdate>1994-01-01</airdate><link>http://www.tvrage.com/shows/id-10023/episodes/382234</link><title>Series 4, Show 16</title></episode>
<episode><epnum>60</epnum><seasonnum>18</seasonnum><prodnum></prodnum><airdate>1994-01-08</airdate><link>http://www.tvrage.com/shows/id-10023/episodes/382235</link><title>Series 4, Show 17</title></episode>
<episode><epnum>61</epnum><seasonnum>19</seasonnum><prodnum></prodnum><airdate>1994-01-22</airdate><link>http://www.tvrage.com/shows/id-10023/episodes/382236</link><title>Series 4, Show 18</title></episode>
<episode><epnum>62</epnum><seasonnum>20</seasonnum><prodnum></prodnum><airdate>1994-01-29</airdate><link>http://www.tvrage.com/shows/id-10023/episodes/382237</link><title>Series 4, Show 19</title></episode>
<episode><epnum>63</epnum><seasonnum>21</seasonnum><prodnum></prodnum><airdate>1994-02-05</airdate><link>http://www.tvrage.com/shows/id-10023/episodes/382238</link><title>Series 4, Show 20</title></episode>
<episode><epnum>64</epnum><seasonnum>22</seasonnum><prodnum></prodnum><airdate>1994-02-12</airdate><link>http://www.tvrage.com/shows/id-10023/episodes/382239</link><title>Series 4, Show 21</title></episode>
<episode><epnum>65</epnum><seasonnum>23</seasonnum><prodnum></prodnum><airdate>1994-02-19</airdate><link>http://www.tvrage.com/shows/id-10023/episodes/382240</link><title>Series 4, Show 22</title></episode>
<episode><epnum>66</epnum><seasonnum>24</seasonnum><prodnum></prodnum><airdate>1994-02-26</airdate><link>http://www.tvrage.com/shows/id-10023/episodes/382241</link><title>Series 4, Show 23</title></episode>
<episode><epnum>67</epnum><seasonnum>25</seasonnum><prodnum></prodnum><airdate>1994-03-05</airdate><link>http://www.tvrage.com/shows/id-10023/episodes/382242</link><title>Series 4, Show 24</title></episode>
<episode><epnum>68</epnum><seasonnum>26</seasonnum><prodnum></prodnum><airdate>1994-03-12</airdate><link>http://www.tvrage.com/shows/id-10023/episodes/382243</link><title>Series 4, Show 25</title></episode>
<episode><epnum>69</epnum><seasonnum>27</seasonnum><prodnum></prodnum><airdate>1994-03-19</airdate><link>http://www.tvrage.com/shows/id-10023/episodes/382244</link><title>Series 4, Show 26</title></episode>
<episode><epnum>70</epnum><seasonnum>28</seasonnum><prodnum></prodnum><airdate>1994-03-26</airdate><link>http://www.tvrage.com/shows/id-10023/episodes/382245</link><title>Series 4, Show 27</title></episode>
</Season>

<Season no="5">
<episode><epnum>71</epnum><seasonnum>01</seasonnum><prodnum></prodnum><airdate>1994-09-09</airdate><link>http://www.tvrage.com/shows/id-10023/episodes/382246</link><title>Series 5, Show 1</title></episode>
<episode><epnum>72</epnum><seasonnum>02</seasonnum><prodnum></prodnum><airdate>1994-09-16</airdate><link>http://www.tvrage.com/shows/id-10023/episodes/382247</link><title>Series 5, Show 2</title></episode>
<episode><epnum>73</epnum><seasonnum>03</seasonnum><prodnum></prodnum><airdate>1994-09-23</airdate><link>http://www.tvrage.com/shows/id-10023/episodes/382248</link><title>Series 5, Show 3</title></episode>
<episode><epnum>74</epnum><seasonnum>04</seasonnum><prodnum></prodnum><airdate>1994-09-30</airdate><link>http://www.tvrage.com/shows/id-10023/episodes/382249</link><title>Series 5, Show 4</title></episode>
<episode><epnum>75</epnum><seasonnum>05</seasonnum><prodnum></prodnum><airdate>1994-10-07</airdate><link>http://www.tvrage.com/shows/id-10023/episodes/382250</link><title>Series 5, Show 5</title></episode>
<episode><epnum>76</epnum><seasonnum>06</seasonnum><prodnum></prodnum><airdate>1994-10-14</airdate><link>http://www.tvrage.com/shows/id-10023/episodes/382251</link><title>Series 5, Show 6</title></episode>
<episode><epnum>77</epnum><seasonnum>07</seasonnum><prodnum></prodnum><airdate>1994-10-21</airdate><link>http://www.tvrage.com/shows/id-10023/episodes/382252</link><title>Series 5, Show 7</title></episode>
<episode><epnum>78</epnum><seasonnum>08</seasonnum><prodnum></prodnum><airdate>1994-10-28</airdate><link>http://www.tvrage.com/shows/id-10023/episodes/382253</link><title>Series 5, Show 8</title></episode>
<episode><epnum>79</epnum><seasonnum>09</seasonnum><prodnum></prodnum><airdate>1994-12-27</airdate><link>http://www.tvrage.com/shows/id-10023/episodes/382254</link><title>Series 5, Big Break In Wonderland</title></episode>
</Season>

<Season no="6">
<episode><epnum>80</epnum><seasonnum>01</seasonnum><prodnum></prodnum><airdate>1995-01-07</airdate><link>http://www.tvrage.com/shows/id-10023/episodes/382255</link><title>Series 6, Show 1</title></episode>
<episode><epnum>81</epnum><seasonnum>02</seasonnum><prodnum></prodnum><airdate>1995-01-14</airdate><link>http://www.tvrage.com/shows/id-10023/episodes/382256</link><title>Series 6, Show 2</title></episode>
<episode><epnum>82</epnum><seasonnum>03</seasonnum><prodnum></prodnum><airdate>1995-01-21</airdate><link>http://www.tvrage.com/shows/id-10023/episodes/382257</link><title>Series 6, Show 3</title></episode>
<episode><epnum>83</epnum><seasonnum>04</seasonnum><prodnum></prodnum><airdate>1995-01-28</airdate><link>http://www.tvrage.com/shows/id-10023/episodes/382258</link><title>Series 6, Show 4</title></episode>
<episode><epnum>84</epnum><seasonnum>05</seasonnum><prodnum></prodnum><airdate>1995-02-04</airdate><link>http://www.tvrage.com/shows/id-10023/episodes/382259</link><title>Series 6, Show 5</title></episode>
<episode><epnum>85</epnum><seasonnum>06</seasonnum><prodnum></prodnum><airdate>1995-02-11</airdate><link>http://www.tvrage.com/shows/id-10023/episodes/382260</link><title>Series 6, Show 6</title></episode>
<episode><epnum>86</epnum><seasonnum>07</seasonnum><prodnum></prodnum><airdate>1995-02-18</airdate><link>http://www.tvrage.com/shows/id-10023/episodes/382261</link><title>Series 6, Show 7</title></episode>
<episode><epnum>87</epnum><seasonnum>08</seasonnum><prodnum></prodnum><airdate>1995-02-25</airdate><link>http://www.tvrage.com/shows/id-10023/episodes/382262</link><title>Series 6, Show 8</title></episode>
<episode><epnum>88</epnum><seasonnum>09</seasonnum><prodnum></prodnum><airdate>1995-03-04</airdate><link>http://www.tvrage.com/shows/id-10023/episodes/382263</link><title>Series 6, Show 9</title></episode>
<episode><epnum>89</epnum><seasonnum>10</seasonnum><prodnum></prodnum><airdate>1995-03-11</airdate><link>http://www.tvrage.com/shows/id-10023/episodes/382264</link><title>Series 6, Show 10</title></episode>
<episode><epnum>90</epnum><seasonnum>11</seasonnum><prodnum></prodnum><airdate>1995-03-18</airdate><link>http://www.tvrage.com/shows/id-10023/episodes/382265</link><title>Series 6, Show 11</title></episode>
<episode><epnum>91</epnum><seasonnum>12</seasonnum><prodnum></prodnum><airdate>1995-03-25</airdate><link>http://www.tvrage.com/shows/id-10023/episodes/382266</link><title>Series 6, Show 12</title></episode>
<episode><epnum>92</epnum><seasonnum>13</seasonnum><prodnum></prodnum><airdate>1995-04-01</airdate><link>http://www.tvrage.com/shows/id-10023/episodes/382267</link><title>Series 6, Show 13</title></episode>
<episode><epnum>93</epnum><seasonnum>14</seasonnum><prodnum></prodnum><airdate>1995-04-08</airdate><link>http://www.tvrage.com/shows/id-10023/episodes/382268</link><title>Series 6, Show 14</title></episode>
<episode><epnum>94</epnum><seasonnum>15</seasonnum><prodnum></prodnum><airdate>1995-04-15</airdate><link>http://www.tvrage.com/shows/id-10023/episodes/382269</link><title>Series 6, Show 15</title></episode>
<episode><epnum>95</epnum><seasonnum>16</seasonnum><prodnum></prodnum><airdate>1995-04-22</airdate><link>http://www.tvrage.com/shows/id-10023/episodes/382270</link><title>Series 6, Show 16</title></episode>
<episode><epnum>96</epnum><seasonnum>17</seasonnum><prodnum></prodnum><airdate>1995-04-29</airdate><link>http://www.tvrage.com/shows/id-10023/episodes/382271</link><title>Series 6, Show 17</title></episode>
<episode><epnum>97</epnum><seasonnum>18</seasonnum><prodnum></prodnum><airdate>1995-05-06</airdate><link>http://www.tvrage.com/shows/id-10023/episodes/382272</link><title>Series 6, Show 18</title></episode>
<episode><epnum>98</epnum><seasonnum>19</seasonnum><prodnum></prodnum><airdate>1995-05-20</airdate><link>http://www.tvrage.com/shows/id-10023/episodes/382273</link><title>Series 6, Show 19</title></episode>
</Season>

<Season no="7">
<episode><epnum>99</epnum><seasonnum>01</seasonnum><prodnum></prodnum><airdate>1995-08-22</airdate><link>http://www.tvrage.com/shows/id-10023/episodes/382274</link><title>Series 7, Trick Shot Special</title></episode>
<episode><epnum>100</epnum><seasonnum>02</seasonnum><prodnum></prodnum><airdate>1995-08-29</airdate><link>http://www.tvrage.com/shows/id-10023/episodes/382275</link><title>Series 7, Trick Shot Special 2</title></episode>
<episode><epnum>101</epnum><seasonnum>03</seasonnum><prodnum></prodnum><airdate>1995-09-02</airdate><link>http://www.tvrage.com/shows/id-10023/episodes/382276</link><title>Series 7, Show 1</title></episode>
<episode><epnum>102</epnum><seasonnum>04</seasonnum><prodnum></prodnum><airdate>1995-09-09</airdate><link>http://www.tvrage.com/shows/id-10023/episodes/382277</link><title>Series 7, Show 2</title></episode>
<episode><epnum>103</epnum><seasonnum>05</seasonnum><prodnum></prodnum><airdate>1995-09-16</airdate><link>http://www.tvrage.com/shows/id-10023/episodes/382278</link><title>Series 7, Show 3</title></episode>
<episode><epnum>104</epnum><seasonnum>06</seasonnum><prodnum></prodnum><airdate>1995-09-23</airdate><link>http://www.tvrage.com/shows/id-10023/episodes/382279</link><title>Series 7, Show 4</title></episode>
<episode><epnum>105</epnum><seasonnum>07</seasonnum><prodnum></prodnum><airdate>1995-09-30</airdate><link>http://www.tvrage.com/shows/id-10023/episodes/382280</link><title>Series 7, Show 5</title></episode>
<episode><epnum>106</epnum><seasonnum>08</seasonnum><prodnum></prodnum><airdate>1995-10-07</airdate><link>http://www.tvrage.com/shows/id-10023/episodes/382281</link><title>Series 7, Show 6</title></episode>
<episode><epnum>107</epnum><seasonnum>09</seasonnum><prodnum></prodnum><airdate>1995-10-14</airdate><link>http://www.tvrage.com/shows/id-10023/episodes/382282</link><title>Series 7, Show 7</title></episode>
<episode><epnum>108</epnum><seasonnum>10</seasonnum><prodnum></prodnum><airdate>1995-10-19</airdate><link>http://www.tvrage.com/shows/id-10023/episodes/382283</link><title>Series 7, Trick Shot Special 3</title></episode>
<episode><epnum>109</epnum><seasonnum>11</seasonnum><prodnum></prodnum><airdate>1995-12-28</airdate><link>http://www.tvrage.com/shows/id-10023/episodes/382284</link><title>Series 7, Christmas Panto</title></episode>
</Season>

<Season no="8">
<episode><epnum>110</epnum><seasonnum>01</seasonnum><prodnum></prodnum><airdate>1996-03-02</airdate><link>http://www.tvrage.com/shows/id-10023/episodes/382286</link><title>Series 8, Show 1</title></episode>
<episode><epnum>111</epnum><seasonnum>02</seasonnum><prodnum></prodnum><airdate>1996-03-09</airdate><link>http://www.tvrage.com/shows/id-10023/episodes/382287</link><title>Series 8, Show 2</title></episode>
<episode><epnum>112</epnum><seasonnum>03</seasonnum><prodnum></prodnum><airdate>1996-03-16</airdate><link>http://www.tvrage.com/shows/id-10023/episodes/382288</link><title>Series 8, Show 3</title></episode>
<episode><epnum>113</epnum><seasonnum>04</seasonnum><prodnum></prodnum><airdate>1996-03-23</airdate><link>http://www.tvrage.com/shows/id-10023/episodes/382289</link><title>Series 8, Show 4</title></episode>
<episode><epnum>114</epnum><seasonnum>05</seasonnum><prodnum></prodnum><airdate>1996-03-30</airdate><link>http://www.tvrage.com/shows/id-10023/episodes/382290</link><title>Series 8, Show 5</title></episode>
<episode><epnum>115</epnum><seasonnum>06</seasonnum><prodnum></prodnum><airdate>1996-04-06</airdate><link>http://www.tvrage.com/shows/id-10023/episodes/382291</link><title>Series 8, Show 6</title></episode>
<episode><epnum>116</epnum><seasonnum>07</seasonnum><prodnum></prodnum><airdate>1996-04-13</airdate><link>http://www.tvrage.com/shows/id-10023/episodes/382292</link><title>Series 8, Show 7</title></episode>
<episode><epnum>117</epnum><seasonnum>08</seasonnum><prodnum></prodnum><airdate>1996-04-20</airdate><link>http://www.tvrage.com/shows/id-10023/episodes/382293</link><title>Series 8, Show 8</title></episode>
<episode><epnum>118</epnum><seasonnum>09</seasonnum><prodnum></prodnum><airdate>1996-04-27</airdate><link>http://www.tvrage.com/shows/id-10023/episodes/382294</link><title>Series 8, Show 9</title></episode>
<episode><epnum>119</epnum><seasonnum>10</seasonnum><prodnum></prodnum><airdate>1996-05-04</airdate><link>http://www.tvrage.com/shows/id-10023/episodes/382295</link><title>Series 8, Show 10</title></episode>
<episode><epnum>120</epnum><seasonnum>11</seasonnum><prodnum></prodnum><airdate>1996-05-10</airdate><link>http://www.tvrage.com/shows/id-10023/episodes/382296</link><title>Series 8, Show 11</title></episode>
<episode><epnum>121</epnum><seasonnum>12</seasonnum><prodnum></prodnum><airdate>1996-05-17</airdate><link>http://www.tvrage.com/shows/id-10023/episodes/382297</link><title>Series 8, Show 12</title></episode>
<episode><epnum>122</epnum><seasonnum>13</seasonnum><prodnum></prodnum><airdate>1996-05-24</airdate><link>http://www.tvrage.com/shows/id-10023/episodes/382298</link><title>Series 8, Show 13</title></episode>
<episode><epnum>123</epnum><seasonnum>14</seasonnum><prodnum></prodnum><airdate>1996-05-31</airdate><link>http://www.tvrage.com/shows/id-10023/episodes/382299</link><title>Series 8, Show 14</title></episode>
<episode><epnum>124</epnum><seasonnum>15</seasonnum><prodnum></prodnum><airdate>1996-06-14</airdate><link>http://www.tvrage.com/shows/id-10023/episodes/382300</link><title>Series 8, Show 15</title></episode>
<episode><epnum>125</epnum><seasonnum>16</seasonnum><prodnum></prodnum><airdate>1996-06-21</airdate><link>http://www.tvrage.com/shows/id-10023/episodes/382301</link><title>Series 8, Show 16</title></episode>
<episode><epnum>126</epnum><seasonnum>17</seasonnum><prodnum></prodnum><airdate>1996-06-28</airdate><link>http://www.tvrage.com/shows/id-10023/episodes/382302</link><title>Series 8, Show 17</title></episode>
<episode><epnum>127</epnum><seasonnum>18</seasonnum><prodnum></prodnum><airdate>1996-07-05</airdate><link>http://www.tvrage.com/shows/id-10023/episodes/382303</link><title>Series 8, Show 18</title></episode>
<episode><epnum>128</epnum><seasonnum>19</seasonnum><prodnum></prodnum><airdate>1996-07-12</airdate><link>http://www.tvrage.com/shows/id-10023/episodes/382304</link><title>Series 8, Show 19</title></episode>
<episode><epnum>129</epnum><seasonnum>20</seasonnum><prodnum></prodnum><airdate>1996-07-19</airdate><link>http://www.tvrage.com/shows/id-10023/episodes/382305</link><title>Series 8, Show 20</title></episode>
<episode><epnum>130</epnum><seasonnum>21</seasonnum><prodnum></prodnum><airdate>1996-08-03</airdate><link>http://www.tvrage.com/shows/id-10023/episodes/382306</link><title>Series 8, Trick Shot Special</title></episode>
<episode><epnum>131</epnum><seasonnum>22</seasonnum><prodnum></prodnum><airdate>1996-08-29</airdate><link>http://www.tvrage.com/shows/id-10023/episodes/382307</link><title>Series 8, Trick Shot Special 2</title></episode>
<episode><epnum>132</epnum><seasonnum>23</seasonnum><prodnum></prodnum><airdate>1996-12-27</airdate><link>http://www.tvrage.com/shows/id-10023/episodes/382308</link><title>Series 8, Christmas Show</title></episode>
</Season>

<Season no="9">
<episode><epnum>133</epnum><seasonnum>01</seasonnum><prodnum></prodnum><airdate>1997-01-03</airdate><link>http://www.tvrage.com/shows/id-10023/episodes/382309</link><title>Series 9, Show 1</title></episode>
<episode><epnum>134</epnum><seasonnum>02</seasonnum><prodnum></prodnum><airdate>1997-01-10</airdate><link>http://www.tvrage.com/shows/id-10023/episodes/382310</link><title>Series 9, Show 2</title></episode>
<episode><epnum>135</epnum><seasonnum>03</seasonnum><prodnum></prodnum><airdate>1997-01-17</airdate><link>http://www.tvrage.com/shows/id-10023/episodes/382311</link><title>Series 9, Show 3</title></episode>
<episode><epnum>136</epnum><seasonnum>04</seasonnum><prodnum></prodnum><airdate>1997-01-24</airdate><link>http://www.tvrage.com/shows/id-10023/episodes/382312</link><title>Series 9, Show 4</title></episode>
<episode><epnum>137</epnum><seasonnum>05</seasonnum><prodnum></prodnum><airdate>1997-01-31</airdate><link>http://www.tvrage.com/shows/id-10023/episodes/382313</link><title>Series 9, Show 5</title></episode>
<episode><epnum>138</epnum><seasonnum>06</seasonnum><prodnum></prodnum><airdate>1997-02-07</airdate><link>http://www.tvrage.com/shows/id-10023/episodes/382314</link><title>Series 9, Show 6</title></episode>
<episode><epnum>139</epnum><seasonnum>07</seasonnum><prodnum></prodnum><airdate>1997-02-14</airdate><link>http://www.tvrage.com/shows/id-10023/episodes/382315</link><title>Series 9, Show 7</title></episode>
<episode><epnum>140</epnum><seasonnum>08</seasonnum><prodnum></prodnum><airdate>1997-02-21</airdate><link>http://www.tvrage.com/shows/id-10023/episodes/382316</link><title>Series 9, Show 8</title></episode>
<episode><epnum>141</epnum><seasonnum>09</seasonnum><prodnum></prodnum><airdate>1997-02-28</airdate><link>http://www.tvrage.com/shows/id-10023/episodes/382317</link><title>Series 9, Show 9</title></episode>
<episode><epnum>142</epnum><seasonnum>10</seasonnum><prodnum></prodnum><airdate>1997-03-07</airdate><link>http://www.tvrage.com/shows/id-10023/episodes/382318</link><title>Series 9, Show 10</title></episode>
<episode><epnum>143</epnum><seasonnum>11</seasonnum><prodnum></prodnum><airdate>1997-03-21</airdate><link>http://www.tvrage.com/shows/id-10023/episodes/382319</link><title>Series 9, Show 11</title></episode>
<episode><epnum>144</epnum><seasonnum>12</seasonnum><prodnum></prodnum><airdate>1997-03-28</airdate><link>http://www.tvrage.com/shows/id-10023/episodes/382320</link><title>Series 9, Show 12</title></episode>
<episode><epnum>145</epnum><seasonnum>13</seasonnum><prodnum></prodnum><airdate>1997-04-04</airdate><link>http://www.tvrage.com/shows/id-10023/episodes/382321</link><title>Series 9, Show 13</title></episode>
<episode><epnum>146</epnum><seasonnum>14</seasonnum><prodnum></prodnum><airdate>1997-04-11</airdate><link>http://www.tvrage.com/shows/id-10023/episodes/382322</link><title>Series 9, Show 14</title></episode>
<episode><epnum>147</epnum><seasonnum>15</seasonnum><prodnum></prodnum><airdate>1997-04-18</airdate><link>http://www.tvrage.com/shows/id-10023/episodes/382323</link><title>Series 9, Show 15</title></episode>
<episode><epnum>148</epnum><seasonnum>16</seasonnum><prodnum></prodnum><airdate>1997-06-09</airdate><link>http://www.tvrage.com/shows/id-10023/episodes/382324</link><title>Series 9, Show 16</title></episode>
<episode><epnum>149</epnum><seasonnum>17</seasonnum><prodnum></prodnum><airdate>1997-06-16</airdate><link>http://www.tvrage.com/shows/id-10023/episodes/382325</link><title>Series 9, Show 17</title></episode>
<episode><epnum>150</epnum><seasonnum>18</seasonnum><prodnum></prodnum><airdate>1997-06-23</airdate><link>http://www.tvrage.com/shows/id-10023/episodes/382326</link><title>Series 9, Show 18</title></episode>
<episode><epnum>151</epnum><seasonnum>19</seasonnum><prodnum></prodnum><airdate>1997-06-27</airdate><link>http://www.tvrage.com/shows/id-10023/episodes/382327</link><title>Series 9, Trick Shot Special</title></episode>
<episode><epnum>152</epnum><seasonnum>20</seasonnum><prodnum></prodnum><airdate>1997-07-04</airdate><link>http://www.tvrage.com/shows/id-10023/episodes/382328</link><title>Series 9, Trick Shot Special 2</title></episode>
<episode><epnum>153</epnum><seasonnum>21</seasonnum><prodnum></prodnum><airdate>1997-07-07</airdate><link>http://www.tvrage.com/shows/id-10023/episodes/382329</link><title>Series 9, Show 19</title></episode>
<episode><epnum>154</epnum><seasonnum>22</seasonnum><prodnum></prodnum><airdate>1997-07-14</airdate><link>http://www.tvrage.com/shows/id-10023/episodes/382330</link><title>Series 9, Show 20</title></episode>
<episode><epnum>155</epnum><seasonnum>23</seasonnum><prodnum></prodnum><airdate>1997-12-26</airdate><link>http://www.tvrage.com/shows/id-10023/episodes/382331</link><title>Series 9, Christmas Special</title></episode>
</Season>

<Season no="10">
<episode><epnum>156</epnum><seasonnum>01</seasonnum><prodnum></prodnum><airdate>1998-01-09</airdate><link>http://www.tvrage.com/shows/id-10023/episodes/382332</link><title>Series 10, Show 1</title></episode>
<episode><epnum>157</epnum><seasonnum>02</seasonnum><prodnum></prodnum><airdate>1998-01-16</airdate><link>http://www.tvrage.com/shows/id-10023/episodes/382333</link><title>Series 10, Show 2</title></episode>
<episode><epnum>158</epnum><seasonnum>03</seasonnum><prodnum></prodnum><airdate>1998-01-23</airdate><link>http://www.tvrage.com/shows/id-10023/episodes/382334</link><title>Series 10, Show 3</title></episode>
<episode><epnum>159</epnum><seasonnum>04</seasonnum><prodnum></prodnum><airdate>1998-01-30</airdate><link>http://www.tvrage.com/shows/id-10023/episodes/382335</link><title>Series 10, Show 4</title></episode>
<episode><epnum>160</epnum><seasonnum>05</seasonnum><prodnum></prodnum><airdate>1998-02-06</airdate><link>http://www.tvrage.com/shows/id-10023/episodes/382336</link><title>Series 10, Show 5</title></episode>
<episode><epnum>161</epnum><seasonnum>06</seasonnum><prodnum></prodnum><airdate>1998-02-13</airdate><link>http://www.tvrage.com/shows/id-10023/episodes/382337</link><title>Series 10, Show 6</title></episode>
<episode><epnum>162</epnum><seasonnum>07</seasonnum><prodnum></prodnum><airdate>1998-02-20</airdate><link>http://www.tvrage.com/shows/id-10023/episodes/382338</link><title>Series 10, Show 7</title></episode>
<episode><epnum>163</epnum><seasonnum>08</seasonnum><prodnum></prodnum><airdate>1998-02-27</airdate><link>http://www.tvrage.com/shows/id-10023/episodes/382339</link><title>Series 10, Show 8</title></episode>
<episode><epnum>164</epnum><seasonnum>09</seasonnum><prodnum></prodnum><airdate>1998-03-06</airdate><link>http://www.tvrage.com/shows/id-10023/episodes/382340</link><title>Series 10, Show 9</title></episode>
<episode><epnum>165</epnum><seasonnum>10</seasonnum><prodnum></prodnum><airdate>1998-04-04</airdate><link>http://www.tvrage.com/shows/id-10023/episodes/382341</link><title>Series 10, Show 10</title></episode>
<episode><epnum>166</epnum><seasonnum>11</seasonnum><prodnum></prodnum><airdate>1998-04-11</airdate><link>http://www.tvrage.com/shows/id-10023/episodes/382342</link><title>Series 10, Show 11</title></episode>
<episode><epnum>167</epnum><seasonnum>12</seasonnum><prodnum></prodnum><airdate>1998-04-18</airdate><link>http://www.tvrage.com/shows/id-10023/episodes/382343</link><title>Series 10, Show 12</title></episode>
<episode><epnum>168</epnum><seasonnum>13</seasonnum><prodnum></prodnum><airdate>1998-04-25</airdate><link>http://www.tvrage.com/shows/id-10023/episodes/382344</link><title>Series 10, Show 13</title></episode>
<episode><epnum>169</epnum><seasonnum>14</seasonnum><prodnum></prodnum><airdate>1998-05-02</airdate><link>http://www.tvrage.com/shows/id-10023/episodes/382345</link><title>Series 10, Show 14</title></episode>
<episode><epnum>170</epnum><seasonnum>15</seasonnum><prodnum></prodnum><airdate>1998-05-16</airdate><link>http://www.tvrage.com/shows/id-10023/episodes/382346</link><title>Series 10, Show 15</title></episode>
<episode><epnum>171</epnum><seasonnum>16</seasonnum><prodnum></prodnum><airdate>1998-05-23</airdate><link>http://www.tvrage.com/shows/id-10023/episodes/382347</link><title>Series 10, Show 16</title></episode>
<episode><epnum>172</epnum><seasonnum>17</seasonnum><prodnum></prodnum><airdate>1998-06-06</airdate><link>http://www.tvrage.com/shows/id-10023/episodes/382348</link><title>Series 10, Show 17</title></episode>
<episode><epnum>173</epnum><seasonnum>18</seasonnum><prodnum></prodnum><airdate>1998-06-13</airdate><link>http://www.tvrage.com/shows/id-10023/episodes/382349</link><title>Series 10, Show 18</title></episode>
<episode><epnum>174</epnum><seasonnum>19</seasonnum><prodnum></prodnum><airdate>1998-07-18</airdate><link>http://www.tvrage.com/shows/id-10023/episodes/382350</link><title>Series 10, Show 19</title></episode>
<episode><epnum>175</epnum><seasonnum>20</seasonnum><prodnum></prodnum><airdate>1998-12-28</airdate><link>http://www.tvrage.com/shows/id-10023/episodes/382351</link><title>Series 10, Christmas Show</title></episode>
</Season>

<Season no="11">
<episode><epnum>176</epnum><seasonnum>01</seasonnum><prodnum></prodnum><airdate>1999-02-13</airdate><link>http://www.tvrage.com/shows/id-10023/episodes/382352</link><title>Series 11, Show 1</title></episode>
<episode><epnum>177</epnum><seasonnum>02</seasonnum><prodnum></prodnum><airdate>1999-02-20</airdate><link>http://www.tvrage.com/shows/id-10023/episodes/382353</link><title>Series 11, Show 2</title></episode>
<episode><epnum>178</epnum><seasonnum>03</seasonnum><prodnum></prodnum><airdate>1999-02-27</airdate><link>http://www.tvrage.com/shows/id-10023/episodes/382354</link><title>Series 11, Show 3</title></episode>
<episode><epnum>179</epnum><seasonnum>04</seasonnum><prodnum></prodnum><airdate>1999-03-13</airdate><link>http://www.tvrage.com/shows/id-10023/episodes/382355</link><title>Series 11, Show 4</title></episode>
<episode><epnum>180</epnum><seasonnum>05</seasonnum><prodnum></prodnum><airdate>1999-03-20</airdate><link>http://www.tvrage.com/shows/id-10023/episodes/382356</link><title>Series 11, Show 5</title></episode>
<episode><epnum>181</epnum><seasonnum>06</seasonnum><prodnum></prodnum><airdate>1999-03-27</airdate><link>http://www.tvrage.com/shows/id-10023/episodes/382357</link><title>Series 11, Show 6</title></episode>
<episode><epnum>182</epnum><seasonnum>07</seasonnum><prodnum></prodnum><airdate>1999-04-10</airdate><link>http://www.tvrage.com/shows/id-10023/episodes/382358</link><title>Series 11, Show 7</title></episode>
<episode><epnum>183</epnum><seasonnum>08</seasonnum><prodnum></prodnum><airdate>1999-04-17</airdate><link>http://www.tvrage.com/shows/id-10023/episodes/382359</link><title>Series 11, Show 8</title></episode>
<episode><epnum>184</epnum><seasonnum>09</seasonnum><prodnum></prodnum><airdate>1999-04-24</airdate><link>http://www.tvrage.com/shows/id-10023/episodes/382360</link><title>Series 11, Show 9</title></episode>
<episode><epnum>185</epnum><seasonnum>10</seasonnum><prodnum></prodnum><airdate>1999-05-01</airdate><link>http://www.tvrage.com/shows/id-10023/episodes/382361</link><title>Series 11, Show 10</title></episode>
<episode><epnum>186</epnum><seasonnum>11</seasonnum><prodnum></prodnum><airdate>1999-05-08</airdate><link>http://www.tvrage.com/shows/id-10023/episodes/382362</link><title>Series 11, Show 11</title></episode>
<episode><epnum>187</epnum><seasonnum>12</seasonnum><prodnum></prodnum><airdate>1999-05-15</airdate><link>http://www.tvrage.com/shows/id-10023/episodes/382363</link><title>Series 11, Show 12</title></episode>
<episode><epnum>188</epnum><seasonnum>13</seasonnum><prodnum></prodnum><airdate>1999-05-22</airdate><link>http://www.tvrage.com/shows/id-10023/episodes/382364</link><title>Series 11, Show 13</title></episode>
<episode><epnum>189</epnum><seasonnum>14</seasonnum><prodnum></prodnum><airdate>1999-06-12</airdate><link>http://www.tvrage.com/shows/id-10023/episodes/382365</link><title>Series 11, Show 14</title></episode>
<episode><epnum>190</epnum><seasonnum>15</seasonnum><prodnum></prodnum><airdate>1999-06-26</airdate><link>http://www.tvrage.com/shows/id-10023/episodes/382366</link><title>Series 11, Show 15</title></episode>
<episode><epnum>191</epnum><seasonnum>16</seasonnum><prodnum></prodnum><airdate>1999-07-03</airdate><link>http://www.tvrage.com/shows/id-10023/episodes/382367</link><title>Series 11, Stars Of The Future 1</title></episode>
<episode><epnum>192</epnum><seasonnum>17</seasonnum><prodnum></prodnum><airdate>1999-07-10</airdate><link>http://www.tvrage.com/shows/id-10023/episodes/382368</link><title>Series 11, Stars Of The Future 2</title></episode>
<episode><epnum>193</epnum><seasonnum>18</seasonnum><prodnum></prodnum><airdate>1999-07-17</airdate><link>http://www.tvrage.com/shows/id-10023/episodes/382369</link><title>Series 11, Stars Of The Future 3</title></episode>
<episode><epnum>194</epnum><seasonnum>19</seasonnum><prodnum></prodnum><airdate>1999-07-24</airdate><link>http://www.tvrage.com/shows/id-10023/episodes/382370</link><title>Series 11, Stars Of The Future 4</title></episode>
</Season>

<Season no="12">
<episode><epnum>195</epnum><seasonnum>01</seasonnum><prodnum></prodnum><airdate>1999-12-04</airdate><link>http://www.tvrage.com/shows/id-10023/episodes/382371</link><title>Series 12, Show 1</title></episode>
<episode><epnum>196</epnum><seasonnum>02</seasonnum><prodnum></prodnum><airdate>1999-12-11</airdate><link>http://www.tvrage.com/shows/id-10023/episodes/382372</link><title>Series 12, Stars Of The Future</title></episode>
<episode><epnum>197</epnum><seasonnum>03</seasonnum><prodnum></prodnum><airdate>1999-12-18</airdate><link>http://www.tvrage.com/shows/id-10023/episodes/382373</link><title>Series 12, Show 3</title></episode>
<episode><epnum>198</epnum><seasonnum>04</seasonnum><prodnum></prodnum><airdate>1999-12-23</airdate><link>http://www.tvrage.com/shows/id-10023/episodes/382374</link><title>Series 12, Trick Shot Special</title></episode>
<episode><epnum>199</epnum><seasonnum>05</seasonnum><prodnum></prodnum><airdate>2000-01-03</airdate><link>http://www.tvrage.com/shows/id-10023/episodes/382375</link><title>Series 12, Snooker Scrapbook</title></episode>
<episode><epnum>200</epnum><seasonnum>06</seasonnum><prodnum></prodnum><airdate>2000-01-05</airdate><link>http://www.tvrage.com/shows/id-10023/episodes/382376</link><title>Series 12, Show 6</title></episode>
<episode><epnum>201</epnum><seasonnum>07</seasonnum><prodnum></prodnum><airdate>2000-01-12</airdate><link>http://www.tvrage.com/shows/id-10023/episodes/382377</link><title>Series 12, Show 7</title></episode>
<episode><epnum>202</epnum><seasonnum>08</seasonnum><prodnum></prodnum><airdate>2000-01-14</airdate><link>http://www.tvrage.com/shows/id-10023/episodes/382378</link><title>Series 12, Show 8</title></episode>
<episode><epnum>203</epnum><seasonnum>09</seasonnum><prodnum></prodnum><airdate>2000-01-19</airdate><link>http://www.tvrage.com/shows/id-10023/episodes/382379</link><title>Series 12, Show 9</title></episode>
<episode><epnum>204</epnum><seasonnum>10</seasonnum><prodnum></prodnum><airdate>2000-01-26</airdate><link>http://www.tvrage.com/shows/id-10023/episodes/382380</link><title>Series 12, Show 10</title></episode>
<episode><epnum>205</epnum><seasonnum>11</seasonnum><prodnum></prodnum><airdate>2000-02-02</airdate><link>http://www.tvrage.com/shows/id-10023/episodes/382381</link><title>Series 12, Show 11</title></episode>
<episode><epnum>206</epnum><seasonnum>12</seasonnum><prodnum></prodnum><airdate>2000-02-09</airdate><link>http://www.tvrage.com/shows/id-10023/episodes/382382</link><title>Series 12, Show 12</title></episode>
<episode><epnum>207</epnum><seasonnum>13</seasonnum><prodnum></prodnum><airdate>2000-02-16</airdate><link>http://www.tvrage.com/shows/id-10023/episodes/382383</link><title>Series 12, Show 13</title></episode>
<episode><epnum>208</epnum><seasonnum>14</seasonnum><prodnum></prodnum><airdate>2000-02-23</airdate><link>http://www.tvrage.com/shows/id-10023/episodes/382384</link><title>Series 12, Show 14</title></episode>
<episode><epnum>209</epnum><seasonnum>15</seasonnum><prodnum></prodnum><airdate>2000-03-15</airdate><link>http://www.tvrage.com/shows/id-10023/episodes/382385</link><title>Series 12, Show 15</title></episode>
<episode><epnum>210</epnum><seasonnum>16</seasonnum><prodnum></prodnum><airdate>2000-03-20</airdate><link>http://www.tvrage.com/shows/id-10023/episodes/382386</link><title>Series 12, Show 16</title></episode>
<episode><epnum>211</epnum><seasonnum>17</seasonnum><prodnum></prodnum><airdate>2000-03-21</airdate><link>http://www.tvrage.com/shows/id-10023/episodes/382387</link><title>Series 12, Show 17</title></episode>
<episode><epnum>212</epnum><seasonnum>18</seasonnum><prodnum></prodnum><airdate>2000-03-22</airdate><link>http://www.tvrage.com/shows/id-10023/episodes/382388</link><title>Series 12, Show 18</title></episode>
<episode><epnum>213</epnum><seasonnum>19</seasonnum><prodnum></prodnum><airdate>2000-03-23</airdate><link>http://www.tvrage.com/shows/id-10023/episodes/382389</link><title>Series 12, Show 19</title></episode>
<episode><epnum>214</epnum><seasonnum>20</seasonnum><prodnum></prodnum><airdate>2000-03-24</airdate><link>http://www.tvrage.com/shows/id-10023/episodes/382390</link><title>Series 12, Show 20</title></episode>
<episode><epnum>215</epnum><seasonnum>21</seasonnum><prodnum></prodnum><airdate>2000-03-27</airdate><link>http://www.tvrage.com/shows/id-10023/episodes/382391</link><title>Series 12, Show 21</title></episode>
<episode><epnum>216</epnum><seasonnum>22</seasonnum><prodnum></prodnum><airdate>2000-03-28</airdate><link>http://www.tvrage.com/shows/id-10023/episodes/382392</link><title>Series 12, Show 22</title></episode>
<episode><epnum>217</epnum><seasonnum>23</seasonnum><prodnum></prodnum><airdate>2000-03-29</airdate><link>http://www.tvrage.com/shows/id-10023/episodes/382393</link><title>Series 12, Show 23</title></episode>
<episode><epnum>218</epnum><seasonnum>24</seasonnum><prodnum></prodnum><airdate>2000-03-30</airdate><link>http://www.tvrage.com/shows/id-10023/episodes/382394</link><title>Series 12, Show 24</title></episode>
<episode><epnum>219</epnum><seasonnum>25</seasonnum><prodnum></prodnum><airdate>2000-03-31</airdate><link>http://www.tvrage.com/shows/id-10023/episodes/382395</link><title>Series 12, Show 25</title></episode>
</Season>

<Season no="13">
<episode><epnum>220</epnum><seasonnum>01</seasonnum><prodnum></prodnum><airdate>2001-04-28</airdate><link>http://www.tvrage.com/shows/id-10023/episodes/382396</link><title>Series 13, Show 1</title></episode>
<episode><epnum>221</epnum><seasonnum>02</seasonnum><prodnum></prodnum><airdate>2001-05-05</airdate><link>http://www.tvrage.com/shows/id-10023/episodes/382397</link><title>Series 13, Show 2</title></episode>
<episode><epnum>222</epnum><seasonnum>03</seasonnum><prodnum></prodnum><airdate>2001-05-12</airdate><link>http://www.tvrage.com/shows/id-10023/episodes/382398</link><title>Series 13, Show 3</title></episode>
<episode><epnum>223</epnum><seasonnum>04</seasonnum><prodnum></prodnum><airdate>2001-05-19</airdate><link>http://www.tvrage.com/shows/id-10023/episodes/382399</link><title>Series 13, Show 4</title></episode>
<episode><epnum>224</epnum><seasonnum>05</seasonnum><prodnum></prodnum><airdate>2001-06-16</airdate><link>http://www.tvrage.com/shows/id-10023/episodes/382400</link><title>Series 13, Show 5</title></episode>
<episode><epnum>225</epnum><seasonnum>06</seasonnum><prodnum></prodnum><airdate>2001-06-23</airdate><link>http://www.tvrage.com/shows/id-10023/episodes/382401</link><title>Series 13, Show 6</title></episode>
<episode><epnum>226</epnum><seasonnum>07</seasonnum><prodnum></prodnum><airdate>2001-06-30</airdate><link>http://www.tvrage.com/shows/id-10023/episodes/382402</link><title>Series 13, Show 7</title></episode>
<episode><epnum>227</epnum><seasonnum>08</seasonnum><prodnum></prodnum><airdate>2001-07-14</airdate><link>http://www.tvrage.com/shows/id-10023/episodes/382403</link><title>Series 13, Show 8</title></episode>
<episode><epnum>228</epnum><seasonnum>09</seasonnum><prodnum></prodnum><airdate>2001-07-21</airdate><link>http://www.tvrage.com/shows/id-10023/episodes/382404</link><title>Series 13, Show 9</title></episode>
<episode><epnum>229</epnum><seasonnum>10</seasonnum><prodnum></prodnum><airdate>2001-07-28</airdate><link>http://www.tvrage.com/shows/id-10023/episodes/382405</link><title>Series 13, Show 10</title></episode>
<episode><epnum>230</epnum><seasonnum>11</seasonnum><prodnum></prodnum><airdate>2001-08-11</airdate><link>http://www.tvrage.com/shows/id-10023/episodes/382406</link><title>Series 13, Show 11</title></episode>
<episode><epnum>231</epnum><seasonnum>12</seasonnum><prodnum></prodnum><airdate>2001-08-18</airdate><link>http://www.tvrage.com/shows/id-10023/episodes/382407</link><title>Series 13, Show 12</title></episode>
</Season>

<Season no="14">
<episode><epnum>232</epnum><seasonnum>01</seasonnum><prodnum></prodnum><airdate>2002-06-22</airdate><link>http://www.tvrage.com/shows/id-10023/episodes/382408</link><title>Series 14, Show 1</title></episode>
<episode><epnum>233</epnum><seasonnum>02</seasonnum><prodnum></prodnum><airdate>2002-06-29</airdate><link>http://www.tvrage.com/shows/id-10023/episodes/382409</link><title>Series 14, Show 2</title></episode>
<episode><epnum>234</epnum><seasonnum>03</seasonnum><prodnum></prodnum><airdate>2002-07-06</airdate><link>http://www.tvrage.com/shows/id-10023/episodes/382410</link><title>Series 14, Show 3</title></episode>
<episode><epnum>235</epnum><seasonnum>04</seasonnum><prodnum></prodnum><airdate>2002-07-13</airdate><link>http://www.tvrage.com/shows/id-10023/episodes/382411</link><title>Series 14, Show 4</title></episode>
<episode><epnum>236</epnum><seasonnum>05</seasonnum><prodnum></prodnum><airdate>2002-07-20</airdate><link>http://www.tvrage.com/shows/id-10023/episodes/382412</link><title>Series 14, Show 5</title></episode>
<episode><epnum>237</epnum><seasonnum>06</seasonnum><prodnum></prodnum><airdate>2002-08-10</airdate><link>http://www.tvrage.com/shows/id-10023/episodes/382413</link><title>Series 14, Show 6</title></episode>
<episode><epnum>238</epnum><seasonnum>07</seasonnum><prodnum></prodnum><airdate>2002-10-02</airdate><link>http://www.tvrage.com/shows/id-10023/episodes/382414</link><title>Series 14, Show 7</title></episode>
<episode><epnum>239</epnum><seasonnum>08</seasonnum><prodnum></prodnum><airdate>2002-10-09</airdate><link>http://www.tvrage.com/shows/id-10023/episodes/382415</link><title>Series 14, Show 8</title></episode>
</Season>

</Episodelist>

</Show>