<?xml version="1.0" encoding="UTF-8" ?>


<Show>
<name>Blankety Blank</name>
<totalseasons>16</totalseasons>
<showid>10024</showid>
<showlink>http://tvrage.com/shows/id-10024</showlink>
<started>Jan/18/1979</started>
<ended>Dec/1999</ended>
<image>http://images.tvrage.com/shows/11/10024.jpg</image>
<origin_country>UK</origin_country>
<status>Canceled/Ended</status>
<classification>Game Show</classification>
<runtime>30</runtime>
<network country="UK">BBC One</network>
<airtime>18:30</airtime>
<airday>Saturday</airday>
<timezone>GMT+0 -DST</timezone>
<Episodelist>

<Season no="1">
<episode><epnum>1</epnum><seasonnum>01</seasonnum><prodnum></prodnum><airdate>1979-01-18</airdate><link>http://www.tvrage.com/shows/id-10024/episodes/389131</link><title>Series 1, Show 1</title></episode>
<episode><epnum>2</epnum><seasonnum>02</seasonnum><prodnum></prodnum><airdate>1979-01-25</airdate><link>http://www.tvrage.com/shows/id-10024/episodes/389132</link><title>Series 1, Show 2</title></episode>
<episode><epnum>3</epnum><seasonnum>03</seasonnum><prodnum></prodnum><airdate>1979-02-01</airdate><link>http://www.tvrage.com/shows/id-10024/episodes/389133</link><title>Series 1, Show 3</title></episode>
<episode><epnum>4</epnum><seasonnum>04</seasonnum><prodnum></prodnum><airdate>1979-02-08</airdate><link>http://www.tvrage.com/shows/id-10024/episodes/389134</link><title>Series 1, Show 4</title></episode>
<episode><epnum>5</epnum><seasonnum>05</seasonnum><prodnum></prodnum><airdate>1979-02-15</airdate><link>http://www.tvrage.com/shows/id-10024/episodes/389135</link><title>Series 1, Show 5</title></episode>
<episode><epnum>6</epnum><seasonnum>06</seasonnum><prodnum></prodnum><airdate>1979-02-22</airdate><link>http://www.tvrage.com/shows/id-10024/episodes/389136</link><title>Series 1, Show 6</title></episode>
<episode><epnum>7</epnum><seasonnum>07</seasonnum><prodnum></prodnum><airdate>1979-03-01</airdate><link>http://www.tvrage.com/shows/id-10024/episodes/389137</link><title>Series 1, Show 7</title></episode>
<episode><epnum>8</epnum><seasonnum>08</seasonnum><prodnum></prodnum><airdate>1979-03-15</airdate><link>http://www.tvrage.com/shows/id-10024/episodes/389138</link><title>Series 1, Show 8</title></episode>
<episode><epnum>9</epnum><seasonnum>09</seasonnum><prodnum></prodnum><airdate>1979-03-22</airdate><link>http://www.tvrage.com/shows/id-10024/episodes/389139</link><title>Series 1, Show 9</title></episode>
<episode><epnum>10</epnum><seasonnum>10</seasonnum><prodnum></prodnum><airdate>1979-03-29</airdate><link>http://www.tvrage.com/shows/id-10024/episodes/389140</link><title>Series 1, Show 10</title></episode>
<episode><epnum>11</epnum><seasonnum>11</seasonnum><prodnum></prodnum><airdate>1979-04-05</airdate><link>http://www.tvrage.com/shows/id-10024/episodes/389141</link><title>Series 1, Show 11</title></episode>
<episode><epnum>12</epnum><seasonnum>12</seasonnum><prodnum></prodnum><airdate>1979-04-12</airdate><link>http://www.tvrage.com/shows/id-10024/episodes/389142</link><title>Series 1, Show 12</title></episode>
<episode><epnum>13</epnum><seasonnum>13</seasonnum><prodnum></prodnum><airdate>1979-04-19</airdate><link>http://www.tvrage.com/shows/id-10024/episodes/389143</link><title>Series 1, Show 13</title></episode>
<episode><epnum>14</epnum><seasonnum>14</seasonnum><prodnum></prodnum><airdate>1979-04-26</airdate><link>http://www.tvrage.com/shows/id-10024/episodes/389144</link><title>Series 1, Show 14</title></episode>
<episode><epnum>15</epnum><seasonnum>15</seasonnum><prodnum></prodnum><airdate>1979-05-03</airdate><link>http://www.tvrage.com/shows/id-10024/episodes/389145</link><title>Series 1, Show 15</title></episode>
<episode><epnum>16</epnum><seasonnum>16</seasonnum><prodnum></prodnum><airdate>1979-05-10</airdate><link>http://www.tvrage.com/shows/id-10024/episodes/389146</link><title>Series 1, Show 16</title></episode>
</Season>

<Season no="2">
<episode><epnum>17</epnum><seasonnum>01</seasonnum><prodnum></prodnum><airdate>1979-09-06</airdate><link>http://www.tvrage.com/shows/id-10024/episodes/389147</link><title>Series 2, Show 1</title></episode>
<episode><epnum>18</epnum><seasonnum>02</seasonnum><prodnum></prodnum><airdate>1979-09-13</airdate><link>http://www.tvrage.com/shows/id-10024/episodes/389148</link><title>Series 2, Show 2</title></episode>
<episode><epnum>19</epnum><seasonnum>03</seasonnum><prodnum></prodnum><airdate>1979-09-20</airdate><link>http://www.tvrage.com/shows/id-10024/episodes/389149</link><title>Series 2, Show 3</title></episode>
<episode><epnum>20</epnum><seasonnum>04</seasonnum><prodnum></prodnum><airdate>1979-09-27</airdate><link>http://www.tvrage.com/shows/id-10024/episodes/389150</link><title>Series 2, Show 4</title></episode>
<episode><epnum>21</epnum><seasonnum>05</seasonnum><prodnum></prodnum><airdate>1979-10-04</airdate><link>http://www.tvrage.com/shows/id-10024/episodes/389151</link><title>Series 2, Show 5</title></episode>
<episode><epnum>22</epnum><seasonnum>06</seasonnum><prodnum></prodnum><airdate>1979-10-11</airdate><link>http://www.tvrage.com/shows/id-10024/episodes/389152</link><title>Series 2, Show 6</title></episode>
<episode><epnum>23</epnum><seasonnum>07</seasonnum><prodnum></prodnum><airdate>1979-10-18</airdate><link>http://www.tvrage.com/shows/id-10024/episodes/389153</link><title>Series 2, Show 7</title></episode>
<episode><epnum>24</epnum><seasonnum>08</seasonnum><prodnum></prodnum><airdate>1979-10-25</airdate><link>http://www.tvrage.com/shows/id-10024/episodes/389154</link><title>Series 2, Show 8</title></episode>
<episode><epnum>25</epnum><seasonnum>09</seasonnum><prodnum></prodnum><airdate>1979-11-01</airdate><link>http://www.tvrage.com/shows/id-10024/episodes/389155</link><title>Series 2, Show 9</title></episode>
<episode><epnum>26</epnum><seasonnum>10</seasonnum><prodnum></prodnum><airdate>1979-11-08</airdate><link>http://www.tvrage.com/shows/id-10024/episodes/389156</link><title>Series 2, Show 10</title></episode>
<episode><epnum>27</epnum><seasonnum>11</seasonnum><prodnum></prodnum><airdate>1979-11-15</airdate><link>http://www.tvrage.com/shows/id-10024/episodes/389157</link><title>Series 2, Show 11</title></episode>
<episode><epnum>28</epnum><seasonnum>12</seasonnum><prodnum></prodnum><airdate>1979-11-22</airdate><link>http://www.tvrage.com/shows/id-10024/episodes/389158</link><title>Series 2, Show 12</title></episode>
<episode><epnum>29</epnum><seasonnum>13</seasonnum><prodnum></prodnum><airdate>1979-11-29</airdate><link>http://www.tvrage.com/shows/id-10024/episodes/389159</link><title>Series 2, Show 13</title></episode>
<episode><epnum>30</epnum><seasonnum>14</seasonnum><prodnum></prodnum><airdate>1979-12-06</airdate><link>http://www.tvrage.com/shows/id-10024/episodes/389160</link><title>Series 2, Show 14</title></episode>
<episode><epnum>31</epnum><seasonnum>15</seasonnum><prodnum></prodnum><airdate>1979-12-13</airdate><link>http://www.tvrage.com/shows/id-10024/episodes/389161</link><title>Series 2, Show 15</title></episode>
<episode><epnum>32</epnum><seasonnum>16</seasonnum><prodnum></prodnum><airdate>1979-12-20</airdate><link>http://www.tvrage.com/shows/id-10024/episodes/389162</link><title>Series 2, Show 16</title></episode>
<episode><epnum>33</epnum><seasonnum>17</seasonnum><prodnum></prodnum><airdate>1979-12-25</airdate><link>http://www.tvrage.com/shows/id-10024/episodes/389163</link><title>Series 2, Christmas Special</title></episode>
</Season>

<Season no="3">
<episode><epnum>34</epnum><seasonnum>01</seasonnum><prodnum></prodnum><airdate>1980-09-04</airdate><link>http://www.tvrage.com/shows/id-10024/episodes/389164</link><title>Series 3, Show 1</title></episode>
<episode><epnum>35</epnum><seasonnum>02</seasonnum><prodnum></prodnum><airdate>1980-09-11</airdate><link>http://www.tvrage.com/shows/id-10024/episodes/389165</link><title>Series 3, Show 2</title></episode>
<episode><epnum>36</epnum><seasonnum>03</seasonnum><prodnum></prodnum><airdate>1980-09-18</airdate><link>http://www.tvrage.com/shows/id-10024/episodes/389166</link><title>Series 3, Show 3</title></episode>
<episode><epnum>37</epnum><seasonnum>04</seasonnum><prodnum></prodnum><airdate>1980-09-25</airdate><link>http://www.tvrage.com/shows/id-10024/episodes/389167</link><title>Series 3, Show 4</title></episode>
<episode><epnum>38</epnum><seasonnum>05</seasonnum><prodnum></prodnum><airdate>1980-10-02</airdate><link>http://www.tvrage.com/shows/id-10024/episodes/389168</link><title>Series 3, Show 5</title></episode>
<episode><epnum>39</epnum><seasonnum>06</seasonnum><prodnum></prodnum><airdate>1980-10-09</airdate><link>http://www.tvrage.com/shows/id-10024/episodes/389169</link><title>Series 3, Show 6</title></episode>
<episode><epnum>40</epnum><seasonnum>07</seasonnum><prodnum></prodnum><airdate>1980-10-16</airdate><link>http://www.tvrage.com/shows/id-10024/episodes/389170</link><title>Series 3, Show 7</title></episode>
<episode><epnum>41</epnum><seasonnum>08</seasonnum><prodnum></prodnum><airdate>1980-10-23</airdate><link>http://www.tvrage.com/shows/id-10024/episodes/389171</link><title>Series 3, Show 8</title></episode>
<episode><epnum>42</epnum><seasonnum>09</seasonnum><prodnum></prodnum><airdate>1980-10-30</airdate><link>http://www.tvrage.com/shows/id-10024/episodes/389172</link><title>Series 3, Show 9</title></episode>
<episode><epnum>43</epnum><seasonnum>10</seasonnum><prodnum></prodnum><airdate>1980-11-06</airdate><link>http://www.tvrage.com/shows/id-10024/episodes/389173</link><title>Series 3, Show 10</title></episode>
<episode><epnum>44</epnum><seasonnum>11</seasonnum><prodnum></prodnum><airdate>1980-11-13</airdate><link>http://www.tvrage.com/shows/id-10024/episodes/389174</link><title>Series 3, Show 11</title></episode>
<episode><epnum>45</epnum><seasonnum>12</seasonnum><prodnum></prodnum><airdate>1980-11-20</airdate><link>http://www.tvrage.com/shows/id-10024/episodes/389175</link><title>Series 3, Show 12</title></episode>
<episode><epnum>46</epnum><seasonnum>13</seasonnum><prodnum></prodnum><airdate>1980-11-27</airdate><link>http://www.tvrage.com/shows/id-10024/episodes/389176</link><title>Series 3, Show 13</title></episode>
<episode><epnum>47</epnum><seasonnum>14</seasonnum><prodnum></prodnum><airdate>1980-12-04</airdate><link>http://www.tvrage.com/shows/id-10024/episodes/389177</link><title>Series 3, Show 14</title></episode>
<episode><epnum>48</epnum><seasonnum>15</seasonnum><prodnum></prodnum><airdate>1980-12-11</airdate><link>http://www.tvrage.com/shows/id-10024/episodes/389178</link><title>Series 3, Show 15</title></episode>
<episode><epnum>49</epnum><seasonnum>16</seasonnum><prodnum></prodnum><airdate>1980-12-26</airdate><link>http://www.tvrage.com/shows/id-10024/episodes/389179</link><title>Series 3, Christmas Special</title></episode>
</Season>

<Season no="4">
<episode><epnum>50</epnum><seasonnum>01</seasonnum><prodnum></prodnum><airdate>1981-09-03</airdate><link>http://www.tvrage.com/shows/id-10024/episodes/389180</link><title>Series 4, Show 1</title></episode>
<episode><epnum>51</epnum><seasonnum>02</seasonnum><prodnum></prodnum><airdate>1981-09-10</airdate><link>http://www.tvrage.com/shows/id-10024/episodes/389181</link><title>Series 4, Show 2</title></episode>
<episode><epnum>52</epnum><seasonnum>03</seasonnum><prodnum></prodnum><airdate>1981-09-17</airdate><link>http://www.tvrage.com/shows/id-10024/episodes/389182</link><title>Series 4, Show 3</title></episode>
<episode><epnum>53</epnum><seasonnum>04</seasonnum><prodnum></prodnum><airdate>1981-09-24</airdate><link>http://www.tvrage.com/shows/id-10024/episodes/389183</link><title>Series 4, Show 4</title></episode>
<episode><epnum>54</epnum><seasonnum>05</seasonnum><prodnum></prodnum><airdate>1981-10-01</airdate><link>http://www.tvrage.com/shows/id-10024/episodes/389184</link><title>Series 4, Show 5</title></episode>
<episode><epnum>55</epnum><seasonnum>06</seasonnum><prodnum></prodnum><airdate>1981-10-08</airdate><link>http://www.tvrage.com/shows/id-10024/episodes/389185</link><title>Series 4, Show 6</title></episode>
<episode><epnum>56</epnum><seasonnum>07</seasonnum><prodnum></prodnum><airdate>1981-10-15</airdate><link>http://www.tvrage.com/shows/id-10024/episodes/389186</link><title>Series 4, Show 7</title></episode>
<episode><epnum>57</epnum><seasonnum>08</seasonnum><prodnum></prodnum><airdate>1981-10-22</airdate><link>http://www.tvrage.com/shows/id-10024/episodes/389187</link><title>Series 4, Show 8</title></episode>
<episode><epnum>58</epnum><seasonnum>09</seasonnum><prodnum></prodnum><airdate>1981-10-29</airdate><link>http://www.tvrage.com/shows/id-10024/episodes/389188</link><title>Series 4, Show 9</title></episode>
<episode><epnum>59</epnum><seasonnum>10</seasonnum><prodnum></prodnum><airdate>1981-11-05</airdate><link>http://www.tvrage.com/shows/id-10024/episodes/389189</link><title>Series 4, Show 10</title></episode>
<episode><epnum>60</epnum><seasonnum>11</seasonnum><prodnum></prodnum><airdate>1981-11-12</airdate><link>http://www.tvrage.com/shows/id-10024/episodes/389190</link><title>Series 4, Show 11</title></episode>
<episode><epnum>61</epnum><seasonnum>12</seasonnum><prodnum></prodnum><airdate>1981-11-19</airdate><link>http://www.tvrage.com/shows/id-10024/episodes/389191</link><title>Series 4, Show 12</title></episode>
<episode><epnum>62</epnum><seasonnum>13</seasonnum><prodnum></prodnum><airdate>1981-11-26</airdate><link>http://www.tvrage.com/shows/id-10024/episodes/389192</link><title>Series 4, Show 13</title></episode>
<episode><epnum>63</epnum><seasonnum>14</seasonnum><prodnum></prodnum><airdate>1981-12-03</airdate><link>http://www.tvrage.com/shows/id-10024/episodes/389193</link><title>Series 4, Show 14</title></episode>
<episode><epnum>64</epnum><seasonnum>15</seasonnum><prodnum></prodnum><airdate>1981-12-10</airdate><link>http://www.tvrage.com/shows/id-10024/episodes/389194</link><title>Series 4, Show 15</title></episode>
<episode><epnum>65</epnum><seasonnum>16</seasonnum><prodnum></prodnum><airdate>1981-12-17</airdate><link>http://www.tvrage.com/shows/id-10024/episodes/389195</link><title>Series 4, Show 16</title></episode>
<episode><epnum>66</epnum><seasonnum>17</seasonnum><prodnum></prodnum><airdate>1981-12-26</airdate><link>http://www.tvrage.com/shows/id-10024/episodes/389197</link><title>Series 4, Christmas Special</title></episode>
</Season>

<Season no="5">
<episode><epnum>67</epnum><seasonnum>01</seasonnum><prodnum></prodnum><airdate>1982-09-04</airdate><link>http://www.tvrage.com/shows/id-10024/episodes/389198</link><title>Series 5, Show 1</title></episode>
<episode><epnum>68</epnum><seasonnum>02</seasonnum><prodnum></prodnum><airdate>1982-09-11</airdate><link>http://www.tvrage.com/shows/id-10024/episodes/389199</link><title>Series 5, Show 2</title></episode>
<episode><epnum>69</epnum><seasonnum>03</seasonnum><prodnum></prodnum><airdate>1982-09-18</airdate><link>http://www.tvrage.com/shows/id-10024/episodes/389200</link><title>Series 5, Show 3</title></episode>
<episode><epnum>70</epnum><seasonnum>04</seasonnum><prodnum></prodnum><airdate>1982-09-25</airdate><link>http://www.tvrage.com/shows/id-10024/episodes/389201</link><title>Series 5, Show 4</title></episode>
<episode><epnum>71</epnum><seasonnum>05</seasonnum><prodnum></prodnum><airdate>1982-10-02</airdate><link>http://www.tvrage.com/shows/id-10024/episodes/389202</link><title>Series 5, Show 5</title></episode>
<episode><epnum>72</epnum><seasonnum>06</seasonnum><prodnum></prodnum><airdate>1982-10-09</airdate><link>http://www.tvrage.com/shows/id-10024/episodes/389203</link><title>Series 5, Show 6</title></episode>
<episode><epnum>73</epnum><seasonnum>07</seasonnum><prodnum></prodnum><airdate>1982-10-16</airdate><link>http://www.tvrage.com/shows/id-10024/episodes/389204</link><title>Series 5, Show 7</title></episode>
<episode><epnum>74</epnum><seasonnum>08</seasonnum><prodnum></prodnum><airdate>1982-10-23</airdate><link>http://www.tvrage.com/shows/id-10024/episodes/389205</link><title>Series 5, Show 8</title></episode>
<episode><epnum>75</epnum><seasonnum>09</seasonnum><prodnum></prodnum><airdate>1982-10-30</airdate><link>http://www.tvrage.com/shows/id-10024/episodes/389206</link><title>Series 5, Show 9</title></episode>
<episode><epnum>76</epnum><seasonnum>10</seasonnum><prodnum></prodnum><airdate>1982-11-06</airdate><link>http://www.tvrage.com/shows/id-10024/episodes/389207</link><title>Series 5, Show 10</title></episode>
<episode><epnum>77</epnum><seasonnum>11</seasonnum><prodnum></prodnum><airdate>1982-11-13</airdate><link>http://www.tvrage.com/shows/id-10024/episodes/389208</link><title>Series 5, Show 11</title></episode>
<episode><epnum>78</epnum><seasonnum>12</seasonnum><prodnum></prodnum><airdate>1982-11-20</airdate><link>http://www.tvrage.com/shows/id-10024/episodes/389209</link><title>Series 5, Show 12</title></episode>
<episode><epnum>79</epnum><seasonnum>13</seasonnum><prodnum></prodnum><airdate>1982-11-27</airdate><link>http://www.tvrage.com/shows/id-10024/episodes/389210</link><title>Series 5, Show 13</title></episode>
<episode><epnum>80</epnum><seasonnum>14</seasonnum><prodnum></prodnum><airdate>1982-12-27</airdate><link>http://www.tvrage.com/shows/id-10024/episodes/389211</link><title>Series 5, Christmas Special</title></episode>
</Season>

<Season no="6">
<episode><epnum>81</epnum><seasonnum>01</seasonnum><prodnum></prodnum><airdate>1983-09-03</airdate><link>http://www.tvrage.com/shows/id-10024/episodes/389212</link><title>Series 6, Show 1</title></episode>
<episode><epnum>82</epnum><seasonnum>02</seasonnum><prodnum></prodnum><airdate>1983-09-10</airdate><link>http://www.tvrage.com/shows/id-10024/episodes/389213</link><title>Series 6, Show 2</title></episode>
<episode><epnum>83</epnum><seasonnum>03</seasonnum><prodnum></prodnum><airdate>1983-09-17</airdate><link>http://www.tvrage.com/shows/id-10024/episodes/389214</link><title>Series 6, Show 3</title></episode>
<episode><epnum>84</epnum><seasonnum>04</seasonnum><prodnum></prodnum><airdate>1983-09-24</airdate><link>http://www.tvrage.com/shows/id-10024/episodes/389215</link><title>Series 6, Show 4</title></episode>
<episode><epnum>85</epnum><seasonnum>05</seasonnum><prodnum></prodnum><airdate>1983-10-01</airdate><link>http://www.tvrage.com/shows/id-10024/episodes/389216</link><title>Series 6, Show 5</title></episode>
<episode><epnum>86</epnum><seasonnum>06</seasonnum><prodnum></prodnum><airdate>1983-10-08</airdate><link>http://www.tvrage.com/shows/id-10024/episodes/389217</link><title>Series 6, Show 6</title></episode>
<episode><epnum>87</epnum><seasonnum>07</seasonnum><prodnum></prodnum><airdate>1983-10-15</airdate><link>http://www.tvrage.com/shows/id-10024/episodes/389218</link><title>Series 6, Show 7</title></episode>
<episode><epnum>88</epnum><seasonnum>08</seasonnum><prodnum></prodnum><airdate>1983-10-22</airdate><link>http://www.tvrage.com/shows/id-10024/episodes/389219</link><title>Series 6, Show 8</title></episode>
<episode><epnum>89</epnum><seasonnum>09</seasonnum><prodnum></prodnum><airdate>1983-10-29</airdate><link>http://www.tvrage.com/shows/id-10024/episodes/389220</link><title>Series 6, Show 9</title></episode>
<episode><epnum>90</epnum><seasonnum>10</seasonnum><prodnum></prodnum><airdate>1983-11-05</airdate><link>http://www.tvrage.com/shows/id-10024/episodes/389221</link><title>Series 6, Show 10</title></episode>
<episode><epnum>91</epnum><seasonnum>11</seasonnum><prodnum></prodnum><airdate>1983-11-12</airdate><link>http://www.tvrage.com/shows/id-10024/episodes/389222</link><title>Series 6, Show 11</title></episode>
<episode><epnum>92</epnum><seasonnum>12</seasonnum><prodnum></prodnum><airdate>1983-11-19</airdate><link>http://www.tvrage.com/shows/id-10024/episodes/389223</link><title>Series 6, Show 12</title></episode>
<episode><epnum>93</epnum><seasonnum>13</seasonnum><prodnum></prodnum><airdate>1983-11-26</airdate><link>http://www.tvrage.com/shows/id-10024/episodes/389224</link><title>Series 6, Show 13</title></episode>
<episode><epnum>94</epnum><seasonnum>14</seasonnum><prodnum></prodnum><airdate>1983-12-03</airdate><link>http://www.tvrage.com/shows/id-10024/episodes/389225</link><title>Series 6, Show 14</title></episode>
<episode><epnum>95</epnum><seasonnum>15</seasonnum><prodnum></prodnum><airdate>1983-12-25</airdate><link>http://www.tvrage.com/shows/id-10024/episodes/389226</link><title>Series 6, Christmas Special</title></episode>
</Season>

<Season no="7">
<episode><epnum>96</epnum><seasonnum>01</seasonnum><prodnum></prodnum><airdate>1984-09-07</airdate><link>http://www.tvrage.com/shows/id-10024/episodes/389236</link><title>Series 7, Show 1</title></episode>
<episode><epnum>97</epnum><seasonnum>02</seasonnum><prodnum></prodnum><airdate>1984-09-14</airdate><link>http://www.tvrage.com/shows/id-10024/episodes/389237</link><title>Series 7, Show 2</title></episode>
<episode><epnum>98</epnum><seasonnum>03</seasonnum><prodnum></prodnum><airdate>1984-09-21</airdate><link>http://www.tvrage.com/shows/id-10024/episodes/389238</link><title>Series 7, Show 3</title></episode>
<episode><epnum>99</epnum><seasonnum>04</seasonnum><prodnum></prodnum><airdate>1984-09-28</airdate><link>http://www.tvrage.com/shows/id-10024/episodes/389239</link><title>Series 7, Show 4</title></episode>
<episode><epnum>100</epnum><seasonnum>05</seasonnum><prodnum></prodnum><airdate>1984-10-05</airdate><link>http://www.tvrage.com/shows/id-10024/episodes/389240</link><title>Series 7, Show 5</title></episode>
<episode><epnum>101</epnum><seasonnum>06</seasonnum><prodnum></prodnum><airdate>1984-10-19</airdate><link>http://www.tvrage.com/shows/id-10024/episodes/389241</link><title>Series 7, Show 6</title></episode>
<episode><epnum>102</epnum><seasonnum>07</seasonnum><prodnum></prodnum><airdate>1984-10-26</airdate><link>http://www.tvrage.com/shows/id-10024/episodes/389242</link><title>Series 7, Show 7</title></episode>
<episode><epnum>103</epnum><seasonnum>08</seasonnum><prodnum></prodnum><airdate>1984-11-09</airdate><link>http://www.tvrage.com/shows/id-10024/episodes/389243</link><title>Series 7, Show 8</title></episode>
<episode><epnum>104</epnum><seasonnum>09</seasonnum><prodnum></prodnum><airdate>1984-11-16</airdate><link>http://www.tvrage.com/shows/id-10024/episodes/389244</link><title>Series 7, Show 9</title></episode>
<episode><epnum>105</epnum><seasonnum>10</seasonnum><prodnum></prodnum><airdate>1984-11-23</airdate><link>http://www.tvrage.com/shows/id-10024/episodes/389245</link><title>Series 7, Show 10</title></episode>
<episode><epnum>106</epnum><seasonnum>11</seasonnum><prodnum></prodnum><airdate>1984-11-30</airdate><link>http://www.tvrage.com/shows/id-10024/episodes/389246</link><title>Series 7, Show 11</title></episode>
<episode><epnum>107</epnum><seasonnum>12</seasonnum><prodnum></prodnum><airdate>1984-12-07</airdate><link>http://www.tvrage.com/shows/id-10024/episodes/389247</link><title>Series 7, Show 12</title></episode>
<episode><epnum>108</epnum><seasonnum>13</seasonnum><prodnum></prodnum><airdate>1984-12-14</airdate><link>http://www.tvrage.com/shows/id-10024/episodes/389248</link><title>Series 7, Show 13</title></episode>
<episode><epnum>109</epnum><seasonnum>14</seasonnum><prodnum></prodnum><airdate>1984-12-25</airdate><link>http://www.tvrage.com/shows/id-10024/episodes/389249</link><title>Series 7, Christmas Special</title></episode>
<episode><epnum>110</epnum><seasonnum>15</seasonnum><prodnum></prodnum><airdate>1985-01-11</airdate><link>http://www.tvrage.com/shows/id-10024/episodes/389252</link><title>Series 7, Show 15</title></episode>
<episode><epnum>111</epnum><seasonnum>16</seasonnum><prodnum></prodnum><airdate>1985-01-18</airdate><link>http://www.tvrage.com/shows/id-10024/episodes/389253</link><title>Series 7, Show 16</title></episode>
<episode><epnum>112</epnum><seasonnum>17</seasonnum><prodnum></prodnum><airdate>1985-01-25</airdate><link>http://www.tvrage.com/shows/id-10024/episodes/389254</link><title>Series 7, Show 17</title></episode>
<episode><epnum>113</epnum><seasonnum>18</seasonnum><prodnum></prodnum><airdate>1985-02-01</airdate><link>http://www.tvrage.com/shows/id-10024/episodes/389255</link><title>Series 7, Show 18</title></episode>
<episode><epnum>114</epnum><seasonnum>19</seasonnum><prodnum></prodnum><airdate>1985-02-08</airdate><link>http://www.tvrage.com/shows/id-10024/episodes/389256</link><title>Series 7, Show 19</title></episode>
<episode><epnum>115</epnum><seasonnum>20</seasonnum><prodnum></prodnum><airdate>1985-02-19</airdate><link>http://www.tvrage.com/shows/id-10024/episodes/389257</link><title>Series 7, Show 20</title></episode>
<episode><epnum>116</epnum><seasonnum>21</seasonnum><prodnum></prodnum><airdate>1985-02-26</airdate><link>http://www.tvrage.com/shows/id-10024/episodes/389258</link><title>Series 7, Show 21</title></episode>
<episode><epnum>117</epnum><seasonnum>22</seasonnum><prodnum></prodnum><airdate>1985-03-05</airdate><link>http://www.tvrage.com/shows/id-10024/episodes/389259</link><title>Series 7, Show 22</title></episode>
<episode><epnum>118</epnum><seasonnum>23</seasonnum><prodnum></prodnum><airdate>1985-03-12</airdate><link>http://www.tvrage.com/shows/id-10024/episodes/389260</link><title>Series 7, Show 23</title></episode>
<episode><epnum>119</epnum><seasonnum>24</seasonnum><prodnum></prodnum><airdate>1985-03-19</airdate><link>http://www.tvrage.com/shows/id-10024/episodes/389261</link><title>Series 7, Show 24</title></episode>
<episode><epnum>120</epnum><seasonnum>25</seasonnum><prodnum></prodnum><airdate>1985-03-26</airdate><link>http://www.tvrage.com/shows/id-10024/episodes/389262</link><title>Series 7, Show 25</title></episode>
</Season>

<Season no="8">
<episode><epnum>121</epnum><seasonnum>01</seasonnum><prodnum></prodnum><airdate>1985-09-06</airdate><link>http://www.tvrage.com/shows/id-10024/episodes/389263</link><title>Series 8, Show 1</title></episode>
<episode><epnum>122</epnum><seasonnum>02</seasonnum><prodnum></prodnum><airdate>1985-09-13</airdate><link>http://www.tvrage.com/shows/id-10024/episodes/389264</link><title>Series 8, Show 2</title></episode>
<episode><epnum>123</epnum><seasonnum>03</seasonnum><prodnum></prodnum><airdate>1985-09-20</airdate><link>http://www.tvrage.com/shows/id-10024/episodes/389265</link><title>Series 8, Show 3</title></episode>
<episode><epnum>124</epnum><seasonnum>04</seasonnum><prodnum></prodnum><airdate>1985-09-27</airdate><link>http://www.tvrage.com/shows/id-10024/episodes/389266</link><title>Series 8, Show 4</title></episode>
<episode><epnum>125</epnum><seasonnum>05</seasonnum><prodnum></prodnum><airdate>1985-10-04</airdate><link>http://www.tvrage.com/shows/id-10024/episodes/389267</link><title>Series 8, Show 5</title></episode>
<episode><epnum>126</epnum><seasonnum>06</seasonnum><prodnum></prodnum><airdate>1985-10-11</airdate><link>http://www.tvrage.com/shows/id-10024/episodes/389268</link><title>Series 8, Show 6</title></episode>
<episode><epnum>127</epnum><seasonnum>07</seasonnum><prodnum></prodnum><airdate>1985-10-18</airdate><link>http://www.tvrage.com/shows/id-10024/episodes/389269</link><title>Series 8, Show 7</title></episode>
<episode><epnum>128</epnum><seasonnum>08</seasonnum><prodnum></prodnum><airdate>1985-10-25</airdate><link>http://www.tvrage.com/shows/id-10024/episodes/389270</link><title>Series 8, Show 8</title></episode>
<episode><epnum>129</epnum><seasonnum>09</seasonnum><prodnum></prodnum><airdate>1985-11-01</airdate><link>http://www.tvrage.com/shows/id-10024/episodes/389271</link><title>Series 8, Show 9</title></episode>
<episode><epnum>130</epnum><seasonnum>10</seasonnum><prodnum></prodnum><airdate>1985-11-08</airdate><link>http://www.tvrage.com/shows/id-10024/episodes/389272</link><title>Series 8, Show 10</title></episode>
<episode><epnum>131</epnum><seasonnum>11</seasonnum><prodnum></prodnum><airdate>1985-11-15</airdate><link>http://www.tvrage.com/shows/id-10024/episodes/389273</link><title>Series 8, Show 11</title></episode>
<episode><epnum>132</epnum><seasonnum>12</seasonnum><prodnum></prodnum><airdate>1985-11-22</airdate><link>http://www.tvrage.com/shows/id-10024/episodes/389274</link><title>Series 8, Show 12</title></episode>
<episode><epnum>133</epnum><seasonnum>13</seasonnum><prodnum></prodnum><airdate>1985-11-29</airdate><link>http://www.tvrage.com/shows/id-10024/episodes/389275</link><title>Series 8, Show 13</title></episode>
<episode><epnum>134</epnum><seasonnum>14</seasonnum><prodnum></prodnum><airdate>1985-12-06</airdate><link>http://www.tvrage.com/shows/id-10024/episodes/389276</link><title>Series 8, Show 14</title></episode>
<episode><epnum>135</epnum><seasonnum>15</seasonnum><prodnum></prodnum><airdate>1985-12-13</airdate><link>http://www.tvrage.com/shows/id-10024/episodes/389277</link><title>Series 8, Show 15</title></episode>
<episode><epnum>136</epnum><seasonnum>16</seasonnum><prodnum></prodnum><airdate>1985-12-20</airdate><link>http://www.tvrage.com/shows/id-10024/episodes/389278</link><title>Series 8, Show 16</title></episode>
<episode><epnum>137</epnum><seasonnum>17</seasonnum><prodnum></prodnum><airdate>1985-12-27</airdate><link>http://www.tvrage.com/shows/id-10024/episodes/389279</link><title>Series 8, Christmas Special</title></episode>
<episode><epnum>138</epnum><seasonnum>18</seasonnum><prodnum></prodnum><airdate>1986-01-03</airdate><link>http://www.tvrage.com/shows/id-10024/episodes/389280</link><title>Series 8, Show 18</title></episode>
<episode><epnum>139</epnum><seasonnum>19</seasonnum><prodnum></prodnum><airdate>1986-01-10</airdate><link>http://www.tvrage.com/shows/id-10024/episodes/389281</link><title>Series 8, Show 19</title></episode>
<episode><epnum>140</epnum><seasonnum>20</seasonnum><prodnum></prodnum><airdate>1986-01-24</airdate><link>http://www.tvrage.com/shows/id-10024/episodes/389282</link><title>Series 8, Show 20</title></episode>
<episode><epnum>141</epnum><seasonnum>21</seasonnum><prodnum></prodnum><airdate>1986-02-27</airdate><link>http://www.tvrage.com/shows/id-10024/episodes/389283</link><title>Series 8, Show 21</title></episode>
<episode><epnum>142</epnum><seasonnum>22</seasonnum><prodnum></prodnum><airdate>1986-03-21</airdate><link>http://www.tvrage.com/shows/id-10024/episodes/389284</link><title>Series 8, Show 22</title></episode>
</Season>

<Season no="9">
<episode><epnum>143</epnum><seasonnum>01</seasonnum><prodnum></prodnum><airdate>1986-09-05</airdate><link>http://www.tvrage.com/shows/id-10024/episodes/389285</link><title>Series 9, Show 1</title></episode>
<episode><epnum>144</epnum><seasonnum>02</seasonnum><prodnum></prodnum><airdate>1986-09-12</airdate><link>http://www.tvrage.com/shows/id-10024/episodes/389286</link><title>Series 9, Show 2</title></episode>
<episode><epnum>145</epnum><seasonnum>03</seasonnum><prodnum></prodnum><airdate>1986-09-19</airdate><link>http://www.tvrage.com/shows/id-10024/episodes/389287</link><title>Series 9, Show 3</title></episode>
<episode><epnum>146</epnum><seasonnum>04</seasonnum><prodnum></prodnum><airdate>1986-09-26</airdate><link>http://www.tvrage.com/shows/id-10024/episodes/389288</link><title>Series 9, Show 4</title></episode>
<episode><epnum>147</epnum><seasonnum>05</seasonnum><prodnum></prodnum><airdate>1986-10-03</airdate><link>http://www.tvrage.com/shows/id-10024/episodes/389289</link><title>Series 9, Show 5</title></episode>
<episode><epnum>148</epnum><seasonnum>06</seasonnum><prodnum></prodnum><airdate>1986-10-10</airdate><link>http://www.tvrage.com/shows/id-10024/episodes/389290</link><title>Series 9, Show 6</title></episode>
<episode><epnum>149</epnum><seasonnum>07</seasonnum><prodnum></prodnum><airdate>1986-10-17</airdate><link>http://www.tvrage.com/shows/id-10024/episodes/389291</link><title>Series 9, Show 7</title></episode>
<episode><epnum>150</epnum><seasonnum>08</seasonnum><prodnum></prodnum><airdate>1986-10-24</airdate><link>http://www.tvrage.com/shows/id-10024/episodes/389292</link><title>Series 9, Show 8</title></episode>
<episode><epnum>151</epnum><seasonnum>09</seasonnum><prodnum></prodnum><airdate>1986-10-31</airdate><link>http://www.tvrage.com/shows/id-10024/episodes/389293</link><title>Series 9, Show 9</title></episode>
<episode><epnum>152</epnum><seasonnum>10</seasonnum><prodnum></prodnum><airdate>1986-11-07</airdate><link>http://www.tvrage.com/shows/id-10024/episodes/389294</link><title>Series 9, Show 10</title></episode>
<episode><epnum>153</epnum><seasonnum>11</seasonnum><prodnum></prodnum><airdate>1986-11-14</airdate><link>http://www.tvrage.com/shows/id-10024/episodes/389295</link><title>Series 9, Show 11</title></episode>
<episode><epnum>154</epnum><seasonnum>12</seasonnum><prodnum></prodnum><airdate>1986-11-28</airdate><link>http://www.tvrage.com/shows/id-10024/episodes/389296</link><title>Series 9, Show 12</title></episode>
<episode><epnum>155</epnum><seasonnum>13</seasonnum><prodnum></prodnum><airdate>1986-12-26</airdate><link>http://www.tvrage.com/shows/id-10024/episodes/389297</link><title>Series 9, Christmas Special</title></episode>
<episode><epnum>156</epnum><seasonnum>14</seasonnum><prodnum></prodnum><airdate>1987-01-16</airdate><link>http://www.tvrage.com/shows/id-10024/episodes/389298</link><title>Series 9, Show 14</title></episode>
<episode><epnum>157</epnum><seasonnum>15</seasonnum><prodnum></prodnum><airdate>1987-01-23</airdate><link>http://www.tvrage.com/shows/id-10024/episodes/389299</link><title>Series 9, Show 15</title></episode>
<episode><epnum>158</epnum><seasonnum>16</seasonnum><prodnum></prodnum><airdate>1987-01-30</airdate><link>http://www.tvrage.com/shows/id-10024/episodes/389300</link><title>Series 9, Show 16</title></episode>
<episode><epnum>159</epnum><seasonnum>17</seasonnum><prodnum></prodnum><airdate>1987-02-06</airdate><link>http://www.tvrage.com/shows/id-10024/episodes/389301</link><title>Series 9, Show 17</title></episode>
<episode><epnum>160</epnum><seasonnum>18</seasonnum><prodnum></prodnum><airdate>1987-02-13</airdate><link>http://www.tvrage.com/shows/id-10024/episodes/389302</link><title>Series 9, Show 18</title></episode>
<episode><epnum>161</epnum><seasonnum>19</seasonnum><prodnum></prodnum><airdate>1987-02-20</airdate><link>http://www.tvrage.com/shows/id-10024/episodes/389303</link><title>Series 9, Show 19</title></episode>
<episode><epnum>162</epnum><seasonnum>20</seasonnum><prodnum></prodnum><airdate>1987-02-27</airdate><link>http://www.tvrage.com/shows/id-10024/episodes/389304</link><title>Series 9, Show 20</title></episode>
<episode><epnum>163</epnum><seasonnum>21</seasonnum><prodnum></prodnum><airdate>1987-03-06</airdate><link>http://www.tvrage.com/shows/id-10024/episodes/389305</link><title>Series 9, Show 21</title></episode>
<episode><epnum>164</epnum><seasonnum>22</seasonnum><prodnum></prodnum><airdate>1987-04-03</airdate><link>http://www.tvrage.com/shows/id-10024/episodes/389306</link><title>Series 9, Show 22</title></episode>
</Season>

<Season no="10">
<episode><epnum>165</epnum><seasonnum>01</seasonnum><prodnum></prodnum><airdate>1987-09-18</airdate><link>http://www.tvrage.com/shows/id-10024/episodes/389307</link><title>Series 10, Show 1</title></episode>
<episode><epnum>166</epnum><seasonnum>02</seasonnum><prodnum></prodnum><airdate>1987-09-25</airdate><link>http://www.tvrage.com/shows/id-10024/episodes/389308</link><title>Series 10, Show 2</title><screencap>http://images.tvrage.com/screencaps/51/10024/389308.jpg</screencap></episode>
<episode><epnum>167</epnum><seasonnum>03</seasonnum><prodnum></prodnum><airdate>1987-10-02</airdate><link>http://www.tvrage.com/shows/id-10024/episodes/389309</link><title>Series 10, Show 3</title></episode>
<episode><epnum>168</epnum><seasonnum>04</seasonnum><prodnum></prodnum><airdate>1987-10-09</airdate><link>http://www.tvrage.com/shows/id-10024/episodes/389310</link><title>Series 10, Show 4</title></episode>
<episode><epnum>169</epnum><seasonnum>05</seasonnum><prodnum></prodnum><airdate>1987-10-16</airdate><link>http://www.tvrage.com/shows/id-10024/episodes/389311</link><title>Series 10, Show 5</title></episode>
<episode><epnum>170</epnum><seasonnum>06</seasonnum><prodnum></prodnum><airdate>1987-10-23</airdate><link>http://www.tvrage.com/shows/id-10024/episodes/389312</link><title>Series 10, Show 6</title></episode>
<episode><epnum>171</epnum><seasonnum>07</seasonnum><prodnum></prodnum><airdate>1987-10-30</airdate><link>http://www.tvrage.com/shows/id-10024/episodes/389313</link><title>Series 10, Show 7</title></episode>
<episode><epnum>172</epnum><seasonnum>08</seasonnum><prodnum></prodnum><airdate>1987-11-06</airdate><link>http://www.tvrage.com/shows/id-10024/episodes/389314</link><title>Series 10, Show 8</title></episode>
<episode><epnum>173</epnum><seasonnum>09</seasonnum><prodnum></prodnum><airdate>1987-11-13</airdate><link>http://www.tvrage.com/shows/id-10024/episodes/389315</link><title>Series 10, Show 9</title></episode>
<episode><epnum>174</epnum><seasonnum>10</seasonnum><prodnum></prodnum><airdate>1987-11-20</airdate><link>http://www.tvrage.com/shows/id-10024/episodes/389316</link><title>Series 10, Show 10</title></episode>
<episode><epnum>175</epnum><seasonnum>11</seasonnum><prodnum></prodnum><airdate>1987-12-04</airdate><link>http://www.tvrage.com/shows/id-10024/episodes/389317</link><title>Series 10, Show 11</title></episode>
<episode><epnum>176</epnum><seasonnum>12</seasonnum><prodnum></prodnum><airdate>1987-12-11</airdate><link>http://www.tvrage.com/shows/id-10024/episodes/389318</link><title>Series 10, Show 12</title></episode>
<episode><epnum>177</epnum><seasonnum>13</seasonnum><prodnum></prodnum><airdate>1987-12-18</airdate><link>http://www.tvrage.com/shows/id-10024/episodes/389319</link><title>Series 10, Show 13</title></episode>
<episode><epnum>178</epnum><seasonnum>14</seasonnum><prodnum></prodnum><airdate>1987-12-26</airdate><link>http://www.tvrage.com/shows/id-10024/episodes/389320</link><title>Series 10, Christmas Special</title></episode>
<episode><epnum>179</epnum><seasonnum>15</seasonnum><prodnum></prodnum><airdate>1988-01-01</airdate><link>http://www.tvrage.com/shows/id-10024/episodes/389321</link><title>Series 10, Show 14</title></episode>
<episode><epnum>180</epnum><seasonnum>16</seasonnum><prodnum></prodnum><airdate>1988-01-08</airdate><link>http://www.tvrage.com/shows/id-10024/episodes/389322</link><title>Series 10, Show 15</title></episode>
<episode><epnum>181</epnum><seasonnum>17</seasonnum><prodnum></prodnum><airdate>1988-01-22</airdate><link>http://www.tvrage.com/shows/id-10024/episodes/389323</link><title>Series 10, Show 16</title></episode>
<episode><epnum>182</epnum><seasonnum>18</seasonnum><prodnum></prodnum><airdate>1988-01-29</airdate><link>http://www.tvrage.com/shows/id-10024/episodes/389324</link><title>Series 10, Show 17</title></episode>
<episode><epnum>183</epnum><seasonnum>19</seasonnum><prodnum></prodnum><airdate>1988-02-12</airdate><link>http://www.tvrage.com/shows/id-10024/episodes/389325</link><title>Series 10, Show 18</title></episode>
<episode><epnum>184</epnum><seasonnum>20</seasonnum><prodnum></prodnum><airdate>1988-02-19</airdate><link>http://www.tvrage.com/shows/id-10024/episodes/389326</link><title>Series 10, Show 19</title></episode>
<episode><epnum>185</epnum><seasonnum>21</seasonnum><prodnum></prodnum><airdate>1988-02-26</airdate><link>http://www.tvrage.com/shows/id-10024/episodes/389327</link><title>Series 10, Show 20</title></episode>
</Season>

<Season no="11">
<episode><epnum>186</epnum><seasonnum>01</seasonnum><prodnum></prodnum><airdate>1988-09-09</airdate><link>http://www.tvrage.com/shows/id-10024/episodes/389328</link><title>Series 11, Show 1</title></episode>
<episode><epnum>187</epnum><seasonnum>02</seasonnum><prodnum></prodnum><airdate>1988-09-16</airdate><link>http://www.tvrage.com/shows/id-10024/episodes/389329</link><title>Series 11, Show 2</title></episode>
<episode><epnum>188</epnum><seasonnum>03</seasonnum><prodnum></prodnum><airdate>1988-10-07</airdate><link>http://www.tvrage.com/shows/id-10024/episodes/389330</link><title>Series 11, Show 3</title></episode>
<episode><epnum>189</epnum><seasonnum>04</seasonnum><prodnum></prodnum><airdate>1988-10-14</airdate><link>http://www.tvrage.com/shows/id-10024/episodes/389331</link><title>Series 11, Show 4</title></episode>
<episode><epnum>190</epnum><seasonnum>05</seasonnum><prodnum></prodnum><airdate>1988-10-21</airdate><link>http://www.tvrage.com/shows/id-10024/episodes/389332</link><title>Series 11, Show 5</title></episode>
<episode><epnum>191</epnum><seasonnum>06</seasonnum><prodnum></prodnum><airdate>1988-10-28</airdate><link>http://www.tvrage.com/shows/id-10024/episodes/389333</link><title>Series 11, Show 6</title></episode>
<episode><epnum>192</epnum><seasonnum>07</seasonnum><prodnum></prodnum><airdate>1988-11-04</airdate><link>http://www.tvrage.com/shows/id-10024/episodes/389334</link><title>Series 11, Show 7</title></episode>
<episode><epnum>193</epnum><seasonnum>08</seasonnum><prodnum></prodnum><airdate>1988-11-11</airdate><link>http://www.tvrage.com/shows/id-10024/episodes/389335</link><title>Series 11, Show 8</title></episode>
<episode><epnum>194</epnum><seasonnum>09</seasonnum><prodnum></prodnum><airdate>1988-11-25</airdate><link>http://www.tvrage.com/shows/id-10024/episodes/389336</link><title>Series 11, Show 9</title></episode>
<episode><epnum>195</epnum><seasonnum>10</seasonnum><prodnum></prodnum><airdate>1988-12-02</airdate><link>http://www.tvrage.com/shows/id-10024/episodes/389337</link><title>Series 11, Show 10</title></episode>
<episode><epnum>196</epnum><seasonnum>11</seasonnum><prodnum></prodnum><airdate>1988-12-09</airdate><link>http://www.tvrage.com/shows/id-10024/episodes/389338</link><title>Series 11, Show 11</title></episode>
<episode><epnum>197</epnum><seasonnum>12</seasonnum><prodnum></prodnum><airdate>1988-12-16</airdate><link>http://www.tvrage.com/shows/id-10024/episodes/389339</link><title>Series 11, Show 12</title></episode>
</Season>

<Season no="12">
<episode><epnum>198</epnum><seasonnum>01</seasonnum><prodnum></prodnum><airdate>1989-09-07</airdate><link>http://www.tvrage.com/shows/id-10024/episodes/389341</link><title>Series 12, Show 1</title></episode>
<episode><epnum>199</epnum><seasonnum>02</seasonnum><prodnum></prodnum><airdate>1989-09-14</airdate><link>http://www.tvrage.com/shows/id-10024/episodes/389342</link><title>Series 12, Show 2</title></episode>
<episode><epnum>200</epnum><seasonnum>03</seasonnum><prodnum></prodnum><airdate>1989-09-21</airdate><link>http://www.tvrage.com/shows/id-10024/episodes/389343</link><title>Series 12, Show 3</title></episode>
<episode><epnum>201</epnum><seasonnum>04</seasonnum><prodnum></prodnum><airdate>1989-09-28</airdate><link>http://www.tvrage.com/shows/id-10024/episodes/389344</link><title>Series 12, Show 4</title></episode>
<episode><epnum>202</epnum><seasonnum>05</seasonnum><prodnum></prodnum><airdate>1989-10-05</airdate><link>http://www.tvrage.com/shows/id-10024/episodes/389345</link><title>Series 12, Show 5</title></episode>
<episode><epnum>203</epnum><seasonnum>06</seasonnum><prodnum></prodnum><airdate>1989-10-12</airdate><link>http://www.tvrage.com/shows/id-10024/episodes/389346</link><title>Series 12, Show 6</title></episode>
<episode><epnum>204</epnum><seasonnum>07</seasonnum><prodnum></prodnum><airdate>1989-11-30</airdate><link>http://www.tvrage.com/shows/id-10024/episodes/389347</link><title>Series 12, Show 7</title></episode>
<episode><epnum>205</epnum><seasonnum>08</seasonnum><prodnum></prodnum><airdate>1989-12-07</airdate><link>http://www.tvrage.com/shows/id-10024/episodes/389348</link><title>Series 12, Show 8</title></episode>
<episode><epnum>206</epnum><seasonnum>09</seasonnum><prodnum></prodnum><airdate>1989-12-14</airdate><link>http://www.tvrage.com/shows/id-10024/episodes/389349</link><title>Series 12, Show 9</title></episode>
<episode><epnum>207</epnum><seasonnum>10</seasonnum><prodnum></prodnum><airdate>1989-12-21</airdate><link>http://www.tvrage.com/shows/id-10024/episodes/389350</link><title>Series 12, Show 10</title></episode>
<episode><epnum>208</epnum><seasonnum>11</seasonnum><prodnum></prodnum><airdate>1989-12-27</airdate><link>http://www.tvrage.com/shows/id-10024/episodes/389351</link><title>Series 12, Christmas Special</title></episode>
<episode><epnum>209</epnum><seasonnum>12</seasonnum><prodnum></prodnum><airdate>1990-01-01</airdate><link>http://www.tvrage.com/shows/id-10024/episodes/389352</link><title>Series 12, Show 12</title></episode>
<episode><epnum>210</epnum><seasonnum>13</seasonnum><prodnum></prodnum><airdate>1990-01-08</airdate><link>http://www.tvrage.com/shows/id-10024/episodes/389354</link><title>Series 12, Show 13</title></episode>
<episode><epnum>211</epnum><seasonnum>14</seasonnum><prodnum></prodnum><airdate>1990-01-15</airdate><link>http://www.tvrage.com/shows/id-10024/episodes/389355</link><title>Series 12, Show 14</title></episode>
<episode><epnum>212</epnum><seasonnum>15</seasonnum><prodnum></prodnum><airdate>1990-01-22</airdate><link>http://www.tvrage.com/shows/id-10024/episodes/389356</link><title>Series 12, Show 15</title></episode>
<episode><epnum>213</epnum><seasonnum>16</seasonnum><prodnum></prodnum><airdate>1990-01-29</airdate><link>http://www.tvrage.com/shows/id-10024/episodes/389357</link><title>Series 12, Show 16</title></episode>
<episode><epnum>214</epnum><seasonnum>17</seasonnum><prodnum></prodnum><airdate>1990-02-05</airdate><link>http://www.tvrage.com/shows/id-10024/episodes/389358</link><title>Series 12, Show 17</title></episode>
<episode><epnum>215</epnum><seasonnum>18</seasonnum><prodnum></prodnum><airdate>1990-02-12</airdate><link>http://www.tvrage.com/shows/id-10024/episodes/389359</link><title>Series 12, Show 18</title></episode>
<episode><epnum>216</epnum><seasonnum>19</seasonnum><prodnum></prodnum><airdate>1990-02-26</airdate><link>http://www.tvrage.com/shows/id-10024/episodes/389360</link><title>Series 12, Show 19</title></episode>
<episode><epnum>217</epnum><seasonnum>20</seasonnum><prodnum></prodnum><airdate>1990-03-05</airdate><link>http://www.tvrage.com/shows/id-10024/episodes/389361</link><title>Series 12, Show 20</title></episode>
<episode><epnum>218</epnum><seasonnum>21</seasonnum><prodnum></prodnum><airdate>1990-03-12</airdate><link>http://www.tvrage.com/shows/id-10024/episodes/389362</link><title>Series 12, Show 21</title></episode>
</Season>

<Season no="13">
<episode><epnum>219</epnum><seasonnum>01</seasonnum><prodnum></prodnum><airdate>1997-12-26</airdate><link>http://www.tvrage.com/shows/id-10024/episodes/389364</link><title>Christmas Special</title></episode>
<episode><epnum>220</epnum><seasonnum>02</seasonnum><prodnum></prodnum><airdate>1998-05-08</airdate><link>http://www.tvrage.com/shows/id-10024/episodes/389366</link><title>Series 13, Show 1</title></episode>
<episode><epnum>221</epnum><seasonnum>03</seasonnum><prodnum></prodnum><airdate>1998-05-15</airdate><link>http://www.tvrage.com/shows/id-10024/episodes/389368</link><title>Series 13, Show 2</title></episode>
<episode><epnum>222</epnum><seasonnum>04</seasonnum><prodnum></prodnum><airdate>1998-05-22</airdate><link>http://www.tvrage.com/shows/id-10024/episodes/389369</link><title>Series 13, Show 3</title></episode>
<episode><epnum>223</epnum><seasonnum>05</seasonnum><prodnum></prodnum><airdate>1998-05-29</airdate><link>http://www.tvrage.com/shows/id-10024/episodes/389370</link><title>Series 13, Show 5</title></episode>
<episode><epnum>224</epnum><seasonnum>06</seasonnum><prodnum></prodnum><airdate>1998-06-05</airdate><link>http://www.tvrage.com/shows/id-10024/episodes/389371</link><title>Series 13, Show 6</title></episode>
<episode><epnum>225</epnum><seasonnum>07</seasonnum><prodnum></prodnum><airdate>1998-06-12</airdate><link>http://www.tvrage.com/shows/id-10024/episodes/389372</link><title>Series 13, Show 7</title></episode>
<episode><epnum>226</epnum><seasonnum>08</seasonnum><prodnum></prodnum><airdate>1998-07-25</airdate><link>http://www.tvrage.com/shows/id-10024/episodes/389373</link><title>Series 13, Show 8</title></episode>
<episode><epnum>227</epnum><seasonnum>09</seasonnum><prodnum></prodnum><airdate>1998-08-01</airdate><link>http://www.tvrage.com/shows/id-10024/episodes/389374</link><title>Series 13, Show 9</title></episode>
<episode><epnum>228</epnum><seasonnum>10</seasonnum><prodnum></prodnum><airdate>1998-08-08</airdate><link>http://www.tvrage.com/shows/id-10024/episodes/389375</link><title>Series 13, Show 10</title></episode>
<episode><epnum>229</epnum><seasonnum>11</seasonnum><prodnum></prodnum><airdate>1998-08-15</airdate><link>http://www.tvrage.com/shows/id-10024/episodes/389376</link><title>Series 13, Show 11</title></episode>
<episode><epnum>230</epnum><seasonnum>12</seasonnum><prodnum></prodnum><airdate>1998-09-05</airdate><link>http://www.tvrage.com/shows/id-10024/episodes/389377</link><title>Series 13, Show 12</title></episode>
<episode><epnum>231</epnum><seasonnum>13</seasonnum><prodnum></prodnum><airdate>1998-09-12</airdate><link>http://www.tvrage.com/shows/id-10024/episodes/389378</link><title>Series 13, Show 13</title></episode>
<episode><epnum>232</epnum><seasonnum>14</seasonnum><prodnum></prodnum><airdate>1998-09-19</airdate><link>http://www.tvrage.com/shows/id-10024/episodes/389379</link><title>Series 13, Show 14</title></episode>
</Season>

<Season no="14">
<episode><epnum>233</epnum><seasonnum>01</seasonnum><prodnum></prodnum><airdate>1999-06-26</airdate><link>http://www.tvrage.com/shows/id-10024/episodes/389380</link><title>Series 14, Show 1</title></episode>
<episode><epnum>234</epnum><seasonnum>02</seasonnum><prodnum></prodnum><airdate>1999-07-03</airdate><link>http://www.tvrage.com/shows/id-10024/episodes/389381</link><title>Series 14, Show 2</title></episode>
<episode><epnum>235</epnum><seasonnum>03</seasonnum><prodnum></prodnum><airdate>1999-07-10</airdate><link>http://www.tvrage.com/shows/id-10024/episodes/389382</link><title>Series 14, Show 3</title></episode>
<episode><epnum>236</epnum><seasonnum>04</seasonnum><prodnum></prodnum><airdate>1999-07-17</airdate><link>http://www.tvrage.com/shows/id-10024/episodes/389383</link><title>Series 14, Show 4</title></episode>
<episode><epnum>237</epnum><seasonnum>05</seasonnum><prodnum></prodnum><airdate>1999-07-24</airdate><link>http://www.tvrage.com/shows/id-10024/episodes/389384</link><title>Series 14, Show 5</title></episode>
<episode><epnum>238</epnum><seasonnum>06</seasonnum><prodnum></prodnum><airdate>1999-07-31</airdate><link>http://www.tvrage.com/shows/id-10024/episodes/389385</link><title>Series 14, Show 6</title></episode>
<episode><epnum>239</epnum><seasonnum>07</seasonnum><prodnum></prodnum><airdate>1999-09-25</airdate><link>http://www.tvrage.com/shows/id-10024/episodes/389386</link><title>Series 14, Show 7</title></episode>
<episode><epnum>240</epnum><seasonnum>08</seasonnum><prodnum></prodnum><airdate>1999-10-02</airdate><link>http://www.tvrage.com/shows/id-10024/episodes/389387</link><title>Series 14, Show 8</title></episode>
<episode><epnum>241</epnum><seasonnum>09</seasonnum><prodnum></prodnum><airdate>1999-10-09</airdate><link>http://www.tvrage.com/shows/id-10024/episodes/389388</link><title>Series 14, Show 9</title></episode>
<episode><epnum>242</epnum><seasonnum>10</seasonnum><prodnum></prodnum><airdate>1999-10-16</airdate><link>http://www.tvrage.com/shows/id-10024/episodes/389389</link><title>Series 14, Show 10</title></episode>
<episode><epnum>243</epnum><seasonnum>11</seasonnum><prodnum></prodnum><airdate>1999-10-23</airdate><link>http://www.tvrage.com/shows/id-10024/episodes/389390</link><title>Series 14, Show 11</title></episode>
<episode><epnum>244</epnum><seasonnum>12</seasonnum><prodnum></prodnum><airdate>1999-10-30</airdate><link>http://www.tvrage.com/shows/id-10024/episodes/389391</link><title>Series 14, Show 12</title></episode>
<episode><epnum>245</epnum><seasonnum>13</seasonnum><prodnum></prodnum><airdate>1999-12-28</airdate><link>http://www.tvrage.com/shows/id-10024/episodes/389392</link><title>Series 14, Christmas Special</title></episode>
</Season>

<Season no="15">
<episode><epnum>246</epnum><seasonnum>01</seasonnum><prodnum></prodnum><airdate>2001-01-07</airdate><link>http://www.tvrage.com/shows/id-10024/episodes/1065115144</link><title>Series 15, Show 1</title></episode>
<episode><epnum>247</epnum><seasonnum>02</seasonnum><prodnum></prodnum><airdate>2001-01-14</airdate><link>http://www.tvrage.com/shows/id-10024/episodes/1065115145</link><title>Series 15, Show 2</title></episode>
<episode><epnum>248</epnum><seasonnum>03</seasonnum><prodnum></prodnum><airdate>2001-01-21</airdate><link>http://www.tvrage.com/shows/id-10024/episodes/1065115146</link><title>Series 15, Show 3</title></episode>
<episode><epnum>249</epnum><seasonnum>04</seasonnum><prodnum></prodnum><airdate>2001-01-28</airdate><link>http://www.tvrage.com/shows/id-10024/episodes/1065115147</link><title>Series 15, Show 4</title></episode>
<episode><epnum>250</epnum><seasonnum>05</seasonnum><prodnum></prodnum><airdate>2001-02-04</airdate><link>http://www.tvrage.com/shows/id-10024/episodes/1065115148</link><title>Series 15, Show 5</title></episode>
<episode><epnum>251</epnum><seasonnum>06</seasonnum><prodnum></prodnum><airdate>2001-02-11</airdate><link>http://www.tvrage.com/shows/id-10024/episodes/1065115149</link><title>Series 15, Show 6</title></episode>
<episode><epnum>252</epnum><seasonnum>07</seasonnum><prodnum></prodnum><airdate>2001-02-18</airdate><link>http://www.tvrage.com/shows/id-10024/episodes/1065115150</link><title>Series 15, Show 7</title></episode>
<episode><epnum>253</epnum><seasonnum>08</seasonnum><prodnum></prodnum><airdate>2001-02-25</airdate><link>http://www.tvrage.com/shows/id-10024/episodes/1065115151</link><title>Series 15, Show 8</title></episode>
<episode><epnum>254</epnum><seasonnum>09</seasonnum><prodnum></prodnum><airdate>2001-03-04</airdate><link>http://www.tvrage.com/shows/id-10024/episodes/1065115152</link><title>Series 15, Show 9</title></episode>
<episode><epnum>255</epnum><seasonnum>10</seasonnum><prodnum></prodnum><airdate>2001-03-11</airdate><link>http://www.tvrage.com/shows/id-10024/episodes/1065115153</link><title>Series 15, Show 10</title></episode>
<episode><epnum>256</epnum><seasonnum>11</seasonnum><prodnum></prodnum><airdate>2001-03-18</airdate><link>http://www.tvrage.com/shows/id-10024/episodes/1065115154</link><title>Series 15, Show 11</title></episode>
<episode><epnum>257</epnum><seasonnum>12</seasonnum><prodnum></prodnum><airdate>2001-03-25</airdate><link>http://www.tvrage.com/shows/id-10024/episodes/1065115155</link><title>Series 15, Show 12</title></episode>
<episode><epnum>258</epnum><seasonnum>13</seasonnum><prodnum></prodnum><airdate>2001-04-01</airdate><link>http://www.tvrage.com/shows/id-10024/episodes/1065115156</link><title>Series 15, Show 13</title></episode>
<episode><epnum>259</epnum><seasonnum>14</seasonnum><prodnum></prodnum><airdate>2001-04-08</airdate><link>http://www.tvrage.com/shows/id-10024/episodes/1065115157</link><title>Series 15, Show 14</title></episode>
<episode><epnum>260</epnum><seasonnum>15</seasonnum><prodnum></prodnum><airdate>2001-04-15</airdate><link>http://www.tvrage.com/shows/id-10024/episodes/1065115158</link><title>Series 15, Show 15</title></episode>
<episode><epnum>261</epnum><seasonnum>16</seasonnum><prodnum></prodnum><airdate>2001-04-22</airdate><link>http://www.tvrage.com/shows/id-10024/episodes/1065115159</link><title>Series 15, Show 16</title></episode>
<episode><epnum>262</epnum><seasonnum>17</seasonnum><prodnum></prodnum><airdate>2001-04-29</airdate><link>http://www.tvrage.com/shows/id-10024/episodes/1065115160</link><title>Series 15, Show 17</title></episode>
<episode><epnum>263</epnum><seasonnum>18</seasonnum><prodnum></prodnum><airdate>2001-05-06</airdate><link>http://www.tvrage.com/shows/id-10024/episodes/1065115161</link><title>Series 15, Show 18</title></episode>
<episode><epnum>264</epnum><seasonnum>19</seasonnum><prodnum></prodnum><airdate>2001-05-13</airdate><link>http://www.tvrage.com/shows/id-10024/episodes/1065115162</link><title>Series 15, Show 19</title></episode>
<episode><epnum>265</epnum><seasonnum>20</seasonnum><prodnum></prodnum><airdate>2001-05-20</airdate><link>http://www.tvrage.com/shows/id-10024/episodes/1065115163</link><title>Series 15, Show 20</title></episode>
</Season>

<Season no="16">
<episode><epnum>266</epnum><seasonnum>01</seasonnum><prodnum></prodnum><airdate>2002-02-16</airdate><link>http://www.tvrage.com/shows/id-10024/episodes/1065115164</link><title>Series 16, Show 1</title></episode>
<episode><epnum>267</epnum><seasonnum>02</seasonnum><prodnum></prodnum><airdate>2002-02-23</airdate><link>http://www.tvrage.com/shows/id-10024/episodes/1065115165</link><title>Series 16, Show 2</title></episode>
<episode><epnum>268</epnum><seasonnum>03</seasonnum><prodnum></prodnum><airdate>2002-03-02</airdate><link>http://www.tvrage.com/shows/id-10024/episodes/1065115166</link><title>Series 16, Show 3</title></episode>
<episode><epnum>269</epnum><seasonnum>04</seasonnum><prodnum></prodnum><airdate>2002-03-09</airdate><link>http://www.tvrage.com/shows/id-10024/episodes/1065115167</link><title>Series 16, Show 4</title></episode>
<episode><epnum>270</epnum><seasonnum>05</seasonnum><prodnum></prodnum><airdate>2002-03-16</airdate><link>http://www.tvrage.com/shows/id-10024/episodes/1065115168</link><title>Series 16, Show 5</title></episode>
<episode><epnum>271</epnum><seasonnum>06</seasonnum><prodnum></prodnum><airdate>2002-03-23</airdate><link>http://www.tvrage.com/shows/id-10024/episodes/1065115169</link><title>Series 16, Show 6</title></episode>
<episode><epnum>272</epnum><seasonnum>07</seasonnum><prodnum></prodnum><airdate>2002-03-30</airdate><link>http://www.tvrage.com/shows/id-10024/episodes/1065115170</link><title>Series 16, Show 7</title></episode>
<episode><epnum>273</epnum><seasonnum>08</seasonnum><prodnum></prodnum><airdate>2002-04-06</airdate><link>http://www.tvrage.com/shows/id-10024/episodes/1065115171</link><title>Series 16, Show 8</title></episode>
<episode><epnum>274</epnum><seasonnum>09</seasonnum><prodnum></prodnum><airdate>2002-04-13</airdate><link>http://www.tvrage.com/shows/id-10024/episodes/1065115172</link><title>Series 16, Show 9</title></episode>
<episode><epnum>275</epnum><seasonnum>10</seasonnum><prodnum></prodnum><airdate>2002-04-20</airdate><link>http://www.tvrage.com/shows/id-10024/episodes/1065115173</link><title>Series 16, Show 10</title></episode>
<episode><epnum>276</epnum><seasonnum>11</seasonnum><prodnum></prodnum><airdate>2002-04-27</airdate><link>http://www.tvrage.com/shows/id-10024/episodes/1065115174</link><title>Series 16, Show 11</title></episode>
<episode><epnum>277</epnum><seasonnum>12</seasonnum><prodnum></prodnum><airdate>2002-05-04</airdate><link>http://www.tvrage.com/shows/id-10024/episodes/1065115175</link><title>Series 16, Show 12</title></episode>
<episode><epnum>278</epnum><seasonnum>13</seasonnum><prodnum></prodnum><airdate>2002-05-11</airdate><link>http://www.tvrage.com/shows/id-10024/episodes/1065115176</link><title>Series 16, Show 13</title></episode>
<episode><epnum>279</epnum><seasonnum>14</seasonnum><prodnum></prodnum><airdate>2002-05-18</airdate><link>http://www.tvrage.com/shows/id-10024/episodes/1065115177</link><title>Series 16, Show 14</title></episode>
<episode><epnum>280</epnum><seasonnum>15</seasonnum><prodnum></prodnum><airdate>2002-05-25</airdate><link>http://www.tvrage.com/shows/id-10024/episodes/1065115178</link><title>Series 16, Show 15</title></episode>
<episode><epnum>281</epnum><seasonnum>16</seasonnum><prodnum></prodnum><airdate>2002-06-01</airdate><link>http://www.tvrage.com/shows/id-10024/episodes/1065115179</link><title>Series 16, Show 16</title></episode>
<episode><epnum>282</epnum><seasonnum>17</seasonnum><prodnum></prodnum><airdate>2002-06-08</airdate><link>http://www.tvrage.com/shows/id-10024/episodes/1065115180</link><title>Series 16, Show 17</title></episode>
<episode><epnum>283</epnum><seasonnum>18</seasonnum><prodnum></prodnum><airdate>2002-06-15</airdate><link>http://www.tvrage.com/shows/id-10024/episodes/1065115181</link><title>Series 16, Show 18</title></episode>
<episode><epnum>284</epnum><seasonnum>19</seasonnum><prodnum></prodnum><airdate>2002-06-22</airdate><link>http://www.tvrage.com/shows/id-10024/episodes/1065115182</link><title>Series 16, Show 19</title></episode>
<episode><epnum>285</epnum><seasonnum>20</seasonnum><prodnum></prodnum><airdate>2002-06-29</airdate><link>http://www.tvrage.com/shows/id-10024/episodes/1065115183</link><title>Series 16, Show 20</title></episode>
<episode><epnum>281</epnum><seasonnum>21</seasonnum><prodnum></prodnum><airdate>2002-07-06</airdate><link>http://www.tvrage.com/shows/id-10024/episodes/1065115184</link><title>Series 16, Show 21</title></episode>
<episode><epnum>282</epnum><seasonnum>22</seasonnum><prodnum></prodnum><airdate>2002-07-13</airdate><link>http://www.tvrage.com/shows/id-10024/episodes/1065115185</link><title>Series 16, Show 22</title></episode>
<episode><epnum>283</epnum><seasonnum>23</seasonnum><prodnum></prodnum><airdate>2002-07-20</airdate><link>http://www.tvrage.com/shows/id-10024/episodes/1065115186</link><title>Series 16, Show 23</title></episode>
<episode><epnum>284</epnum><seasonnum>24</seasonnum><prodnum></prodnum><airdate>2002-07-27</airdate><link>http://www.tvrage.com/shows/id-10024/episodes/1065115187</link><title>Series 16, Show 24</title></episode>
<episode><epnum>285</epnum><seasonnum>25</seasonnum><prodnum></prodnum><airdate>2002-08-03</airdate><link>http://www.tvrage.com/shows/id-10024/episodes/1065115188</link><title>Series 16, Show 25</title></episode>
<episode><epnum>286</epnum><seasonnum>26</seasonnum><prodnum></prodnum><airdate>2002-08-10</airdate><link>http://www.tvrage.com/shows/id-10024/episodes/1065115189</link><title>Series 16, Show 26</title></episode>
</Season>

</Episodelist>

</Show>