<?xml version="1.0" encoding="UTF-8" ?>


<Show>
<name>Britain's Sexiest</name>
<totalseasons>1</totalseasons>
<showid>10034</showid>
<showlink>http://tvrage.com/shows/id-10034</showlink>
<started>Aug/2002</started>
<ended>Aug/2002</ended>
<image>http://images.tvrage.com/shows/11/10034.jpg</image>
<origin_country>UK</origin_country>
<status>Canceled/Ended</status>
<classification>Game Show</classification>
<genres><genre>Family</genre></genres>
<runtime>30</runtime>
<network country="UK">ITV1</network>
<airtime>12:00</airtime>
<timezone>GMT+0 -DST</timezone>

</Show>