<?xml version="1.0" encoding="UTF-8" ?>


<Show>
<name>Bring Me The Head Of Light Entertainment</name>
<totalseasons>1</totalseasons>
<showid>10032</showid>
<showlink>http://tvrage.com/shows/id-10032</showlink>
<started>Jul/1997</started>
<ended></ended>
<image>http://images.tvrage.com/shows/11/10032.jpg</image>
<origin_country>UK</origin_country>
<status>Canceled/Ended</status>
<classification>Game Show</classification>
<runtime>30</runtime>
<network country="UK">Channel 5</network>
<airtime>12:00</airtime>
<timezone>GMT+0 -DST</timezone>

</Show>