<?xml version="1.0" encoding="UTF-8" ?>


<Show>
<name>Busman's Holiday</name>
<totalseasons>8</totalseasons>
<showid>10038</showid>
<showlink>http://tvrage.com/shows/id-10038</showlink>
<started>Feb/26/1985</started>
<ended>Jun/28/1993</ended>
<image>http://images.tvrage.com/shows/11/10038.jpg</image>
<origin_country>UK</origin_country>
<status>Canceled/Ended</status>
<classification>Game Show</classification>
<runtime>30</runtime>
<network country="UK">ITV Granada</network>
<airtime>12:00</airtime>
<timezone>GMT+0 -DST</timezone>
<Episodelist>

<Season no="1">
<episode><epnum>1</epnum><seasonnum>01</seasonnum><prodnum></prodnum><airdate>1985-02-26</airdate><link>http://www.tvrage.com/shows/id-10038/episodes/1064885292</link><title>Series 1, Show 1</title></episode>
<episode><epnum>2</epnum><seasonnum>02</seasonnum><prodnum></prodnum><airdate>1985-03-05</airdate><link>http://www.tvrage.com/shows/id-10038/episodes/1064885293</link><title>Series 1, Show 2</title></episode>
<episode><epnum>3</epnum><seasonnum>03</seasonnum><prodnum></prodnum><airdate>1985-03-12</airdate><link>http://www.tvrage.com/shows/id-10038/episodes/1064885294</link><title>Series 1, Show 3</title></episode>
<episode><epnum>4</epnum><seasonnum>04</seasonnum><prodnum></prodnum><airdate>1985-03-19</airdate><link>http://www.tvrage.com/shows/id-10038/episodes/1064885295</link><title>Series 1, Show 4</title></episode>
<episode><epnum>5</epnum><seasonnum>05</seasonnum><prodnum></prodnum><airdate>1985-03-26</airdate><link>http://www.tvrage.com/shows/id-10038/episodes/1064885296</link><title>Series 1, Show 5</title></episode>
<episode><epnum>6</epnum><seasonnum>06</seasonnum><prodnum></prodnum><airdate>1985-04-02</airdate><link>http://www.tvrage.com/shows/id-10038/episodes/1064885297</link><title>Series 1, Show 6</title></episode>
<episode><epnum>7</epnum><seasonnum>07</seasonnum><prodnum></prodnum><airdate>1985-04-09</airdate><link>http://www.tvrage.com/shows/id-10038/episodes/1064885298</link><title>Series 1, Show 7</title></episode>
<episode><epnum>8</epnum><seasonnum>08</seasonnum><prodnum></prodnum><airdate>1985-04-16</airdate><link>http://www.tvrage.com/shows/id-10038/episodes/1064885299</link><title>Series 1, Show 8</title></episode>
<episode><epnum>9</epnum><seasonnum>09</seasonnum><prodnum></prodnum><airdate>1985-04-23</airdate><link>http://www.tvrage.com/shows/id-10038/episodes/1064885300</link><title>Series 1, Show 9</title></episode>
<episode><epnum>10</epnum><seasonnum>10</seasonnum><prodnum></prodnum><airdate>1985-04-30</airdate><link>http://www.tvrage.com/shows/id-10038/episodes/1064885301</link><title>Series 1, Show 10</title></episode>
<episode><epnum>11</epnum><seasonnum>11</seasonnum><prodnum></prodnum><airdate>1985-05-07</airdate><link>http://www.tvrage.com/shows/id-10038/episodes/1064885302</link><title>Series 1, Show 11</title></episode>
<episode><epnum>12</epnum><seasonnum>12</seasonnum><prodnum></prodnum><airdate>1985-05-14</airdate><link>http://www.tvrage.com/shows/id-10038/episodes/1064885303</link><title>Series 1, Show 12</title></episode>
<episode><epnum>13</epnum><seasonnum>13</seasonnum><prodnum></prodnum><airdate>1985-05-21</airdate><link>http://www.tvrage.com/shows/id-10038/episodes/1064885304</link><title>Series 1, Show 13</title></episode>
</Season>

<Season no="2">
<episode><epnum>14</epnum><seasonnum>01</seasonnum><prodnum></prodnum><airdate>1986-01-07</airdate><link>http://www.tvrage.com/shows/id-10038/episodes/1064885305</link><title>Series 2, Show 1</title></episode>
<episode><epnum>15</epnum><seasonnum>02</seasonnum><prodnum></prodnum><airdate>1986-01-14</airdate><link>http://www.tvrage.com/shows/id-10038/episodes/1064885306</link><title>Series 2, Show 2</title></episode>
<episode><epnum>16</epnum><seasonnum>03</seasonnum><prodnum></prodnum><airdate>1986-01-21</airdate><link>http://www.tvrage.com/shows/id-10038/episodes/1064885307</link><title>Series 2, Show 3</title></episode>
<episode><epnum>17</epnum><seasonnum>04</seasonnum><prodnum></prodnum><airdate>1986-01-28</airdate><link>http://www.tvrage.com/shows/id-10038/episodes/1064885308</link><title>Series 2, Show 4</title></episode>
<episode><epnum>18</epnum><seasonnum>05</seasonnum><prodnum></prodnum><airdate>1986-02-04</airdate><link>http://www.tvrage.com/shows/id-10038/episodes/1064885309</link><title>Series 2, Show 5</title></episode>
<episode><epnum>19</epnum><seasonnum>06</seasonnum><prodnum></prodnum><airdate>1986-02-11</airdate><link>http://www.tvrage.com/shows/id-10038/episodes/1064885310</link><title>Series 2, Show 6</title></episode>
<episode><epnum>20</epnum><seasonnum>07</seasonnum><prodnum></prodnum><airdate>1986-02-18</airdate><link>http://www.tvrage.com/shows/id-10038/episodes/1064885311</link><title>Series 2, Show 7</title></episode>
<episode><epnum>21</epnum><seasonnum>08</seasonnum><prodnum></prodnum><airdate>1986-02-25</airdate><link>http://www.tvrage.com/shows/id-10038/episodes/1064885312</link><title>Series 2, Show 8</title></episode>
<episode><epnum>22</epnum><seasonnum>09</seasonnum><prodnum></prodnum><airdate>1986-03-04</airdate><link>http://www.tvrage.com/shows/id-10038/episodes/1064885313</link><title>Series 2, Show 9</title></episode>
<episode><epnum>23</epnum><seasonnum>10</seasonnum><prodnum></prodnum><airdate>1986-03-11</airdate><link>http://www.tvrage.com/shows/id-10038/episodes/1064885314</link><title>Series 2, Show 10</title></episode>
<episode><epnum>24</epnum><seasonnum>11</seasonnum><prodnum></prodnum><airdate>1986-03-18</airdate><link>http://www.tvrage.com/shows/id-10038/episodes/1064885315</link><title>Series 2, Show 11</title></episode>
<episode><epnum>25</epnum><seasonnum>12</seasonnum><prodnum></prodnum><airdate>1986-03-25</airdate><link>http://www.tvrage.com/shows/id-10038/episodes/1064885316</link><title>Series 2, Show 12</title></episode>
<episode><epnum>26</epnum><seasonnum>13</seasonnum><prodnum></prodnum><airdate>1986-04-01</airdate><link>http://www.tvrage.com/shows/id-10038/episodes/1064885317</link><title>Series 2, Show 13</title></episode>
</Season>

<Season no="3">
<episode><epnum>27</epnum><seasonnum>01</seasonnum><prodnum></prodnum><airdate>1987-01-06</airdate><link>http://www.tvrage.com/shows/id-10038/episodes/1064885318</link><title>Series 3, Show 1</title></episode>
<episode><epnum>28</epnum><seasonnum>02</seasonnum><prodnum></prodnum><airdate>1987-01-13</airdate><link>http://www.tvrage.com/shows/id-10038/episodes/1064885319</link><title>Series 3, Show 2</title></episode>
<episode><epnum>29</epnum><seasonnum>03</seasonnum><prodnum></prodnum><airdate>1987-01-20</airdate><link>http://www.tvrage.com/shows/id-10038/episodes/1064885320</link><title>Series 3, Show 3</title></episode>
<episode><epnum>30</epnum><seasonnum>04</seasonnum><prodnum></prodnum><airdate>1987-01-27</airdate><link>http://www.tvrage.com/shows/id-10038/episodes/1064885321</link><title>Series 3, Show 4</title></episode>
<episode><epnum>31</epnum><seasonnum>05</seasonnum><prodnum></prodnum><airdate>1987-02-03</airdate><link>http://www.tvrage.com/shows/id-10038/episodes/1064885322</link><title>Series 3, Show 5</title></episode>
<episode><epnum>32</epnum><seasonnum>06</seasonnum><prodnum></prodnum><airdate>1987-02-10</airdate><link>http://www.tvrage.com/shows/id-10038/episodes/1064885323</link><title>Series 3, Show 6</title></episode>
<episode><epnum>33</epnum><seasonnum>07</seasonnum><prodnum></prodnum><airdate>1987-02-17</airdate><link>http://www.tvrage.com/shows/id-10038/episodes/1064885324</link><title>Series 3, Show 7</title></episode>
<episode><epnum>34</epnum><seasonnum>08</seasonnum><prodnum></prodnum><airdate>1987-02-24</airdate><link>http://www.tvrage.com/shows/id-10038/episodes/1064885325</link><title>Series 3, Show 8</title></episode>
<episode><epnum>35</epnum><seasonnum>09</seasonnum><prodnum></prodnum><airdate>1987-03-03</airdate><link>http://www.tvrage.com/shows/id-10038/episodes/1064885326</link><title>Series 3, Show 9</title></episode>
<episode><epnum>36</epnum><seasonnum>10</seasonnum><prodnum></prodnum><airdate>1987-03-10</airdate><link>http://www.tvrage.com/shows/id-10038/episodes/1064885327</link><title>Series 3, Show 10</title></episode>
<episode><epnum>37</epnum><seasonnum>11</seasonnum><prodnum></prodnum><airdate>1987-03-17</airdate><link>http://www.tvrage.com/shows/id-10038/episodes/1064885328</link><title>Series 3, Show 11</title></episode>
<episode><epnum>38</epnum><seasonnum>12</seasonnum><prodnum></prodnum><airdate>1987-03-24</airdate><link>http://www.tvrage.com/shows/id-10038/episodes/1064885329</link><title>Series 3, Show 12</title></episode>
<episode><epnum>39</epnum><seasonnum>13</seasonnum><prodnum></prodnum><airdate>1987-03-31</airdate><link>http://www.tvrage.com/shows/id-10038/episodes/1064885330</link><title>Series 3, Show 13</title></episode>
<episode><epnum>40</epnum><seasonnum>14</seasonnum><prodnum></prodnum><airdate>1987-12-18</airdate><link>http://www.tvrage.com/shows/id-10038/episodes/1064885331</link><title>Christmas Special</title></episode>
</Season>

<Season no="4">
<episode><epnum>41</epnum><seasonnum>01</seasonnum><prodnum></prodnum><airdate>1988-02-11</airdate><link>http://www.tvrage.com/shows/id-10038/episodes/1064885332</link><title>Series 4, Show 1</title></episode>
<episode><epnum>42</epnum><seasonnum>02</seasonnum><prodnum></prodnum><airdate>1988-02-18</airdate><link>http://www.tvrage.com/shows/id-10038/episodes/1064885333</link><title>Series 4, Show 2</title></episode>
<episode><epnum>43</epnum><seasonnum>03</seasonnum><prodnum></prodnum><airdate>1988-02-25</airdate><link>http://www.tvrage.com/shows/id-10038/episodes/1064885334</link><title>Series 4, Show 3</title></episode>
<episode><epnum>44</epnum><seasonnum>04</seasonnum><prodnum></prodnum><airdate>1988-03-03</airdate><link>http://www.tvrage.com/shows/id-10038/episodes/1064885335</link><title>Series 4, Show 4</title></episode>
<episode><epnum>45</epnum><seasonnum>05</seasonnum><prodnum></prodnum><airdate>1988-03-10</airdate><link>http://www.tvrage.com/shows/id-10038/episodes/1064885336</link><title>Series 4, Show 5</title></episode>
<episode><epnum>46</epnum><seasonnum>06</seasonnum><prodnum></prodnum><airdate>1988-03-17</airdate><link>http://www.tvrage.com/shows/id-10038/episodes/1064885337</link><title>Series 4, Show 6</title></episode>
<episode><epnum>47</epnum><seasonnum>07</seasonnum><prodnum></prodnum><airdate>1988-03-24</airdate><link>http://www.tvrage.com/shows/id-10038/episodes/1064885338</link><title>Series 4, Show 7</title></episode>
<episode><epnum>48</epnum><seasonnum>08</seasonnum><prodnum></prodnum><airdate>1988-03-31</airdate><link>http://www.tvrage.com/shows/id-10038/episodes/1064885339</link><title>Series 4, Show 8</title></episode>
<episode><epnum>49</epnum><seasonnum>09</seasonnum><prodnum></prodnum><airdate>1988-04-07</airdate><link>http://www.tvrage.com/shows/id-10038/episodes/1064885340</link><title>Series 4, Show 9</title></episode>
<episode><epnum>50</epnum><seasonnum>10</seasonnum><prodnum></prodnum><airdate>1988-04-14</airdate><link>http://www.tvrage.com/shows/id-10038/episodes/1064885341</link><title>Series 4, Show 10</title></episode>
<episode><epnum>51</epnum><seasonnum>11</seasonnum><prodnum></prodnum><airdate>1988-04-21</airdate><link>http://www.tvrage.com/shows/id-10038/episodes/1064885342</link><title>Series 4, Show 11</title></episode>
<episode><epnum>52</epnum><seasonnum>12</seasonnum><prodnum></prodnum><airdate>1988-04-28</airdate><link>http://www.tvrage.com/shows/id-10038/episodes/1064885343</link><title>Series 4, Show 12</title></episode>
<episode><epnum>53</epnum><seasonnum>13</seasonnum><prodnum></prodnum><airdate>1988-05-05</airdate><link>http://www.tvrage.com/shows/id-10038/episodes/1064885344</link><title>Series 4, Show 13</title></episode>
</Season>

<Season no="5">
<episode><epnum>54</epnum><seasonnum>01</seasonnum><prodnum></prodnum><airdate>1989-03-08</airdate><link>http://www.tvrage.com/shows/id-10038/episodes/1064885345</link><title>Series 5, Show 1</title></episode>
<episode><epnum>55</epnum><seasonnum>02</seasonnum><prodnum></prodnum><airdate>1989-03-15</airdate><link>http://www.tvrage.com/shows/id-10038/episodes/1064885346</link><title>Series 5, Show 2</title></episode>
<episode><epnum>56</epnum><seasonnum>03</seasonnum><prodnum></prodnum><airdate>1989-03-22</airdate><link>http://www.tvrage.com/shows/id-10038/episodes/1064885347</link><title>Series 5, Show 3</title></episode>
<episode><epnum>57</epnum><seasonnum>04</seasonnum><prodnum></prodnum><airdate>1989-03-29</airdate><link>http://www.tvrage.com/shows/id-10038/episodes/1064885348</link><title>Series 5, Show 4</title></episode>
<episode><epnum>58</epnum><seasonnum>05</seasonnum><prodnum></prodnum><airdate>1989-04-05</airdate><link>http://www.tvrage.com/shows/id-10038/episodes/1064885349</link><title>Series 5, Show 5</title></episode>
<episode><epnum>59</epnum><seasonnum>06</seasonnum><prodnum></prodnum><airdate>1989-04-12</airdate><link>http://www.tvrage.com/shows/id-10038/episodes/1064885350</link><title>Series 5, Show 6</title></episode>
<episode><epnum>60</epnum><seasonnum>07</seasonnum><prodnum></prodnum><airdate>1989-04-19</airdate><link>http://www.tvrage.com/shows/id-10038/episodes/1064885351</link><title>Series 5, Show 7</title></episode>
<episode><epnum>61</epnum><seasonnum>08</seasonnum><prodnum></prodnum><airdate>1989-04-26</airdate><link>http://www.tvrage.com/shows/id-10038/episodes/1064885352</link><title>Series 5, Show 8</title></episode>
<episode><epnum>62</epnum><seasonnum>09</seasonnum><prodnum></prodnum><airdate>1989-05-03</airdate><link>http://www.tvrage.com/shows/id-10038/episodes/1064885353</link><title>Series 5, Show 9</title></episode>
<episode><epnum>63</epnum><seasonnum>10</seasonnum><prodnum></prodnum><airdate>1989-05-10</airdate><link>http://www.tvrage.com/shows/id-10038/episodes/1064885354</link><title>Series 5, Show 10</title></episode>
<episode><epnum>64</epnum><seasonnum>11</seasonnum><prodnum></prodnum><airdate>1989-05-17</airdate><link>http://www.tvrage.com/shows/id-10038/episodes/1064885355</link><title>Series 5, Show 11</title></episode>
<episode><epnum>65</epnum><seasonnum>12</seasonnum><prodnum></prodnum><airdate>1989-05-24</airdate><link>http://www.tvrage.com/shows/id-10038/episodes/1064885356</link><title>Series 5, Show 12</title></episode>
<episode><epnum>66</epnum><seasonnum>13</seasonnum><prodnum></prodnum><airdate>1989-05-31</airdate><link>http://www.tvrage.com/shows/id-10038/episodes/1064885357</link><title>Series 5, Show 13</title></episode>
</Season>

<Season no="6">
<episode><epnum>67</epnum><seasonnum>01</seasonnum><prodnum></prodnum><airdate>1990-04-25</airdate><link>http://www.tvrage.com/shows/id-10038/episodes/1064885358</link><title>Series 6, Show 1</title></episode>
<episode><epnum>68</epnum><seasonnum>02</seasonnum><prodnum></prodnum><airdate>1990-05-02</airdate><link>http://www.tvrage.com/shows/id-10038/episodes/1064885359</link><title>Series 6, Show 2</title></episode>
<episode><epnum>69</epnum><seasonnum>03</seasonnum><prodnum></prodnum><airdate>1990-05-09</airdate><link>http://www.tvrage.com/shows/id-10038/episodes/1064885360</link><title>Series 6, Show 3</title></episode>
<episode><epnum>70</epnum><seasonnum>04</seasonnum><prodnum></prodnum><airdate>1990-05-16</airdate><link>http://www.tvrage.com/shows/id-10038/episodes/1064885361</link><title>Series 6, Show 4</title></episode>
<episode><epnum>71</epnum><seasonnum>05</seasonnum><prodnum></prodnum><airdate>1990-05-23</airdate><link>http://www.tvrage.com/shows/id-10038/episodes/1064885362</link><title>Series 6, Show 5</title></episode>
<episode><epnum>72</epnum><seasonnum>06</seasonnum><prodnum></prodnum><airdate>1990-05-30</airdate><link>http://www.tvrage.com/shows/id-10038/episodes/1064885363</link><title>Series 6, Show 6</title></episode>
<episode><epnum>73</epnum><seasonnum>07</seasonnum><prodnum></prodnum><airdate>1990-06-06</airdate><link>http://www.tvrage.com/shows/id-10038/episodes/1064885364</link><title>Series 6, Show 7</title></episode>
<episode><epnum>74</epnum><seasonnum>08</seasonnum><prodnum></prodnum><airdate>1990-06-13</airdate><link>http://www.tvrage.com/shows/id-10038/episodes/1064885365</link><title>Series 6, Show 8</title></episode>
<episode><epnum>75</epnum><seasonnum>09</seasonnum><prodnum></prodnum><airdate>1990-06-20</airdate><link>http://www.tvrage.com/shows/id-10038/episodes/1064885366</link><title>Series 6, Show 9</title></episode>
<episode><epnum>76</epnum><seasonnum>10</seasonnum><prodnum></prodnum><airdate>1990-06-27</airdate><link>http://www.tvrage.com/shows/id-10038/episodes/1064885367</link><title>Series 6, Show 10</title></episode>
<episode><epnum>77</epnum><seasonnum>11</seasonnum><prodnum></prodnum><airdate>1990-07-04</airdate><link>http://www.tvrage.com/shows/id-10038/episodes/1064885368</link><title>Series 6, Show 11</title></episode>
<episode><epnum>78</epnum><seasonnum>12</seasonnum><prodnum></prodnum><airdate>1990-07-11</airdate><link>http://www.tvrage.com/shows/id-10038/episodes/1064885369</link><title>Series 6, Show 12</title></episode>
<episode><epnum>79</epnum><seasonnum>13</seasonnum><prodnum></prodnum><airdate>1990-07-18</airdate><link>http://www.tvrage.com/shows/id-10038/episodes/1064885370</link><title>Series 6, Show 13</title></episode>
</Season>

<Season no="7">
<episode><epnum>80</epnum><seasonnum>01</seasonnum><prodnum></prodnum><airdate>1991-06-12</airdate><link>http://www.tvrage.com/shows/id-10038/episodes/1064885371</link><title>Celebrity Special</title></episode>
<episode><epnum>81</epnum><seasonnum>02</seasonnum><prodnum></prodnum><airdate>1991-06-19</airdate><link>http://www.tvrage.com/shows/id-10038/episodes/1064885372</link><title>Series 7, Show 1</title></episode>
<episode><epnum>82</epnum><seasonnum>03</seasonnum><prodnum></prodnum><airdate>1991-06-26</airdate><link>http://www.tvrage.com/shows/id-10038/episodes/1064885373</link><title>Series 7, Show 2</title></episode>
<episode><epnum>83</epnum><seasonnum>04</seasonnum><prodnum></prodnum><airdate>1991-07-03</airdate><link>http://www.tvrage.com/shows/id-10038/episodes/1064885374</link><title>Series 7, Show 3</title></episode>
<episode><epnum>84</epnum><seasonnum>05</seasonnum><prodnum></prodnum><airdate>1991-07-10</airdate><link>http://www.tvrage.com/shows/id-10038/episodes/1064885375</link><title>Series 7, Show 4</title></episode>
<episode><epnum>85</epnum><seasonnum>06</seasonnum><prodnum></prodnum><airdate>1991-07-17</airdate><link>http://www.tvrage.com/shows/id-10038/episodes/1064885376</link><title>Series 7, Show 5</title></episode>
<episode><epnum>86</epnum><seasonnum>07</seasonnum><prodnum></prodnum><airdate>1991-07-24</airdate><link>http://www.tvrage.com/shows/id-10038/episodes/1064885377</link><title>Series 7, Show 6</title></episode>
<episode><epnum>87</epnum><seasonnum>08</seasonnum><prodnum></prodnum><airdate>1991-07-31</airdate><link>http://www.tvrage.com/shows/id-10038/episodes/1064885378</link><title>Series 7, Show 7</title></episode>
<episode><epnum>88</epnum><seasonnum>09</seasonnum><prodnum></prodnum><airdate>1991-08-07</airdate><link>http://www.tvrage.com/shows/id-10038/episodes/1064885379</link><title>Series 7, Show 8</title></episode>
<episode><epnum>89</epnum><seasonnum>10</seasonnum><prodnum></prodnum><airdate>1991-08-14</airdate><link>http://www.tvrage.com/shows/id-10038/episodes/1064885380</link><title>Series 7, Show 9</title></episode>
<episode><epnum>90</epnum><seasonnum>11</seasonnum><prodnum></prodnum><airdate>1991-08-21</airdate><link>http://www.tvrage.com/shows/id-10038/episodes/1064885381</link><title>Series 7, Show 10</title></episode>
<episode><epnum>91</epnum><seasonnum>12</seasonnum><prodnum></prodnum><airdate>1991-08-28</airdate><link>http://www.tvrage.com/shows/id-10038/episodes/1064885382</link><title>Series 7, Show 11</title></episode>
<episode><epnum>92</epnum><seasonnum>13</seasonnum><prodnum></prodnum><airdate>1991-09-04</airdate><link>http://www.tvrage.com/shows/id-10038/episodes/1064885383</link><title>Series 7, Show 12</title></episode>
</Season>

<Season no="8">
<episode><epnum>93</epnum><seasonnum>01</seasonnum><prodnum></prodnum><airdate>1993-04-05</airdate><link>http://www.tvrage.com/shows/id-10038/episodes/1064885384</link><title>Series 8, Show 1</title></episode>
<episode><epnum>94</epnum><seasonnum>02</seasonnum><prodnum></prodnum><airdate>1993-04-12</airdate><link>http://www.tvrage.com/shows/id-10038/episodes/1064885385</link><title>Series 8, Show 2</title></episode>
<episode><epnum>95</epnum><seasonnum>03</seasonnum><prodnum></prodnum><airdate>1993-04-19</airdate><link>http://www.tvrage.com/shows/id-10038/episodes/1064885386</link><title>Series 8, Show 3</title></episode>
<episode><epnum>96</epnum><seasonnum>04</seasonnum><prodnum></prodnum><airdate>1993-04-26</airdate><link>http://www.tvrage.com/shows/id-10038/episodes/1064885387</link><title>Series 8, Show 4</title></episode>
<episode><epnum>97</epnum><seasonnum>05</seasonnum><prodnum></prodnum><airdate>1993-05-03</airdate><link>http://www.tvrage.com/shows/id-10038/episodes/1064885388</link><title>Series 8, Show 5</title></episode>
<episode><epnum>98</epnum><seasonnum>06</seasonnum><prodnum></prodnum><airdate>1993-05-10</airdate><link>http://www.tvrage.com/shows/id-10038/episodes/1064885389</link><title>Series 8, Show 6</title></episode>
<episode><epnum>99</epnum><seasonnum>07</seasonnum><prodnum></prodnum><airdate>1993-05-17</airdate><link>http://www.tvrage.com/shows/id-10038/episodes/1064885390</link><title>Series 8, Show 7</title></episode>
<episode><epnum>100</epnum><seasonnum>08</seasonnum><prodnum></prodnum><airdate>1993-05-24</airdate><link>http://www.tvrage.com/shows/id-10038/episodes/1064885391</link><title>Series 8, Show 8</title></episode>
<episode><epnum>101</epnum><seasonnum>09</seasonnum><prodnum></prodnum><airdate>1993-05-31</airdate><link>http://www.tvrage.com/shows/id-10038/episodes/1064885392</link><title>Series 8, Show 9</title></episode>
<episode><epnum>102</epnum><seasonnum>10</seasonnum><prodnum></prodnum><airdate>1993-06-07</airdate><link>http://www.tvrage.com/shows/id-10038/episodes/1064885393</link><title>Series 8, Show 10</title></episode>
<episode><epnum>103</epnum><seasonnum>11</seasonnum><prodnum></prodnum><airdate>1993-06-14</airdate><link>http://www.tvrage.com/shows/id-10038/episodes/1064885394</link><title>Series 8, Show 11</title></episode>
<episode><epnum>104</epnum><seasonnum>12</seasonnum><prodnum></prodnum><airdate>1993-06-21</airdate><link>http://www.tvrage.com/shows/id-10038/episodes/1064885395</link><title>Series 8, Show 12</title></episode>
<episode><epnum>105</epnum><seasonnum>13</seasonnum><prodnum></prodnum><airdate>1993-06-28</airdate><link>http://www.tvrage.com/shows/id-10038/episodes/1064885396</link><title>Series 8, Show 13</title></episode>
</Season>

</Episodelist>

</Show>