<?xml version="1.0" encoding="UTF-8" ?>


<Show>
<name>Brain Of Britain</name>
<totalseasons>1</totalseasons>
<showid>10030</showid>
<showlink>http://tvrage.com/shows/id-10030</showlink>
<started>Aug/1969</started>
<ended>May/1970</ended>
<image>http://images.tvrage.com/shows/11/10030.jpg</image>
<origin_country>UK</origin_country>
<status>Canceled/Ended</status>
<classification>Game Show</classification>
<runtime>30</runtime>
<network country="UK">BBC One</network>
<airtime>12:00</airtime>
<timezone>GMT+0 -DST</timezone>

</Show>