<?xml version="1.0" encoding="UTF-8" ?>


<Show>
<name>Movies That Shook the World</name>
<totalseasons>1</totalseasons>
<showid>10043</showid>
<showlink>http://tvrage.com/Movies_That_Shook_the_World</showlink>
<started>Sep/09/2005</started>
<ended>Dec/30/2005</ended>
<image>http://images.tvrage.com/shows/11/10043.jpg</image>
<origin_country>US</origin_country>
<status>Canceled/Ended</status>
<classification>Documentary</classification>
<genres><genre>Cinema/Theatre</genre></genres>
<runtime>30</runtime>
<network country="US">AMC</network>
<airtime>22:00</airtime>
<airday>Friday</airday>
<timezone>GMT-5 -DST</timezone>
<Episodelist>

<Season no="1">
<episode><epnum>1</epnum><seasonnum>01</seasonnum><prodnum></prodnum><airdate>2005-09-09</airdate><link>http://www.tvrage.com/Movies_That_Shook_the_World/episodes/341199</link><title>Fatal Attraction</title></episode>
<episode><epnum>2</epnum><seasonnum>02</seasonnum><prodnum></prodnum><airdate>2005-09-16</airdate><link>http://www.tvrage.com/Movies_That_Shook_the_World/episodes/341200</link><title>The China Syndrome</title></episode>
<episode><epnum>3</epnum><seasonnum>03</seasonnum><prodnum></prodnum><airdate>2005-09-23</airdate><link>http://www.tvrage.com/Movies_That_Shook_the_World/episodes/341201</link><title>Do the Right Thing</title></episode>
<episode><epnum>4</epnum><seasonnum>04</seasonnum><prodnum></prodnum><airdate>2005-09-30</airdate><link>http://www.tvrage.com/Movies_That_Shook_the_World/episodes/341202</link><title>2001: A Space Odyssey</title></episode>
<episode><epnum>5</epnum><seasonnum>05</seasonnum><prodnum></prodnum><airdate>2005-10-07</airdate><link>http://www.tvrage.com/Movies_That_Shook_the_World/episodes/341203</link><title>The Graduate</title></episode>
<episode><epnum>6</epnum><seasonnum>06</seasonnum><prodnum></prodnum><airdate>2005-10-14</airdate><link>http://www.tvrage.com/Movies_That_Shook_the_World/episodes/341204</link><title>Birth of a Nation</title></episode>
<episode><epnum>7</epnum><seasonnum>07</seasonnum><prodnum></prodnum><airdate>2005-10-28</airdate><link>http://www.tvrage.com/Movies_That_Shook_the_World/episodes/341205</link><title>The Exorcist</title></episode>
<episode><epnum>8</epnum><seasonnum>08</seasonnum><prodnum></prodnum><airdate>2005-11-04</airdate><link>http://www.tvrage.com/Movies_That_Shook_the_World/episodes/341206</link><title>The Last Temptation of Christ</title></episode>
<episode><epnum>9</epnum><seasonnum>09</seasonnum><prodnum></prodnum><airdate>2005-11-18</airdate><link>http://www.tvrage.com/Movies_That_Shook_the_World/episodes/341207</link><title>Shaft</title></episode>
<episode><epnum>10</epnum><seasonnum>10</seasonnum><prodnum></prodnum><airdate>2005-11-25</airdate><link>http://www.tvrage.com/Movies_That_Shook_the_World/episodes/341208</link><title>American Graffiti</title></episode>
<episode><epnum>11</epnum><seasonnum>11</seasonnum><prodnum></prodnum><airdate>2005-12-02</airdate><link>http://www.tvrage.com/Movies_That_Shook_the_World/episodes/341209</link><title>Philadelphia</title></episode>
<episode><epnum>12</epnum><seasonnum>12</seasonnum><prodnum></prodnum><airdate>2005-12-09</airdate><link>http://www.tvrage.com/Movies_That_Shook_the_World/episodes/341210</link><title>The Blair Witch Project</title></episode>
<episode><epnum>13</epnum><seasonnum>13</seasonnum><prodnum></prodnum><airdate>2005-12-30</airdate><link>http://www.tvrage.com/Movies_That_Shook_the_World/episodes/341211</link><title>Pink Flamingos</title></episode>
</Season>

</Episodelist>

</Show>