<?xml version="1.0" encoding="UTF-8" ?>


<Show>
<name>Pilot Candidate (JP)</name>
<totalseasons>1</totalseasons>
<showid>10040</showid>
<showlink>http://tvrage.com/Pilot_Candidate_JP</showlink>
<started>Jan/2000</started>
<ended>Mar/2000</ended>
<image>http://images.tvrage.com/shows/11/10040.jpg</image>
<origin_country>JP</origin_country>
<status>Canceled/Ended</status>
<classification>Animation</classification>
<genres><genre>Anime</genre><genre>Sci-Fi</genre></genres>
<runtime>30</runtime>
<network country="JP">NHK</network>
<airtime>12:00</airtime>
<timezone>GMT+9 -DST</timezone>
<akas><aka>Candidate for Goddess</aka><aka country="JP">Megami Kouhosei</aka></akas>
<Episodelist>

<Season no="1">
<episode><epnum>1</epnum><seasonnum>01</seasonnum><prodnum></prodnum><airdate>2000-01-11</airdate><link>http://www.tvrage.com/Pilot_Candidate_JP/episodes/340628</link><title>Curriculum 00: Connection</title></episode>
<episode><epnum>2</epnum><seasonnum>02</seasonnum><prodnum></prodnum><airdate>2000-01-18</airdate><link>http://www.tvrage.com/Pilot_Candidate_JP/episodes/340629</link><title>Curriculum 01: Alignment</title></episode>
<episode><epnum>3</epnum><seasonnum>03</seasonnum><prodnum></prodnum><airdate>2000-01-25</airdate><link>http://www.tvrage.com/Pilot_Candidate_JP/episodes/340630</link><title>Curriculum 02: EX</title></episode>
<episode><epnum>4</epnum><seasonnum>04</seasonnum><prodnum></prodnum><airdate>2000-02-01</airdate><link>http://www.tvrage.com/Pilot_Candidate_JP/episodes/340631</link><title>Curriculum 03: Conciousness</title></episode>
<episode><epnum>5</epnum><seasonnum>05</seasonnum><prodnum></prodnum><airdate>2000-02-08</airdate><link>http://www.tvrage.com/Pilot_Candidate_JP/episodes/340632</link><title>Curriculum 04: Partner</title></episode>
<episode><epnum>6</epnum><seasonnum>06</seasonnum><prodnum></prodnum><airdate>2000-02-15</airdate><link>http://www.tvrage.com/Pilot_Candidate_JP/episodes/340633</link><title>Curriculum 05: Combination</title></episode>
<episode><epnum>7</epnum><seasonnum>07</seasonnum><prodnum></prodnum><airdate>2000-02-22</airdate><link>http://www.tvrage.com/Pilot_Candidate_JP/episodes/340634</link><title>Curriculum 06: Pro Ing</title></episode>
<episode><epnum>8</epnum><seasonnum>08</seasonnum><prodnum></prodnum><airdate>2000-02-29</airdate><link>http://www.tvrage.com/Pilot_Candidate_JP/episodes/340635</link><title>Curriculum 07: Ground Battle</title></episode>
<episode><epnum>9</epnum><seasonnum>09</seasonnum><prodnum></prodnum><airdate>2000-03-07</airdate><link>http://www.tvrage.com/Pilot_Candidate_JP/episodes/340636</link><title>Curriculum 08: Death</title></episode>
<episode><epnum>10</epnum><seasonnum>10</seasonnum><prodnum></prodnum><airdate>2000-03-14</airdate><link>http://www.tvrage.com/Pilot_Candidate_JP/episodes/340637</link><title>Curriculum 09: Dreams</title></episode>
<episode><epnum>11</epnum><seasonnum>11</seasonnum><prodnum></prodnum><airdate>2000-03-21</airdate><link>http://www.tvrage.com/Pilot_Candidate_JP/episodes/340638</link><title>Curriculum 10: Jealousy</title></episode>
<episode><epnum>12</epnum><seasonnum>12</seasonnum><prodnum></prodnum><airdate>2000-03-28</airdate><link>http://www.tvrage.com/Pilot_Candidate_JP/episodes/340639</link><title>Curriculum 11: Drift</title></episode>
</Season>

</Episodelist>

</Show>