<?xml version="1.0" encoding="UTF-8" ?>


<Show>
<name>Canvas2 ~Niji-iro no Sketch~</name>
<totalseasons>1</totalseasons>
<showid>10041</showid>
<showlink>http://tvrage.com/shows/id-10041</showlink>
<started>Oct/2005</started>
<ended>Mar/2006</ended>
<image>http://images.tvrage.com/shows/11/10041.jpg</image>
<origin_country>JP</origin_country>
<status>Canceled/Ended</status>
<classification>Animation</classification>
<genres><genre>Anime</genre><genre>Drama</genre></genres>
<runtime>30</runtime>
<network country="JP">Chiba TV</network>
<airtime>12:00</airtime>
<timezone>GMT+9 -DST</timezone>
<Episodelist>

<Season no="1">
<episode><epnum>1</epnum><seasonnum>01</seasonnum><prodnum></prodnum><airdate>2005-10-02</airdate><link>http://www.tvrage.com/shows/id-10041/episodes/340690</link><title>Classic Red Prohibition</title></episode>
<episode><epnum>2</epnum><seasonnum>02</seasonnum><prodnum></prodnum><airdate>2005-10-09</airdate><link>http://www.tvrage.com/shows/id-10041/episodes/340691</link><title>Mandarin Orange Meeting</title></episode>
<episode><epnum>3</epnum><seasonnum>03</seasonnum><prodnum></prodnum><airdate>2005-10-16</airdate><link>http://www.tvrage.com/shows/id-10041/episodes/340692</link><title>Canary Yellow Prank</title></episode>
<episode><epnum>4</epnum><seasonnum>04</seasonnum><prodnum></prodnum><airdate>2005-10-23</airdate><link>http://www.tvrage.com/shows/id-10041/episodes/340693</link><title>Cobalt Blue Impatience</title></episode>
<episode><epnum>5</epnum><seasonnum>05</seasonnum><prodnum></prodnum><airdate>2005-10-30</airdate><link>http://www.tvrage.com/shows/id-10041/episodes/340694</link><title>Moon Gray Sigh</title></episode>
<episode><epnum>6</epnum><seasonnum>06</seasonnum><prodnum></prodnum><airdate>2005-11-06</airdate><link>http://www.tvrage.com/shows/id-10041/episodes/340695</link><title>Emerald Green Temptation</title></episode>
<episode><epnum>7</epnum><seasonnum>07</seasonnum><prodnum></prodnum><airdate>2005-11-13</airdate><link>http://www.tvrage.com/shows/id-10041/episodes/340696</link><title>Sand Beige Sea Roar</title></episode>
<episode><epnum>8</epnum><seasonnum>08</seasonnum><prodnum></prodnum><airdate>2005-11-20</airdate><link>http://www.tvrage.com/shows/id-10041/episodes/340697</link><title>Midnight Blue Sadness</title></episode>
<episode><epnum>9</epnum><seasonnum>09</seasonnum><prodnum></prodnum><airdate>2005-11-27</airdate><link>http://www.tvrage.com/shows/id-10041/episodes/340698</link><title>Sentimental Azure</title></episode>
<episode><epnum>10</epnum><seasonnum>10</seasonnum><prodnum></prodnum><airdate>2005-12-04</airdate><link>http://www.tvrage.com/shows/id-10041/episodes/340699</link><title>Snow White Recollections</title></episode>
<episode><epnum>11</epnum><seasonnum>11</seasonnum><prodnum></prodnum><airdate>2005-12-11</airdate><link>http://www.tvrage.com/shows/id-10041/episodes/340700</link><title>Light Yellow Distance</title></episode>
<episode><epnum>12</epnum><seasonnum>12</seasonnum><prodnum></prodnum><airdate>2005-12-18</airdate><link>http://www.tvrage.com/shows/id-10041/episodes/340701</link><title>Evergreen Innocence</title></episode>
<episode><epnum>13</epnum><seasonnum>13</seasonnum><prodnum></prodnum><airdate>2006-01-08</airdate><link>http://www.tvrage.com/shows/id-10041/episodes/340702</link><title>Sepia Triangle</title></episode>
<episode><epnum>14</epnum><seasonnum>14</seasonnum><prodnum></prodnum><airdate>2006-01-15</airdate><link>http://www.tvrage.com/shows/id-10041/episodes/340703</link><title>Dark Navy Secret</title></episode>
<episode><epnum>15</epnum><seasonnum>15</seasonnum><prodnum></prodnum><airdate>2006-01-22</airdate><link>http://www.tvrage.com/shows/id-10041/episodes/340704</link><title>Indigo Blue Pressure</title></episode>
<episode><epnum>16</epnum><seasonnum>16</seasonnum><prodnum></prodnum><airdate>2006-01-29</airdate><link>http://www.tvrage.com/shows/id-10041/episodes/340705</link><title>Light Purple All Night Long</title></episode>
<episode><epnum>17</epnum><seasonnum>17</seasonnum><prodnum></prodnum><airdate>2006-02-05</airdate><link>http://www.tvrage.com/shows/id-10041/episodes/340706</link><title>Want To Deliver Cherry Pink</title></episode>
<episode><epnum>18</epnum><seasonnum>18</seasonnum><prodnum></prodnum><airdate>2006-02-12</airdate><link>http://www.tvrage.com/shows/id-10041/episodes/340707</link><title>Shoot At Tomato Red!</title></episode>
<episode><epnum>19</epnum><seasonnum>19</seasonnum><prodnum></prodnum><airdate>2006-02-19</airdate><link>http://www.tvrage.com/shows/id-10041/episodes/340708</link><title>A Milky White Night</title></episode>
<episode><epnum>20</epnum><seasonnum>20</seasonnum><prodnum></prodnum><airdate>2006-02-26</airdate><link>http://www.tvrage.com/shows/id-10041/episodes/340709</link><title>Marmalade Coloured Evening</title></episode>
<episode><epnum>21</epnum><seasonnum>21</seasonnum><prodnum></prodnum><airdate>2006-03-05</airdate><link>http://www.tvrage.com/shows/id-10041/episodes/340710</link><title>Crystal Blank Map</title></episode>
<episode><epnum>22</epnum><seasonnum>22</seasonnum><prodnum></prodnum><airdate>2006-03-12</airdate><link>http://www.tvrage.com/shows/id-10041/episodes/340711</link><title>On An Indigo Dawn</title></episode>
<episode><epnum>23</epnum><seasonnum>23</seasonnum><prodnum></prodnum><airdate>2006-03-19</airdate><link>http://www.tvrage.com/shows/id-10041/episodes/340712</link><title>Christmas Coloured Decision</title></episode>
<episode><epnum>24</epnum><seasonnum>24</seasonnum><prodnum></prodnum><airdate>2006-03-26</airdate><link>http://www.tvrage.com/shows/id-10041/episodes/340713</link><title>Rainbow Coloured Finale</title></episode>
</Season>

</Episodelist>

</Show>