<?xml version="1.0" encoding="UTF-8" ?>


<Show>
<name>Catchphrase</name>
<totalseasons>17</totalseasons>
<showid>10047</showid>
<showlink>http://tvrage.com/shows/id-10047</showlink>
<started>Jan/12/1986</started>
<ended>Dec/19/2002</ended>
<image>http://images.tvrage.com/shows/11/10047.jpg</image>
<origin_country>UK</origin_country>
<status>Canceled/Ended</status>
<classification>Game Show</classification>
<runtime>30</runtime>
<network country="UK">ITV1</network>
<airtime>12:00</airtime>
<timezone>GMT+0 -DST</timezone>
<Episodelist>

<Season no="1">
<episode><epnum>1</epnum><seasonnum>01</seasonnum><prodnum></prodnum><airdate>1986-01-12</airdate><link>http://www.tvrage.com/shows/id-10047/episodes/1064887538</link><title>Series 1, Show 1</title></episode>
<episode><epnum>2</epnum><seasonnum>02</seasonnum><prodnum></prodnum><airdate>1986-01-19</airdate><link>http://www.tvrage.com/shows/id-10047/episodes/1064887539</link><title>Series 1, Show 2</title></episode>
<episode><epnum>3</epnum><seasonnum>03</seasonnum><prodnum></prodnum><airdate>1986-01-26</airdate><link>http://www.tvrage.com/shows/id-10047/episodes/1064887540</link><title>Series 1, Show 3</title></episode>
<episode><epnum>4</epnum><seasonnum>04</seasonnum><prodnum></prodnum><airdate>1986-02-02</airdate><link>http://www.tvrage.com/shows/id-10047/episodes/1064887541</link><title>Series 1, Show 4</title></episode>
<episode><epnum>5</epnum><seasonnum>05</seasonnum><prodnum></prodnum><airdate>1986-02-09</airdate><link>http://www.tvrage.com/shows/id-10047/episodes/1064887542</link><title>Series 1, Show 5</title></episode>
<episode><epnum>6</epnum><seasonnum>06</seasonnum><prodnum></prodnum><airdate>1986-02-16</airdate><link>http://www.tvrage.com/shows/id-10047/episodes/1064887543</link><title>Series 1, Show 6</title></episode>
<episode><epnum>7</epnum><seasonnum>07</seasonnum><prodnum></prodnum><airdate>1986-02-23</airdate><link>http://www.tvrage.com/shows/id-10047/episodes/1064887544</link><title>Series 1, Show 7</title></episode>
<episode><epnum>8</epnum><seasonnum>08</seasonnum><prodnum></prodnum><airdate>1986-03-02</airdate><link>http://www.tvrage.com/shows/id-10047/episodes/1064887545</link><title>Series 1, Show 8</title></episode>
<episode><epnum>9</epnum><seasonnum>09</seasonnum><prodnum></prodnum><airdate>1986-03-09</airdate><link>http://www.tvrage.com/shows/id-10047/episodes/1064887546</link><title>Series 1, Show 9</title></episode>
<episode><epnum>10</epnum><seasonnum>10</seasonnum><prodnum></prodnum><airdate>1986-03-16</airdate><link>http://www.tvrage.com/shows/id-10047/episodes/1064887547</link><title>Series 1, Show 10</title></episode>
<episode><epnum>11</epnum><seasonnum>11</seasonnum><prodnum></prodnum><airdate>1986-03-23</airdate><link>http://www.tvrage.com/shows/id-10047/episodes/1064887548</link><title>Series 1, Show 11</title></episode>
<episode><epnum>12</epnum><seasonnum>12</seasonnum><prodnum></prodnum><airdate>1986-03-30</airdate><link>http://www.tvrage.com/shows/id-10047/episodes/1064887549</link><title>Series 1, Show 12</title></episode>
<episode><epnum>13</epnum><seasonnum>13</seasonnum><prodnum></prodnum><airdate>1986-04-06</airdate><link>http://www.tvrage.com/shows/id-10047/episodes/1064887550</link><title>Series 1, Show 13</title></episode>
<episode><epnum>14</epnum><seasonnum>14</seasonnum><prodnum></prodnum><airdate>1986-04-13</airdate><link>http://www.tvrage.com/shows/id-10047/episodes/1064887551</link><title>Series 1, Show 14</title></episode>
<episode><epnum>15</epnum><seasonnum>15</seasonnum><prodnum></prodnum><airdate>1986-04-20</airdate><link>http://www.tvrage.com/shows/id-10047/episodes/1064887552</link><title>Series 1, Show 15</title></episode>
<episode><epnum>16</epnum><seasonnum>16</seasonnum><prodnum></prodnum><airdate>1986-04-27</airdate><link>http://www.tvrage.com/shows/id-10047/episodes/1064887553</link><title>Series 1, Show 16</title></episode>
<episode><epnum>17</epnum><seasonnum>17</seasonnum><prodnum></prodnum><airdate>1986-05-04</airdate><link>http://www.tvrage.com/shows/id-10047/episodes/1064887554</link><title>Series 1, Show 17</title></episode>
<episode><epnum>18</epnum><seasonnum>18</seasonnum><prodnum></prodnum><airdate>1986-05-11</airdate><link>http://www.tvrage.com/shows/id-10047/episodes/1064887555</link><title>Series 1, Show 18</title></episode>
<episode><epnum>19</epnum><seasonnum>19</seasonnum><prodnum></prodnum><airdate>1986-05-18</airdate><link>http://www.tvrage.com/shows/id-10047/episodes/1064887556</link><title>Series 1, Show 19</title></episode>
</Season>

<Season no="2">
<episode><epnum>20</epnum><seasonnum>01</seasonnum><prodnum></prodnum><airdate>1987-01-04</airdate><link>http://www.tvrage.com/shows/id-10047/episodes/1064887557</link><title>Series 2, Show 1</title></episode>
<episode><epnum>21</epnum><seasonnum>02</seasonnum><prodnum></prodnum><airdate>1987-01-11</airdate><link>http://www.tvrage.com/shows/id-10047/episodes/1064887558</link><title>Series 2, Show 2</title></episode>
<episode><epnum>22</epnum><seasonnum>03</seasonnum><prodnum></prodnum><airdate>1987-01-18</airdate><link>http://www.tvrage.com/shows/id-10047/episodes/1064887559</link><title>Series 2, Show 3</title></episode>
<episode><epnum>23</epnum><seasonnum>04</seasonnum><prodnum></prodnum><airdate>1987-01-25</airdate><link>http://www.tvrage.com/shows/id-10047/episodes/1064887560</link><title>Series 2, Show 4</title></episode>
<episode><epnum>24</epnum><seasonnum>05</seasonnum><prodnum></prodnum><airdate>1987-02-01</airdate><link>http://www.tvrage.com/shows/id-10047/episodes/1064887561</link><title>Series 2, Show 5</title></episode>
<episode><epnum>25</epnum><seasonnum>06</seasonnum><prodnum></prodnum><airdate>1987-02-08</airdate><link>http://www.tvrage.com/shows/id-10047/episodes/1064887562</link><title>Series 2, Show 6</title></episode>
<episode><epnum>26</epnum><seasonnum>07</seasonnum><prodnum></prodnum><airdate>1987-02-15</airdate><link>http://www.tvrage.com/shows/id-10047/episodes/1064887563</link><title>Series 2, Show 7</title></episode>
<episode><epnum>27</epnum><seasonnum>08</seasonnum><prodnum></prodnum><airdate>1987-02-22</airdate><link>http://www.tvrage.com/shows/id-10047/episodes/1064887564</link><title>Series 2, Show 8</title></episode>
<episode><epnum>28</epnum><seasonnum>09</seasonnum><prodnum></prodnum><airdate>1987-03-01</airdate><link>http://www.tvrage.com/shows/id-10047/episodes/1064887565</link><title>Series 2, Show 9</title></episode>
<episode><epnum>29</epnum><seasonnum>10</seasonnum><prodnum></prodnum><airdate>1987-03-08</airdate><link>http://www.tvrage.com/shows/id-10047/episodes/1064887566</link><title>Series 2, Show 10</title></episode>
<episode><epnum>30</epnum><seasonnum>11</seasonnum><prodnum></prodnum><airdate>1987-03-15</airdate><link>http://www.tvrage.com/shows/id-10047/episodes/1064887567</link><title>Series 2, Show 11</title></episode>
<episode><epnum>31</epnum><seasonnum>12</seasonnum><prodnum></prodnum><airdate>1987-03-22</airdate><link>http://www.tvrage.com/shows/id-10047/episodes/1064887568</link><title>Series 2, Show 12</title></episode>
<episode><epnum>32</epnum><seasonnum>13</seasonnum><prodnum></prodnum><airdate>1987-03-29</airdate><link>http://www.tvrage.com/shows/id-10047/episodes/1064887569</link><title>Series 2, Show 13</title></episode>
<episode><epnum>33</epnum><seasonnum>14</seasonnum><prodnum></prodnum><airdate>1987-04-05</airdate><link>http://www.tvrage.com/shows/id-10047/episodes/1064887570</link><title>Series 2, Show 14</title></episode>
<episode><epnum>34</epnum><seasonnum>15</seasonnum><prodnum></prodnum><airdate>1987-04-12</airdate><link>http://www.tvrage.com/shows/id-10047/episodes/1064887571</link><title>Series 2, Show 15</title></episode>
<episode><epnum>35</epnum><seasonnum>16</seasonnum><prodnum></prodnum><airdate>1987-04-19</airdate><link>http://www.tvrage.com/shows/id-10047/episodes/1064887572</link><title>Series 2, Show 16</title></episode>
<episode><epnum>36</epnum><seasonnum>17</seasonnum><prodnum></prodnum><airdate>1987-04-26</airdate><link>http://www.tvrage.com/shows/id-10047/episodes/1064887573</link><title>Series 2, Show 17</title></episode>
<episode><epnum>37</epnum><seasonnum>18</seasonnum><prodnum></prodnum><airdate>1987-05-03</airdate><link>http://www.tvrage.com/shows/id-10047/episodes/1064887574</link><title>Series 2, Show 18</title></episode>
<episode><epnum>38</epnum><seasonnum>19</seasonnum><prodnum></prodnum><airdate>1987-05-10</airdate><link>http://www.tvrage.com/shows/id-10047/episodes/1064887575</link><title>Series 2, Show 19</title></episode>
<episode><epnum>39</epnum><seasonnum>20</seasonnum><prodnum></prodnum><airdate>1987-05-17</airdate><link>http://www.tvrage.com/shows/id-10047/episodes/1064887576</link><title>Series 2, Show 20</title></episode>
</Season>

<Season no="3">
<episode><epnum>40</epnum><seasonnum>01</seasonnum><prodnum></prodnum><airdate>1988-01-09</airdate><link>http://www.tvrage.com/shows/id-10047/episodes/1064887577</link><title>Series 3, Show 1</title></episode>
<episode><epnum>41</epnum><seasonnum>02</seasonnum><prodnum></prodnum><airdate>1988-01-16</airdate><link>http://www.tvrage.com/shows/id-10047/episodes/1064887578</link><title>Series 3, Show 2</title></episode>
<episode><epnum>42</epnum><seasonnum>03</seasonnum><prodnum></prodnum><airdate>1988-01-23</airdate><link>http://www.tvrage.com/shows/id-10047/episodes/1064887579</link><title>Series 3, Show 3</title></episode>
<episode><epnum>43</epnum><seasonnum>04</seasonnum><prodnum></prodnum><airdate>1988-01-30</airdate><link>http://www.tvrage.com/shows/id-10047/episodes/1064887580</link><title>Series 3, Show 4</title></episode>
<episode><epnum>44</epnum><seasonnum>05</seasonnum><prodnum></prodnum><airdate>1988-02-06</airdate><link>http://www.tvrage.com/shows/id-10047/episodes/1064887581</link><title>Series 3, Show 5</title></episode>
<episode><epnum>45</epnum><seasonnum>06</seasonnum><prodnum></prodnum><airdate>1988-02-13</airdate><link>http://www.tvrage.com/shows/id-10047/episodes/1064887582</link><title>Series 3, Show 6</title></episode>
<episode><epnum>46</epnum><seasonnum>07</seasonnum><prodnum></prodnum><airdate>1988-02-20</airdate><link>http://www.tvrage.com/shows/id-10047/episodes/1064887583</link><title>Series 3, Show 7</title></episode>
<episode><epnum>47</epnum><seasonnum>08</seasonnum><prodnum></prodnum><airdate>1988-02-27</airdate><link>http://www.tvrage.com/shows/id-10047/episodes/1064887584</link><title>Series 3, Show 8</title></episode>
<episode><epnum>48</epnum><seasonnum>09</seasonnum><prodnum></prodnum><airdate>1988-03-05</airdate><link>http://www.tvrage.com/shows/id-10047/episodes/1064887585</link><title>Series 3, Show 9</title></episode>
<episode><epnum>49</epnum><seasonnum>10</seasonnum><prodnum></prodnum><airdate>1988-03-12</airdate><link>http://www.tvrage.com/shows/id-10047/episodes/1064887586</link><title>Series 3, Show 10</title></episode>
<episode><epnum>50</epnum><seasonnum>11</seasonnum><prodnum></prodnum><airdate>1988-03-19</airdate><link>http://www.tvrage.com/shows/id-10047/episodes/1064887587</link><title>Series 3, Show 11</title></episode>
<episode><epnum>51</epnum><seasonnum>12</seasonnum><prodnum></prodnum><airdate>1988-03-26</airdate><link>http://www.tvrage.com/shows/id-10047/episodes/1064887588</link><title>Series 3, Show 12</title></episode>
<episode><epnum>52</epnum><seasonnum>13</seasonnum><prodnum></prodnum><airdate>1988-04-02</airdate><link>http://www.tvrage.com/shows/id-10047/episodes/1064887589</link><title>Series 3, Show 13</title></episode>
<episode><epnum>53</epnum><seasonnum>14</seasonnum><prodnum></prodnum><airdate>1988-04-09</airdate><link>http://www.tvrage.com/shows/id-10047/episodes/1064887590</link><title>Series 3, Show 14</title></episode>
<episode><epnum>54</epnum><seasonnum>15</seasonnum><prodnum></prodnum><airdate>1988-04-16</airdate><link>http://www.tvrage.com/shows/id-10047/episodes/1064887591</link><title>Series 3, Show 15</title></episode>
<episode><epnum>55</epnum><seasonnum>16</seasonnum><prodnum></prodnum><airdate>1988-04-23</airdate><link>http://www.tvrage.com/shows/id-10047/episodes/1064887592</link><title>Series 3, Show 16</title></episode>
<episode><epnum>56</epnum><seasonnum>17</seasonnum><prodnum></prodnum><airdate>1988-04-30</airdate><link>http://www.tvrage.com/shows/id-10047/episodes/1064887593</link><title>Series 3, Show 17</title></episode>
<episode><epnum>57</epnum><seasonnum>18</seasonnum><prodnum></prodnum><airdate>1988-05-07</airdate><link>http://www.tvrage.com/shows/id-10047/episodes/1064887594</link><title>Series 3, Show 18</title></episode>
<episode><epnum>58</epnum><seasonnum>19</seasonnum><prodnum></prodnum><airdate>1988-05-14</airdate><link>http://www.tvrage.com/shows/id-10047/episodes/1064887595</link><title>Series 3, Show 19</title></episode>
<episode><epnum>59</epnum><seasonnum>20</seasonnum><prodnum></prodnum><airdate>1988-12-31</airdate><link>http://www.tvrage.com/shows/id-10047/episodes/1064887596</link><title>Series 3, Celebrity Special</title></episode>
</Season>

<Season no="4">
<episode><epnum>60</epnum><seasonnum>01</seasonnum><prodnum></prodnum><airdate>1989-01-08</airdate><link>http://www.tvrage.com/shows/id-10047/episodes/1064887597</link><title>Series 4, Show 1</title></episode>
<episode><epnum>61</epnum><seasonnum>02</seasonnum><prodnum></prodnum><airdate>1989-01-15</airdate><link>http://www.tvrage.com/shows/id-10047/episodes/1064887598</link><title>Series 4, Show 2</title></episode>
<episode><epnum>62</epnum><seasonnum>03</seasonnum><prodnum></prodnum><airdate>1989-01-22</airdate><link>http://www.tvrage.com/shows/id-10047/episodes/1064887599</link><title>Series 4, Show 3</title></episode>
<episode><epnum>63</epnum><seasonnum>04</seasonnum><prodnum></prodnum><airdate>1989-01-29</airdate><link>http://www.tvrage.com/shows/id-10047/episodes/1064887600</link><title>Series 4, Show 4</title></episode>
<episode><epnum>64</epnum><seasonnum>05</seasonnum><prodnum></prodnum><airdate>1989-02-05</airdate><link>http://www.tvrage.com/shows/id-10047/episodes/1064887601</link><title>Series 4, Show 5</title></episode>
<episode><epnum>65</epnum><seasonnum>06</seasonnum><prodnum></prodnum><airdate>1989-02-12</airdate><link>http://www.tvrage.com/shows/id-10047/episodes/1064887602</link><title>Series 4, Show 6</title></episode>
<episode><epnum>66</epnum><seasonnum>07</seasonnum><prodnum></prodnum><airdate>1989-02-19</airdate><link>http://www.tvrage.com/shows/id-10047/episodes/1064887603</link><title>Series 4, Show 7</title></episode>
<episode><epnum>67</epnum><seasonnum>08</seasonnum><prodnum></prodnum><airdate>1989-02-26</airdate><link>http://www.tvrage.com/shows/id-10047/episodes/1064887604</link><title>Series 4, Show 8</title></episode>
<episode><epnum>68</epnum><seasonnum>09</seasonnum><prodnum></prodnum><airdate>1989-03-06</airdate><link>http://www.tvrage.com/shows/id-10047/episodes/1064887605</link><title>Series 4, Show 9</title></episode>
<episode><epnum>69</epnum><seasonnum>10</seasonnum><prodnum></prodnum><airdate>1989-03-12</airdate><link>http://www.tvrage.com/shows/id-10047/episodes/1064887606</link><title>Series 4, Show 10</title></episode>
<episode><epnum>70</epnum><seasonnum>11</seasonnum><prodnum></prodnum><airdate>1989-03-19</airdate><link>http://www.tvrage.com/shows/id-10047/episodes/1064887607</link><title>Series 4, Show 11</title></episode>
<episode><epnum>71</epnum><seasonnum>12</seasonnum><prodnum></prodnum><airdate>1989-03-26</airdate><link>http://www.tvrage.com/shows/id-10047/episodes/1064887608</link><title>Series 4, Show 12</title></episode>
</Season>

<Season no="5">
<episode><epnum>72</epnum><seasonnum>01</seasonnum><prodnum></prodnum><airdate>1989-09-02</airdate><link>http://www.tvrage.com/shows/id-10047/episodes/1064887609</link><title>Series 5, Show 1</title></episode>
<episode><epnum>73</epnum><seasonnum>02</seasonnum><prodnum></prodnum><airdate>1989-09-09</airdate><link>http://www.tvrage.com/shows/id-10047/episodes/1064887610</link><title>Series 5, Show 2</title></episode>
<episode><epnum>74</epnum><seasonnum>03</seasonnum><prodnum></prodnum><airdate>1989-09-16</airdate><link>http://www.tvrage.com/shows/id-10047/episodes/1064887611</link><title>Series 5, Show 3</title></episode>
<episode><epnum>75</epnum><seasonnum>04</seasonnum><prodnum></prodnum><airdate>1989-09-23</airdate><link>http://www.tvrage.com/shows/id-10047/episodes/1064887612</link><title>Series 5, Show 4</title></episode>
<episode><epnum>76</epnum><seasonnum>05</seasonnum><prodnum></prodnum><airdate>1989-09-30</airdate><link>http://www.tvrage.com/shows/id-10047/episodes/1064887613</link><title>Series 5, Show 5</title></episode>
<episode><epnum>77</epnum><seasonnum>06</seasonnum><prodnum></prodnum><airdate>1989-10-07</airdate><link>http://www.tvrage.com/shows/id-10047/episodes/1064887614</link><title>Series 5, Show 6</title></episode>
<episode><epnum>78</epnum><seasonnum>07</seasonnum><prodnum></prodnum><airdate>1989-10-14</airdate><link>http://www.tvrage.com/shows/id-10047/episodes/1064887615</link><title>Series 5, Show 7</title></episode>
<episode><epnum>79</epnum><seasonnum>08</seasonnum><prodnum></prodnum><airdate>1989-10-21</airdate><link>http://www.tvrage.com/shows/id-10047/episodes/1064887616</link><title>Series 5, Show 8</title></episode>
<episode><epnum>80</epnum><seasonnum>09</seasonnum><prodnum></prodnum><airdate>1989-10-28</airdate><link>http://www.tvrage.com/shows/id-10047/episodes/1064887617</link><title>Series 5, Show 9</title></episode>
<episode><epnum>81</epnum><seasonnum>10</seasonnum><prodnum></prodnum><airdate>1989-11-04</airdate><link>http://www.tvrage.com/shows/id-10047/episodes/1064887618</link><title>Series 5, Show 10</title></episode>
<episode><epnum>82</epnum><seasonnum>11</seasonnum><prodnum></prodnum><airdate>1989-11-11</airdate><link>http://www.tvrage.com/shows/id-10047/episodes/1064887619</link><title>Series 5, Show 11</title></episode>
<episode><epnum>83</epnum><seasonnum>12</seasonnum><prodnum></prodnum><airdate>1989-11-18</airdate><link>http://www.tvrage.com/shows/id-10047/episodes/1064887620</link><title>Series 5, Show 12</title></episode>
<episode><epnum>84</epnum><seasonnum>13</seasonnum><prodnum></prodnum><airdate>1989-11-25</airdate><link>http://www.tvrage.com/shows/id-10047/episodes/1064887621</link><title>Series 5, Show 13</title></episode>
<episode><epnum>85</epnum><seasonnum>14</seasonnum><prodnum></prodnum><airdate>1989-12-02</airdate><link>http://www.tvrage.com/shows/id-10047/episodes/1064887622</link><title>Series 5, Show 14</title></episode>
<episode><epnum>86</epnum><seasonnum>15</seasonnum><prodnum></prodnum><airdate>1989-12-09</airdate><link>http://www.tvrage.com/shows/id-10047/episodes/1064887623</link><title>Series 5, Show 15</title></episode>
<episode><epnum>87</epnum><seasonnum>16</seasonnum><prodnum></prodnum><airdate>1989-12-16</airdate><link>http://www.tvrage.com/shows/id-10047/episodes/1064887624</link><title>Series 5, Show 16</title></episode>
<episode><epnum>88</epnum><seasonnum>17</seasonnum><prodnum></prodnum><airdate>1989-12-23</airdate><link>http://www.tvrage.com/shows/id-10047/episodes/1064887625</link><title>Series 5, Celebrity Special</title></episode>
<episode><epnum>89</epnum><seasonnum>18</seasonnum><prodnum></prodnum><airdate>1989-12-30</airdate><link>http://www.tvrage.com/shows/id-10047/episodes/1064887626</link><title>Series 5, Show 18</title></episode>
<episode><epnum>90</epnum><seasonnum>19</seasonnum><prodnum></prodnum><airdate>1990-01-06</airdate><link>http://www.tvrage.com/shows/id-10047/episodes/1064887627</link><title>Series 5, Show 19</title></episode>
<episode><epnum>91</epnum><seasonnum>20</seasonnum><prodnum></prodnum><airdate>1990-01-13</airdate><link>http://www.tvrage.com/shows/id-10047/episodes/1064887628</link><title>Series 5, Show 20</title></episode>
<episode><epnum>92</epnum><seasonnum>21</seasonnum><prodnum></prodnum><airdate>1990-01-20</airdate><link>http://www.tvrage.com/shows/id-10047/episodes/1064887629</link><title>Series 5, Show 21</title></episode>
<episode><epnum>93</epnum><seasonnum>22</seasonnum><prodnum></prodnum><airdate>1990-01-27</airdate><link>http://www.tvrage.com/shows/id-10047/episodes/1064887630</link><title>Series 5, Show 22</title></episode>
<episode><epnum>94</epnum><seasonnum>23</seasonnum><prodnum></prodnum><airdate>1990-02-03</airdate><link>http://www.tvrage.com/shows/id-10047/episodes/1064887631</link><title>Series 5, Show 23</title></episode>
<episode><epnum>95</epnum><seasonnum>24</seasonnum><prodnum></prodnum><airdate>1990-02-10</airdate><link>http://www.tvrage.com/shows/id-10047/episodes/1064887632</link><title>Series 5, Show 24</title></episode>
</Season>

<Season no="6">
<episode><epnum>96</epnum><seasonnum>01</seasonnum><prodnum></prodnum><airdate>1990-09-01</airdate><link>http://www.tvrage.com/shows/id-10047/episodes/1064887633</link><title>Series 6, Show 1</title></episode>
<episode><epnum>97</epnum><seasonnum>02</seasonnum><prodnum></prodnum><airdate>1990-09-08</airdate><link>http://www.tvrage.com/shows/id-10047/episodes/1064887634</link><title>Series 6, Show 2</title></episode>
<episode><epnum>98</epnum><seasonnum>03</seasonnum><prodnum></prodnum><airdate>1990-09-15</airdate><link>http://www.tvrage.com/shows/id-10047/episodes/1064887635</link><title>Series 6, Show 3</title></episode>
<episode><epnum>99</epnum><seasonnum>04</seasonnum><prodnum></prodnum><airdate>1990-09-22</airdate><link>http://www.tvrage.com/shows/id-10047/episodes/1064887636</link><title>Series 6, Show 4</title></episode>
<episode><epnum>100</epnum><seasonnum>05</seasonnum><prodnum></prodnum><airdate>1990-09-29</airdate><link>http://www.tvrage.com/shows/id-10047/episodes/1064887637</link><title>Series 6, Show 5</title></episode>
<episode><epnum>101</epnum><seasonnum>06</seasonnum><prodnum></prodnum><airdate>1990-10-06</airdate><link>http://www.tvrage.com/shows/id-10047/episodes/1064887638</link><title>Series 6, Show 6</title></episode>
<episode><epnum>102</epnum><seasonnum>07</seasonnum><prodnum></prodnum><airdate>1990-10-13</airdate><link>http://www.tvrage.com/shows/id-10047/episodes/1064887639</link><title>Series 6, Show 7</title></episode>
<episode><epnum>103</epnum><seasonnum>08</seasonnum><prodnum></prodnum><airdate>1990-10-20</airdate><link>http://www.tvrage.com/shows/id-10047/episodes/1064887640</link><title>Series 6, Show 8</title></episode>
<episode><epnum>104</epnum><seasonnum>09</seasonnum><prodnum></prodnum><airdate>1990-10-27</airdate><link>http://www.tvrage.com/shows/id-10047/episodes/1064887641</link><title>Series 6, Show 9</title></episode>
<episode><epnum>105</epnum><seasonnum>10</seasonnum><prodnum></prodnum><airdate>1990-11-03</airdate><link>http://www.tvrage.com/shows/id-10047/episodes/1064887642</link><title>Series 6, Show 10</title></episode>
<episode><epnum>106</epnum><seasonnum>11</seasonnum><prodnum></prodnum><airdate>1990-11-10</airdate><link>http://www.tvrage.com/shows/id-10047/episodes/1064887643</link><title>Series 6, Show 11</title></episode>
<episode><epnum>107</epnum><seasonnum>12</seasonnum><prodnum></prodnum><airdate>1990-11-17</airdate><link>http://www.tvrage.com/shows/id-10047/episodes/1064887644</link><title>Series 6, Show 12</title></episode>
<episode><epnum>108</epnum><seasonnum>13</seasonnum><prodnum></prodnum><airdate>1990-11-24</airdate><link>http://www.tvrage.com/shows/id-10047/episodes/1064887645</link><title>Series 6, Show 13</title></episode>
<episode><epnum>109</epnum><seasonnum>14</seasonnum><prodnum></prodnum><airdate>1990-12-01</airdate><link>http://www.tvrage.com/shows/id-10047/episodes/1064887646</link><title>Series 6, Show 14</title></episode>
<episode><epnum>110</epnum><seasonnum>15</seasonnum><prodnum></prodnum><airdate>1990-12-08</airdate><link>http://www.tvrage.com/shows/id-10047/episodes/1064887647</link><title>Series 6, Show 15</title></episode>
<episode><epnum>111</epnum><seasonnum>16</seasonnum><prodnum></prodnum><airdate>1990-12-15</airdate><link>http://www.tvrage.com/shows/id-10047/episodes/1064887648</link><title>Series 6, Show 16</title></episode>
<episode><epnum>112</epnum><seasonnum>17</seasonnum><prodnum></prodnum><airdate>1991-01-05</airdate><link>http://www.tvrage.com/shows/id-10047/episodes/1064887649</link><title>Series 6, Celebrity Special</title></episode>
<episode><epnum>113</epnum><seasonnum>18</seasonnum><prodnum></prodnum><airdate>1991-01-12</airdate><link>http://www.tvrage.com/shows/id-10047/episodes/1064887650</link><title>Series 6, Show 18</title></episode>
<episode><epnum>114</epnum><seasonnum>19</seasonnum><prodnum></prodnum><airdate>1991-01-19</airdate><link>http://www.tvrage.com/shows/id-10047/episodes/1064887651</link><title>Series 6, Show 19</title></episode>
<episode><epnum>115</epnum><seasonnum>20</seasonnum><prodnum></prodnum><airdate>1991-01-26</airdate><link>http://www.tvrage.com/shows/id-10047/episodes/1064887652</link><title>Series 6, Show 20</title></episode>
<episode><epnum>116</epnum><seasonnum>21</seasonnum><prodnum></prodnum><airdate>1991-02-02</airdate><link>http://www.tvrage.com/shows/id-10047/episodes/1064887653</link><title>Series 6, Show 21</title></episode>
<episode><epnum>117</epnum><seasonnum>22</seasonnum><prodnum></prodnum><airdate>1991-02-09</airdate><link>http://www.tvrage.com/shows/id-10047/episodes/1064887654</link><title>Series 6, Show 22</title></episode>
<episode><epnum>118</epnum><seasonnum>23</seasonnum><prodnum></prodnum><airdate>1991-02-16</airdate><link>http://www.tvrage.com/shows/id-10047/episodes/1064887655</link><title>Series 6, Show 23</title></episode>
<episode><epnum>119</epnum><seasonnum>24</seasonnum><prodnum></prodnum><airdate>1991-02-23</airdate><link>http://www.tvrage.com/shows/id-10047/episodes/1064887656</link><title>Series 6, Show 24</title></episode>
<episode><epnum>120</epnum><seasonnum>25</seasonnum><prodnum></prodnum><airdate>1991-03-02</airdate><link>http://www.tvrage.com/shows/id-10047/episodes/1064887657</link><title>Series 6, Show 25</title></episode>
</Season>

<Season no="7">
<episode><epnum>121</epnum><seasonnum>01</seasonnum><prodnum></prodnum><airdate>1991-10-19</airdate><link>http://www.tvrage.com/shows/id-10047/episodes/1064887658</link><title>Series 7, Show 1</title></episode>
<episode><epnum>122</epnum><seasonnum>02</seasonnum><prodnum></prodnum><airdate>1991-10-26</airdate><link>http://www.tvrage.com/shows/id-10047/episodes/1064887659</link><title>Series 7, Show 2</title></episode>
<episode><epnum>123</epnum><seasonnum>03</seasonnum><prodnum></prodnum><airdate>1991-11-02</airdate><link>http://www.tvrage.com/shows/id-10047/episodes/1064887660</link><title>Series 7, Show 3</title></episode>
<episode><epnum>124</epnum><seasonnum>04</seasonnum><prodnum></prodnum><airdate>1991-11-09</airdate><link>http://www.tvrage.com/shows/id-10047/episodes/1064887661</link><title>Series 7, Show 4</title></episode>
<episode><epnum>125</epnum><seasonnum>05</seasonnum><prodnum></prodnum><airdate>1991-11-16</airdate><link>http://www.tvrage.com/shows/id-10047/episodes/1064887662</link><title>Series 7, Show 5</title></episode>
<episode><epnum>126</epnum><seasonnum>06</seasonnum><prodnum></prodnum><airdate>1991-11-23</airdate><link>http://www.tvrage.com/shows/id-10047/episodes/1064887663</link><title>Series 7, Show 6</title></episode>
<episode><epnum>127</epnum><seasonnum>07</seasonnum><prodnum></prodnum><airdate>1991-11-30</airdate><link>http://www.tvrage.com/shows/id-10047/episodes/1064887664</link><title>Series 7, Show 7</title></episode>
<episode><epnum>128</epnum><seasonnum>08</seasonnum><prodnum></prodnum><airdate>1991-12-07</airdate><link>http://www.tvrage.com/shows/id-10047/episodes/1064887665</link><title>Series 7, Show 8</title></episode>
<episode><epnum>129</epnum><seasonnum>09</seasonnum><prodnum></prodnum><airdate>1991-12-14</airdate><link>http://www.tvrage.com/shows/id-10047/episodes/1064887666</link><title>Series 7, Show 9</title></episode>
</Season>

<Season no="8">
<episode><epnum>130</epnum><seasonnum>01</seasonnum><prodnum></prodnum><airdate>1992-06-27</airdate><link>http://www.tvrage.com/shows/id-10047/episodes/1064888357</link><title>Series 8, Show 1</title></episode>
<episode><epnum>131</epnum><seasonnum>02</seasonnum><prodnum></prodnum><airdate>1992-07-04</airdate><link>http://www.tvrage.com/shows/id-10047/episodes/1064888358</link><title>Series 8, Show 2</title></episode>
<episode><epnum>132</epnum><seasonnum>03</seasonnum><prodnum></prodnum><airdate>1992-07-11</airdate><link>http://www.tvrage.com/shows/id-10047/episodes/1064888359</link><title>Series 8, Show 3</title></episode>
<episode><epnum>133</epnum><seasonnum>04</seasonnum><prodnum></prodnum><airdate>1992-07-18</airdate><link>http://www.tvrage.com/shows/id-10047/episodes/1064888360</link><title>Series 8, Show 4</title></episode>
<episode><epnum>134</epnum><seasonnum>05</seasonnum><prodnum></prodnum><airdate>1992-07-25</airdate><link>http://www.tvrage.com/shows/id-10047/episodes/1064888361</link><title>Series 8, Show 5</title></episode>
<episode><epnum>135</epnum><seasonnum>06</seasonnum><prodnum></prodnum><airdate>1992-08-01</airdate><link>http://www.tvrage.com/shows/id-10047/episodes/1064888362</link><title>Series 8, Show 6</title></episode>
<episode><epnum>136</epnum><seasonnum>07</seasonnum><prodnum></prodnum><airdate>1992-08-08</airdate><link>http://www.tvrage.com/shows/id-10047/episodes/1064888363</link><title>Series 8, Show 7</title></episode>
<episode><epnum>137</epnum><seasonnum>08</seasonnum><prodnum></prodnum><airdate>1992-08-15</airdate><link>http://www.tvrage.com/shows/id-10047/episodes/1064888364</link><title>Series 8, Show 8</title></episode>
<episode><epnum>138</epnum><seasonnum>09</seasonnum><prodnum></prodnum><airdate>1992-08-22</airdate><link>http://www.tvrage.com/shows/id-10047/episodes/1064888365</link><title>Series 8, Show 9</title></episode>
<episode><epnum>139</epnum><seasonnum>10</seasonnum><prodnum></prodnum><airdate>1992-08-29</airdate><link>http://www.tvrage.com/shows/id-10047/episodes/1064888366</link><title>Series 8, Show 10</title></episode>
<episode><epnum>140</epnum><seasonnum>11</seasonnum><prodnum></prodnum><airdate>1992-09-05</airdate><link>http://www.tvrage.com/shows/id-10047/episodes/1064888367</link><title>Series 8, Show 11</title></episode>
<episode><epnum>141</epnum><seasonnum>12</seasonnum><prodnum></prodnum><airdate>1992-09-12</airdate><link>http://www.tvrage.com/shows/id-10047/episodes/1064888368</link><title>Series 8, Show 12</title></episode>
<episode><epnum>142</epnum><seasonnum>13</seasonnum><prodnum></prodnum><airdate>1992-09-19</airdate><link>http://www.tvrage.com/shows/id-10047/episodes/1064888369</link><title>Series 8, Show 13</title></episode>
<episode><epnum>143</epnum><seasonnum>14</seasonnum><prodnum></prodnum><airdate>1992-09-26</airdate><link>http://www.tvrage.com/shows/id-10047/episodes/1064888370</link><title>Series 8, Show 14</title></episode>
<episode><epnum>144</epnum><seasonnum>15</seasonnum><prodnum></prodnum><airdate>1992-10-03</airdate><link>http://www.tvrage.com/shows/id-10047/episodes/1064888371</link><title>Series 8, Show 15</title></episode>
<episode><epnum>145</epnum><seasonnum>16</seasonnum><prodnum></prodnum><airdate>1992-10-10</airdate><link>http://www.tvrage.com/shows/id-10047/episodes/1064888372</link><title>Series 8, Show 16</title></episode>
<episode><epnum>146</epnum><seasonnum>17</seasonnum><prodnum></prodnum><airdate>1992-10-17</airdate><link>http://www.tvrage.com/shows/id-10047/episodes/1064888373</link><title>Series 8, Show 17</title></episode>
<episode><epnum>147</epnum><seasonnum>18</seasonnum><prodnum></prodnum><airdate>1992-10-24</airdate><link>http://www.tvrage.com/shows/id-10047/episodes/1064888374</link><title>Series 8, Show 18</title></episode>
</Season>

<Season no="9">
<episode><epnum>148</epnum><seasonnum>01</seasonnum><prodnum></prodnum><airdate>1993-08-28</airdate><link>http://www.tvrage.com/shows/id-10047/episodes/1064888375</link><title>Series 9, Show 1</title></episode>
<episode><epnum>149</epnum><seasonnum>02</seasonnum><prodnum></prodnum><airdate>1993-09-04</airdate><link>http://www.tvrage.com/shows/id-10047/episodes/1064888376</link><title>Series 9, Show 2</title></episode>
<episode><epnum>150</epnum><seasonnum>03</seasonnum><prodnum></prodnum><airdate>1993-09-11</airdate><link>http://www.tvrage.com/shows/id-10047/episodes/1064888377</link><title>Series 9, Show 3</title></episode>
<episode><epnum>151</epnum><seasonnum>04</seasonnum><prodnum></prodnum><airdate>1993-09-18</airdate><link>http://www.tvrage.com/shows/id-10047/episodes/1064888378</link><title>Series 9, Show 4</title></episode>
<episode><epnum>152</epnum><seasonnum>05</seasonnum><prodnum></prodnum><airdate>1993-09-25</airdate><link>http://www.tvrage.com/shows/id-10047/episodes/1064888379</link><title>Series 9, Show 5</title></episode>
<episode><epnum>153</epnum><seasonnum>06</seasonnum><prodnum></prodnum><airdate>1993-10-02</airdate><link>http://www.tvrage.com/shows/id-10047/episodes/1064888380</link><title>Series 9, Show 6</title></episode>
<episode><epnum>154</epnum><seasonnum>07</seasonnum><prodnum></prodnum><airdate>1993-10-09</airdate><link>http://www.tvrage.com/shows/id-10047/episodes/1064888381</link><title>Series 9, Show 7</title></episode>
<episode><epnum>155</epnum><seasonnum>08</seasonnum><prodnum></prodnum><airdate>1993-10-16</airdate><link>http://www.tvrage.com/shows/id-10047/episodes/1064888382</link><title>Series 9, Show 8</title></episode>
<episode><epnum>156</epnum><seasonnum>09</seasonnum><prodnum></prodnum><airdate>1993-10-23</airdate><link>http://www.tvrage.com/shows/id-10047/episodes/1064888383</link><title>Series 9, Show 9</title></episode>
<episode><epnum>157</epnum><seasonnum>10</seasonnum><prodnum></prodnum><airdate>1993-10-30</airdate><link>http://www.tvrage.com/shows/id-10047/episodes/1064888384</link><title>Series 9, Show 10</title></episode>
<episode><epnum>158</epnum><seasonnum>11</seasonnum><prodnum></prodnum><airdate>1993-11-06</airdate><link>http://www.tvrage.com/shows/id-10047/episodes/1064888385</link><title>Series 9, Show 11</title></episode>
<episode><epnum>159</epnum><seasonnum>12</seasonnum><prodnum></prodnum><airdate>1993-11-13</airdate><link>http://www.tvrage.com/shows/id-10047/episodes/1064888386</link><title>Series 9, Show 12</title></episode>
<episode><epnum>160</epnum><seasonnum>13</seasonnum><prodnum></prodnum><airdate>1993-11-20</airdate><link>http://www.tvrage.com/shows/id-10047/episodes/1064888387</link><title>Series 9, Show 13</title></episode>
<episode><epnum>161</epnum><seasonnum>14</seasonnum><prodnum></prodnum><airdate>1993-11-27</airdate><link>http://www.tvrage.com/shows/id-10047/episodes/1064888388</link><title>Series 9, Show 14</title></episode>
<episode><epnum>162</epnum><seasonnum>15</seasonnum><prodnum></prodnum><airdate>1993-12-04</airdate><link>http://www.tvrage.com/shows/id-10047/episodes/1064888389</link><title>Series 9, Show 15</title></episode>
<episode><epnum>163</epnum><seasonnum>16</seasonnum><prodnum></prodnum><airdate>1993-12-11</airdate><link>http://www.tvrage.com/shows/id-10047/episodes/1064888390</link><title>Series 9, Show 16</title></episode>
<episode><epnum>164</epnum><seasonnum>17</seasonnum><prodnum></prodnum><airdate>1993-12-18</airdate><link>http://www.tvrage.com/shows/id-10047/episodes/1064888391</link><title>Series 9, Show 17</title></episode>
<episode><epnum>165</epnum><seasonnum>18</seasonnum><prodnum></prodnum><airdate>1994-01-08</airdate><link>http://www.tvrage.com/shows/id-10047/episodes/1064888392</link><title>Series 9, Show 18</title></episode>
<episode><epnum>166</epnum><seasonnum>19</seasonnum><prodnum></prodnum><airdate>1994-01-15</airdate><link>http://www.tvrage.com/shows/id-10047/episodes/1064888393</link><title>Series 9, Show 19</title></episode>
<episode><epnum>167</epnum><seasonnum>20</seasonnum><prodnum></prodnum><airdate>1994-01-22</airdate><link>http://www.tvrage.com/shows/id-10047/episodes/1064888394</link><title>Series 9, Show 20</title></episode>
<episode><epnum>168</epnum><seasonnum>21</seasonnum><prodnum></prodnum><airdate>1994-01-29</airdate><link>http://www.tvrage.com/shows/id-10047/episodes/1064888395</link><title>Series 9, Show 21</title></episode>
<episode><epnum>169</epnum><seasonnum>22</seasonnum><prodnum></prodnum><airdate>1994-02-05</airdate><link>http://www.tvrage.com/shows/id-10047/episodes/1064888396</link><title>Series 9, Show 22</title></episode>
<episode><epnum>170</epnum><seasonnum>23</seasonnum><prodnum></prodnum><airdate>1994-02-12</airdate><link>http://www.tvrage.com/shows/id-10047/episodes/1064888397</link><title>Series 9, Show 23</title></episode>
<episode><epnum>171</epnum><seasonnum>24</seasonnum><prodnum></prodnum><airdate>1994-02-19</airdate><link>http://www.tvrage.com/shows/id-10047/episodes/1064888398</link><title>Series 9, Show 24</title></episode>
<episode><epnum>172</epnum><seasonnum>25</seasonnum><prodnum></prodnum><airdate>1994-02-26</airdate><link>http://www.tvrage.com/shows/id-10047/episodes/1064888399</link><title>Series 9, Show 25</title></episode>
<episode><epnum>173</epnum><seasonnum>26</seasonnum><prodnum></prodnum><airdate>1994-03-05</airdate><link>http://www.tvrage.com/shows/id-10047/episodes/1064888400</link><title>Series 9, Show 26</title></episode>
</Season>

<Season no="10">
<episode><epnum>174</epnum><seasonnum>01</seasonnum><prodnum></prodnum><airdate>1994-09-30</airdate><link>http://www.tvrage.com/shows/id-10047/episodes/1064888401</link><title>Series 10, Show 1</title></episode>
<episode><epnum>175</epnum><seasonnum>02</seasonnum><prodnum></prodnum><airdate>1994-10-07</airdate><link>http://www.tvrage.com/shows/id-10047/episodes/1064888402</link><title>Series 10, Show 2</title></episode>
<episode><epnum>176</epnum><seasonnum>03</seasonnum><prodnum></prodnum><airdate>1994-10-14</airdate><link>http://www.tvrage.com/shows/id-10047/episodes/1064888403</link><title>Series 10, Show 3</title></episode>
<episode><epnum>177</epnum><seasonnum>04</seasonnum><prodnum></prodnum><airdate>1994-10-21</airdate><link>http://www.tvrage.com/shows/id-10047/episodes/1064888404</link><title>Series 10, Show 4</title></episode>
<episode><epnum>178</epnum><seasonnum>05</seasonnum><prodnum></prodnum><airdate>1994-10-28</airdate><link>http://www.tvrage.com/shows/id-10047/episodes/1064888405</link><title>Series 10, Show 5</title></episode>
<episode><epnum>179</epnum><seasonnum>06</seasonnum><prodnum></prodnum><airdate>1994-11-04</airdate><link>http://www.tvrage.com/shows/id-10047/episodes/1064888406</link><title>Series 10, Show 6</title></episode>
<episode><epnum>180</epnum><seasonnum>07</seasonnum><prodnum></prodnum><airdate>1994-11-11</airdate><link>http://www.tvrage.com/shows/id-10047/episodes/1064888407</link><title>Series 10, Show 7</title></episode>
<episode><epnum>181</epnum><seasonnum>08</seasonnum><prodnum></prodnum><airdate>1994-11-18</airdate><link>http://www.tvrage.com/shows/id-10047/episodes/1064888408</link><title>Series 10, Show 8</title></episode>
<episode><epnum>182</epnum><seasonnum>09</seasonnum><prodnum></prodnum><airdate>1994-11-25</airdate><link>http://www.tvrage.com/shows/id-10047/episodes/1064888409</link><title>Series 10, Show 9</title></episode>
<episode><epnum>183</epnum><seasonnum>10</seasonnum><prodnum></prodnum><airdate>1994-12-02</airdate><link>http://www.tvrage.com/shows/id-10047/episodes/1064888410</link><title>Series 10, Show 10</title></episode>
<episode><epnum>184</epnum><seasonnum>11</seasonnum><prodnum></prodnum><airdate>1994-12-09</airdate><link>http://www.tvrage.com/shows/id-10047/episodes/1064888411</link><title>Series 10, Show 11</title></episode>
<episode><epnum>185</epnum><seasonnum>12</seasonnum><prodnum></prodnum><airdate>1994-12-16</airdate><link>http://www.tvrage.com/shows/id-10047/episodes/1064888412</link><title>Series 10, Show 12</title></episode>
<episode><epnum>186</epnum><seasonnum>13</seasonnum><prodnum></prodnum><airdate>1995-01-20</airdate><link>http://www.tvrage.com/shows/id-10047/episodes/1064888413</link><title>Series 10, Show 13</title></episode>
<episode><epnum>187</epnum><seasonnum>14</seasonnum><prodnum></prodnum><airdate>1995-01-27</airdate><link>http://www.tvrage.com/shows/id-10047/episodes/1064888414</link><title>Series 10, Show 14</title></episode>
<episode><epnum>188</epnum><seasonnum>15</seasonnum><prodnum></prodnum><airdate>1995-02-03</airdate><link>http://www.tvrage.com/shows/id-10047/episodes/1064888415</link><title>Series 10, Show 15</title></episode>
</Season>

<Season no="11">
<episode><epnum>189</epnum><seasonnum>01</seasonnum><prodnum></prodnum><airdate>1996-03-02</airdate><link>http://www.tvrage.com/shows/id-10047/episodes/1064888416</link><title>Series 11, Show 1</title></episode>
<episode><epnum>190</epnum><seasonnum>02</seasonnum><prodnum></prodnum><airdate>1996-03-09</airdate><link>http://www.tvrage.com/shows/id-10047/episodes/1064888417</link><title>Series 11, Show 2</title></episode>
<episode><epnum>191</epnum><seasonnum>03</seasonnum><prodnum></prodnum><airdate>1996-03-16</airdate><link>http://www.tvrage.com/shows/id-10047/episodes/1064888418</link><title>Series 11, Show 3</title></episode>
<episode><epnum>192</epnum><seasonnum>04</seasonnum><prodnum></prodnum><airdate>1996-03-23</airdate><link>http://www.tvrage.com/shows/id-10047/episodes/1064888419</link><title>Series 11, Show 4</title></episode>
<episode><epnum>193</epnum><seasonnum>05</seasonnum><prodnum></prodnum><airdate>1996-03-30</airdate><link>http://www.tvrage.com/shows/id-10047/episodes/1064888420</link><title>Series 11, Show 5</title></episode>
<episode><epnum>194</epnum><seasonnum>06</seasonnum><prodnum></prodnum><airdate>1996-04-06</airdate><link>http://www.tvrage.com/shows/id-10047/episodes/1064888421</link><title>Series 11, Show 6</title></episode>
<episode><epnum>195</epnum><seasonnum>07</seasonnum><prodnum></prodnum><airdate>1996-04-13</airdate><link>http://www.tvrage.com/shows/id-10047/episodes/1064888422</link><title>Series 11, Show 7</title></episode>
<episode><epnum>196</epnum><seasonnum>08</seasonnum><prodnum></prodnum><airdate>1996-04-20</airdate><link>http://www.tvrage.com/shows/id-10047/episodes/1064888423</link><title>Series 11, Show 8</title></episode>
<episode><epnum>197</epnum><seasonnum>09</seasonnum><prodnum></prodnum><airdate>1996-04-27</airdate><link>http://www.tvrage.com/shows/id-10047/episodes/1064888424</link><title>Series 11, Show 9</title></episode>
</Season>

<Season no="12">
<episode><epnum>198</epnum><seasonnum>01</seasonnum><prodnum></prodnum><airdate>1996-09-27</airdate><link>http://www.tvrage.com/shows/id-10047/episodes/1064888425</link><title>Series 12, Show 1</title></episode>
<episode><epnum>199</epnum><seasonnum>02</seasonnum><prodnum></prodnum><airdate>1996-10-04</airdate><link>http://www.tvrage.com/shows/id-10047/episodes/1064888426</link><title>Series 12, Show 2</title></episode>
<episode><epnum>200</epnum><seasonnum>03</seasonnum><prodnum></prodnum><airdate>1996-10-11</airdate><link>http://www.tvrage.com/shows/id-10047/episodes/1064888427</link><title>Series 12, Show 3</title></episode>
<episode><epnum>201</epnum><seasonnum>04</seasonnum><prodnum></prodnum><airdate>1996-10-18</airdate><link>http://www.tvrage.com/shows/id-10047/episodes/1064888428</link><title>Series 12, Show 4</title></episode>
<episode><epnum>202</epnum><seasonnum>05</seasonnum><prodnum></prodnum><airdate>1996-10-25</airdate><link>http://www.tvrage.com/shows/id-10047/episodes/1064888429</link><title>Series 12, Show 5</title></episode>
<episode><epnum>203</epnum><seasonnum>06</seasonnum><prodnum></prodnum><airdate>1996-11-01</airdate><link>http://www.tvrage.com/shows/id-10047/episodes/1064888430</link><title>Series 12, Show 6</title></episode>
<episode><epnum>204</epnum><seasonnum>07</seasonnum><prodnum></prodnum><airdate>1996-11-08</airdate><link>http://www.tvrage.com/shows/id-10047/episodes/1064888431</link><title>Series 12, Show 7</title></episode>
<episode><epnum>205</epnum><seasonnum>08</seasonnum><prodnum></prodnum><airdate>1996-11-15</airdate><link>http://www.tvrage.com/shows/id-10047/episodes/1064888432</link><title>Series 12, Show 8</title></episode>
<episode><epnum>206</epnum><seasonnum>09</seasonnum><prodnum></prodnum><airdate>1996-11-22</airdate><link>http://www.tvrage.com/shows/id-10047/episodes/1064888433</link><title>Series 12, Show 9</title></episode>
<episode><epnum>207</epnum><seasonnum>10</seasonnum><prodnum></prodnum><airdate>1996-11-29</airdate><link>http://www.tvrage.com/shows/id-10047/episodes/1064888434</link><title>Series 12, Show 10</title></episode>
<episode><epnum>208</epnum><seasonnum>11</seasonnum><prodnum></prodnum><airdate>1996-12-06</airdate><link>http://www.tvrage.com/shows/id-10047/episodes/1064888435</link><title>Series 12, Show 11</title></episode>
<episode><epnum>209</epnum><seasonnum>12</seasonnum><prodnum></prodnum><airdate>1996-12-13</airdate><link>http://www.tvrage.com/shows/id-10047/episodes/1064888436</link><title>Series 12, Show 12</title></episode>
<episode><epnum>210</epnum><seasonnum>13</seasonnum><prodnum></prodnum><airdate>1996-12-20</airdate><link>http://www.tvrage.com/shows/id-10047/episodes/1064888437</link><title>Series 12, Show 13</title></episode>
<episode><epnum>211</epnum><seasonnum>14</seasonnum><prodnum></prodnum><airdate>1996-12-27</airdate><link>http://www.tvrage.com/shows/id-10047/episodes/1064888438</link><title>Series 12, Show 14</title></episode>
</Season>

<Season no="13">
<episode><epnum>212</epnum><seasonnum>01</seasonnum><prodnum></prodnum><airdate>1998-01-03</airdate><link>http://www.tvrage.com/shows/id-10047/episodes/1064888439</link><title>Series 13, Show 1</title></episode>
<episode><epnum>213</epnum><seasonnum>02</seasonnum><prodnum></prodnum><airdate>1998-01-10</airdate><link>http://www.tvrage.com/shows/id-10047/episodes/1064888440</link><title>Series 13, Show 2</title></episode>
<episode><epnum>214</epnum><seasonnum>03</seasonnum><prodnum></prodnum><airdate>1998-01-17</airdate><link>http://www.tvrage.com/shows/id-10047/episodes/1064888441</link><title>Series 13, Show 3</title></episode>
<episode><epnum>215</epnum><seasonnum>04</seasonnum><prodnum></prodnum><airdate>1998-01-24</airdate><link>http://www.tvrage.com/shows/id-10047/episodes/1064888442</link><title>Series 13, Show 4</title></episode>
<episode><epnum>216</epnum><seasonnum>05</seasonnum><prodnum></prodnum><airdate>1998-01-31</airdate><link>http://www.tvrage.com/shows/id-10047/episodes/1064888443</link><title>Series 13, Show 5</title></episode>
<episode><epnum>217</epnum><seasonnum>06</seasonnum><prodnum></prodnum><airdate>1998-02-07</airdate><link>http://www.tvrage.com/shows/id-10047/episodes/1064888444</link><title>Series 13, Show 6</title></episode>
<episode><epnum>218</epnum><seasonnum>07</seasonnum><prodnum></prodnum><airdate>1998-02-14</airdate><link>http://www.tvrage.com/shows/id-10047/episodes/1064888445</link><title>Series 13, Show 7</title></episode>
<episode><epnum>219</epnum><seasonnum>08</seasonnum><prodnum></prodnum><airdate>1998-02-21</airdate><link>http://www.tvrage.com/shows/id-10047/episodes/1064888446</link><title>Series 13, Show 8</title></episode>
<episode><epnum>220</epnum><seasonnum>09</seasonnum><prodnum></prodnum><airdate>1998-02-28</airdate><link>http://www.tvrage.com/shows/id-10047/episodes/1064888447</link><title>Series 13, Show 9</title></episode>
<episode><epnum>221</epnum><seasonnum>10</seasonnum><prodnum></prodnum><airdate>1998-03-07</airdate><link>http://www.tvrage.com/shows/id-10047/episodes/1064888448</link><title>Series 13, Show 10</title></episode>
<episode><epnum>222</epnum><seasonnum>11</seasonnum><prodnum></prodnum><airdate>1998-03-14</airdate><link>http://www.tvrage.com/shows/id-10047/episodes/1064888449</link><title>Series 13, Show 11</title></episode>
<episode><epnum>223</epnum><seasonnum>12</seasonnum><prodnum></prodnum><airdate>1998-03-21</airdate><link>http://www.tvrage.com/shows/id-10047/episodes/1064888450</link><title>Series 13, Show 12</title></episode>
<episode><epnum>224</epnum><seasonnum>13</seasonnum><prodnum></prodnum><airdate>1998-03-28</airdate><link>http://www.tvrage.com/shows/id-10047/episodes/1064888451</link><title>Series 13, Show 13</title></episode>
<episode><epnum>225</epnum><seasonnum>14</seasonnum><prodnum></prodnum><airdate>1998-04-04</airdate><link>http://www.tvrage.com/shows/id-10047/episodes/1064888452</link><title>Series 13, Show 14</title></episode>
<episode><epnum>226</epnum><seasonnum>15</seasonnum><prodnum></prodnum><airdate>1998-04-11</airdate><link>http://www.tvrage.com/shows/id-10047/episodes/1064888453</link><title>Series 13, Show 15</title></episode>
<episode><epnum>227</epnum><seasonnum>16</seasonnum><prodnum></prodnum><airdate>1998-04-18</airdate><link>http://www.tvrage.com/shows/id-10047/episodes/1064888454</link><title>Series 13, Show 16</title></episode>
<episode><epnum>228</epnum><seasonnum>17</seasonnum><prodnum></prodnum><airdate>1998-04-25</airdate><link>http://www.tvrage.com/shows/id-10047/episodes/1064888455</link><title>Series 13, Show 17</title></episode>
<episode><epnum>229</epnum><seasonnum>18</seasonnum><prodnum></prodnum><airdate>1998-05-02</airdate><link>http://www.tvrage.com/shows/id-10047/episodes/1064888456</link><title>Series 13, Show 18</title></episode>
<episode><epnum>230</epnum><seasonnum>19</seasonnum><prodnum></prodnum><airdate>1998-05-23</airdate><link>http://www.tvrage.com/shows/id-10047/episodes/1064888457</link><title>Series 13, Show 19</title></episode>
</Season>

<Season no="14">
<episode><epnum>231</epnum><seasonnum>01</seasonnum><prodnum></prodnum><airdate>1998-11-24</airdate><link>http://www.tvrage.com/shows/id-10047/episodes/1064888458</link><title>Series 14, Show 1</title></episode>
<episode><epnum>232</epnum><seasonnum>02</seasonnum><prodnum></prodnum><airdate>1998-12-01</airdate><link>http://www.tvrage.com/shows/id-10047/episodes/1064888459</link><title>Series 14, Show 2</title></episode>
<episode><epnum>233</epnum><seasonnum>03</seasonnum><prodnum></prodnum><airdate>1998-12-08</airdate><link>http://www.tvrage.com/shows/id-10047/episodes/1064888460</link><title>Series 14, Show 3</title></episode>
<episode><epnum>234</epnum><seasonnum>04</seasonnum><prodnum></prodnum><airdate>1998-12-15</airdate><link>http://www.tvrage.com/shows/id-10047/episodes/1064888461</link><title>Series 14, Show 4</title></episode>
<episode><epnum>235</epnum><seasonnum>05</seasonnum><prodnum></prodnum><airdate>1998-12-22</airdate><link>http://www.tvrage.com/shows/id-10047/episodes/1064888462</link><title>Series 14, Show 5</title></episode>
<episode><epnum>236</epnum><seasonnum>06</seasonnum><prodnum></prodnum><airdate>1998-12-29</airdate><link>http://www.tvrage.com/shows/id-10047/episodes/1064888463</link><title>Series 14, Show 6</title></episode>
<episode><epnum>237</epnum><seasonnum>07</seasonnum><prodnum></prodnum><airdate>1999-01-05</airdate><link>http://www.tvrage.com/shows/id-10047/episodes/1064888464</link><title>Series 14, Show 7</title></episode>
<episode><epnum>238</epnum><seasonnum>08</seasonnum><prodnum></prodnum><airdate>1999-01-12</airdate><link>http://www.tvrage.com/shows/id-10047/episodes/1064888465</link><title>Series 14, Show 8</title></episode>
<episode><epnum>239</epnum><seasonnum>09</seasonnum><prodnum></prodnum><airdate>1999-09-04</airdate><link>http://www.tvrage.com/shows/id-10047/episodes/1064888466</link><title>Series 14, Show 9</title></episode>
<episode><epnum>240</epnum><seasonnum>10</seasonnum><prodnum></prodnum><airdate>1999-09-11</airdate><link>http://www.tvrage.com/shows/id-10047/episodes/1064888467</link><title>Series 14, Show 10</title></episode>
<episode><epnum>241</epnum><seasonnum>11</seasonnum><prodnum></prodnum><airdate>1999-09-18</airdate><link>http://www.tvrage.com/shows/id-10047/episodes/1064888468</link><title>Series 14, Show 11</title></episode>
<episode><epnum>242</epnum><seasonnum>12</seasonnum><prodnum></prodnum><airdate>1999-09-25</airdate><link>http://www.tvrage.com/shows/id-10047/episodes/1064888469</link><title>Series 14, Show 12</title></episode>
<episode><epnum>243</epnum><seasonnum>13</seasonnum><prodnum></prodnum><airdate>1999-10-02</airdate><link>http://www.tvrage.com/shows/id-10047/episodes/1064888470</link><title>Series 14, Show 13</title></episode>
<episode><epnum>244</epnum><seasonnum>14</seasonnum><prodnum></prodnum><airdate>1999-10-09</airdate><link>http://www.tvrage.com/shows/id-10047/episodes/1064888471</link><title>Series 14, Show 14</title></episode>
<episode><epnum>245</epnum><seasonnum>15</seasonnum><prodnum></prodnum><airdate>1999-10-16</airdate><link>http://www.tvrage.com/shows/id-10047/episodes/1064888472</link><title>Series 14, Show 15</title></episode>
<episode><epnum>246</epnum><seasonnum>16</seasonnum><prodnum></prodnum><airdate>1999-10-23</airdate><link>http://www.tvrage.com/shows/id-10047/episodes/1064888473</link><title>Series 14, Show 16</title></episode>
</Season>

<Season no="15">
<episode><epnum>247</epnum><seasonnum>01</seasonnum><prodnum></prodnum><airdate>2000-01-07</airdate><link>http://www.tvrage.com/shows/id-10047/episodes/1064888474</link><title>Series 15, Show 1</title></episode>
<episode><epnum>248</epnum><seasonnum>02</seasonnum><prodnum></prodnum><airdate>2000-01-14</airdate><link>http://www.tvrage.com/shows/id-10047/episodes/1064888475</link><title>Series 15, Show 2</title></episode>
<episode><epnum>249</epnum><seasonnum>03</seasonnum><prodnum></prodnum><airdate>2000-01-21</airdate><link>http://www.tvrage.com/shows/id-10047/episodes/1064888476</link><title>Series 15, Show 3</title></episode>
<episode><epnum>250</epnum><seasonnum>04</seasonnum><prodnum></prodnum><airdate>2000-01-28</airdate><link>http://www.tvrage.com/shows/id-10047/episodes/1064888477</link><title>Series 15, Show 4</title></episode>
<episode><epnum>251</epnum><seasonnum>05</seasonnum><prodnum></prodnum><airdate>2000-02-04</airdate><link>http://www.tvrage.com/shows/id-10047/episodes/1064888478</link><title>Series 15, Show 5</title></episode>
<episode><epnum>252</epnum><seasonnum>06</seasonnum><prodnum></prodnum><airdate>2000-02-11</airdate><link>http://www.tvrage.com/shows/id-10047/episodes/1064888479</link><title>Series 15, Show 6</title></episode>
<episode><epnum>253</epnum><seasonnum>07</seasonnum><prodnum></prodnum><airdate>2000-02-18</airdate><link>http://www.tvrage.com/shows/id-10047/episodes/1064888480</link><title>Series 15, Show 7</title></episode>
<episode><epnum>254</epnum><seasonnum>08</seasonnum><prodnum></prodnum><airdate>2000-02-25</airdate><link>http://www.tvrage.com/shows/id-10047/episodes/1064888481</link><title>Series 15, Show 8</title></episode>
<episode><epnum>255</epnum><seasonnum>09</seasonnum><prodnum></prodnum><airdate>2000-03-03</airdate><link>http://www.tvrage.com/shows/id-10047/episodes/1064888482</link><title>Series 15, Show 9</title></episode>
<episode><epnum>256</epnum><seasonnum>10</seasonnum><prodnum></prodnum><airdate>2000-03-10</airdate><link>http://www.tvrage.com/shows/id-10047/episodes/1064888483</link><title>Series 15, Show 10</title></episode>
<episode><epnum>257</epnum><seasonnum>11</seasonnum><prodnum></prodnum><airdate>2000-03-17</airdate><link>http://www.tvrage.com/shows/id-10047/episodes/1064888484</link><title>Series 15, Show 11</title></episode>
<episode><epnum>258</epnum><seasonnum>12</seasonnum><prodnum></prodnum><airdate>2000-03-24</airdate><link>http://www.tvrage.com/shows/id-10047/episodes/1064888485</link><title>Series 15, Show 12</title></episode>
<episode><epnum>259</epnum><seasonnum>13</seasonnum><prodnum></prodnum><airdate>2000-03-31</airdate><link>http://www.tvrage.com/shows/id-10047/episodes/1064888486</link><title>Series 15, Show 13</title></episode>
<episode><epnum>260</epnum><seasonnum>14</seasonnum><prodnum></prodnum><airdate>2000-04-07</airdate><link>http://www.tvrage.com/shows/id-10047/episodes/1064888487</link><title>Series 15, Show 14</title></episode>
<episode><epnum>261</epnum><seasonnum>15</seasonnum><prodnum></prodnum><airdate>2000-04-14</airdate><link>http://www.tvrage.com/shows/id-10047/episodes/1064888488</link><title>Series 15, Show 15</title></episode>
<episode><epnum>262</epnum><seasonnum>16</seasonnum><prodnum></prodnum><airdate>2000-04-21</airdate><link>http://www.tvrage.com/shows/id-10047/episodes/1064888489</link><title>Series 15, Show 16</title></episode>
<episode><epnum>263</epnum><seasonnum>17</seasonnum><prodnum></prodnum><airdate>2000-04-28</airdate><link>http://www.tvrage.com/shows/id-10047/episodes/1064888490</link><title>Series 15, Show 17</title></episode>
<episode><epnum>264</epnum><seasonnum>18</seasonnum><prodnum></prodnum><airdate>2000-05-05</airdate><link>http://www.tvrage.com/shows/id-10047/episodes/1064888491</link><title>Series 15, Show 18</title></episode>
<episode><epnum>265</epnum><seasonnum>19</seasonnum><prodnum></prodnum><airdate>2000-05-12</airdate><link>http://www.tvrage.com/shows/id-10047/episodes/1064888492</link><title>Series 15, Show 19</title></episode>
<episode><epnum>266</epnum><seasonnum>20</seasonnum><prodnum></prodnum><airdate>2000-05-19</airdate><link>http://www.tvrage.com/shows/id-10047/episodes/1064888493</link><title>Series 15, Show 20</title></episode>
<episode><epnum>267</epnum><seasonnum>21</seasonnum><prodnum></prodnum><airdate>2000-05-26</airdate><link>http://www.tvrage.com/shows/id-10047/episodes/1064888494</link><title>Series 15, Show 21</title></episode>
<episode><epnum>268</epnum><seasonnum>22</seasonnum><prodnum></prodnum><airdate>2000-06-02</airdate><link>http://www.tvrage.com/shows/id-10047/episodes/1064888495</link><title>Series 15, Show 22</title></episode>
<episode><epnum>269</epnum><seasonnum>23</seasonnum><prodnum></prodnum><airdate>2000-07-28</airdate><link>http://www.tvrage.com/shows/id-10047/episodes/1064888496</link><title>Series 15, Show 23</title></episode>
<episode><epnum>270</epnum><seasonnum>24</seasonnum><prodnum></prodnum><airdate>2000-08-04</airdate><link>http://www.tvrage.com/shows/id-10047/episodes/1064888497</link><title>Series 15, Show 24</title></episode>
<episode><epnum>271</epnum><seasonnum>25</seasonnum><prodnum></prodnum><airdate>2000-08-11</airdate><link>http://www.tvrage.com/shows/id-10047/episodes/1064888498</link><title>Series 15, Show 25</title></episode>
<episode><epnum>272</epnum><seasonnum>26</seasonnum><prodnum></prodnum><airdate>2000-08-18</airdate><link>http://www.tvrage.com/shows/id-10047/episodes/1064888499</link><title>Series 15, Show 26</title></episode>
</Season>

<Season no="16">
<episode><epnum>273</epnum><seasonnum>01</seasonnum><prodnum></prodnum><airdate>2001-01-13</airdate><link>http://www.tvrage.com/shows/id-10047/episodes/1064888500</link><title>Series 16, Show 1</title></episode>
<episode><epnum>274</epnum><seasonnum>02</seasonnum><prodnum></prodnum><airdate>2001-01-20</airdate><link>http://www.tvrage.com/shows/id-10047/episodes/1064888501</link><title>Series 16, Show 2</title></episode>
<episode><epnum>275</epnum><seasonnum>03</seasonnum><prodnum></prodnum><airdate>2001-01-27</airdate><link>http://www.tvrage.com/shows/id-10047/episodes/1064888502</link><title>Series 16, Show 3</title></episode>
<episode><epnum>276</epnum><seasonnum>04</seasonnum><prodnum></prodnum><airdate>2001-02-03</airdate><link>http://www.tvrage.com/shows/id-10047/episodes/1064888503</link><title>Series 16, Show 4</title></episode>
<episode><epnum>277</epnum><seasonnum>05</seasonnum><prodnum></prodnum><airdate>2001-02-10</airdate><link>http://www.tvrage.com/shows/id-10047/episodes/1064888504</link><title>Series 16, Show 5</title></episode>
<episode><epnum>278</epnum><seasonnum>06</seasonnum><prodnum></prodnum><airdate>2001-02-17</airdate><link>http://www.tvrage.com/shows/id-10047/episodes/1064888505</link><title>Series 16, Show 6</title></episode>
<episode><epnum>279</epnum><seasonnum>07</seasonnum><prodnum></prodnum><airdate>2001-02-24</airdate><link>http://www.tvrage.com/shows/id-10047/episodes/1064888506</link><title>Series 16, Show 7</title></episode>
<episode><epnum>280</epnum><seasonnum>08</seasonnum><prodnum></prodnum><airdate>2001-03-03</airdate><link>http://www.tvrage.com/shows/id-10047/episodes/1064888507</link><title>Series 16, Show 8</title></episode>
<episode><epnum>281</epnum><seasonnum>09</seasonnum><prodnum></prodnum><airdate>2001-03-10</airdate><link>http://www.tvrage.com/shows/id-10047/episodes/1064888508</link><title>Series 16, Show 9</title></episode>
<episode><epnum>282</epnum><seasonnum>10</seasonnum><prodnum></prodnum><airdate>2001-03-17</airdate><link>http://www.tvrage.com/shows/id-10047/episodes/1064888509</link><title>Series 16, Show 10</title></episode>
<episode><epnum>283</epnum><seasonnum>11</seasonnum><prodnum></prodnum><airdate>2001-03-24</airdate><link>http://www.tvrage.com/shows/id-10047/episodes/1064888510</link><title>Series 16, Show 11</title></episode>
<episode><epnum>284</epnum><seasonnum>12</seasonnum><prodnum></prodnum><airdate>2001-03-31</airdate><link>http://www.tvrage.com/shows/id-10047/episodes/1064888511</link><title>Series 16, Show 12</title></episode>
<episode><epnum>285</epnum><seasonnum>13</seasonnum><prodnum></prodnum><airdate>2001-04-07</airdate><link>http://www.tvrage.com/shows/id-10047/episodes/1064888512</link><title>Series 16, Show 13</title></episode>
<episode><epnum>286</epnum><seasonnum>14</seasonnum><prodnum></prodnum><airdate>2001-04-14</airdate><link>http://www.tvrage.com/shows/id-10047/episodes/1064888513</link><title>Series 16, Show 14</title></episode>
<episode><epnum>287</epnum><seasonnum>15</seasonnum><prodnum></prodnum><airdate>2001-04-21</airdate><link>http://www.tvrage.com/shows/id-10047/episodes/1064888514</link><title>Series 16, Show 15</title></episode>
<episode><epnum>288</epnum><seasonnum>16</seasonnum><prodnum></prodnum><airdate>2001-04-28</airdate><link>http://www.tvrage.com/shows/id-10047/episodes/1064888515</link><title>Series 16, Show 16</title></episode>
<episode><epnum>289</epnum><seasonnum>17</seasonnum><prodnum></prodnum><airdate>2001-05-05</airdate><link>http://www.tvrage.com/shows/id-10047/episodes/1064888516</link><title>Series 16, Show 17</title></episode>
<episode><epnum>290</epnum><seasonnum>18</seasonnum><prodnum></prodnum><airdate>2001-05-12</airdate><link>http://www.tvrage.com/shows/id-10047/episodes/1064888517</link><title>Series 16, Show 18</title></episode>
<episode><epnum>291</epnum><seasonnum>19</seasonnum><prodnum></prodnum><airdate>2001-05-19</airdate><link>http://www.tvrage.com/shows/id-10047/episodes/1064888518</link><title>Series 16, Show 19</title></episode>
<episode><epnum>292</epnum><seasonnum>20</seasonnum><prodnum></prodnum><airdate>2001-05-26</airdate><link>http://www.tvrage.com/shows/id-10047/episodes/1064888519</link><title>Series 16, Show 20</title></episode>
<episode><epnum>293</epnum><seasonnum>21</seasonnum><prodnum></prodnum><airdate>2001-06-02</airdate><link>http://www.tvrage.com/shows/id-10047/episodes/1064888520</link><title>Series 16, Show 21</title></episode>
<episode><epnum>294</epnum><seasonnum>22</seasonnum><prodnum></prodnum><airdate>2001-06-09</airdate><link>http://www.tvrage.com/shows/id-10047/episodes/1064888521</link><title>Series 16, Show 22</title></episode>
<episode><epnum>295</epnum><seasonnum>23</seasonnum><prodnum></prodnum><airdate>2001-06-16</airdate><link>http://www.tvrage.com/shows/id-10047/episodes/1064888522</link><title>Series 16, Show 23</title></episode>
<episode><epnum>296</epnum><seasonnum>24</seasonnum><prodnum></prodnum><airdate>2001-06-23</airdate><link>http://www.tvrage.com/shows/id-10047/episodes/1064888523</link><title>Series 16, Show 24</title></episode>
<episode><epnum>297</epnum><seasonnum>25</seasonnum><prodnum></prodnum><airdate>2001-06-30</airdate><link>http://www.tvrage.com/shows/id-10047/episodes/1064888524</link><title>Series 16, Show 25</title></episode>
<episode><epnum>298</epnum><seasonnum>26</seasonnum><prodnum></prodnum><airdate>2001-07-07</airdate><link>http://www.tvrage.com/shows/id-10047/episodes/1064888525</link><title>Series 16, Show 26</title></episode>
<episode><epnum>299</epnum><seasonnum>27</seasonnum><prodnum></prodnum><airdate>2001-07-14</airdate><link>http://www.tvrage.com/shows/id-10047/episodes/1064888526</link><title>Series 16, Show 27</title></episode>
<episode><epnum>300</epnum><seasonnum>28</seasonnum><prodnum></prodnum><airdate>2001-07-21</airdate><link>http://www.tvrage.com/shows/id-10047/episodes/1064888527</link><title>Series 16, Show 28</title></episode>
<episode><epnum>301</epnum><seasonnum>29</seasonnum><prodnum></prodnum><airdate>2001-07-28</airdate><link>http://www.tvrage.com/shows/id-10047/episodes/1064888528</link><title>Series 16, Show 29</title></episode>
<episode><epnum>302</epnum><seasonnum>30</seasonnum><prodnum></prodnum><airdate>2001-08-04</airdate><link>http://www.tvrage.com/shows/id-10047/episodes/1064888529</link><title>Series 16, Show 30</title></episode>
<episode><epnum>303</epnum><seasonnum>31</seasonnum><prodnum></prodnum><airdate>2001-08-11</airdate><link>http://www.tvrage.com/shows/id-10047/episodes/1064888530</link><title>Series 16, Show 31</title></episode>
<episode><epnum>304</epnum><seasonnum>32</seasonnum><prodnum></prodnum><airdate>2001-08-18</airdate><link>http://www.tvrage.com/shows/id-10047/episodes/1064888531</link><title>Series 16, Show 32</title></episode>
<episode><epnum>305</epnum><seasonnum>33</seasonnum><prodnum></prodnum><airdate>2001-08-25</airdate><link>http://www.tvrage.com/shows/id-10047/episodes/1064888532</link><title>Series 16, Show 33</title></episode>
<episode><epnum>306</epnum><seasonnum>34</seasonnum><prodnum></prodnum><airdate>2001-09-01</airdate><link>http://www.tvrage.com/shows/id-10047/episodes/1064888533</link><title>Series 16, Show 34</title></episode>
<episode><epnum>307</epnum><seasonnum>35</seasonnum><prodnum></prodnum><airdate>2001-09-08</airdate><link>http://www.tvrage.com/shows/id-10047/episodes/1064888534</link><title>Series 16, Show 35</title></episode>
<episode><epnum>308</epnum><seasonnum>36</seasonnum><prodnum></prodnum><airdate>2001-09-15</airdate><link>http://www.tvrage.com/shows/id-10047/episodes/1064888535</link><title>Series 16, Show 36</title></episode>
<episode><epnum>309</epnum><seasonnum>37</seasonnum><prodnum></prodnum><airdate>2001-11-03</airdate><link>http://www.tvrage.com/shows/id-10047/episodes/1064888536</link><title>Series 16, Show 37</title></episode>
<episode><epnum>310</epnum><seasonnum>38</seasonnum><prodnum></prodnum><airdate>2001-11-10</airdate><link>http://www.tvrage.com/shows/id-10047/episodes/1064888537</link><title>Series 16, Show 38</title></episode>
<episode><epnum>311</epnum><seasonnum>39</seasonnum><prodnum></prodnum><airdate>2001-11-17</airdate><link>http://www.tvrage.com/shows/id-10047/episodes/1064888538</link><title>Series 16, Show 39</title></episode>
<episode><epnum>312</epnum><seasonnum>40</seasonnum><prodnum></prodnum><airdate>2001-11-24</airdate><link>http://www.tvrage.com/shows/id-10047/episodes/1064888539</link><title>Series 16, Show 40</title></episode>
</Season>

<Season no="17">
<episode><epnum>313</epnum><seasonnum>01</seasonnum><prodnum></prodnum><airdate>2002-06-24</airdate><link>http://www.tvrage.com/shows/id-10047/episodes/1064888540</link><title>Series 17, Show 1</title></episode>
<episode><epnum>314</epnum><seasonnum>02</seasonnum><prodnum></prodnum><airdate>2002-06-25</airdate><link>http://www.tvrage.com/shows/id-10047/episodes/1064888541</link><title>Series 17, Show 2</title></episode>
<episode><epnum>315</epnum><seasonnum>03</seasonnum><prodnum></prodnum><airdate>2002-06-26</airdate><link>http://www.tvrage.com/shows/id-10047/episodes/1064888542</link><title>Series 17, Show 3</title></episode>
<episode><epnum>316</epnum><seasonnum>04</seasonnum><prodnum></prodnum><airdate>2002-06-27</airdate><link>http://www.tvrage.com/shows/id-10047/episodes/1064888543</link><title>Series 17, Show 4</title></episode>
<episode><epnum>317</epnum><seasonnum>05</seasonnum><prodnum></prodnum><airdate>2002-06-28</airdate><link>http://www.tvrage.com/shows/id-10047/episodes/1064888544</link><title>Series 17, Show 5</title></episode>
<episode><epnum>318</epnum><seasonnum>06</seasonnum><prodnum></prodnum><airdate>2002-07-01</airdate><link>http://www.tvrage.com/shows/id-10047/episodes/1064888545</link><title>Series 17, Show 6</title></episode>
<episode><epnum>319</epnum><seasonnum>07</seasonnum><prodnum></prodnum><airdate>2002-07-02</airdate><link>http://www.tvrage.com/shows/id-10047/episodes/1064888546</link><title>Series 17, Show 7</title></episode>
<episode><epnum>320</epnum><seasonnum>08</seasonnum><prodnum></prodnum><airdate>2002-07-03</airdate><link>http://www.tvrage.com/shows/id-10047/episodes/1064888547</link><title>Series 17, Show 8</title></episode>
<episode><epnum>321</epnum><seasonnum>09</seasonnum><prodnum></prodnum><airdate>2002-07-04</airdate><link>http://www.tvrage.com/shows/id-10047/episodes/1064888548</link><title>Series 17, Show 9</title></episode>
<episode><epnum>322</epnum><seasonnum>10</seasonnum><prodnum></prodnum><airdate>2002-07-05</airdate><link>http://www.tvrage.com/shows/id-10047/episodes/1064888549</link><title>Series 17, Show 10</title></episode>
<episode><epnum>323</epnum><seasonnum>11</seasonnum><prodnum></prodnum><airdate>2002-07-08</airdate><link>http://www.tvrage.com/shows/id-10047/episodes/1064888550</link><title>Series 17, Show 11</title></episode>
<episode><epnum>324</epnum><seasonnum>12</seasonnum><prodnum></prodnum><airdate>2002-07-09</airdate><link>http://www.tvrage.com/shows/id-10047/episodes/1064888551</link><title>Series 17, Show 12</title></episode>
<episode><epnum>325</epnum><seasonnum>13</seasonnum><prodnum></prodnum><airdate>2002-07-10</airdate><link>http://www.tvrage.com/shows/id-10047/episodes/1064888552</link><title>Series 17, Show 13</title></episode>
<episode><epnum>326</epnum><seasonnum>14</seasonnum><prodnum></prodnum><airdate>2002-07-11</airdate><link>http://www.tvrage.com/shows/id-10047/episodes/1064888553</link><title>Series 17, Show 14</title></episode>
<episode><epnum>327</epnum><seasonnum>15</seasonnum><prodnum></prodnum><airdate>2002-07-12</airdate><link>http://www.tvrage.com/shows/id-10047/episodes/1064888554</link><title>Series 17, Show 15</title></episode>
<episode><epnum>328</epnum><seasonnum>16</seasonnum><prodnum></prodnum><airdate>2002-07-15</airdate><link>http://www.tvrage.com/shows/id-10047/episodes/1064888555</link><title>Series 17, Show 16</title></episode>
<episode><epnum>329</epnum><seasonnum>17</seasonnum><prodnum></prodnum><airdate>2002-07-16</airdate><link>http://www.tvrage.com/shows/id-10047/episodes/1064888556</link><title>Series 17, Show 17</title></episode>
<episode><epnum>330</epnum><seasonnum>18</seasonnum><prodnum></prodnum><airdate>2002-07-17</airdate><link>http://www.tvrage.com/shows/id-10047/episodes/1064888557</link><title>Series 17, Show 18</title></episode>
<episode><epnum>331</epnum><seasonnum>19</seasonnum><prodnum></prodnum><airdate>2002-07-18</airdate><link>http://www.tvrage.com/shows/id-10047/episodes/1064888558</link><title>Series 17, Show 19</title></episode>
<episode><epnum>332</epnum><seasonnum>20</seasonnum><prodnum></prodnum><airdate>2002-07-19</airdate><link>http://www.tvrage.com/shows/id-10047/episodes/1064888559</link><title>Series 17, Show 20</title></episode>
<episode><epnum>349</epnum><seasonnum>52</seasonnum><prodnum></prodnum><airdate>2002-12-19</airdate><link>http://www.tvrage.com/shows/id-10047/episodes/1064888560</link><title>Series 17, Show 52</title></episode>
</Season>

</Episodelist>

</Show>