<?xml version="1.0" encoding="UTF-8" ?>


<Show>
<name>Celebrity Squares (UK)</name>
<totalseasons>1</totalseasons>
<showid>10049</showid>
<showlink>http://tvrage.com/Celebrity_Squares_UK</showlink>
<started>Jul/20/1975</started>
<ended>Aug/26/1996</ended>
<image>http://images.tvrage.com/shows/11/10049.jpg</image>
<origin_country>UK</origin_country>
<status>Canceled/Ended</status>
<classification>Game Show</classification>
<genres><genre>Celebrities</genre></genres>
<runtime>30</runtime>
<network country="UK">ITV</network>
<airtime>12:00</airtime>
<timezone>GMT+0 -DST</timezone>

</Show>