<?xml version="1.0" encoding="UTF-8" ?>


<Show>
<name>Gerhard Reinke's Wanderlust</name>
<totalseasons>1</totalseasons>
<showid>1004</showid>
<showlink>http://tvrage.com/shows/id-1004</showlink>
<started>Mar/08/2003</started>
<ended>Apr/12/2003</ended>
<image>http://images.tvrage.com/shows/2/1004.jpg</image>
<origin_country>US</origin_country>
<status>Canceled/Ended</status>
<classification>Variety</classification>
<genres><genre>Comedy</genre><genre>Travel</genre></genres>
<runtime>30</runtime>
<network country="US">Comedy Central</network>
<airtime>23:30</airtime>
<airday>Saturday</airday>
<timezone>GMT-5 -DST</timezone>
<Episodelist>

<Season no="1">
<episode><epnum>101</epnum><seasonnum>01</seasonnum><prodnum></prodnum><airdate>2003-03-08</airdate><link>http://www.tvrage.com/shows/id-1004/episodes/272262</link><title>Thailand</title></episode>
<episode><epnum>102</epnum><seasonnum>02</seasonnum><prodnum></prodnum><airdate>2003-03-15</airdate><link>http://www.tvrage.com/shows/id-1004/episodes/272263</link><title>Ireland</title></episode>
<episode><epnum>103</epnum><seasonnum>03</seasonnum><prodnum></prodnum><airdate>2003-03-22</airdate><link>http://www.tvrage.com/shows/id-1004/episodes/272264</link><title>The Andes</title></episode>
<episode><epnum>104</epnum><seasonnum>04</seasonnum><prodnum></prodnum><airdate>2003-03-29</airdate><link>http://www.tvrage.com/shows/id-1004/episodes/272265</link><title>California</title></episode>
<episode><epnum>105</epnum><seasonnum>05</seasonnum><prodnum></prodnum><airdate>2003-04-05</airdate><link>http://www.tvrage.com/shows/id-1004/episodes/272266</link><title>The Amazon</title></episode>
<episode><epnum>106</epnum><seasonnum>06</seasonnum><prodnum></prodnum><airdate>2003-04-12</airdate><link>http://www.tvrage.com/shows/id-1004/episodes/272267</link><title>Baja</title></episode>
</Season>

</Episodelist>

</Show>