<?xml version="1.0" encoding="UTF-8" ?>


<Show>
<name>Carnal Knowledge</name>
<totalseasons>1</totalseasons>
<showid>10045</showid>
<showlink>http://tvrage.com/shows/id-10045</showlink>
<started>May/1996</started>
<ended></ended>
<image>http://images.tvrage.com/shows/11/10045.jpg</image>
<origin_country>UK</origin_country>
<status>Canceled/Ended</status>
<classification>Game Show</classification>
<runtime>30</runtime>
<network country="UK">ITV Granada</network>
<airtime>12:00</airtime>
<timezone>GMT+0 -DST</timezone>

</Show>