<?xml version="1.0" encoding="UTF-8" ?>


<Show>
<name>Capeta</name>
<totalseasons>1</totalseasons>
<showid>10042</showid>
<showlink>http://tvrage.com/shows/id-10042</showlink>
<started>Oct/2005</started>
<ended>Sep/2006</ended>
<image>http://images.tvrage.com/shows/11/10042.jpg</image>
<origin_country>JP</origin_country>
<status>Canceled/Ended</status>
<classification>Animation</classification>
<genres><genre>Anime</genre><genre>Sports</genre></genres>
<runtime>30</runtime>
<network country="JP">TV Osaka</network>
<airtime>12:00</airtime>
<timezone>GMT+9 -DST</timezone>
<Episodelist>

<Season no="1">
<episode><epnum>1</epnum><seasonnum>01</seasonnum><prodnum></prodnum><airdate>2005-10-04</airdate><link>http://www.tvrage.com/shows/id-10042/episodes/340714</link><title>Overcome the Limiter!</title></episode>
<episode><epnum>2</epnum><seasonnum>02</seasonnum><prodnum></prodnum><airdate>2005-10-11</airdate><link>http://www.tvrage.com/shows/id-10042/episodes/340715</link><title>My Cart!</title></episode>
<episode><epnum>3</epnum><seasonnum>03</seasonnum><prodnum></prodnum><airdate>2005-10-18</airdate><link>http://www.tvrage.com/shows/id-10042/episodes/340716</link><title>First Circuit!</title></episode>
<episode><epnum>4</epnum><seasonnum>04</seasonnum><prodnum></prodnum><airdate>2005-10-25</airdate><link>http://www.tvrage.com/shows/id-10042/episodes/340717</link><title>Full Throttle!</title></episode>
<episode><epnum>5</epnum><seasonnum>05</seasonnum><prodnum></prodnum><airdate>2005-11-01</airdate><link>http://www.tvrage.com/shows/id-10042/episodes/340718</link><title>Rival</title></episode>
<episode><epnum>6</epnum><seasonnum>06</seasonnum><prodnum></prodnum><airdate>2005-11-08</airdate><link>http://www.tvrage.com/shows/id-10042/episodes/340719</link><title>Team Capeta!</title></episode>
<episode><epnum>7</epnum><seasonnum>07</seasonnum><prodnum></prodnum><airdate>2005-11-15</airdate><link>http://www.tvrage.com/shows/id-10042/episodes/340720</link><title>Entry!</title></episode>
<episode><epnum>8</epnum><seasonnum>08</seasonnum><prodnum></prodnum><airdate>2005-11-22</airdate><link>http://www.tvrage.com/shows/id-10042/episodes/340721</link><title>Crush!</title></episode>
<episode><epnum>9</epnum><seasonnum>09</seasonnum><prodnum></prodnum><airdate>2005-11-29</airdate><link>http://www.tvrage.com/shows/id-10042/episodes/340722</link><title>Course Record!</title></episode>
<episode><epnum>10</epnum><seasonnum>10</seasonnum><prodnum></prodnum><airdate>2005-12-06</airdate><link>http://www.tvrage.com/shows/id-10042/episodes/340723</link><title>Time Trial</title></episode>
<episode><epnum>11</epnum><seasonnum>11</seasonnum><prodnum></prodnum><airdate>2005-12-13</airdate><link>http://www.tvrage.com/shows/id-10042/episodes/340724</link><title>Start!</title></episode>
<episode><epnum>12</epnum><seasonnum>12</seasonnum><prodnum></prodnum><airdate>2005-12-20</airdate><link>http://www.tvrage.com/shows/id-10042/episodes/340725</link><title>Battle!</title></episode>
<episode><epnum>13</epnum><seasonnum>13</seasonnum><prodnum></prodnum><airdate>2005-12-27</airdate><link>http://www.tvrage.com/shows/id-10042/episodes/340726</link><title>Team Order!</title></episode>
<episode><epnum>14</epnum><seasonnum>14</seasonnum><prodnum></prodnum><airdate>2006-01-03</airdate><link>http://www.tvrage.com/shows/id-10042/episodes/340727</link><title>Winner!</title></episode>
<episode><epnum>15</epnum><seasonnum>15</seasonnum><prodnum></prodnum><airdate>2006-01-10</airdate><link>http://www.tvrage.com/shows/id-10042/episodes/340728</link><title>Step Up!</title></episode>
<episode><epnum>16</epnum><seasonnum>16</seasonnum><prodnum></prodnum><airdate>2006-01-17</airdate><link>http://www.tvrage.com/shows/id-10042/episodes/340729</link><title>Penalty!</title></episode>
<episode><epnum>17</epnum><seasonnum>17</seasonnum><prodnum></prodnum><airdate>2006-01-24</airdate><link>http://www.tvrage.com/shows/id-10042/episodes/340730</link><title>Overtake!</title></episode>
<episode><epnum>18</epnum><seasonnum>18</seasonnum><prodnum></prodnum><airdate>2006-01-31</airdate><link>http://www.tvrage.com/shows/id-10042/episodes/340731</link><title>Sponsor!</title></episode>
<episode><epnum>19</epnum><seasonnum>19</seasonnum><prodnum></prodnum><airdate>2006-02-07</airdate><link>http://www.tvrage.com/shows/id-10042/episodes/340732</link><title>Festival!</title></episode>
<episode><epnum>20</epnum><seasonnum>20</seasonnum><prodnum></prodnum><airdate>2006-02-14</airdate><link>http://www.tvrage.com/shows/id-10042/episodes/340733</link><title>Partner!</title></episode>
<episode><epnum>21</epnum><seasonnum>21</seasonnum><prodnum></prodnum><airdate>2006-02-21</airdate><link>http://www.tvrage.com/shows/id-10042/episodes/340734</link><title>Racing History</title></episode>
<episode><epnum>22</epnum><seasonnum>22</seasonnum><prodnum></prodnum><airdate>2006-02-28</airdate><link>http://www.tvrage.com/shows/id-10042/episodes/340735</link><title>Pressure!</title></episode>
<episode><epnum>23</epnum><seasonnum>23</seasonnum><prodnum></prodnum><airdate>2006-03-07</airdate><link>http://www.tvrage.com/shows/id-10042/episodes/340736</link><title>Last Chance!</title></episode>
<episode><epnum>24</epnum><seasonnum>24</seasonnum><prodnum></prodnum><airdate>2006-03-14</airdate><link>http://www.tvrage.com/shows/id-10042/episodes/340737</link><title>Condition!</title></episode>
<episode><epnum>25</epnum><seasonnum>25</seasonnum><prodnum></prodnum><airdate>2006-03-21</airdate><link>http://www.tvrage.com/shows/id-10042/episodes/340738</link><title>Reverse!</title></episode>
<episode><epnum>26</epnum><seasonnum>26</seasonnum><prodnum></prodnum><airdate>2006-03-28</airdate><link>http://www.tvrage.com/shows/id-10042/episodes/340739</link><title>Traction!</title></episode>
<episode><epnum>27</epnum><seasonnum>27</seasonnum><prodnum></prodnum><airdate>2006-04-04</airdate><link>http://www.tvrage.com/shows/id-10042/episodes/485243</link><title>Blue flag!</title></episode>
<episode><epnum>28</epnum><seasonnum>28</seasonnum><prodnum></prodnum><airdate>2006-04-11</airdate><link>http://www.tvrage.com/shows/id-10042/episodes/485244</link><title>Challenge!</title></episode>
<episode><epnum>29</epnum><seasonnum>29</seasonnum><prodnum></prodnum><airdate>2006-04-18</airdate><link>http://www.tvrage.com/shows/id-10042/episodes/485245</link><title>Slick tire!</title></episode>
<episode><epnum>30</epnum><seasonnum>30</seasonnum><prodnum></prodnum><airdate>2006-04-25</airdate><link>http://www.tvrage.com/shows/id-10042/episodes/485246</link><title>Hard Rain!</title></episode>
<episode><epnum>31</epnum><seasonnum>31</seasonnum><prodnum></prodnum><airdate>2006-05-02</airdate><link>http://www.tvrage.com/shows/id-10042/episodes/485247</link><title>Side by side!</title></episode>
<episode><epnum>32</epnum><seasonnum>32</seasonnum><prodnum></prodnum><airdate>2006-05-09</airdate><link>http://www.tvrage.com/shows/id-10042/episodes/485248</link><title>Final lap!</title></episode>
<episode><epnum>33</epnum><seasonnum>33</seasonnum><prodnum></prodnum><airdate>2006-05-16</airdate><link>http://www.tvrage.com/shows/id-10042/episodes/485249</link><title>Presentation!</title></episode>
<episode><epnum>34</epnum><seasonnum>34</seasonnum><prodnum></prodnum><airdate>2006-05-23</airdate><link>http://www.tvrage.com/shows/id-10042/episodes/485250</link><title>Scout!</title></episode>
<episode><epnum>35</epnum><seasonnum>35</seasonnum><prodnum></prodnum><airdate>2006-05-30</airdate><link>http://www.tvrage.com/shows/id-10042/episodes/485251</link><title>Performance!</title></episode>
<episode><epnum>36</epnum><seasonnum>36</seasonnum><prodnum></prodnum><airdate>2006-06-06</airdate><link>http://www.tvrage.com/shows/id-10042/episodes/485252</link><title>Idling!</title></episode>
<episode><epnum>37</epnum><seasonnum>37</seasonnum><prodnum></prodnum><airdate>2006-06-13</airdate><link>http://www.tvrage.com/shows/id-10042/episodes/485253</link><title>New Machine!</title></episode>
<episode><epnum>38</epnum><seasonnum>38</seasonnum><prodnum></prodnum><airdate>2006-06-20</airdate><link>http://www.tvrage.com/shows/id-10042/episodes/485254</link><title>Formula stele!</title></episode>
<episode><epnum>39</epnum><seasonnum>39</seasonnum><prodnum></prodnum><airdate>2006-06-27</airdate><link>http://www.tvrage.com/shows/id-10042/episodes/485255</link><title>First Step!</title></episode>
<episode><epnum>40</epnum><seasonnum>40</seasonnum><prodnum></prodnum><airdate>2006-07-04</airdate><link>http://www.tvrage.com/shows/id-10042/episodes/485256</link><title>Shift Up!</title></episode>
<episode><epnum>41</epnum><seasonnum>41</seasonnum><prodnum></prodnum><airdate>2006-07-11</airdate><link>http://www.tvrage.com/shows/id-10042/episodes/485257</link><title>Blind Corner!</title></episode>
<episode><epnum>42</epnum><seasonnum>42</seasonnum><prodnum></prodnum><airdate>2006-07-18</airdate><link>http://www.tvrage.com/shows/id-10042/episodes/485258</link><title>Turning Point!</title></episode>
<episode><epnum>43</epnum><seasonnum>43</seasonnum><prodnum></prodnum><airdate>2006-07-25</airdate><link>http://www.tvrage.com/shows/id-10042/episodes/485259</link><title>Hit Up!</title></episode>
<episode><epnum>44</epnum><seasonnum>44</seasonnum><prodnum></prodnum><airdate>2006-08-01</airdate><link>http://www.tvrage.com/shows/id-10042/episodes/485260</link><title>Pit In!</title></episode>
<episode><epnum>45</epnum><seasonnum>45</seasonnum><prodnum></prodnum><airdate>2006-08-08</airdate><link>http://www.tvrage.com/shows/id-10042/episodes/485261</link><title>Victory Road!</title></episode>
<episode><epnum>46</epnum><seasonnum>46</seasonnum><prodnum></prodnum><airdate>2006-08-15</airdate><link>http://www.tvrage.com/shows/id-10042/episodes/485262</link><title>Audition!</title></episode>
<episode><epnum>47</epnum><seasonnum>47</seasonnum><prodnum></prodnum><airdate>2006-08-22</airdate><link>http://www.tvrage.com/shows/id-10042/episodes/485263</link><title>Perfect Win!</title></episode>
<episode><epnum>48</epnum><seasonnum>48</seasonnum><prodnum></prodnum><airdate>2006-08-29</airdate><link>http://www.tvrage.com/shows/id-10042/episodes/485264</link><title>Next Stage!</title></episode>
<episode><epnum>49</epnum><seasonnum>49</seasonnum><prodnum></prodnum><airdate>2006-09-05</airdate><link>http://www.tvrage.com/shows/id-10042/episodes/485265</link><title>Versus!</title></episode>
<episode><epnum>50</epnum><seasonnum>50</seasonnum><prodnum></prodnum><airdate>2006-09-12</airdate><link>http://www.tvrage.com/shows/id-10042/episodes/485266</link><title>Second Driver!</title></episode>
<episode><epnum>51</epnum><seasonnum>51</seasonnum><prodnum></prodnum><airdate>2006-09-19</airdate><link>http://www.tvrage.com/shows/id-10042/episodes/485267</link><title>Red Zone!</title></episode>
<episode><epnum>52</epnum><seasonnum>52</seasonnum><prodnum></prodnum><airdate>2006-09-26</airdate><link>http://www.tvrage.com/shows/id-10042/episodes/485268</link><title>Checker Flag!</title></episode>
</Season>

</Episodelist>

</Show>