<?xml version="1.0" encoding="UTF-8" ?>


<Show>
<name>Change Of Heart</name>
<totalseasons>1</totalseasons>
<showid>10054</showid>
<showlink>http://tvrage.com/shows/id-10054</showlink>
<started>Sep/21/1998</started>
<ended>May/2003</ended>
<image>http://images.tvrage.com/shows/11/10054.jpg</image>
<origin_country>US</origin_country>
<status>Canceled/Ended</status>
<classification>Game Show</classification>
<runtime>30</runtime>
<network country="US">Syndicated</network>
<airtime>12:00</airtime>
<timezone>GMT-5 -DST</timezone>

</Show>