<?xml version="1.0" encoding="UTF-8" ?>


<Show>
<name>Child's Play</name>
<totalseasons>5</totalseasons>
<showid>10056</showid>
<showlink>http://tvrage.com/shows/id-10056</showlink>
<started>Jan/07/1984</started>
<ended>Aug/26/1988</ended>
<image>http://images.tvrage.com/shows/11/10056.jpg</image>
<origin_country>UK</origin_country>
<status>Canceled/Ended</status>
<classification>Game Show</classification>
<runtime>30</runtime>
<network country="UK">ITV</network>
<airtime>19:00</airtime>
<airday>Sunday</airday>
<timezone>GMT+0 -DST</timezone>
<Episodelist>

<Season no="1">
<episode><epnum>1</epnum><seasonnum>01</seasonnum><prodnum></prodnum><airdate>1984-01-07</airdate><link>http://www.tvrage.com/shows/id-10056/episodes/1064812730</link><title>Series 1, Show 1</title></episode>
<episode><epnum>2</epnum><seasonnum>02</seasonnum><prodnum></prodnum><airdate>1984-01-14</airdate><link>http://www.tvrage.com/shows/id-10056/episodes/1064812731</link><title>Series 1, Show 2</title></episode>
<episode><epnum>3</epnum><seasonnum>03</seasonnum><prodnum></prodnum><airdate>1984-01-21</airdate><link>http://www.tvrage.com/shows/id-10056/episodes/1064812732</link><title>Series 1, Show 3</title></episode>
<episode><epnum>4</epnum><seasonnum>04</seasonnum><prodnum></prodnum><airdate>1984-01-28</airdate><link>http://www.tvrage.com/shows/id-10056/episodes/1064812733</link><title>Series 1, Show 4</title></episode>
<episode><epnum>5</epnum><seasonnum>05</seasonnum><prodnum></prodnum><airdate>1984-02-04</airdate><link>http://www.tvrage.com/shows/id-10056/episodes/1064812734</link><title>Series 1, Show 5</title></episode>
<episode><epnum>6</epnum><seasonnum>06</seasonnum><prodnum></prodnum><airdate>1984-02-11</airdate><link>http://www.tvrage.com/shows/id-10056/episodes/1064812735</link><title>Series 1, Show 6</title></episode>
<episode><epnum>7</epnum><seasonnum>07</seasonnum><prodnum></prodnum><airdate>1984-02-18</airdate><link>http://www.tvrage.com/shows/id-10056/episodes/1064812736</link><title>Series 1, Show 7</title></episode>
<episode><epnum>8</epnum><seasonnum>08</seasonnum><prodnum></prodnum><airdate>1984-02-25</airdate><link>http://www.tvrage.com/shows/id-10056/episodes/1064812737</link><title>Series 1, Show 8</title></episode>
<episode><epnum>9</epnum><seasonnum>09</seasonnum><prodnum></prodnum><airdate>1984-03-03</airdate><link>http://www.tvrage.com/shows/id-10056/episodes/1064812738</link><title>Series 1, Show 9</title></episode>
<episode><epnum>10</epnum><seasonnum>10</seasonnum><prodnum></prodnum><airdate>1984-03-10</airdate><link>http://www.tvrage.com/shows/id-10056/episodes/1064812739</link><title>Series 1, Show 10</title></episode>
<episode><epnum>11</epnum><seasonnum>11</seasonnum><prodnum></prodnum><airdate>1984-03-17</airdate><link>http://www.tvrage.com/shows/id-10056/episodes/1064812740</link><title>Series 1, Show 11</title></episode>
<episode><epnum>12</epnum><seasonnum>12</seasonnum><prodnum></prodnum><airdate>1984-03-24</airdate><link>http://www.tvrage.com/shows/id-10056/episodes/1064812741</link><title>Series 1, Show 12</title></episode>
<episode><epnum>13</epnum><seasonnum>13</seasonnum><prodnum></prodnum><airdate>1984-03-31</airdate><link>http://www.tvrage.com/shows/id-10056/episodes/1064812742</link><title>Series 1, Show 13</title></episode>
<episode><epnum>14</epnum><seasonnum>14</seasonnum><prodnum></prodnum><airdate>1984-04-07</airdate><link>http://www.tvrage.com/shows/id-10056/episodes/1064812743</link><title>Series 1, Show 14</title></episode>
<episode><epnum>15</epnum><seasonnum>15</seasonnum><prodnum></prodnum><airdate>1984-04-14</airdate><link>http://www.tvrage.com/shows/id-10056/episodes/1064812744</link><title>Series 1, Show 15</title></episode>
<episode><epnum>16</epnum><seasonnum>16</seasonnum><prodnum></prodnum><airdate>1984-04-21</airdate><link>http://www.tvrage.com/shows/id-10056/episodes/1064812745</link><title>Series 1, Show 16</title></episode>
</Season>

<Season no="2">
<episode><epnum>17</epnum><seasonnum>01</seasonnum><prodnum></prodnum><airdate>1984-08-26</airdate><link>http://www.tvrage.com/shows/id-10056/episodes/1064812746</link><title>Series 2, Show 1</title></episode>
<episode><epnum>18</epnum><seasonnum>02</seasonnum><prodnum></prodnum><airdate>1984-09-02</airdate><link>http://www.tvrage.com/shows/id-10056/episodes/1064812747</link><title>Series 2, Show 2</title></episode>
<episode><epnum>19</epnum><seasonnum>03</seasonnum><prodnum></prodnum><airdate>1984-09-09</airdate><link>http://www.tvrage.com/shows/id-10056/episodes/1064812748</link><title>Series 2, Show 3</title></episode>
<episode><epnum>20</epnum><seasonnum>04</seasonnum><prodnum></prodnum><airdate>1984-09-16</airdate><link>http://www.tvrage.com/shows/id-10056/episodes/1064812749</link><title>Series 2, Show 4</title></episode>
<episode><epnum>21</epnum><seasonnum>05</seasonnum><prodnum></prodnum><airdate>1984-09-23</airdate><link>http://www.tvrage.com/shows/id-10056/episodes/1064812750</link><title>Series 2, Show 5</title></episode>
<episode><epnum>22</epnum><seasonnum>06</seasonnum><prodnum></prodnum><airdate>1984-09-30</airdate><link>http://www.tvrage.com/shows/id-10056/episodes/1064812751</link><title>Series 2, Show 6</title></episode>
<episode><epnum>23</epnum><seasonnum>07</seasonnum><prodnum></prodnum><airdate>1984-10-07</airdate><link>http://www.tvrage.com/shows/id-10056/episodes/1064812752</link><title>Series 2, Show 7</title></episode>
<episode><epnum>24</epnum><seasonnum>08</seasonnum><prodnum></prodnum><airdate>1984-10-14</airdate><link>http://www.tvrage.com/shows/id-10056/episodes/1064812753</link><title>Series 2, Show 8</title></episode>
<episode><epnum>25</epnum><seasonnum>09</seasonnum><prodnum></prodnum><airdate>1984-10-21</airdate><link>http://www.tvrage.com/shows/id-10056/episodes/1064812754</link><title>Series 2, Show 9</title></episode>
<episode><epnum>26</epnum><seasonnum>10</seasonnum><prodnum></prodnum><airdate>1984-11-18</airdate><link>http://www.tvrage.com/shows/id-10056/episodes/1064812755</link><title>Series 2, Show 10</title></episode>
<episode><epnum>27</epnum><seasonnum>11</seasonnum><prodnum></prodnum><airdate>1984-11-25</airdate><link>http://www.tvrage.com/shows/id-10056/episodes/1064812756</link><title>Series 2, Show 11</title></episode>
<episode><epnum>28</epnum><seasonnum>12</seasonnum><prodnum></prodnum><airdate>1984-12-02</airdate><link>http://www.tvrage.com/shows/id-10056/episodes/1064812757</link><title>Series 2, Show 12</title></episode>
<episode><epnum>29</epnum><seasonnum>13</seasonnum><prodnum></prodnum><airdate>1984-12-09</airdate><link>http://www.tvrage.com/shows/id-10056/episodes/1064812758</link><title>Series 2, Show 13</title></episode>
<episode><epnum>30</epnum><seasonnum>14</seasonnum><prodnum></prodnum><airdate>1984-12-16</airdate><link>http://www.tvrage.com/shows/id-10056/episodes/1064812759</link><title>Series 2, Show 14</title></episode>
</Season>

<Season no="3">
<episode><epnum>31</epnum><seasonnum>01</seasonnum><prodnum></prodnum><airdate>1985-08-31</airdate><link>http://www.tvrage.com/shows/id-10056/episodes/1064812760</link><title>Series 3, Show 1</title></episode>
<episode><epnum>32</epnum><seasonnum>02</seasonnum><prodnum></prodnum><airdate>1985-09-07</airdate><link>http://www.tvrage.com/shows/id-10056/episodes/1064812761</link><title>Series 3, Show 2</title></episode>
<episode><epnum>33</epnum><seasonnum>03</seasonnum><prodnum></prodnum><airdate>1985-09-14</airdate><link>http://www.tvrage.com/shows/id-10056/episodes/1064812762</link><title>Series 3, Show 3</title></episode>
<episode><epnum>34</epnum><seasonnum>04</seasonnum><prodnum></prodnum><airdate>1985-09-21</airdate><link>http://www.tvrage.com/shows/id-10056/episodes/1064812763</link><title>Series 3, Show 4</title></episode>
<episode><epnum>35</epnum><seasonnum>05</seasonnum><prodnum></prodnum><airdate>1985-09-28</airdate><link>http://www.tvrage.com/shows/id-10056/episodes/1064812764</link><title>Series 3, Show 5</title></episode>
<episode><epnum>36</epnum><seasonnum>06</seasonnum><prodnum></prodnum><airdate>1985-10-05</airdate><link>http://www.tvrage.com/shows/id-10056/episodes/1064812765</link><title>Series 3, Show 6</title></episode>
<episode><epnum>37</epnum><seasonnum>07</seasonnum><prodnum></prodnum><airdate>1985-10-12</airdate><link>http://www.tvrage.com/shows/id-10056/episodes/1064812766</link><title>Series 3, Show 7</title></episode>
<episode><epnum>38</epnum><seasonnum>08</seasonnum><prodnum></prodnum><airdate>1985-10-19</airdate><link>http://www.tvrage.com/shows/id-10056/episodes/1064812767</link><title>Series 3, Show 8</title></episode>
<episode><epnum>39</epnum><seasonnum>09</seasonnum><prodnum></prodnum><airdate>1985-10-26</airdate><link>http://www.tvrage.com/shows/id-10056/episodes/1064812768</link><title>Series 3, Show 9</title></episode>
<episode><epnum>40</epnum><seasonnum>10</seasonnum><prodnum></prodnum><airdate>1985-11-02</airdate><link>http://www.tvrage.com/shows/id-10056/episodes/1064812769</link><title>Series 3, Show 10</title></episode>
<episode><epnum>41</epnum><seasonnum>11</seasonnum><prodnum></prodnum><airdate>1985-11-09</airdate><link>http://www.tvrage.com/shows/id-10056/episodes/1064812770</link><title>Series 3, Show 11</title></episode>
<episode><epnum>42</epnum><seasonnum>12</seasonnum><prodnum></prodnum><airdate>1985-11-16</airdate><link>http://www.tvrage.com/shows/id-10056/episodes/1064812771</link><title>Series 3, Show 12</title></episode>
<episode><epnum>43</epnum><seasonnum>13</seasonnum><prodnum></prodnum><airdate>1985-11-23</airdate><link>http://www.tvrage.com/shows/id-10056/episodes/1064812772</link><title>Series 3, Show 13</title></episode>
<episode><epnum>44</epnum><seasonnum>14</seasonnum><prodnum></prodnum><airdate>1985-12-22</airdate><link>http://www.tvrage.com/shows/id-10056/episodes/1064812773</link><title>Series 3, Christmas Special</title></episode>
<episode><epnum>45</epnum><seasonnum>15</seasonnum><prodnum></prodnum><airdate>1986-04-05</airdate><link>http://www.tvrage.com/shows/id-10056/episodes/1064812774</link><title>Series 3, Show 15</title></episode>
<episode><epnum>46</epnum><seasonnum>16</seasonnum><prodnum></prodnum><airdate>1986-04-12</airdate><link>http://www.tvrage.com/shows/id-10056/episodes/1064812775</link><title>Series 3, Show 16</title></episode>
<episode><epnum>47</epnum><seasonnum>17</seasonnum><prodnum></prodnum><airdate>1986-04-19</airdate><link>http://www.tvrage.com/shows/id-10056/episodes/1064812776</link><title>Series 3, Show 17</title></episode>
</Season>

<Season no="4">
<episode><epnum>48</epnum><seasonnum>01</seasonnum><prodnum></prodnum><airdate>1986-04-26</airdate><link>http://www.tvrage.com/shows/id-10056/episodes/1064812777</link><title>Series 4, Show 1</title></episode>
<episode><epnum>49</epnum><seasonnum>02</seasonnum><prodnum></prodnum><airdate>1986-05-03</airdate><link>http://www.tvrage.com/shows/id-10056/episodes/1064812778</link><title>Series 4, Show 2</title></episode>
<episode><epnum>50</epnum><seasonnum>03</seasonnum><prodnum></prodnum><airdate>1986-05-10</airdate><link>http://www.tvrage.com/shows/id-10056/episodes/1064812779</link><title>Series 4, Show 3</title></episode>
<episode><epnum>51</epnum><seasonnum>04</seasonnum><prodnum></prodnum><airdate>1986-09-14</airdate><link>http://www.tvrage.com/shows/id-10056/episodes/1064812780</link><title>Series 4, Show 4</title></episode>
<episode><epnum>52</epnum><seasonnum>05</seasonnum><prodnum></prodnum><airdate>1986-09-21</airdate><link>http://www.tvrage.com/shows/id-10056/episodes/1064812781</link><title>Series 4, Show 5</title></episode>
<episode><epnum>53</epnum><seasonnum>06</seasonnum><prodnum></prodnum><airdate>1986-09-28</airdate><link>http://www.tvrage.com/shows/id-10056/episodes/1064812782</link><title>Series 4, Show 6</title></episode>
<episode><epnum>54</epnum><seasonnum>07</seasonnum><prodnum></prodnum><airdate>1986-10-05</airdate><link>http://www.tvrage.com/shows/id-10056/episodes/1064812783</link><title>Series 4, Show 7</title></episode>
<episode><epnum>55</epnum><seasonnum>08</seasonnum><prodnum></prodnum><airdate>1986-10-12</airdate><link>http://www.tvrage.com/shows/id-10056/episodes/1064812784</link><title>Series 4, Show 8</title></episode>
<episode><epnum>56</epnum><seasonnum>09</seasonnum><prodnum></prodnum><airdate>1986-10-19</airdate><link>http://www.tvrage.com/shows/id-10056/episodes/1064812785</link><title>Series 4, Show 9</title></episode>
<episode><epnum>57</epnum><seasonnum>10</seasonnum><prodnum></prodnum><airdate>1986-10-26</airdate><link>http://www.tvrage.com/shows/id-10056/episodes/1064812786</link><title>Series 4, Show 10</title></episode>
<episode><epnum>58</epnum><seasonnum>11</seasonnum><prodnum></prodnum><airdate>1986-11-02</airdate><link>http://www.tvrage.com/shows/id-10056/episodes/1064812787</link><title>Series 4, Show 11</title></episode>
<episode><epnum>59</epnum><seasonnum>12</seasonnum><prodnum></prodnum><airdate>1986-11-09</airdate><link>http://www.tvrage.com/shows/id-10056/episodes/1064812788</link><title>Series 4, Show 12</title></episode>
<episode><epnum>60</epnum><seasonnum>13</seasonnum><prodnum></prodnum><airdate>1986-11-16</airdate><link>http://www.tvrage.com/shows/id-10056/episodes/1064812789</link><title>Series 4, Show 13</title></episode>
<episode><epnum>61</epnum><seasonnum>14</seasonnum><prodnum></prodnum><airdate>1986-11-30</airdate><link>http://www.tvrage.com/shows/id-10056/episodes/1064812790</link><title>Series 4, Show 14</title></episode>
<episode><epnum>62</epnum><seasonnum>15</seasonnum><prodnum></prodnum><airdate>1986-12-07</airdate><link>http://www.tvrage.com/shows/id-10056/episodes/1064812791</link><title>Series 4, Show 15</title></episode>
<episode><epnum>63</epnum><seasonnum>16</seasonnum><prodnum></prodnum><airdate>1986-12-14</airdate><link>http://www.tvrage.com/shows/id-10056/episodes/1064812792</link><title>Series 4, Show 16</title></episode>
</Season>

<Season no="5">
<episode><epnum>64</epnum><seasonnum>01</seasonnum><prodnum></prodnum><airdate>1987-09-06</airdate><link>http://www.tvrage.com/shows/id-10056/episodes/1064812793</link><title>Series 5, Show 1</title></episode>
<episode><epnum>65</epnum><seasonnum>02</seasonnum><prodnum></prodnum><airdate>1987-09-13</airdate><link>http://www.tvrage.com/shows/id-10056/episodes/1064812794</link><title>Series 5, Show 2</title></episode>
<episode><epnum>66</epnum><seasonnum>03</seasonnum><prodnum></prodnum><airdate>1987-09-20</airdate><link>http://www.tvrage.com/shows/id-10056/episodes/1064812795</link><title>Series 5, Show 3</title></episode>
<episode><epnum>67</epnum><seasonnum>04</seasonnum><prodnum></prodnum><airdate>1987-09-27</airdate><link>http://www.tvrage.com/shows/id-10056/episodes/1064812796</link><title>Series 5, Show 4</title></episode>
<episode><epnum>68</epnum><seasonnum>05</seasonnum><prodnum></prodnum><airdate>1987-10-04</airdate><link>http://www.tvrage.com/shows/id-10056/episodes/1064812797</link><title>Series 5, Show 5</title></episode>
<episode><epnum>69</epnum><seasonnum>06</seasonnum><prodnum></prodnum><airdate>1987-10-11</airdate><link>http://www.tvrage.com/shows/id-10056/episodes/1064812798</link><title>Series 5, Show 6</title></episode>
<episode><epnum>70</epnum><seasonnum>07</seasonnum><prodnum></prodnum><airdate>1988-04-01</airdate><link>http://www.tvrage.com/shows/id-10056/episodes/1064812799</link><title>Series 5, Show 7</title></episode>
<episode><epnum>71</epnum><seasonnum>08</seasonnum><prodnum></prodnum><airdate>1988-04-08</airdate><link>http://www.tvrage.com/shows/id-10056/episodes/1064812800</link><title>Series 5, Show 8</title></episode>
<episode><epnum>72</epnum><seasonnum>09</seasonnum><prodnum></prodnum><airdate>1988-04-15</airdate><link>http://www.tvrage.com/shows/id-10056/episodes/1064812801</link><title>Series 5, Show 9</title></episode>
<episode><epnum>73</epnum><seasonnum>10</seasonnum><prodnum></prodnum><airdate>1988-04-22</airdate><link>http://www.tvrage.com/shows/id-10056/episodes/1064812802</link><title>Series 5, Show 10</title></episode>
<episode><epnum>74</epnum><seasonnum>11</seasonnum><prodnum></prodnum><airdate>1988-08-12</airdate><link>http://www.tvrage.com/shows/id-10056/episodes/1064812803</link><title>Series 5, Show 11</title></episode>
<episode><epnum>75</epnum><seasonnum>12</seasonnum><prodnum></prodnum><airdate>1988-08-19</airdate><link>http://www.tvrage.com/shows/id-10056/episodes/1064812804</link><title>Series 5, Show 12</title></episode>
<episode><epnum>76</epnum><seasonnum>13</seasonnum><prodnum></prodnum><airdate>1988-08-26</airdate><link>http://www.tvrage.com/shows/id-10056/episodes/1064812805</link><title>Series 5, Show 13</title></episode>
</Season>

</Episodelist>

</Show>