<?xml version="1.0" encoding="UTF-8" ?>


<Show>
<name>The Chair (US)</name>
<totalseasons>1</totalseasons>
<showid>10052</showid>
<showlink>http://tvrage.com/The_Chair_US</showlink>
<started>Jan/15/2002</started>
<ended>Mar/05/2002</ended>
<image>http://images.tvrage.com/shows/11/10052.jpg</image>
<origin_country>US</origin_country>
<status>Canceled/Ended</status>
<classification>Game Show</classification>
<runtime>60</runtime>
<network country="US">ABC</network>
<airtime>21:00</airtime>
<airday>Tuesday</airday>
<timezone>GMT-5 -DST</timezone>
<Episodelist>

<Season no="1">
<episode><epnum>1</epnum><seasonnum>01</seasonnum><prodnum>1001</prodnum><airdate>2002-01-15</airdate><link>http://www.tvrage.com/The_Chair_US/episodes/734194</link><title>Episode 101</title></episode>
</Season>

</Episodelist>

</Show>