<?xml version="1.0" encoding="UTF-8" ?>


<Show>
<name>Chains Of Love</name>
<totalseasons>1</totalseasons>
<showid>10050</showid>
<showlink>http://tvrage.com/shows/id-10050</showlink>
<started>Apr/17/2001</started>
<ended>May/22/2001</ended>
<image>http://images.tvrage.com/shows/11/10050.jpg</image>
<origin_country>US</origin_country>
<status>Canceled/Ended</status>
<classification>Reality</classification>
<genres><genre>Romance/Dating</genre></genres>
<runtime>60</runtime>
<network country="US">UPN</network>
<airtime>20:00</airtime>
<airday>Tuesday</airday>
<timezone>GMT-5 -DST</timezone>
<Episodelist>

<Season no="1">
<episode><epnum>1</epnum><seasonnum>01</seasonnum><prodnum></prodnum><airdate>2001-04-17</airdate><link>http://www.tvrage.com/shows/id-10050/episodes/1065172498</link><title>Stephanie</title></episode>
<episode><epnum>2</epnum><seasonnum>02</seasonnum><prodnum></prodnum><airdate>2001-04-24</airdate><link>http://www.tvrage.com/shows/id-10050/episodes/1065172499</link><title>Andy</title></episode>
<episode><epnum>3</epnum><seasonnum>03</seasonnum><prodnum></prodnum><airdate>2001-05-01</airdate><link>http://www.tvrage.com/shows/id-10050/episodes/1065172500</link><title>Jennifer</title></episode>
<episode><epnum>4</epnum><seasonnum>04</seasonnum><prodnum></prodnum><airdate>2001-05-08</airdate><link>http://www.tvrage.com/shows/id-10050/episodes/1065172501</link><title>John</title></episode>
<episode><epnum>5</epnum><seasonnum>05</seasonnum><prodnum></prodnum><airdate>2001-05-15</airdate><link>http://www.tvrage.com/shows/id-10050/episodes/1065172502</link><title>Jenny</title></episode>
<episode><epnum>6</epnum><seasonnum>06</seasonnum><prodnum></prodnum><airdate>2001-05-22</airdate><link>http://www.tvrage.com/shows/id-10050/episodes/1065172503</link><title>Tomas</title></episode>
</Season>

</Episodelist>

</Show>