<?xml version="1.0" encoding="UTF-8" ?>


<Show>
<name>Challenge Anneka</name>
<totalseasons>7</totalseasons>
<showid>10051</showid>
<showlink>http://tvrage.com/shows/id-10051</showlink>
<started>Aug/1989</started>
<ended>Apr/1994</ended>
<image>http://images.tvrage.com/shows/11/10051.jpg</image>
<origin_country>UK</origin_country>
<status>Canceled/Ended</status>
<classification>Game Show</classification>
<runtime>30</runtime>
<network country="UK">BBC One</network>
<airtime>12:00</airtime>
<timezone>GMT+0 -DST</timezone>
<Episodelist>

<Season no="1">
<episode><epnum>2</epnum><seasonnum>02</seasonnum><prodnum></prodnum><airdate>1989-09-08</airdate><link>http://www.tvrage.com/shows/id-10051/episodes/385352</link><title>Series 1, Show 1</title></episode>
<episode><epnum>3</epnum><seasonnum>03</seasonnum><prodnum></prodnum><airdate>1989-09-15</airdate><link>http://www.tvrage.com/shows/id-10051/episodes/385353</link><title>Series 1, Show 2</title></episode>
<episode><epnum>4</epnum><seasonnum>04</seasonnum><prodnum></prodnum><airdate>1989-09-22</airdate><link>http://www.tvrage.com/shows/id-10051/episodes/385354</link><title>Series 1, Show 3</title></episode>
<episode><epnum>5</epnum><seasonnum>05</seasonnum><prodnum></prodnum><airdate>1989-09-29</airdate><link>http://www.tvrage.com/shows/id-10051/episodes/385355</link><title>Series 1, Show 4</title></episode>
<episode><epnum>6</epnum><seasonnum>06</seasonnum><prodnum></prodnum><airdate>1989-10-06</airdate><link>http://www.tvrage.com/shows/id-10051/episodes/385356</link><title>Series 1, Show 5</title></episode>
<episode><epnum>7</epnum><seasonnum>07</seasonnum><prodnum></prodnum><airdate>1989-10-13</airdate><link>http://www.tvrage.com/shows/id-10051/episodes/385357</link><title>Series 1, Show 6</title></episode>
<episode><epnum>8</epnum><seasonnum>08</seasonnum><prodnum></prodnum><airdate>1989-10-20</airdate><link>http://www.tvrage.com/shows/id-10051/episodes/385358</link><title>Series 1, Show 7</title></episode>
<episode><epnum>9</epnum><seasonnum>09</seasonnum><prodnum></prodnum><airdate>1989-10-27</airdate><link>http://www.tvrage.com/shows/id-10051/episodes/385359</link><title>Series 1, Show 8</title></episode>
<episode><epnum>10</epnum><seasonnum>10</seasonnum><prodnum></prodnum><airdate>1989-11-03</airdate><link>http://www.tvrage.com/shows/id-10051/episodes/385360</link><title>Series 1, Show 9</title></episode>
<episode><epnum>11</epnum><seasonnum>11</seasonnum><prodnum></prodnum><airdate>1989-11-10</airdate><link>http://www.tvrage.com/shows/id-10051/episodes/385361</link><title>Series 1, Show 10</title></episode>
</Season>

<Season no="2">
<episode><epnum>12</epnum><seasonnum>01</seasonnum><prodnum></prodnum><airdate>1990-11-10</airdate><link>http://www.tvrage.com/shows/id-10051/episodes/385362</link><title>Series 2, Show 1</title></episode>
<episode><epnum>13</epnum><seasonnum>02</seasonnum><prodnum></prodnum><airdate>1990-11-17</airdate><link>http://www.tvrage.com/shows/id-10051/episodes/385363</link><title>Series 2, Show 2</title></episode>
<episode><epnum>14</epnum><seasonnum>03</seasonnum><prodnum></prodnum><airdate>1990-11-24</airdate><link>http://www.tvrage.com/shows/id-10051/episodes/385364</link><title>Series 2, Show 3</title></episode>
<episode><epnum>15</epnum><seasonnum>04</seasonnum><prodnum></prodnum><airdate>1990-12-01</airdate><link>http://www.tvrage.com/shows/id-10051/episodes/385365</link><title>Series 2, Show 4</title></episode>
<episode><epnum>16</epnum><seasonnum>05</seasonnum><prodnum></prodnum><airdate>1990-12-08</airdate><link>http://www.tvrage.com/shows/id-10051/episodes/385366</link><title>Series 2, Show 5</title></episode>
<episode><epnum>17</epnum><seasonnum>06</seasonnum><prodnum></prodnum><airdate>1990-12-15</airdate><link>http://www.tvrage.com/shows/id-10051/episodes/385367</link><title>Series 2, Show 6</title></episode>
<episode><epnum>18</epnum><seasonnum>07</seasonnum><prodnum></prodnum><airdate>1990-12-22</airdate><link>http://www.tvrage.com/shows/id-10051/episodes/385368</link><title>Series 2, Show 7</title></episode>
<episode><epnum>19</epnum><seasonnum>08</seasonnum><prodnum></prodnum><airdate>1990-12-29</airdate><link>http://www.tvrage.com/shows/id-10051/episodes/385369</link><title>Series 2, Show 8</title></episode>
<episode><epnum>20</epnum><seasonnum>09</seasonnum><prodnum></prodnum><airdate>1991-01-05</airdate><link>http://www.tvrage.com/shows/id-10051/episodes/385370</link><title>Series 2, Show 9</title></episode>
<episode><epnum>21</epnum><seasonnum>10</seasonnum><prodnum></prodnum><airdate>1991-01-12</airdate><link>http://www.tvrage.com/shows/id-10051/episodes/385371</link><title>Series 2, Show 10</title></episode>
</Season>

<Season no="3">
<episode><epnum>22</epnum><seasonnum>01</seasonnum><prodnum></prodnum><airdate>1991-09-14</airdate><link>http://www.tvrage.com/shows/id-10051/episodes/385372</link><title>Series 3, Show 1</title></episode>
<episode><epnum>23</epnum><seasonnum>02</seasonnum><prodnum></prodnum><airdate>1991-09-21</airdate><link>http://www.tvrage.com/shows/id-10051/episodes/385373</link><title>Series 3, Show 2</title></episode>
<episode><epnum>24</epnum><seasonnum>03</seasonnum><prodnum></prodnum><airdate>1991-09-28</airdate><link>http://www.tvrage.com/shows/id-10051/episodes/385374</link><title>Series 3, Show 3</title></episode>
<episode><epnum>25</epnum><seasonnum>04</seasonnum><prodnum></prodnum><airdate>1991-10-05</airdate><link>http://www.tvrage.com/shows/id-10051/episodes/385375</link><title>Series 3, Show 4</title></episode>
<episode><epnum>26</epnum><seasonnum>05</seasonnum><prodnum></prodnum><airdate>1991-10-12</airdate><link>http://www.tvrage.com/shows/id-10051/episodes/385376</link><title>Series 3, Show 5</title></episode>
<episode><epnum>27</epnum><seasonnum>06</seasonnum><prodnum></prodnum><airdate>1991-10-19</airdate><link>http://www.tvrage.com/shows/id-10051/episodes/385377</link><title>Series 3, Show 6</title></episode>
<episode><epnum>28</epnum><seasonnum>07</seasonnum><prodnum></prodnum><airdate>1991-10-26</airdate><link>http://www.tvrage.com/shows/id-10051/episodes/385378</link><title>Series 3, Show 7</title></episode>
<episode><epnum>29</epnum><seasonnum>08</seasonnum><prodnum></prodnum><airdate>1991-11-02</airdate><link>http://www.tvrage.com/shows/id-10051/episodes/385379</link><title>Series 3, Show 8</title></episode>
<episode><epnum>30</epnum><seasonnum>09</seasonnum><prodnum></prodnum><airdate>1991-11-09</airdate><link>http://www.tvrage.com/shows/id-10051/episodes/385380</link><title>Series 3, Show 9</title></episode>
<episode><epnum>31</epnum><seasonnum>10</seasonnum><prodnum></prodnum><airdate>1991-11-16</airdate><link>http://www.tvrage.com/shows/id-10051/episodes/385381</link><title>Series 3, Show 10</title></episode>
</Season>

<Season no="4">
<episode><epnum>32</epnum><seasonnum>01</seasonnum><prodnum></prodnum><airdate>1992-01-03</airdate><link>http://www.tvrage.com/shows/id-10051/episodes/385382</link><title>Series 4, Return To Siret</title></episode>
<episode><epnum>33</epnum><seasonnum>02</seasonnum><prodnum></prodnum><airdate>1992-09-11</airdate><link>http://www.tvrage.com/shows/id-10051/episodes/385383</link><title>Series 4, The Best Of Challenge Anneka</title></episode>
<episode><epnum>34</epnum><seasonnum>03</seasonnum><prodnum></prodnum><airdate>1992-09-18</airdate><link>http://www.tvrage.com/shows/id-10051/episodes/385384</link><title>Series 4, Show 1</title></episode>
<episode><epnum>35</epnum><seasonnum>04</seasonnum><prodnum></prodnum><airdate>1992-09-25</airdate><link>http://www.tvrage.com/shows/id-10051/episodes/385385</link><title>Series 4, Show 2</title></episode>
<episode><epnum>36</epnum><seasonnum>05</seasonnum><prodnum></prodnum><airdate>1992-10-02</airdate><link>http://www.tvrage.com/shows/id-10051/episodes/385386</link><title>Series 4, Show 3</title></episode>
<episode><epnum>37</epnum><seasonnum>06</seasonnum><prodnum></prodnum><airdate>1992-10-09</airdate><link>http://www.tvrage.com/shows/id-10051/episodes/385387</link><title>Series 4, Show 4</title></episode>
<episode><epnum>38</epnum><seasonnum>07</seasonnum><prodnum></prodnum><airdate>1992-10-16</airdate><link>http://www.tvrage.com/shows/id-10051/episodes/385388</link><title>Series 4, Show 5</title></episode>
<episode><epnum>39</epnum><seasonnum>08</seasonnum><prodnum></prodnum><airdate>1992-10-23</airdate><link>http://www.tvrage.com/shows/id-10051/episodes/385389</link><title>Series 4, Show 6</title></episode>
<episode><epnum>40</epnum><seasonnum>09</seasonnum><prodnum></prodnum><airdate>1992-11-06</airdate><link>http://www.tvrage.com/shows/id-10051/episodes/385390</link><title>Series 4, Show 7</title></episode>
<episode><epnum>41</epnum><seasonnum>10</seasonnum><prodnum></prodnum><airdate>1992-11-27</airdate><link>http://www.tvrage.com/shows/id-10051/episodes/385391</link><title>Series 4, Show 8</title></episode>
</Season>

<Season no="5">
<episode><epnum>42</epnum><seasonnum>01</seasonnum><prodnum></prodnum><airdate>1993-08-27</airdate><link>http://www.tvrage.com/shows/id-10051/episodes/385392</link><title>Series 5, Challenge Anneka Special</title></episode>
<episode><epnum>43</epnum><seasonnum>02</seasonnum><prodnum></prodnum><airdate>1993-09-04</airdate><link>http://www.tvrage.com/shows/id-10051/episodes/385393</link><title>Series 5, Show 1</title></episode>
<episode><epnum>44</epnum><seasonnum>03</seasonnum><prodnum></prodnum><airdate>1993-09-11</airdate><link>http://www.tvrage.com/shows/id-10051/episodes/385394</link><title>Series 5, Show 2</title></episode>
<episode><epnum>45</epnum><seasonnum>04</seasonnum><prodnum></prodnum><airdate>1993-09-18</airdate><link>http://www.tvrage.com/shows/id-10051/episodes/385395</link><title>Series 5, Show 3</title></episode>
<episode><epnum>46</epnum><seasonnum>05</seasonnum><prodnum></prodnum><airdate>1993-09-25</airdate><link>http://www.tvrage.com/shows/id-10051/episodes/385396</link><title>Series 5, Show 4</title></episode>
<episode><epnum>47</epnum><seasonnum>06</seasonnum><prodnum></prodnum><airdate>1993-10-02</airdate><link>http://www.tvrage.com/shows/id-10051/episodes/385397</link><title>Series 5, Show 5</title></episode>
<episode><epnum>48</epnum><seasonnum>07</seasonnum><prodnum></prodnum><airdate>1993-10-09</airdate><link>http://www.tvrage.com/shows/id-10051/episodes/385398</link><title>Series 5, Show 6</title></episode>
<episode><epnum>49</epnum><seasonnum>08</seasonnum><prodnum></prodnum><airdate>1993-10-16</airdate><link>http://www.tvrage.com/shows/id-10051/episodes/385399</link><title>Series 5, Show 7</title></episode>
</Season>

<Season no="6">
<episode><epnum>50</epnum><seasonnum>01</seasonnum><prodnum></prodnum><airdate>1994-09-03</airdate><link>http://www.tvrage.com/shows/id-10051/episodes/385400</link><title>Series 6, Show 1</title></episode>
<episode><epnum>51</epnum><seasonnum>02</seasonnum><prodnum></prodnum><airdate>1994-09-10</airdate><link>http://www.tvrage.com/shows/id-10051/episodes/385401</link><title>Series 6, Show 2</title></episode>
<episode><epnum>52</epnum><seasonnum>03</seasonnum><prodnum></prodnum><airdate>1994-09-17</airdate><link>http://www.tvrage.com/shows/id-10051/episodes/385402</link><title>Series 6, Show 3</title></episode>
<episode><epnum>53</epnum><seasonnum>04</seasonnum><prodnum></prodnum><airdate>1994-09-24</airdate><link>http://www.tvrage.com/shows/id-10051/episodes/385403</link><title>Series 6, Show 4</title></episode>
<episode><epnum>54</epnum><seasonnum>05</seasonnum><prodnum></prodnum><airdate>1994-10-01</airdate><link>http://www.tvrage.com/shows/id-10051/episodes/385404</link><title>Series 6, Show 5</title></episode>
<episode><epnum>55</epnum><seasonnum>06</seasonnum><prodnum></prodnum><airdate>1994-10-08</airdate><link>http://www.tvrage.com/shows/id-10051/episodes/385405</link><title>Series 6, Show 6</title></episode>
<episode><epnum>56</epnum><seasonnum>07</seasonnum><prodnum></prodnum><airdate>1994-10-15</airdate><link>http://www.tvrage.com/shows/id-10051/episodes/385406</link><title>Series 6, Show 7</title></episode>
</Season>

<Season no="7">
<episode><epnum>57</epnum><seasonnum>01</seasonnum><prodnum></prodnum><airdate>1995-08-27</airdate><link>http://www.tvrage.com/shows/id-10051/episodes/385407</link><title>Series 7, Show 1</title></episode>
<episode><epnum>58</epnum><seasonnum>02</seasonnum><prodnum></prodnum><airdate>1995-09-03</airdate><link>http://www.tvrage.com/shows/id-10051/episodes/385408</link><title>Series 7, Show 2</title></episode>
<episode><epnum>59</epnum><seasonnum>03</seasonnum><prodnum></prodnum><airdate>1995-09-10</airdate><link>http://www.tvrage.com/shows/id-10051/episodes/385409</link><title>Series 7, Show 3</title></episode>
<episode><epnum>60</epnum><seasonnum>04</seasonnum><prodnum></prodnum><airdate>1995-09-17</airdate><link>http://www.tvrage.com/shows/id-10051/episodes/385410</link><title>Series 7, Show 4</title></episode>
<episode><epnum>61</epnum><seasonnum>05</seasonnum><prodnum></prodnum><airdate>1995-09-24</airdate><link>http://www.tvrage.com/shows/id-10051/episodes/385411</link><title>Series 7, Show 5</title></episode>
<episode><epnum>62</epnum><seasonnum>06</seasonnum><prodnum></prodnum><airdate>1995-10-01</airdate><link>http://www.tvrage.com/shows/id-10051/episodes/385412</link><title>Series 7, Show 6</title></episode>
<episode><epnum>63</epnum><seasonnum>07</seasonnum><prodnum></prodnum><airdate>1995-10-08</airdate><link>http://www.tvrage.com/shows/id-10051/episodes/385413</link><title>Series 7, Show 7</title></episode>
<episode><epnum>64</epnum><seasonnum>08</seasonnum><prodnum></prodnum><airdate>1995-10-15</airdate><link>http://www.tvrage.com/shows/id-10051/episodes/385414</link><title>Series 7, Show 8</title></episode>
</Season>

<Special>
<episode><season>1</season><airdate>1988-01-01</airdate><link>http://www.tvrage.com/shows/id-10051/episodes/385351</link><title>Children In Need</title></episode>
</Special>

</Episodelist>

</Show>