<?xml version="1.0" encoding="UTF-8" ?>


<Show>
<name>Dame Edna's Neighbourhood Watch</name>
<totalseasons>1</totalseasons>
<showid>10068</showid>
<showlink>http://tvrage.com/shows/id-10068</showlink>
<started>Sep/19/1992</started>
<ended>Oct/23/1993</ended>
<image>http://images.tvrage.com/shows/11/10068.jpg</image>
<origin_country>UK</origin_country>
<status>Canceled/Ended</status>
<classification>Game Show</classification>
<runtime>30</runtime>
<network country="UK">ITV</network>
<airtime>12:00</airtime>
<airday>Saturday</airday>
<timezone>GMT+0 -DST</timezone>

</Show>