<?xml version="1.0" encoding="UTF-8" ?>


<Show>
<name>The Cooler</name>
<totalseasons>1</totalseasons>
<showid>10063</showid>
<showlink>http://tvrage.com/shows/id-10063</showlink>
<started>Sep/1998</started>
<ended></ended>
<image>http://images.tvrage.com/shows/11/10063.jpg</image>
<origin_country>UK</origin_country>
<status>Canceled/Ended</status>
<classification>Game Show</classification>
<runtime>30</runtime>
<network country="UK">Challenge</network>
<airtime>12:00</airtime>
<timezone>GMT+0 -DST</timezone>

</Show>