<?xml version="1.0" encoding="UTF-8" ?>


<Show>
<name>Hardware</name>
<totalseasons>2</totalseasons>
<showid>1006</showid>
<showlink>http://tvrage.com/shows/id-1006</showlink>
<started>Mar/23/2003</started>
<ended>Apr/11/2004</ended>
<image>http://images.tvrage.com/shows/2/1006.jpg</image>
<origin_country>UK</origin_country>
<status>Canceled/Ended</status>
<classification>Scripted</classification>
<genres><genre>Comedy</genre></genres>
<runtime>30</runtime>
<network country="UK">ITV1</network>
<airtime>20:30</airtime>
<airday>Sunday</airday>
<timezone>GMT+0 -DST</timezone>
<Episodelist>

<Season no="1">
<episode><epnum>1</epnum><seasonnum>01</seasonnum><prodnum></prodnum><airdate>2003-03-23</airdate><link>http://www.tvrage.com/shows/id-1006/episodes/272269</link><title>Nice</title></episode>
<episode><epnum>2</epnum><seasonnum>02</seasonnum><prodnum></prodnum><airdate>2003-03-30</airdate><link>http://www.tvrage.com/shows/id-1006/episodes/272270</link><title>Naked</title></episode>
<episode><epnum>3</epnum><seasonnum>03</seasonnum><prodnum></prodnum><airdate>2003-04-06</airdate><link>http://www.tvrage.com/shows/id-1006/episodes/272271</link><title>Bondage</title></episode>
<episode><epnum>4</epnum><seasonnum>04</seasonnum><prodnum></prodnum><airdate>2003-04-13</airdate><link>http://www.tvrage.com/shows/id-1006/episodes/272272</link><title>Finger</title></episode>
<episode><epnum>5</epnum><seasonnum>05</seasonnum><prodnum></prodnum><airdate>2003-04-20</airdate><link>http://www.tvrage.com/shows/id-1006/episodes/272273</link><title>Women</title></episode>
<episode><epnum>6</epnum><seasonnum>06</seasonnum><prodnum></prodnum><airdate>2003-04-27</airdate><link>http://www.tvrage.com/shows/id-1006/episodes/272274</link><title>Hutch</title></episode>
</Season>

<Season no="2">
<episode><epnum>7</epnum><seasonnum>01</seasonnum><prodnum></prodnum><airdate>2004-03-07</airdate><link>http://www.tvrage.com/shows/id-1006/episodes/272275</link><title>Bastard</title></episode>
<episode><epnum>8</epnum><seasonnum>02</seasonnum><prodnum></prodnum><airdate>2004-03-14</airdate><link>http://www.tvrage.com/shows/id-1006/episodes/272276</link><title>Big Foot</title></episode>
<episode><epnum>9</epnum><seasonnum>03</seasonnum><prodnum></prodnum><airdate>2004-03-21</airdate><link>http://www.tvrage.com/shows/id-1006/episodes/272277</link><title>Nude</title></episode>
<episode><epnum>10</epnum><seasonnum>04</seasonnum><prodnum></prodnum><airdate>2004-03-28</airdate><link>http://www.tvrage.com/shows/id-1006/episodes/272278</link><title>Loser</title></episode>
<episode><epnum>11</epnum><seasonnum>05</seasonnum><prodnum></prodnum><airdate>2004-04-04</airdate><link>http://www.tvrage.com/shows/id-1006/episodes/272279</link><title>Tony Two-Ways</title></episode>
<episode><epnum>12</epnum><seasonnum>06</seasonnum><prodnum></prodnum><airdate>2004-04-11</airdate><link>http://www.tvrage.com/shows/id-1006/episodes/272280</link><title>Celebrity</title></episode>
</Season>

</Episodelist>

</Show>