<?xml version="1.0" encoding="UTF-8" ?>


<Show>
<name>Concentration (UK)</name>
<totalseasons>1</totalseasons>
<showid>10061</showid>
<showlink>http://tvrage.com/Concentration_UK</showlink>
<started>Mar/1958</started>
<ended>Aug/1989</ended>
<image>http://images.tvrage.com/shows/11/10061.jpg</image>
<origin_country>UK</origin_country>
<status>Canceled/Ended</status>
<classification>Game Show</classification>
<runtime>30</runtime>
<network country="UK">ITV Granada</network>
<airtime>12:00</airtime>
<timezone>GMT+0 -DST</timezone>

</Show>