<?xml version="1.0" encoding="UTF-8" ?>


<Show>
<name>Skirts</name>
<totalseasons>1</totalseasons>
<showid>1007</showid>
<showlink>http://tvrage.com/shows/id-1007</showlink>
<started>1990</started>
<ended>1990</ended>
<origin_country>AU</origin_country>
<status>Canceled/Ended</status>
<classification>Scripted</classification>
<genres><genre>Crime</genre><genre>Drama</genre></genres>
<runtime>60</runtime>
<network country="AU">Seven</network>
<airtime>00:00</airtime>
<timezone>GMT+10 -DST</timezone>
<Episodelist>

<Season no="1">
<episode><epnum>100</epnum><seasonnum>01</seasonnum><prodnum></prodnum><airdate>0000-00-00</airdate><link>http://www.tvrage.com/shows/id-1007/episodes/272281</link><title>The Name Of The Game</title></episode>
<episode><epnum>101</epnum><seasonnum>02</seasonnum><prodnum></prodnum><airdate>0000-00-00</airdate><link>http://www.tvrage.com/shows/id-1007/episodes/272282</link><title>Consequences</title></episode>
<episode><epnum>102</epnum><seasonnum>03</seasonnum><prodnum></prodnum><airdate>0000-00-00</airdate><link>http://www.tvrage.com/shows/id-1007/episodes/272283</link><title>The Wrong Impression</title></episode>
<episode><epnum>103</epnum><seasonnum>04</seasonnum><prodnum></prodnum><airdate>0000-00-00</airdate><link>http://www.tvrage.com/shows/id-1007/episodes/272284</link><title>Where The Heart Is</title></episode>
<episode><epnum>104</epnum><seasonnum>05</seasonnum><prodnum></prodnum><airdate>0000-00-00</airdate><link>http://www.tvrage.com/shows/id-1007/episodes/272285</link><title>Mist Green</title></episode>
<episode><epnum>105</epnum><seasonnum>06</seasonnum><prodnum></prodnum><airdate>0000-00-00</airdate><link>http://www.tvrage.com/shows/id-1007/episodes/272286</link><title>Wolf Whistle</title></episode>
<episode><epnum>106</epnum><seasonnum>07</seasonnum><prodnum></prodnum><airdate>0000-00-00</airdate><link>http://www.tvrage.com/shows/id-1007/episodes/272287</link><title>Future Imperfect</title></episode>
</Season>

</Episodelist>

</Show>