<?xml version="1.0" encoding="UTF-8" ?>


<Show>
<name>The Desert Forges</name>
<totalseasons>1</totalseasons>
<showid>10070</showid>
<showlink>http://tvrage.com/shows/id-10070</showlink>
<started>May/2001</started>
<ended></ended>
<image>http://images.tvrage.com/shows/11/10070.jpg</image>
<origin_country>UK</origin_country>
<status>Canceled/Ended</status>
<classification>Game Show</classification>
<runtime>60</runtime>
<network country="UK">Channel 5</network>
<airtime>12:00</airtime>
<timezone>GMT+0 -DST</timezone>

</Show>