<?xml version="1.0" encoding="UTF-8" ?>


<Show>
<name>Detective Quiz</name>
<totalseasons>1</totalseasons>
<showid>10071</showid>
<showlink>http://tvrage.com/shows/id-10071</showlink>
<started>Sep/10/1952</started>
<ended>Sep/24/1952</ended>
<origin_country>CA</origin_country>
<status>Canceled/Ended</status>
<classification>Game Show</classification>
<runtime>30</runtime>
<network country="CA">CBC</network>
<airtime>21:30</airtime>
<airday>Wednesday</airday>
<timezone>GMT-5 -DST</timezone>

</Show>