<?xml version="1.0" encoding="UTF-8" ?>


<Show>
<name>Dog Eat Dog (UK)</name>
<totalseasons>4</totalseasons>
<showid>10073</showid>
<showlink>http://tvrage.com/Dog_Eat_Dog_UK</showlink>
<started>Apr/2001</started>
<ended>Nov/2002</ended>
<image>http://images.tvrage.com/shows/11/10073.jpg</image>
<origin_country>UK</origin_country>
<status>Canceled/Ended</status>
<classification>Game Show</classification>
<runtime>30</runtime>
<network country="UK">BBC One</network>
<airtime>18:55</airtime>
<airday>Saturday</airday>
<timezone>GMT+0 -DST</timezone>
<Episodelist>

<Season no="1">
<episode><epnum>1</epnum><seasonnum>01</seasonnum><prodnum></prodnum><airdate>2001-04-14</airdate><link>http://www.tvrage.com/Dog_Eat_Dog_UK/episodes/495687</link><title>Series 1, Show 1</title></episode>
<episode><epnum>2</epnum><seasonnum>02</seasonnum><prodnum></prodnum><airdate>2001-04-21</airdate><link>http://www.tvrage.com/Dog_Eat_Dog_UK/episodes/495688</link><title>Series 1, Show 2</title></episode>
<episode><epnum>3</epnum><seasonnum>03</seasonnum><prodnum></prodnum><airdate>2001-04-28</airdate><link>http://www.tvrage.com/Dog_Eat_Dog_UK/episodes/495689</link><title>Series 1, Show 3</title></episode>
<episode><epnum>4</epnum><seasonnum>04</seasonnum><prodnum></prodnum><airdate>2001-05-05</airdate><link>http://www.tvrage.com/Dog_Eat_Dog_UK/episodes/495690</link><title>Series 1, Show 4</title></episode>
<episode><epnum>5</epnum><seasonnum>05</seasonnum><prodnum></prodnum><airdate>2001-05-12</airdate><link>http://www.tvrage.com/Dog_Eat_Dog_UK/episodes/495691</link><title>Series 1, Show 5</title></episode>
<episode><epnum>6</epnum><seasonnum>06</seasonnum><prodnum></prodnum><airdate>2001-05-19</airdate><link>http://www.tvrage.com/Dog_Eat_Dog_UK/episodes/495692</link><title>Series 1, Show 6</title></episode>
<episode><epnum>7</epnum><seasonnum>07</seasonnum><prodnum></prodnum><airdate>2001-05-26</airdate><link>http://www.tvrage.com/Dog_Eat_Dog_UK/episodes/495693</link><title>Series 1, Show 7</title></episode>
<episode><epnum>8</epnum><seasonnum>08</seasonnum><prodnum></prodnum><airdate>2001-06-02</airdate><link>http://www.tvrage.com/Dog_Eat_Dog_UK/episodes/495694</link><title>Series 1, Show 8</title></episode>
</Season>

<Season no="2">
<episode><epnum>9</epnum><seasonnum>01</seasonnum><prodnum></prodnum><airdate>2001-09-08</airdate><link>http://www.tvrage.com/Dog_Eat_Dog_UK/episodes/495695</link><title>Series 2, Show 1</title></episode>
<episode><epnum>10</epnum><seasonnum>02</seasonnum><prodnum></prodnum><airdate>2001-09-15</airdate><link>http://www.tvrage.com/Dog_Eat_Dog_UK/episodes/495696</link><title>Series 2, Show 2</title></episode>
<episode><epnum>11</epnum><seasonnum>03</seasonnum><prodnum></prodnum><airdate>2001-09-22</airdate><link>http://www.tvrage.com/Dog_Eat_Dog_UK/episodes/495697</link><title>Series 2, Show 3</title></episode>
<episode><epnum>12</epnum><seasonnum>04</seasonnum><prodnum></prodnum><airdate>2001-09-29</airdate><link>http://www.tvrage.com/Dog_Eat_Dog_UK/episodes/495698</link><title>Series 2, Show 4</title></episode>
<episode><epnum>13</epnum><seasonnum>05</seasonnum><prodnum></prodnum><airdate>2001-10-06</airdate><link>http://www.tvrage.com/Dog_Eat_Dog_UK/episodes/495699</link><title>Series 2, Show 5</title></episode>
<episode><epnum>14</epnum><seasonnum>06</seasonnum><prodnum></prodnum><airdate>2001-10-13</airdate><link>http://www.tvrage.com/Dog_Eat_Dog_UK/episodes/495700</link><title>Series 2, Show 6</title></episode>
<episode><epnum>15</epnum><seasonnum>07</seasonnum><prodnum></prodnum><airdate>2001-10-20</airdate><link>http://www.tvrage.com/Dog_Eat_Dog_UK/episodes/495701</link><title>Series 2, Show 7</title></episode>
</Season>

<Season no="3">
<episode><epnum>17</epnum><seasonnum>02</seasonnum><prodnum></prodnum><airdate>2002-02-02</airdate><link>http://www.tvrage.com/Dog_Eat_Dog_UK/episodes/495703</link><title>Series 3, Show 1</title></episode>
<episode><epnum>18</epnum><seasonnum>03</seasonnum><prodnum></prodnum><airdate>2002-02-09</airdate><link>http://www.tvrage.com/Dog_Eat_Dog_UK/episodes/495704</link><title>Series 3, Show 2</title></episode>
<episode><epnum>19</epnum><seasonnum>04</seasonnum><prodnum></prodnum><airdate>2002-02-16</airdate><link>http://www.tvrage.com/Dog_Eat_Dog_UK/episodes/495705</link><title>Series 3, Show 3</title></episode>
<episode><epnum>20</epnum><seasonnum>05</seasonnum><prodnum></prodnum><airdate>2002-02-23</airdate><link>http://www.tvrage.com/Dog_Eat_Dog_UK/episodes/495706</link><title>Series 3, Show 4</title></episode>
<episode><epnum>21</epnum><seasonnum>06</seasonnum><prodnum></prodnum><airdate>2002-03-02</airdate><link>http://www.tvrage.com/Dog_Eat_Dog_UK/episodes/495707</link><title>Series 3, Show 5</title></episode>
<episode><epnum>22</epnum><seasonnum>07</seasonnum><prodnum></prodnum><airdate>2002-03-09</airdate><link>http://www.tvrage.com/Dog_Eat_Dog_UK/episodes/495708</link><title>Series 3, Show 6</title></episode>
<episode><epnum>23</epnum><seasonnum>08</seasonnum><prodnum></prodnum><airdate>2002-03-16</airdate><link>http://www.tvrage.com/Dog_Eat_Dog_UK/episodes/495709</link><title>Series 3, Show 7</title></episode>
<episode><epnum>24</epnum><seasonnum>09</seasonnum><prodnum></prodnum><airdate>2002-03-23</airdate><link>http://www.tvrage.com/Dog_Eat_Dog_UK/episodes/495719</link><title>Series 3, Show 8</title></episode>
</Season>

<Season no="4">
<episode><epnum>25</epnum><seasonnum>01</seasonnum><prodnum></prodnum><airdate>2002-09-14</airdate><link>http://www.tvrage.com/Dog_Eat_Dog_UK/episodes/495711</link><title>Series 4, Show 1</title></episode>
<episode><epnum>26</epnum><seasonnum>02</seasonnum><prodnum></prodnum><airdate>2002-09-21</airdate><link>http://www.tvrage.com/Dog_Eat_Dog_UK/episodes/495712</link><title>Series 4, Show 2</title></episode>
<episode><epnum>27</epnum><seasonnum>03</seasonnum><prodnum></prodnum><airdate>2002-09-28</airdate><link>http://www.tvrage.com/Dog_Eat_Dog_UK/episodes/495713</link><title>Series 4, Show 3</title></episode>
<episode><epnum>28</epnum><seasonnum>04</seasonnum><prodnum></prodnum><airdate>2002-10-05</airdate><link>http://www.tvrage.com/Dog_Eat_Dog_UK/episodes/495714</link><title>Series 4, Show 4</title></episode>
<episode><epnum>29</epnum><seasonnum>05</seasonnum><prodnum></prodnum><airdate>2002-10-19</airdate><link>http://www.tvrage.com/Dog_Eat_Dog_UK/episodes/495715</link><title>Series 4, Show 5</title></episode>
<episode><epnum>30</epnum><seasonnum>06</seasonnum><prodnum></prodnum><airdate>2002-10-26</airdate><link>http://www.tvrage.com/Dog_Eat_Dog_UK/episodes/495716</link><title>Series 4, Show 6</title></episode>
<episode><epnum>31</epnum><seasonnum>07</seasonnum><prodnum></prodnum><airdate>2002-11-02</airdate><link>http://www.tvrage.com/Dog_Eat_Dog_UK/episodes/495717</link><title>Series 4, Show 7</title></episode>
</Season>

<Special>
<episode><season>3</season><airdate>2002-01-26</airdate><link>http://www.tvrage.com/Dog_Eat_Dog_UK/episodes/495702</link><title>Celebrity Special</title></episode>
</Special>

</Episodelist>

</Show>