<?xml version="1.0" encoding="UTF-8" ?>


<Show>
<name>Double Your Money</name>
<totalseasons>1</totalseasons>
<showid>10079</showid>
<showlink>http://tvrage.com/shows/id-10079</showlink>
<started>Aug/1955</started>
<ended>Apr/1968</ended>
<image>http://images.tvrage.com/shows/11/10079.jpg</image>
<origin_country>UK</origin_country>
<status>Canceled/Ended</status>
<classification>Game Show</classification>
<runtime>30</runtime>
<network country="UK">Unknown</network>
<airtime>12:00</airtime>
<timezone>GMT+0 -DST</timezone>

</Show>