<?xml version="1.0" encoding="UTF-8" ?>


<Show>
<name>Ex-Rated</name>
<totalseasons>1</totalseasons>
<showid>10085</showid>
<showlink>http://tvrage.com/shows/id-10085</showlink>
<started>May/2000</started>
<ended></ended>
<image>http://images.tvrage.com/shows/11/10085.jpg</image>
<origin_country>UK</origin_country>
<status>Canceled/Ended</status>
<classification>Game Show</classification>
<runtime>45</runtime>
<network country="UK">Channel 5</network>
<airtime>23:30</airtime>
<airday>Thursday</airday>
<timezone>GMT+0 -DST</timezone>

</Show>