<?xml version="1.0" encoding="UTF-8" ?>


<Show>
<name>Everybody's Equal</name>
<totalseasons>1</totalseasons>
<showid>10083</showid>
<showlink>http://tvrage.com/shows/id-10083</showlink>
<started>Mar/1989</started>
<ended></ended>
<image>http://images.tvrage.com/shows/11/10083.jpg</image>
<origin_country>UK</origin_country>
<status>Canceled/Ended</status>
<classification>Game Show</classification>
<runtime>30</runtime>
<network country="UK">ITV London</network>
<airtime>12:00</airtime>
<timezone>GMT+0 -DST</timezone>

</Show>