<?xml version="1.0" encoding="UTF-8" ?>


<Show>
<name>Captain Future</name>
<totalseasons>1</totalseasons>
<showid>10089</showid>
<showlink>http://tvrage.com/shows/id-10089</showlink>
<started>Nov/1978</started>
<ended>Dec/1979</ended>
<image>http://images.tvrage.com/shows/11/10089.jpg</image>
<origin_country>JP</origin_country>
<status>Canceled/Ended</status>
<classification>Animation</classification>
<genres><genre>Anime</genre><genre>Adventure</genre><genre>Sci-Fi</genre></genres>
<runtime>30</runtime>
<network country="JP">NHK</network>
<airtime>12:00</airtime>
<timezone>GMT+9 -DST</timezone>
<Episodelist>

<Season no="1">
<episode><epnum>1</epnum><seasonnum>01</seasonnum><prodnum></prodnum><airdate>1978-11-07</airdate><link>http://www.tvrage.com/shows/id-10089/episodes/341256</link><title>Space-Emperor of Terror</title></episode>
<episode><epnum>2</epnum><seasonnum>02</seasonnum><prodnum></prodnum><airdate>1978-00-00</airdate><link>http://www.tvrage.com/shows/id-10089/episodes/341257</link><title>The Prison in the Sea of Flames</title></episode>
<episode><epnum>3</epnum><seasonnum>03</seasonnum><prodnum></prodnum><airdate>0000-00-00</airdate><link>http://www.tvrage.com/shows/id-10089/episodes/341258</link><title>The Miracle of the Soaring Fortress</title></episode>
<episode><epnum>4</epnum><seasonnum>04</seasonnum><prodnum></prodnum><airdate>0000-00-00</airdate><link>http://www.tvrage.com/shows/id-10089/episodes/341259</link><title>Showdown at the Satellite Noon</title></episode>
<episode><epnum>5</epnum><seasonnum>05</seasonnum><prodnum></prodnum><airdate>0000-00-00</airdate><link>http://www.tvrage.com/shows/id-10089/episodes/341260</link><title>The Lost World of Time</title></episode>
<episode><epnum>6</epnum><seasonnum>06</seasonnum><prodnum></prodnum><airdate>0000-00-00</airdate><link>http://www.tvrage.com/shows/id-10089/episodes/341261</link><title>The Riddle of the Holy Star Koom</title></episode>
<episode><epnum>7</epnum><seasonnum>07</seasonnum><prodnum></prodnum><airdate>0000-00-00</airdate><link>http://www.tvrage.com/shows/id-10089/episodes/341262</link><title>Solar System Genesis</title></episode>
<episode><epnum>8</epnum><seasonnum>08</seasonnum><prodnum></prodnum><airdate>0000-00-00</airdate><link>http://www.tvrage.com/shows/id-10089/episodes/341263</link><title>A Journey of 5 Billion Years</title></episode>
<episode><epnum>9</epnum><seasonnum>09</seasonnum><prodnum></prodnum><airdate>1979-00-00</airdate><link>http://www.tvrage.com/shows/id-10089/episodes/341264</link><title>Challenge! Underwater-Town in a Tempest</title></episode>
<episode><epnum>10</epnum><seasonnum>10</seasonnum><prodnum></prodnum><airdate>1979-00-00</airdate><link>http://www.tvrage.com/shows/id-10089/episodes/341265</link><title>The Underwater-Trap</title></episode>
<episode><epnum>11</epnum><seasonnum>11</seasonnum><prodnum></prodnum><airdate>1979-00-00</airdate><link>http://www.tvrage.com/shows/id-10089/episodes/341266</link><title>The Horrible Sea-Devil</title></episode>
<episode><epnum>12</epnum><seasonnum>12</seasonnum><prodnum></prodnum><airdate>1979-00-00</airdate><link>http://www.tvrage.com/shows/id-10089/episodes/341267</link><title>The Secret of the Wreckers</title></episode>
<episode><epnum>13</epnum><seasonnum>13</seasonnum><prodnum></prodnum><airdate>1979-00-00</airdate><link>http://www.tvrage.com/shows/id-10089/episodes/341268</link><title>To the Other Dide of the Glittering Stars!</title></episode>
<episode><epnum>14</epnum><seasonnum>14</seasonnum><prodnum></prodnum><airdate>1979-00-00</airdate><link>http://www.tvrage.com/shows/id-10089/episodes/341269</link><title>The Tragic Dark Planet</title></episode>
<episode><epnum>15</epnum><seasonnum>15</seasonnum><prodnum></prodnum><airdate>1979-00-00</airdate><link>http://www.tvrage.com/shows/id-10089/episodes/341270</link><title>The Law of the Watcher</title></episode>
<episode><epnum>16</epnum><seasonnum>16</seasonnum><prodnum></prodnum><airdate>1979-00-00</airdate><link>http://www.tvrage.com/shows/id-10089/episodes/341271</link><title>The Ressurected Planet</title></episode>
<episode><epnum>17</epnum><seasonnum>17</seasonnum><prodnum></prodnum><airdate>1979-00-00</airdate><link>http://www.tvrage.com/shows/id-10089/episodes/341272</link><title>Transparent Planet - Critial Moment!</title></episode>
<episode><epnum>18</epnum><seasonnum>18</seasonnum><prodnum></prodnum><airdate>1979-00-00</airdate><link>http://www.tvrage.com/shows/id-10089/episodes/341273</link><title>The Dark Tribe from the Depth of the Earth</title></episode>
<episode><epnum>19</epnum><seasonnum>19</seasonnum><prodnum></prodnum><airdate>1979-00-00</airdate><link>http://www.tvrage.com/shows/id-10089/episodes/341274</link><title>Planet - Alone</title></episode>
<episode><epnum>20</epnum><seasonnum>20</seasonnum><prodnum></prodnum><airdate>1979-00-00</airdate><link>http://www.tvrage.com/shows/id-10089/episodes/341275</link><title>The Phantoms of the Transparent Planet</title></episode>
<episode><epnum>21</epnum><seasonnum>21</seasonnum><prodnum></prodnum><airdate>1979-00-00</airdate><link>http://www.tvrage.com/shows/id-10089/episodes/341276</link><title>The Treasure of Solar System 7</title></episode>
<episode><epnum>22</epnum><seasonnum>22</seasonnum><prodnum></prodnum><airdate>1979-00-00</airdate><link>http://www.tvrage.com/shows/id-10089/episodes/341277</link><title>Deathmatch at the Milkyway-Circus!</title></episode>
<episode><epnum>23</epnum><seasonnum>23</seasonnum><prodnum></prodnum><airdate>1979-00-00</airdate><link>http://www.tvrage.com/shows/id-10089/episodes/341278</link><title>Captain Future Dies!</title></episode>
<episode><epnum>24</epnum><seasonnum>24</seasonnum><prodnum></prodnum><airdate>1979-00-00</airdate><link>http://www.tvrage.com/shows/id-10089/episodes/341279</link><title>The Undiscovered Micocosmos</title></episode>
<episode><epnum>25</epnum><seasonnum>25</seasonnum><prodnum></prodnum><airdate>1979-00-00</airdate><link>http://www.tvrage.com/shows/id-10089/episodes/341280</link><title>Whirling Gravestones</title></episode>
<episode><epnum>26</epnum><seasonnum>26</seasonnum><prodnum></prodnum><airdate>1979-00-00</airdate><link>http://www.tvrage.com/shows/id-10089/episodes/341281</link><title>The Howling Eternal Current</title></episode>
<episode><epnum>27</epnum><seasonnum>27</seasonnum><prodnum></prodnum><airdate>1979-00-00</airdate><link>http://www.tvrage.com/shows/id-10089/episodes/341282</link><title>The Monster Hunter Talks</title></episode>
<episode><epnum>28</epnum><seasonnum>28</seasonnum><prodnum></prodnum><airdate>1979-00-00</airdate><link>http://www.tvrage.com/shows/id-10089/episodes/341283</link><title>Illusionary Star, Illusionary Civilization</title></episode>
<episode><epnum>29</epnum><seasonnum>29</seasonnum><prodnum></prodnum><airdate>1979-00-00</airdate><link>http://www.tvrage.com/shows/id-10089/episodes/341284</link><title>Prisoner-ship Being hijacked!</title></episode>
<episode><epnum>30</epnum><seasonnum>30</seasonnum><prodnum></prodnum><airdate>1979-00-00</airdate><link>http://www.tvrage.com/shows/id-10089/episodes/341285</link><title>The Great Escape from the Milkyway</title></episode>
<episode><epnum>31</epnum><seasonnum>31</seasonnum><prodnum></prodnum><airdate>1979-00-00</airdate><link>http://www.tvrage.com/shows/id-10089/episodes/341286</link><title>Start from Zero</title></episode>
<episode><epnum>32</epnum><seasonnum>32</seasonnum><prodnum></prodnum><airdate>1979-00-00</airdate><link>http://www.tvrage.com/shows/id-10089/episodes/341287</link><title>The Stardust Spaceman</title></episode>
<episode><epnum>33</epnum><seasonnum>33</seasonnum><prodnum></prodnum><airdate>1979-00-00</airdate><link>http://www.tvrage.com/shows/id-10089/episodes/341288</link><title>Captain Future Recruiting!</title></episode>
<episode><epnum>34</epnum><seasonnum>34</seasonnum><prodnum></prodnum><airdate>1979-00-00</airdate><link>http://www.tvrage.com/shows/id-10089/episodes/341289</link><title>Horrible Space Location</title></episode>
<episode><epnum>35</epnum><seasonnum>35</seasonnum><prodnum></prodnum><airdate>1979-00-00</airdate><link>http://www.tvrage.com/shows/id-10089/episodes/341290</link><title>The Planet of Phantoms</title></episode>
<episode><epnum>36</epnum><seasonnum>36</seasonnum><prodnum></prodnum><airdate>1979-00-00</airdate><link>http://www.tvrage.com/shows/id-10089/episodes/341291</link><title>The Set-free Ultimate Weapon</title></episode>
<episode><epnum>37</epnum><seasonnum>37</seasonnum><prodnum></prodnum><airdate>1979-00-00</airdate><link>http://www.tvrage.com/shows/id-10089/episodes/341292</link><title>The Disappeared Spaceships</title></episode>
<episode><epnum>38</epnum><seasonnum>38</seasonnum><prodnum></prodnum><airdate>1979-00-00</airdate><link>http://www.tvrage.com/shows/id-10089/episodes/341293</link><title>The Governor of the Comet</title></episode>
<episode><epnum>39</epnum><seasonnum>39</seasonnum><prodnum></prodnum><airdate>1979-00-00</airdate><link>http://www.tvrage.com/shows/id-10089/episodes/341294</link><title>The True Colors of Alulus</title></episode>
<episode><epnum>40</epnum><seasonnum>40</seasonnum><prodnum></prodnum><airdate>1979-00-00</airdate><link>http://www.tvrage.com/shows/id-10089/episodes/341295</link><title>Universe of Nightmare - Four Dimensions</title></episode>
<episode><epnum>41</epnum><seasonnum>41</seasonnum><prodnum></prodnum><airdate>1979-00-00</airdate><link>http://www.tvrage.com/shows/id-10089/episodes/341296</link><title>Immortality-Smuggling Syndicate</title></episode>
<episode><epnum>42</epnum><seasonnum>42</seasonnum><prodnum></prodnum><airdate>1979-00-00</airdate><link>http://www.tvrage.com/shows/id-10089/episodes/341297</link><title>Challenge of the Immortality-Emperor</title></episode>
<episode><epnum>43</epnum><seasonnum>43</seasonnum><prodnum></prodnum><airdate>1979-00-00</airdate><link>http://www.tvrage.com/shows/id-10089/episodes/341298</link><title>Phantoms of Life and Death</title></episode>
<episode><epnum>44</epnum><seasonnum>44</seasonnum><prodnum></prodnum><airdate>1979-00-00</airdate><link>http://www.tvrage.com/shows/id-10089/episodes/341299</link><title>Decisive Battle in the Capital of Eternity</title></episode>
<episode><epnum>45</epnum><seasonnum>45</seasonnum><prodnum></prodnum><airdate>1979-00-00</airdate><link>http://www.tvrage.com/shows/id-10089/episodes/341300</link><title>Resurrect the Legendary Hero</title></episode>
<episode><epnum>46</epnum><seasonnum>46</seasonnum><prodnum></prodnum><airdate>1979-00-00</airdate><link>http://www.tvrage.com/shows/id-10089/episodes/341301</link><title>Rescue-Mission &quot;Grag&quot;</title></episode>
<episode><epnum>47</epnum><seasonnum>47</seasonnum><prodnum></prodnum><airdate>1979-00-00</airdate><link>http://www.tvrage.com/shows/id-10089/episodes/341302</link><title>Hell-Penalty - Solitude</title></episode>
<episode><epnum>48</epnum><seasonnum>48</seasonnum><prodnum></prodnum><airdate>1979-00-00</airdate><link>http://www.tvrage.com/shows/id-10089/episodes/341303</link><title>The Mystery of Hero Kaful</title></episode>
<episode><epnum>49</epnum><seasonnum>49</seasonnum><prodnum></prodnum><airdate>1979-00-00</airdate><link>http://www.tvrage.com/shows/id-10089/episodes/341304</link><title>The Mystery of the Space-Ruins</title></episode>
<episode><epnum>50</epnum><seasonnum>50</seasonnum><prodnum></prodnum><airdate>1979-00-00</airdate><link>http://www.tvrage.com/shows/id-10089/episodes/341305</link><title>The Mystery of the Semi-Monster-Race</title></episode>
<episode><epnum>51</epnum><seasonnum>51</seasonnum><prodnum></prodnum><airdate>1979-00-00</airdate><link>http://www.tvrage.com/shows/id-10089/episodes/341306</link><title>Showdown at the City of Death</title></episode>
<episode><epnum>52</epnum><seasonnum>52</seasonnum><prodnum></prodnum><airdate>1979-12-18</airdate><link>http://www.tvrage.com/shows/id-10089/episodes/341307</link><title>To the Other Side of Light and Darkness</title></episode>
</Season>

</Episodelist>

</Show>