<?xml version="1.0" encoding="UTF-8" ?>


<Show>
<name>Creature Comforts (US)</name>
<totalseasons>1</totalseasons>
<showid>10091</showid>
<showlink>http://tvrage.com/Creature_Comforts_US</showlink>
<started>Jun/04/2007</started>
<ended>Jun/18/2007</ended>
<image>http://images.tvrage.com/shows/11/10091.jpg</image>
<origin_country>US</origin_country>
<status>Canceled/Ended</status>
<classification>Animation</classification>
<genres><genre>Stop-Motion</genre><genre>Fantasy</genre></genres>
<runtime>30</runtime>
<network country="US">CBS</network>
<airtime>20:00</airtime>
<airday>Monday</airday>
<timezone>GMT-5 -DST</timezone>
<Episodelist>

<Season no="1">
<episode><epnum>1</epnum><seasonnum>01</seasonnum><prodnum>101</prodnum><airdate>2007-06-04</airdate><link>http://www.tvrage.com/Creature_Comforts_US/episodes/547668</link><title>Animal Magnetism / Secrets &amp; Lies / Pets at the Vet</title><screencap>http://images.tvrage.com/screencaps/51/10091/547668.png</screencap></episode>
<episode><epnum>2</epnum><seasonnum>02</seasonnum><prodnum>102</prodnum><airdate>2007-06-11</airdate><link>http://www.tvrage.com/Creature_Comforts_US/episodes/547669</link><title>Self Image/Winging It/Art</title><screencap>http://images.tvrage.com/screencaps/51/10091/547669.png</screencap></episode>
<episode><epnum>3</epnum><seasonnum>03</seasonnum><prodnum>103</prodnum><airdate>2007-06-18</airdate><link>http://www.tvrage.com/Creature_Comforts_US/episodes/547670</link><title>Winter / The Zoo</title><screencap>http://images.tvrage.com/screencaps/51/10091/547670.png</screencap></episode>
<episode><epnum>4</epnum><seasonnum>04</seasonnum><prodnum>104</prodnum><airdate>2008-05-01</airdate><link>http://www.tvrage.com/Creature_Comforts_US/episodes/547671</link><title>Growing Up / Fears &amp; Phobias / Something's Afoot</title></episode>
<episode><epnum>5</epnum><seasonnum>05</seasonnum><prodnum>105</prodnum><airdate>2008-05-08</airdate><link>http://www.tvrage.com/Creature_Comforts_US/episodes/547672</link><title>Communication / Feeding Time / Parrot Tongue Twister</title></episode>
<episode><epnum>6</epnum><seasonnum>06</seasonnum><prodnum>106</prodnum><airdate>2008-05-08</airdate><link>http://www.tvrage.com/Creature_Comforts_US/episodes/547673</link><title>Working / Birds / Love Animal Style</title></episode>
<episode><epnum>7</epnum><seasonnum>07</seasonnum><prodnum>107</prodnum><airdate>0000-00-00</airdate><link>http://www.tvrage.com/Creature_Comforts_US/episodes/547674</link><title>Episode 7</title></episode>
</Season>

</Episodelist>

</Show>