<?xml version="1.0" encoding="UTF-8" ?>


<Show>
<name>Cat's Eye</name>
<totalseasons>2</totalseasons>
<showid>10097</showid>
<showlink>http://tvrage.com/shows/id-10097</showlink>
<started>Apr/1983</started>
<ended>Jul/1985</ended>
<image>http://images.tvrage.com/shows/11/10097.jpg</image>
<origin_country>JP</origin_country>
<status>Canceled/Ended</status>
<classification>Animation</classification>
<genres><genre>Anime</genre><genre>Comedy</genre><genre>Mystery</genre></genres>
<runtime>30</runtime>
<network country="JP">NTV</network>
<airtime>12:00</airtime>
<timezone>GMT+9 -DST</timezone>
<akas><aka country="DE">Ein Super Trio</aka><aka country="IT">Occhi di Gatto</aka><aka country="FR">Signé Cat's Eye</aka></akas>
<Episodelist>

<Season no="1">
<episode><epnum>1</epnum><seasonnum>01</seasonnum><prodnum></prodnum><airdate>1983-04-11</airdate><link>http://www.tvrage.com/shows/id-10097/episodes/343334</link><title>You're a sexy thief</title></episode>
<episode><epnum>2</epnum><seasonnum>02</seasonnum><prodnum></prodnum><airdate>1983-00-00</airdate><link>http://www.tvrage.com/shows/id-10097/episodes/343335</link><title>Welcome to the police station</title></episode>
<episode><epnum>3</epnum><seasonnum>03</seasonnum><prodnum></prodnum><airdate>1983-00-00</airdate><link>http://www.tvrage.com/shows/id-10097/episodes/343336</link><title>Watch the troublesome devil</title></episode>
<episode><epnum>4</epnum><seasonnum>04</seasonnum><prodnum></prodnum><airdate>1983-00-00</airdate><link>http://www.tvrage.com/shows/id-10097/episodes/343337</link><title>Paris-like aggressor</title></episode>
<episode><epnum>5</epnum><seasonnum>05</seasonnum><prodnum></prodnum><airdate>1983-00-00</airdate><link>http://www.tvrage.com/shows/id-10097/episodes/343338</link><title>Night flying with dangerous perfume</title></episode>
<episode><epnum>6</epnum><seasonnum>06</seasonnum><prodnum></prodnum><airdate>1983-00-00</airdate><link>http://www.tvrage.com/shows/id-10097/episodes/343339</link><title>Feels like love -- a little bit</title></episode>
<episode><epnum>7</epnum><seasonnum>07</seasonnum><prodnum></prodnum><airdate>1983-00-00</airdate><link>http://www.tvrage.com/shows/id-10097/episodes/343340</link><title>Splendid love message</title></episode>
<episode><epnum>8</epnum><seasonnum>08</seasonnum><prodnum></prodnum><airdate>1983-00-00</airdate><link>http://www.tvrage.com/shows/id-10097/episodes/343341</link><title>Distant Dodochino</title></episode>
<episode><epnum>9</epnum><seasonnum>09</seasonnum><prodnum></prodnum><airdate>1983-00-00</airdate><link>http://www.tvrage.com/shows/id-10097/episodes/343342</link><title>Bizarre track, thief chases police</title></episode>
<episode><epnum>10</epnum><seasonnum>10</seasonnum><prodnum></prodnum><airdate>1983-00-00</airdate><link>http://www.tvrage.com/shows/id-10097/episodes/343343</link><title>Do you like dog food?</title></episode>
<episode><epnum>11</epnum><seasonnum>11</seasonnum><prodnum></prodnum><airdate>1983-00-00</airdate><link>http://www.tvrage.com/shows/id-10097/episodes/343344</link><title>American dangerous temptation</title></episode>
<episode><epnum>12</epnum><seasonnum>12</seasonnum><prodnum></prodnum><airdate>1983-00-00</airdate><link>http://www.tvrage.com/shows/id-10097/episodes/343345</link><title>European gorgeous temptation</title></episode>
<episode><epnum>13</epnum><seasonnum>13</seasonnum><prodnum></prodnum><airdate>1983-00-00</airdate><link>http://www.tvrage.com/shows/id-10097/episodes/343346</link><title>My love don't go</title></episode>
<episode><epnum>14</epnum><seasonnum>14</seasonnum><prodnum></prodnum><airdate>1983-00-00</airdate><link>http://www.tvrage.com/shows/id-10097/episodes/343347</link><title>Cleopatra ransom</title></episode>
<episode><epnum>15</epnum><seasonnum>15</seasonnum><prodnum></prodnum><airdate>1983-00-00</airdate><link>http://www.tvrage.com/shows/id-10097/episodes/343348</link><title>Bodysuit flying at night</title></episode>
<episode><epnum>16</epnum><seasonnum>16</seasonnum><prodnum></prodnum><airdate>1983-00-00</airdate><link>http://www.tvrage.com/shows/id-10097/episodes/343349</link><title>Monday is smiling day</title></episode>
<episode><epnum>17</epnum><seasonnum>17</seasonnum><prodnum></prodnum><airdate>1983-00-00</airdate><link>http://www.tvrage.com/shows/id-10097/episodes/343350</link><title>Bullets suit death best</title></episode>
<episode><epnum>18</epnum><seasonnum>18</seasonnum><prodnum></prodnum><airdate>1983-00-00</airdate><link>http://www.tvrage.com/shows/id-10097/episodes/343351</link><title>No way to run</title></episode>
<episode><epnum>19</epnum><seasonnum>19</seasonnum><prodnum></prodnum><airdate>1983-00-00</airdate><link>http://www.tvrage.com/shows/id-10097/episodes/343352</link><title>Only say good night to you</title></episode>
<episode><epnum>20</epnum><seasonnum>20</seasonnum><prodnum></prodnum><airdate>1983-00-00</airdate><link>http://www.tvrage.com/shows/id-10097/episodes/343353</link><title>Lover's holiday</title></episode>
<episode><epnum>21</epnum><seasonnum>21</seasonnum><prodnum></prodnum><airdate>1983-00-00</airdate><link>http://www.tvrage.com/shows/id-10097/episodes/343354</link><title>Wanting to see you again</title></episode>
<episode><epnum>22</epnum><seasonnum>22</seasonnum><prodnum></prodnum><airdate>1983-00-00</airdate><link>http://www.tvrage.com/shows/id-10097/episodes/343355</link><title>Visitor on snowy day</title></episode>
<episode><epnum>23</epnum><seasonnum>23</seasonnum><prodnum></prodnum><airdate>1983-00-00</airdate><link>http://www.tvrage.com/shows/id-10097/episodes/343356</link><title>Winter is the warm sun of love</title></episode>
<episode><epnum>24</epnum><seasonnum>24</seasonnum><prodnum></prodnum><airdate>0000-00-00</airdate><link>http://www.tvrage.com/shows/id-10097/episodes/343357</link><title>Santa Claus from the sky</title></episode>
<episode><epnum>25</epnum><seasonnum>25</seasonnum><prodnum></prodnum><airdate>0000-00-00</airdate><link>http://www.tvrage.com/shows/id-10097/episodes/343358</link><title>12 tolls of the bell\</title></episode>
<episode><epnum>26</epnum><seasonnum>26</seasonnum><prodnum></prodnum><airdate>0000-00-00</airdate><link>http://www.tvrage.com/shows/id-10097/episodes/343359</link><title>Love from Luna Island</title></episode>
<episode><epnum>27</epnum><seasonnum>27</seasonnum><prodnum></prodnum><airdate>0000-00-00</airdate><link>http://www.tvrage.com/shows/id-10097/episodes/343360</link><title>Luna Island hanging on a thread</title></episode>
<episode><epnum>28</epnum><seasonnum>28</seasonnum><prodnum></prodnum><airdate>0000-00-00</airdate><link>http://www.tvrage.com/shows/id-10097/episodes/343361</link><title>Lost memory</title></episode>
<episode><epnum>29</epnum><seasonnum>29</seasonnum><prodnum></prodnum><airdate>0000-00-00</airdate><link>http://www.tvrage.com/shows/id-10097/episodes/343362</link><title>The magnificent show</title></episode>
<episode><epnum>30</epnum><seasonnum>30</seasonnum><prodnum></prodnum><airdate>0000-00-00</airdate><link>http://www.tvrage.com/shows/id-10097/episodes/343363</link><title>The death smell at the health club</title></episode>
<episode><epnum>31</epnum><seasonnum>31</seasonnum><prodnum></prodnum><airdate>0000-00-00</airdate><link>http://www.tvrage.com/shows/id-10097/episodes/343364</link><title>Starting from the kiss</title></episode>
<episode><epnum>32</epnum><seasonnum>32</seasonnum><prodnum></prodnum><airdate>0000-00-00</airdate><link>http://www.tvrage.com/shows/id-10097/episodes/343365</link><title>Museum filled with danger</title></episode>
<episode><epnum>33</epnum><seasonnum>33</seasonnum><prodnum></prodnum><airdate>0000-00-00</airdate><link>http://www.tvrage.com/shows/id-10097/episodes/343366</link><title>The goal is to propose</title></episode>
<episode><epnum>34</epnum><seasonnum>34</seasonnum><prodnum></prodnum><airdate>0000-00-00</airdate><link>http://www.tvrage.com/shows/id-10097/episodes/343367</link><title>Did you see Handz?</title></episode>
<episode><epnum>35</epnum><seasonnum>35</seasonnum><prodnum></prodnum><airdate>0000-00-00</airdate><link>http://www.tvrage.com/shows/id-10097/episodes/343368</link><title>The exposure of Cat's Eye secret</title></episode>
<episode><epnum>36</epnum><seasonnum>36</seasonnum><prodnum></prodnum><airdate>1984-03-26</airdate><link>http://www.tvrage.com/shows/id-10097/episodes/343369</link><title>The man who knows Handz</title></episode>
</Season>

<Season no="2">
<episode><epnum>37</epnum><seasonnum>01</seasonnum><prodnum></prodnum><airdate>1984-10-18</airdate><link>http://www.tvrage.com/shows/id-10097/episodes/343370</link><title>Returning from France</title></episode>
<episode><epnum>38</epnum><seasonnum>02</seasonnum><prodnum></prodnum><airdate>1984-10-25</airdate><link>http://www.tvrage.com/shows/id-10097/episodes/343371</link><title>Midnight dance of wetness</title></episode>
<episode><epnum>39</epnum><seasonnum>03</seasonnum><prodnum></prodnum><airdate>1984-11-01</airdate><link>http://www.tvrage.com/shows/id-10097/episodes/343372</link><title>Ransom of angels</title></episode>
<episode><epnum>40</epnum><seasonnum>04</seasonnum><prodnum></prodnum><airdate>1984-11-08</airdate><link>http://www.tvrage.com/shows/id-10097/episodes/343373</link><title>Tension in the dark</title></episode>
<episode><epnum>41</epnum><seasonnum>05</seasonnum><prodnum></prodnum><airdate>1984-11-15</airdate><link>http://www.tvrage.com/shows/id-10097/episodes/343374</link><title>Hunter with a badge</title></episode>
<episode><epnum>42</epnum><seasonnum>06</seasonnum><prodnum></prodnum><airdate>1984-11-22</airdate><link>http://www.tvrage.com/shows/id-10097/episodes/343375</link><title>The stolen &quot;I love you&quot;</title></episode>
<episode><epnum>43</epnum><seasonnum>07</seasonnum><prodnum></prodnum><airdate>1984-11-29</airdate><link>http://www.tvrage.com/shows/id-10097/episodes/343376</link><title>Happiness of life</title></episode>
<episode><epnum>44</epnum><seasonnum>08</seasonnum><prodnum></prodnum><airdate>1984-12-06</airdate><link>http://www.tvrage.com/shows/id-10097/episodes/343377</link><title>Magnificent trap</title></episode>
<episode><epnum>45</epnum><seasonnum>09</seasonnum><prodnum></prodnum><airdate>1984-12-13</airdate><link>http://www.tvrage.com/shows/id-10097/episodes/343378</link><title>The rhapsody of love</title></episode>
<episode><epnum>46</epnum><seasonnum>10</seasonnum><prodnum></prodnum><airdate>1984-12-20</airdate><link>http://www.tvrage.com/shows/id-10097/episodes/343379</link><title>The most dangerous game</title></episode>
<episode><epnum>47</epnum><seasonnum>11</seasonnum><prodnum></prodnum><airdate>1984-12-27</airdate><link>http://www.tvrage.com/shows/id-10097/episodes/343380</link><title>The gift is father's wine</title></episode>
<episode><epnum>48</epnum><seasonnum>12</seasonnum><prodnum></prodnum><airdate>1985-01-03</airdate><link>http://www.tvrage.com/shows/id-10097/episodes/343381</link><title>Winter night's misery</title></episode>
<episode><epnum>49</epnum><seasonnum>13</seasonnum><prodnum></prodnum><airdate>1985-01-10</airdate><link>http://www.tvrage.com/shows/id-10097/episodes/343382</link><title>Osaka bay blues</title></episode>
<episode><epnum>50</epnum><seasonnum>14</seasonnum><prodnum></prodnum><airdate>1985-01-17</airdate><link>http://www.tvrage.com/shows/id-10097/episodes/343383</link><title>Give you the tear of stars</title></episode>
<episode><epnum>51</epnum><seasonnum>15</seasonnum><prodnum></prodnum><airdate>1985-01-24</airdate><link>http://www.tvrage.com/shows/id-10097/episodes/343384</link><title>Fake wedding bells</title></episode>
<episode><epnum>52</epnum><seasonnum>16</seasonnum><prodnum></prodnum><airdate>1985-01-31</airdate><link>http://www.tvrage.com/shows/id-10097/episodes/343385</link><title>Watch out for the sweet allure</title></episode>
<episode><epnum>53</epnum><seasonnum>17</seasonnum><prodnum></prodnum><airdate>1985-02-07</airdate><link>http://www.tvrage.com/shows/id-10097/episodes/343386</link><title>Farewell, winter seagull</title></episode>
<episode><epnum>54</epnum><seasonnum>18</seasonnum><prodnum></prodnum><airdate>1985-02-14</airdate><link>http://www.tvrage.com/shows/id-10097/episodes/343387</link><title>The woman Chief loves</title></episode>
<episode><epnum>55</epnum><seasonnum>19</seasonnum><prodnum></prodnum><airdate>1985-02-21</airdate><link>http://www.tvrage.com/shows/id-10097/episodes/343388</link><title>Inunari station trio</title></episode>
<episode><epnum>56</epnum><seasonnum>20</seasonnum><prodnum></prodnum><airdate>1985-02-28</airdate><link>http://www.tvrage.com/shows/id-10097/episodes/343389</link><title>Transferred student is attractive</title></episode>
<episode><epnum>57</epnum><seasonnum>21</seasonnum><prodnum></prodnum><airdate>1985-03-07</airdate><link>http://www.tvrage.com/shows/id-10097/episodes/343390</link><title>A requiem for villains</title></episode>
<episode><epnum>58</epnum><seasonnum>22</seasonnum><prodnum></prodnum><airdate>1985-03-14</airdate><link>http://www.tvrage.com/shows/id-10097/episodes/343391</link><title>Toshio falls in love with a vain woman</title></episode>
<episode><epnum>59</epnum><seasonnum>23</seasonnum><prodnum></prodnum><airdate>1985-03-21</airdate><link>http://www.tvrage.com/shows/id-10097/episodes/343392</link><title>Sudden love</title></episode>
<episode><epnum>60</epnum><seasonnum>24</seasonnum><prodnum></prodnum><airdate>1985-03-28</airdate><link>http://www.tvrage.com/shows/id-10097/episodes/343393</link><title>Hot April Fool's Day</title></episode>
<episode><epnum>61</epnum><seasonnum>25</seasonnum><prodnum></prodnum><airdate>1985-04-04</airdate><link>http://www.tvrage.com/shows/id-10097/episodes/343394</link><title>Urgent duty scramble</title></episode>
<episode><epnum>62</epnum><seasonnum>26</seasonnum><prodnum></prodnum><airdate>1985-04-11</airdate><link>http://www.tvrage.com/shows/id-10097/episodes/343395</link><title>Halftime of love</title></episode>
<episode><epnum>63</epnum><seasonnum>27</seasonnum><prodnum></prodnum><airdate>1985-04-18</airdate><link>http://www.tvrage.com/shows/id-10097/episodes/343396</link><title>Don't cry, Inunari trio</title></episode>
<episode><epnum>64</epnum><seasonnum>28</seasonnum><prodnum></prodnum><airdate>1985-04-25</airdate><link>http://www.tvrage.com/shows/id-10097/episodes/343397</link><title>Farewell, Mother</title></episode>
<episode><epnum>65</epnum><seasonnum>29</seasonnum><prodnum></prodnum><airdate>1985-05-02</airdate><link>http://www.tvrage.com/shows/id-10097/episodes/343398</link><title>Cheers to the elders</title></episode>
<episode><epnum>66</epnum><seasonnum>30</seasonnum><prodnum></prodnum><airdate>1985-05-09</airdate><link>http://www.tvrage.com/shows/id-10097/episodes/343399</link><title>Dancing in the starry night</title></episode>
<episode><epnum>67</epnum><seasonnum>31</seasonnum><prodnum></prodnum><airdate>1985-05-16</airdate><link>http://www.tvrage.com/shows/id-10097/episodes/343400</link><title>The beauty of leotards</title></episode>
<episode><epnum>68</epnum><seasonnum>32</seasonnum><prodnum></prodnum><airdate>1985-05-23</airdate><link>http://www.tvrage.com/shows/id-10097/episodes/343401</link><title>Hitomi got carried away</title></episode>
<episode><epnum>69</epnum><seasonnum>33</seasonnum><prodnum></prodnum><airdate>1985-05-30</airdate><link>http://www.tvrage.com/shows/id-10097/episodes/343402</link><title>Heartbreak for Cat's Eye</title></episode>
<episode><epnum>70</epnum><seasonnum>34</seasonnum><prodnum></prodnum><airdate>1985-06-06</airdate><link>http://www.tvrage.com/shows/id-10097/episodes/343403</link><title>Love sent through the south cross star</title></episode>
<episode><epnum>71</epnum><seasonnum>35</seasonnum><prodnum></prodnum><airdate>1985-06-13</airdate><link>http://www.tvrage.com/shows/id-10097/episodes/343404</link><title>Your true face is a profile</title></episode>
<episode><epnum>72</epnum><seasonnum>36</seasonnum><prodnum></prodnum><airdate>1985-06-20</airdate><link>http://www.tvrage.com/shows/id-10097/episodes/343405</link><title>First chance</title></episode>
<episode><epnum>73</epnum><seasonnum>37</seasonnum><prodnum></prodnum><airdate>1985-07-08</airdate><link>http://www.tvrage.com/shows/id-10097/episodes/343406</link><title>Love's curtain call</title></episode>
</Season>

</Episodelist>

</Show>