<?xml version="1.0" encoding="UTF-8" ?>


<Show>
<name>Offenders</name>
<totalseasons>1</totalseasons>
<showid>1009</showid>
<showlink>http://tvrage.com/shows/id-1009</showlink>
<started>Oct/2002</started>
<ended>Nov/2002</ended>
<origin_country>UK</origin_country>
<status>Canceled/Ended</status>
<classification>Scripted</classification>
<genres><genre>Comedy</genre><genre>Drama</genre></genres>
<runtime>30</runtime>
<network country="UK">Channel 4</network>
<airtime>00:00</airtime>
<timezone>GMT+0 -DST</timezone>

</Show>