<?xml version="1.0" encoding="UTF-8" ?>


<Show>
<name>The Hollywood Squares</name>
<totalseasons>14</totalseasons>
<showid>10096</showid>
<showlink>http://tvrage.com/shows/id-10096</showlink>
<started>Oct/17/1966</started>
<ended>Sep/11/1981</ended>
<image>http://images.tvrage.com/shows/11/10096.jpg</image>
<origin_country>US</origin_country>
<status>Canceled/Ended</status>
<classification>Game Show</classification>
<genres><genre>Celebrities</genre></genres>
<runtime>30</runtime>
<network country="US">Syndicated</network>
<airtime>12:00</airtime>
<airday>Weekdays</airday>
<timezone>GMT-5 -DST</timezone>
<Episodelist>

<Season no="1">
<episode><epnum>1</epnum><seasonnum>01</seasonnum><prodnum></prodnum><airdate>1967-06-12</airdate><link>http://www.tvrage.com/shows/id-10096/episodes/548049</link><title>June 12, 1967</title></episode>
</Season>

<Season no="11">
<episode><epnum>782</epnum><seasonnum>08</seasonnum><prodnum></prodnum><airdate>1976-11-15</airdate><link>http://www.tvrage.com/shows/id-10096/episodes/550713</link><title>November 15-19, 1976 (2)</title></episode>
<episode><epnum>783</epnum><seasonnum>09</seasonnum><prodnum></prodnum><airdate>1976-11-15</airdate><link>http://www.tvrage.com/shows/id-10096/episodes/550714</link><title>November 15-21, 1976 (2)</title></episode>
</Season>

</Episodelist>

</Show>