<?xml version="1.0" encoding="UTF-8" ?>


<Show>
<name>Nightmares &amp; Dreamscapes: From the Stories of Stephen King</name>
<totalseasons>1</totalseasons>
<showid>10098</showid>
<showlink>http://tvrage.com/Nightmares_And_Dreamscapes</showlink>
<started>Jul/12/2006</started>
<ended>Aug/02/2006</ended>
<image>http://images.tvrage.com/shows/11/10098.jpg</image>
<origin_country>US</origin_country>
<status>Canceled/Ended</status>
<classification>Scripted</classification>
<genres><genre>Horror/Supernatural</genre><genre>Mystery</genre></genres>
<runtime>60</runtime>
<network country="US">TNT</network>
<airtime>21:00</airtime>
<airday>Wednesday</airday>
<timezone>GMT-5 -DST</timezone>
<akas><aka country="BR">Pesadelos e Paisagens Noturnas</aka><aka country="DE">Stephen Kings Alpträume</aka></akas>
<Episodelist>

<Season no="1">
<episode><epnum>1</epnum><seasonnum>01</seasonnum><prodnum></prodnum><airdate>2006-07-12</airdate><link>http://www.tvrage.com/Nightmares_And_Dreamscapes/episodes/379058</link><title>Battleground</title><screencap>http://images.tvrage.com/screencaps/51/10098/379058.jpg</screencap></episode>
<episode><epnum>2</epnum><seasonnum>02</seasonnum><prodnum></prodnum><airdate>2006-07-12</airdate><link>http://www.tvrage.com/Nightmares_And_Dreamscapes/episodes/379060</link><title>Crouch End</title><screencap>http://images.tvrage.com/screencaps/51/10098/379060.jpg</screencap></episode>
<episode><epnum>3</epnum><seasonnum>03</seasonnum><prodnum></prodnum><airdate>2006-07-19</airdate><link>http://www.tvrage.com/Nightmares_And_Dreamscapes/episodes/413256</link><title> Umney's Last Case</title><screencap>http://images.tvrage.com/screencaps/51/10098/413256.jpg</screencap></episode>
<episode><epnum>4</epnum><seasonnum>04</seasonnum><prodnum></prodnum><airdate>2006-07-19</airdate><link>http://www.tvrage.com/Nightmares_And_Dreamscapes/episodes/413257</link><title>The End Of The Whole Mess</title><screencap>http://images.tvrage.com/screencaps/51/10098/413257.jpg</screencap></episode>
<episode><epnum>5</epnum><seasonnum>05</seasonnum><prodnum></prodnum><airdate>2006-07-26</airdate><link>http://www.tvrage.com/Nightmares_And_Dreamscapes/episodes/415542</link><title>The Road Virus Heads North</title><screencap>http://images.tvrage.com/screencaps/51/10098/415542.jpg</screencap></episode>
<episode><epnum>6</epnum><seasonnum>06</seasonnum><prodnum></prodnum><airdate>2006-07-26</airdate><link>http://www.tvrage.com/Nightmares_And_Dreamscapes/episodes/415543</link><title>The Fifth Quarter</title><screencap>http://images.tvrage.com/screencaps/51/10098/415543.jpg</screencap></episode>
<episode><epnum>7</epnum><seasonnum>07</seasonnum><prodnum></prodnum><airdate>2006-08-02</airdate><link>http://www.tvrage.com/Nightmares_And_Dreamscapes/episodes/415544</link><title>Autopsy Room Four</title><screencap>http://images.tvrage.com/screencaps/51/10098/415544.jpg</screencap></episode>
<episode><epnum>8</epnum><seasonnum>08</seasonnum><prodnum></prodnum><airdate>2006-08-02</airdate><link>http://www.tvrage.com/Nightmares_And_Dreamscapes/episodes/415545</link><title>You Know They've Got a Hell of a Band</title><screencap>http://images.tvrage.com/screencaps/51/10098/415545.jpg</screencap></episode>
</Season>

</Episodelist>

</Show>