<?xml version="1.0" encoding="UTF-8" ?>


<Show>
<name>The Doctors (1963)</name>
<totalseasons>20</totalseasons>
<showid>101</showid>
<showlink>http://tvrage.com/shows/id-101</showlink>
<started>Apr/01/1963</started>
<ended>Dec/31/1982</ended>
<image>http://images.tvrage.com/shows/1/101.jpg</image>
<origin_country>US</origin_country>
<status>Canceled/Ended</status>
<classification>Scripted</classification>
<genres><genre>Soaps</genre></genres>
<runtime>30</runtime>
<network country="US">NBC</network>
<airtime>12:00</airtime>
<airday>Weekdays</airday>
<timezone>GMT-5 -DST</timezone>
<Episodelist>

<Season no="1">
<episode><epnum>1</epnum><seasonnum>01</seasonnum><prodnum></prodnum><airdate>1963-04-01</airdate><link>http://www.tvrage.com/shows/id-101/episodes/328691</link><title>Season 1, Episode 1</title></episode>
<episode><epnum>2</epnum><seasonnum>02</seasonnum><prodnum></prodnum><airdate>1963-04-02</airdate><link>http://www.tvrage.com/shows/id-101/episodes/328692</link><title>Season 1, Episode 2</title></episode>
<episode><epnum>3</epnum><seasonnum>03</seasonnum><prodnum></prodnum><airdate>1963-04-03</airdate><link>http://www.tvrage.com/shows/id-101/episodes/328693</link><title>Season 1, Episode 3</title></episode>
<episode><epnum>4</epnum><seasonnum>04</seasonnum><prodnum></prodnum><airdate>1963-04-04</airdate><link>http://www.tvrage.com/shows/id-101/episodes/328694</link><title>Season 1, Episode 4</title></episode>
<episode><epnum>5</epnum><seasonnum>05</seasonnum><prodnum></prodnum><airdate>1963-04-05</airdate><link>http://www.tvrage.com/shows/id-101/episodes/328695</link><title>Season 1, Episode 5</title></episode>
<episode><epnum>6</epnum><seasonnum>06</seasonnum><prodnum></prodnum><airdate>1963-04-08</airdate><link>http://www.tvrage.com/shows/id-101/episodes/328696</link><title>Season 1, Episode 6</title></episode>
<episode><epnum>7</epnum><seasonnum>07</seasonnum><prodnum></prodnum><airdate>1963-04-09</airdate><link>http://www.tvrage.com/shows/id-101/episodes/328697</link><title>Season 1, Episode 7</title></episode>
<episode><epnum>8</epnum><seasonnum>08</seasonnum><prodnum></prodnum><airdate>1963-04-10</airdate><link>http://www.tvrage.com/shows/id-101/episodes/328698</link><title>Season 1, Episode 8</title></episode>
<episode><epnum>9</epnum><seasonnum>09</seasonnum><prodnum></prodnum><airdate>1963-04-11</airdate><link>http://www.tvrage.com/shows/id-101/episodes/328699</link><title>Season 1, Episode 9</title></episode>
<episode><epnum>10</epnum><seasonnum>10</seasonnum><prodnum></prodnum><airdate>1963-04-12</airdate><link>http://www.tvrage.com/shows/id-101/episodes/328700</link><title>Season 1, Episode 10</title></episode>
<episode><epnum>11</epnum><seasonnum>11</seasonnum><prodnum></prodnum><airdate>1963-04-15</airdate><link>http://www.tvrage.com/shows/id-101/episodes/328701</link><title>Season 1, Episode 11</title></episode>
<episode><epnum>12</epnum><seasonnum>12</seasonnum><prodnum></prodnum><airdate>1963-04-16</airdate><link>http://www.tvrage.com/shows/id-101/episodes/328702</link><title>Season 1, Episode 12</title></episode>
<episode><epnum>13</epnum><seasonnum>13</seasonnum><prodnum></prodnum><airdate>1963-04-17</airdate><link>http://www.tvrage.com/shows/id-101/episodes/328703</link><title>Season 1, Episode 13</title></episode>
<episode><epnum>14</epnum><seasonnum>14</seasonnum><prodnum></prodnum><airdate>1963-04-18</airdate><link>http://www.tvrage.com/shows/id-101/episodes/328704</link><title>Season 1, Episode 14</title></episode>
<episode><epnum>15</epnum><seasonnum>15</seasonnum><prodnum></prodnum><airdate>1963-04-19</airdate><link>http://www.tvrage.com/shows/id-101/episodes/328705</link><title>Season 1, Episode 15</title></episode>
<episode><epnum>16</epnum><seasonnum>16</seasonnum><prodnum></prodnum><airdate>1963-04-22</airdate><link>http://www.tvrage.com/shows/id-101/episodes/328706</link><title>Season 1, Episode 16</title></episode>
<episode><epnum>17</epnum><seasonnum>17</seasonnum><prodnum></prodnum><airdate>1963-04-23</airdate><link>http://www.tvrage.com/shows/id-101/episodes/328707</link><title>Season 1, Episode 17</title></episode>
<episode><epnum>18</epnum><seasonnum>18</seasonnum><prodnum></prodnum><airdate>1963-04-24</airdate><link>http://www.tvrage.com/shows/id-101/episodes/328708</link><title>Season 1, Episode 18</title></episode>
<episode><epnum>19</epnum><seasonnum>19</seasonnum><prodnum></prodnum><airdate>1963-04-25</airdate><link>http://www.tvrage.com/shows/id-101/episodes/328709</link><title>Season 1, Episode 19</title></episode>
<episode><epnum>20</epnum><seasonnum>20</seasonnum><prodnum></prodnum><airdate>1963-04-26</airdate><link>http://www.tvrage.com/shows/id-101/episodes/328710</link><title>Season 1, Episode 20</title></episode>
<episode><epnum>21</epnum><seasonnum>21</seasonnum><prodnum></prodnum><airdate>1963-04-29</airdate><link>http://www.tvrage.com/shows/id-101/episodes/328711</link><title>Season 1, Episode 21</title></episode>
<episode><epnum>22</epnum><seasonnum>22</seasonnum><prodnum></prodnum><airdate>1963-04-30</airdate><link>http://www.tvrage.com/shows/id-101/episodes/328712</link><title>Season 1, Episode 22</title></episode>
<episode><epnum>23</epnum><seasonnum>23</seasonnum><prodnum></prodnum><airdate>1963-05-01</airdate><link>http://www.tvrage.com/shows/id-101/episodes/328713</link><title>Season 1, Episode 23</title></episode>
<episode><epnum>24</epnum><seasonnum>24</seasonnum><prodnum></prodnum><airdate>1963-05-02</airdate><link>http://www.tvrage.com/shows/id-101/episodes/328714</link><title>Season 1, Episode 24</title></episode>
<episode><epnum>25</epnum><seasonnum>25</seasonnum><prodnum></prodnum><airdate>1963-05-03</airdate><link>http://www.tvrage.com/shows/id-101/episodes/328715</link><title>Season 1, Episode 25</title></episode>
<episode><epnum>26</epnum><seasonnum>26</seasonnum><prodnum></prodnum><airdate>1963-05-06</airdate><link>http://www.tvrage.com/shows/id-101/episodes/328716</link><title>Season 1, Episode 26</title></episode>
<episode><epnum>27</epnum><seasonnum>27</seasonnum><prodnum></prodnum><airdate>1963-05-07</airdate><link>http://www.tvrage.com/shows/id-101/episodes/328717</link><title>Season 1, Episode 27</title></episode>
<episode><epnum>28</epnum><seasonnum>28</seasonnum><prodnum></prodnum><airdate>1963-05-08</airdate><link>http://www.tvrage.com/shows/id-101/episodes/328718</link><title>Season 1, Episode 28</title></episode>
<episode><epnum>29</epnum><seasonnum>29</seasonnum><prodnum></prodnum><airdate>1963-05-09</airdate><link>http://www.tvrage.com/shows/id-101/episodes/328719</link><title>Season 1, Episode 29</title></episode>
<episode><epnum>30</epnum><seasonnum>30</seasonnum><prodnum></prodnum><airdate>1963-05-10</airdate><link>http://www.tvrage.com/shows/id-101/episodes/328720</link><title>Season 1, Episode 30</title></episode>
<episode><epnum>31</epnum><seasonnum>31</seasonnum><prodnum></prodnum><airdate>1963-05-13</airdate><link>http://www.tvrage.com/shows/id-101/episodes/328721</link><title>Season 1, Episode 31</title></episode>
<episode><epnum>32</epnum><seasonnum>32</seasonnum><prodnum></prodnum><airdate>1963-05-14</airdate><link>http://www.tvrage.com/shows/id-101/episodes/328722</link><title>Season 1, Episode 32</title></episode>
<episode><epnum>33</epnum><seasonnum>33</seasonnum><prodnum></prodnum><airdate>1963-05-15</airdate><link>http://www.tvrage.com/shows/id-101/episodes/328723</link><title>Season 1, Episode 33</title></episode>
<episode><epnum>34</epnum><seasonnum>34</seasonnum><prodnum></prodnum><airdate>1963-05-16</airdate><link>http://www.tvrage.com/shows/id-101/episodes/328724</link><title>Season 1, Episode 34</title></episode>
<episode><epnum>35</epnum><seasonnum>35</seasonnum><prodnum></prodnum><airdate>1963-05-17</airdate><link>http://www.tvrage.com/shows/id-101/episodes/328725</link><title>Season 1, Episode 35</title></episode>
<episode><epnum>36</epnum><seasonnum>36</seasonnum><prodnum></prodnum><airdate>1963-05-20</airdate><link>http://www.tvrage.com/shows/id-101/episodes/328726</link><title>Season 1, Episode 36</title></episode>
<episode><epnum>37</epnum><seasonnum>37</seasonnum><prodnum></prodnum><airdate>1963-05-21</airdate><link>http://www.tvrage.com/shows/id-101/episodes/328727</link><title>Season 1, Episode 37</title></episode>
<episode><epnum>38</epnum><seasonnum>38</seasonnum><prodnum></prodnum><airdate>1963-05-22</airdate><link>http://www.tvrage.com/shows/id-101/episodes/328728</link><title>Season 1, Episode 38</title></episode>
<episode><epnum>39</epnum><seasonnum>39</seasonnum><prodnum></prodnum><airdate>1963-05-23</airdate><link>http://www.tvrage.com/shows/id-101/episodes/328729</link><title>Season 1, Episode 39</title></episode>
<episode><epnum>40</epnum><seasonnum>40</seasonnum><prodnum></prodnum><airdate>1963-05-24</airdate><link>http://www.tvrage.com/shows/id-101/episodes/328730</link><title>Season 1, Episode 40</title></episode>
<episode><epnum>41</epnum><seasonnum>41</seasonnum><prodnum></prodnum><airdate>1963-05-27</airdate><link>http://www.tvrage.com/shows/id-101/episodes/329051</link><title>Season 1, Episode 41</title></episode>
<episode><epnum>42</epnum><seasonnum>42</seasonnum><prodnum></prodnum><airdate>1963-05-28</airdate><link>http://www.tvrage.com/shows/id-101/episodes/329052</link><title>Season 1, Episode 42</title></episode>
<episode><epnum>43</epnum><seasonnum>43</seasonnum><prodnum></prodnum><airdate>1963-05-29</airdate><link>http://www.tvrage.com/shows/id-101/episodes/329053</link><title>Season 1, Episode 43</title></episode>
<episode><epnum>44</epnum><seasonnum>44</seasonnum><prodnum></prodnum><airdate>1963-05-30</airdate><link>http://www.tvrage.com/shows/id-101/episodes/329054</link><title>Season 1, Episode 44</title></episode>
<episode><epnum>45</epnum><seasonnum>45</seasonnum><prodnum></prodnum><airdate>1963-05-31</airdate><link>http://www.tvrage.com/shows/id-101/episodes/329055</link><title>Season 1, Episode 45</title></episode>
<episode><epnum>46</epnum><seasonnum>46</seasonnum><prodnum></prodnum><airdate>1963-06-03</airdate><link>http://www.tvrage.com/shows/id-101/episodes/329056</link><title>Season 1, Episode 46</title></episode>
<episode><epnum>47</epnum><seasonnum>47</seasonnum><prodnum></prodnum><airdate>1963-06-04</airdate><link>http://www.tvrage.com/shows/id-101/episodes/329057</link><title>Season 1, Episode 47</title></episode>
<episode><epnum>48</epnum><seasonnum>48</seasonnum><prodnum></prodnum><airdate>1963-06-05</airdate><link>http://www.tvrage.com/shows/id-101/episodes/329058</link><title>Season 1, Episode 48</title></episode>
<episode><epnum>49</epnum><seasonnum>49</seasonnum><prodnum></prodnum><airdate>1963-06-06</airdate><link>http://www.tvrage.com/shows/id-101/episodes/329059</link><title>Season 1, Episode 49</title></episode>
<episode><epnum>50</epnum><seasonnum>50</seasonnum><prodnum></prodnum><airdate>1963-06-07</airdate><link>http://www.tvrage.com/shows/id-101/episodes/329060</link><title>Season 1, Episode 50</title></episode>
<episode><epnum>51</epnum><seasonnum>51</seasonnum><prodnum></prodnum><airdate>1963-06-10</airdate><link>http://www.tvrage.com/shows/id-101/episodes/329061</link><title>Season 1, Episode 51</title></episode>
<episode><epnum>52</epnum><seasonnum>52</seasonnum><prodnum></prodnum><airdate>1963-06-11</airdate><link>http://www.tvrage.com/shows/id-101/episodes/329062</link><title>Season 1, Episode 52</title></episode>
<episode><epnum>53</epnum><seasonnum>53</seasonnum><prodnum></prodnum><airdate>1963-06-12</airdate><link>http://www.tvrage.com/shows/id-101/episodes/329063</link><title>Season 1, Episode 53</title></episode>
<episode><epnum>54</epnum><seasonnum>54</seasonnum><prodnum></prodnum><airdate>1963-06-13</airdate><link>http://www.tvrage.com/shows/id-101/episodes/329064</link><title>Season 1, Episode 54</title></episode>
<episode><epnum>55</epnum><seasonnum>55</seasonnum><prodnum></prodnum><airdate>1963-06-14</airdate><link>http://www.tvrage.com/shows/id-101/episodes/329065</link><title>Season 1, Episode 55</title></episode>
<episode><epnum>56</epnum><seasonnum>56</seasonnum><prodnum></prodnum><airdate>1963-06-17</airdate><link>http://www.tvrage.com/shows/id-101/episodes/329066</link><title>Season 1, Episode 56</title></episode>
<episode><epnum>57</epnum><seasonnum>57</seasonnum><prodnum></prodnum><airdate>1963-06-18</airdate><link>http://www.tvrage.com/shows/id-101/episodes/329067</link><title>Season 1, Episode 57</title></episode>
<episode><epnum>58</epnum><seasonnum>58</seasonnum><prodnum></prodnum><airdate>1963-06-19</airdate><link>http://www.tvrage.com/shows/id-101/episodes/329068</link><title>Season 1, Episode 58</title></episode>
<episode><epnum>59</epnum><seasonnum>59</seasonnum><prodnum></prodnum><airdate>1963-06-20</airdate><link>http://www.tvrage.com/shows/id-101/episodes/329069</link><title>Season 1, Episode 59</title></episode>
<episode><epnum>60</epnum><seasonnum>60</seasonnum><prodnum></prodnum><airdate>1963-06-21</airdate><link>http://www.tvrage.com/shows/id-101/episodes/329070</link><title>Season 1, Episode 60</title></episode>
<episode><epnum>61</epnum><seasonnum>61</seasonnum><prodnum></prodnum><airdate>1963-06-24</airdate><link>http://www.tvrage.com/shows/id-101/episodes/329071</link><title>Season 1, Episode 61</title></episode>
<episode><epnum>62</epnum><seasonnum>62</seasonnum><prodnum></prodnum><airdate>1963-06-25</airdate><link>http://www.tvrage.com/shows/id-101/episodes/329072</link><title>Season 1, Episode 62</title></episode>
<episode><epnum>63</epnum><seasonnum>63</seasonnum><prodnum></prodnum><airdate>1963-06-26</airdate><link>http://www.tvrage.com/shows/id-101/episodes/329073</link><title>Season 1, Episode 63</title></episode>
<episode><epnum>64</epnum><seasonnum>64</seasonnum><prodnum></prodnum><airdate>1963-06-27</airdate><link>http://www.tvrage.com/shows/id-101/episodes/329074</link><title>Season 1, Episode 64</title></episode>
<episode><epnum>65</epnum><seasonnum>65</seasonnum><prodnum></prodnum><airdate>1963-06-28</airdate><link>http://www.tvrage.com/shows/id-101/episodes/329075</link><title>Season 1, Episode 65</title></episode>
<episode><epnum>66</epnum><seasonnum>66</seasonnum><prodnum></prodnum><airdate>1963-07-01</airdate><link>http://www.tvrage.com/shows/id-101/episodes/329076</link><title>Season 1, Episode 66</title></episode>
<episode><epnum>67</epnum><seasonnum>67</seasonnum><prodnum></prodnum><airdate>1963-07-02</airdate><link>http://www.tvrage.com/shows/id-101/episodes/329077</link><title>Season 1, Episode 67</title></episode>
<episode><epnum>68</epnum><seasonnum>68</seasonnum><prodnum></prodnum><airdate>1963-07-03</airdate><link>http://www.tvrage.com/shows/id-101/episodes/329078</link><title>Season 1, Episode 68</title></episode>
<episode><epnum>69</epnum><seasonnum>69</seasonnum><prodnum></prodnum><airdate>1963-07-04</airdate><link>http://www.tvrage.com/shows/id-101/episodes/329507</link><title>Season 1, Episode 69</title></episode>
<episode><epnum>70</epnum><seasonnum>70</seasonnum><prodnum></prodnum><airdate>1963-07-05</airdate><link>http://www.tvrage.com/shows/id-101/episodes/329508</link><title>Season 1, Episode 70</title></episode>
<episode><epnum>71</epnum><seasonnum>71</seasonnum><prodnum></prodnum><airdate>1963-07-08</airdate><link>http://www.tvrage.com/shows/id-101/episodes/329509</link><title>Season 1, Episode 71</title></episode>
<episode><epnum>72</epnum><seasonnum>72</seasonnum><prodnum></prodnum><airdate>1963-07-09</airdate><link>http://www.tvrage.com/shows/id-101/episodes/329510</link><title>Season 1, Episode 72</title></episode>
<episode><epnum>73</epnum><seasonnum>73</seasonnum><prodnum></prodnum><airdate>1963-07-10</airdate><link>http://www.tvrage.com/shows/id-101/episodes/329511</link><title>Season 1, Episode 73</title></episode>
<episode><epnum>74</epnum><seasonnum>74</seasonnum><prodnum></prodnum><airdate>1963-07-11</airdate><link>http://www.tvrage.com/shows/id-101/episodes/329512</link><title>Season 1, Episode 74</title></episode>
<episode><epnum>75</epnum><seasonnum>75</seasonnum><prodnum></prodnum><airdate>1963-07-12</airdate><link>http://www.tvrage.com/shows/id-101/episodes/329513</link><title>Season 1, Episode 75</title></episode>
<episode><epnum>76</epnum><seasonnum>76</seasonnum><prodnum></prodnum><airdate>1963-07-15</airdate><link>http://www.tvrage.com/shows/id-101/episodes/329514</link><title>Season 1, Episode 76</title></episode>
<episode><epnum>77</epnum><seasonnum>77</seasonnum><prodnum></prodnum><airdate>1963-07-16</airdate><link>http://www.tvrage.com/shows/id-101/episodes/329515</link><title>Season 1, Episode 77</title></episode>
<episode><epnum>78</epnum><seasonnum>78</seasonnum><prodnum></prodnum><airdate>1963-07-17</airdate><link>http://www.tvrage.com/shows/id-101/episodes/329516</link><title>Season 1, Episode 78</title></episode>
<episode><epnum>79</epnum><seasonnum>79</seasonnum><prodnum></prodnum><airdate>1963-07-18</airdate><link>http://www.tvrage.com/shows/id-101/episodes/329517</link><title>Season 1, Episode 79</title></episode>
<episode><epnum>80</epnum><seasonnum>80</seasonnum><prodnum></prodnum><airdate>1963-07-19</airdate><link>http://www.tvrage.com/shows/id-101/episodes/329518</link><title>Season 1, Episode 80</title></episode>
<episode><epnum>81</epnum><seasonnum>81</seasonnum><prodnum></prodnum><airdate>1963-07-22</airdate><link>http://www.tvrage.com/shows/id-101/episodes/329519</link><title>Season 1, Episode 81</title></episode>
<episode><epnum>82</epnum><seasonnum>82</seasonnum><prodnum></prodnum><airdate>1963-07-23</airdate><link>http://www.tvrage.com/shows/id-101/episodes/329520</link><title>Season 1, Episode 82</title></episode>
<episode><epnum>83</epnum><seasonnum>83</seasonnum><prodnum></prodnum><airdate>1963-07-24</airdate><link>http://www.tvrage.com/shows/id-101/episodes/329521</link><title>Season 1, Episode 83</title></episode>
<episode><epnum>84</epnum><seasonnum>84</seasonnum><prodnum></prodnum><airdate>1963-07-25</airdate><link>http://www.tvrage.com/shows/id-101/episodes/329522</link><title>Season 1, Episode 84</title></episode>
<episode><epnum>85</epnum><seasonnum>85</seasonnum><prodnum></prodnum><airdate>1963-07-26</airdate><link>http://www.tvrage.com/shows/id-101/episodes/329523</link><title>Season 1, Episode 85</title></episode>
<episode><epnum>86</epnum><seasonnum>86</seasonnum><prodnum></prodnum><airdate>1963-07-29</airdate><link>http://www.tvrage.com/shows/id-101/episodes/329524</link><title>Season 1, Episode 86</title></episode>
<episode><epnum>87</epnum><seasonnum>87</seasonnum><prodnum></prodnum><airdate>1963-07-30</airdate><link>http://www.tvrage.com/shows/id-101/episodes/329525</link><title>Season 1, Episode 87</title></episode>
<episode><epnum>88</epnum><seasonnum>88</seasonnum><prodnum></prodnum><airdate>1963-07-31</airdate><link>http://www.tvrage.com/shows/id-101/episodes/329526</link><title>Season 1, Episode 88</title></episode>
<episode><epnum>89</epnum><seasonnum>89</seasonnum><prodnum></prodnum><airdate>1963-08-01</airdate><link>http://www.tvrage.com/shows/id-101/episodes/329527</link><title>Season 1, Episode 89</title></episode>
<episode><epnum>90</epnum><seasonnum>90</seasonnum><prodnum></prodnum><airdate>1963-08-02</airdate><link>http://www.tvrage.com/shows/id-101/episodes/329528</link><title>Season 1, Episode 90</title></episode>
<episode><epnum>91</epnum><seasonnum>91</seasonnum><prodnum></prodnum><airdate>1963-08-05</airdate><link>http://www.tvrage.com/shows/id-101/episodes/333575</link><title>Season 1, Episode 91</title></episode>
<episode><epnum>92</epnum><seasonnum>92</seasonnum><prodnum></prodnum><airdate>1963-08-06</airdate><link>http://www.tvrage.com/shows/id-101/episodes/333576</link><title>Season 1, Episode 92</title></episode>
<episode><epnum>93</epnum><seasonnum>93</seasonnum><prodnum></prodnum><airdate>1963-08-07</airdate><link>http://www.tvrage.com/shows/id-101/episodes/333577</link><title>Season 1, Episode 93</title></episode>
<episode><epnum>94</epnum><seasonnum>94</seasonnum><prodnum></prodnum><airdate>1963-08-08</airdate><link>http://www.tvrage.com/shows/id-101/episodes/333578</link><title>Season 1, Episode 94</title></episode>
<episode><epnum>95</epnum><seasonnum>95</seasonnum><prodnum></prodnum><airdate>1963-08-09</airdate><link>http://www.tvrage.com/shows/id-101/episodes/333579</link><title>Season 1, Episode 95</title></episode>
<episode><epnum>96</epnum><seasonnum>96</seasonnum><prodnum></prodnum><airdate>1963-08-12</airdate><link>http://www.tvrage.com/shows/id-101/episodes/333580</link><title>Season 1, Episode 96</title></episode>
<episode><epnum>97</epnum><seasonnum>97</seasonnum><prodnum></prodnum><airdate>1963-08-13</airdate><link>http://www.tvrage.com/shows/id-101/episodes/333581</link><title>Season 1, Episode 97</title></episode>
<episode><epnum>98</epnum><seasonnum>98</seasonnum><prodnum></prodnum><airdate>1963-08-14</airdate><link>http://www.tvrage.com/shows/id-101/episodes/333582</link><title>Season 1, Episode 98</title></episode>
<episode><epnum>99</epnum><seasonnum>99</seasonnum><prodnum></prodnum><airdate>1963-08-15</airdate><link>http://www.tvrage.com/shows/id-101/episodes/333583</link><title>Season 1, Episode 99</title></episode>
<episode><epnum>100</epnum><seasonnum>100</seasonnum><prodnum></prodnum><airdate>1963-08-16</airdate><link>http://www.tvrage.com/shows/id-101/episodes/333584</link><title>Season 1, Episode 100</title></episode>
<episode><epnum>101</epnum><seasonnum>101</seasonnum><prodnum></prodnum><airdate>1963-08-19</airdate><link>http://www.tvrage.com/shows/id-101/episodes/333585</link><title>Season 1, Episode 101</title></episode>
<episode><epnum>102</epnum><seasonnum>102</seasonnum><prodnum></prodnum><airdate>1963-08-20</airdate><link>http://www.tvrage.com/shows/id-101/episodes/333586</link><title>Season 1, Episode 102</title></episode>
<episode><epnum>103</epnum><seasonnum>103</seasonnum><prodnum></prodnum><airdate>1963-08-21</airdate><link>http://www.tvrage.com/shows/id-101/episodes/333587</link><title>Season 1, Episode 103</title></episode>
<episode><epnum>104</epnum><seasonnum>104</seasonnum><prodnum></prodnum><airdate>1963-08-22</airdate><link>http://www.tvrage.com/shows/id-101/episodes/333588</link><title>Season 1, Episode 104</title></episode>
<episode><epnum>105</epnum><seasonnum>105</seasonnum><prodnum></prodnum><airdate>1963-08-23</airdate><link>http://www.tvrage.com/shows/id-101/episodes/333589</link><title>Season 1, Episode 105</title></episode>
<episode><epnum>106</epnum><seasonnum>106</seasonnum><prodnum></prodnum><airdate>1963-08-26</airdate><link>http://www.tvrage.com/shows/id-101/episodes/333624</link><title>Season 1, Episode 106</title></episode>
<episode><epnum>107</epnum><seasonnum>107</seasonnum><prodnum></prodnum><airdate>1963-08-27</airdate><link>http://www.tvrage.com/shows/id-101/episodes/333625</link><title>Season 1, Episode 107</title></episode>
<episode><epnum>108</epnum><seasonnum>108</seasonnum><prodnum></prodnum><airdate>1963-08-28</airdate><link>http://www.tvrage.com/shows/id-101/episodes/333626</link><title>Season 1, Episode 108</title></episode>
<episode><epnum>109</epnum><seasonnum>109</seasonnum><prodnum></prodnum><airdate>1963-08-29</airdate><link>http://www.tvrage.com/shows/id-101/episodes/333627</link><title>Season 1, Episode 109</title></episode>
<episode><epnum>110</epnum><seasonnum>110</seasonnum><prodnum></prodnum><airdate>1963-08-30</airdate><link>http://www.tvrage.com/shows/id-101/episodes/333628</link><title>Season 1, Episode 110</title></episode>
<episode><epnum>111</epnum><seasonnum>111</seasonnum><prodnum></prodnum><airdate>1963-09-02</airdate><link>http://www.tvrage.com/shows/id-101/episodes/333629</link><title>Season 1, Episode 111</title></episode>
<episode><epnum>112</epnum><seasonnum>112</seasonnum><prodnum></prodnum><airdate>1963-09-03</airdate><link>http://www.tvrage.com/shows/id-101/episodes/333630</link><title>Season 1, Episode 112</title></episode>
<episode><epnum>113</epnum><seasonnum>113</seasonnum><prodnum></prodnum><airdate>1963-09-04</airdate><link>http://www.tvrage.com/shows/id-101/episodes/333644</link><title>Season 1, Episode 113</title></episode>
<episode><epnum>114</epnum><seasonnum>114</seasonnum><prodnum></prodnum><airdate>1963-09-05</airdate><link>http://www.tvrage.com/shows/id-101/episodes/333670</link><title>Season 1, Episode 114</title></episode>
<episode><epnum>115</epnum><seasonnum>115</seasonnum><prodnum></prodnum><airdate>1963-09-06</airdate><link>http://www.tvrage.com/shows/id-101/episodes/333680</link><title>Season 1, Episode 115</title></episode>
<episode><epnum>116</epnum><seasonnum>116</seasonnum><prodnum></prodnum><airdate>1963-09-09</airdate><link>http://www.tvrage.com/shows/id-101/episodes/333681</link><title>Season 1, Episode 116</title></episode>
<episode><epnum>117</epnum><seasonnum>117</seasonnum><prodnum></prodnum><airdate>1963-09-10</airdate><link>http://www.tvrage.com/shows/id-101/episodes/333682</link><title>Season 1, Episode 117</title></episode>
<episode><epnum>118</epnum><seasonnum>118</seasonnum><prodnum></prodnum><airdate>1963-09-11</airdate><link>http://www.tvrage.com/shows/id-101/episodes/333683</link><title>Season 1, Episode 118</title></episode>
<episode><epnum>119</epnum><seasonnum>119</seasonnum><prodnum></prodnum><airdate>1963-09-12</airdate><link>http://www.tvrage.com/shows/id-101/episodes/333684</link><title>Season 1, Episode 119</title></episode>
<episode><epnum>120</epnum><seasonnum>120</seasonnum><prodnum></prodnum><airdate>1963-09-13</airdate><link>http://www.tvrage.com/shows/id-101/episodes/333685</link><title>Season 1, Episode 120</title></episode>
<episode><epnum>121</epnum><seasonnum>121</seasonnum><prodnum></prodnum><airdate>1963-09-16</airdate><link>http://www.tvrage.com/shows/id-101/episodes/333686</link><title>Season 1, Episode 121</title></episode>
<episode><epnum>122</epnum><seasonnum>122</seasonnum><prodnum></prodnum><airdate>1963-09-17</airdate><link>http://www.tvrage.com/shows/id-101/episodes/333687</link><title>Season 1, Episode 122</title></episode>
<episode><epnum>123</epnum><seasonnum>123</seasonnum><prodnum></prodnum><airdate>1963-09-18</airdate><link>http://www.tvrage.com/shows/id-101/episodes/333688</link><title>Season 1, Episode 123</title></episode>
<episode><epnum>124</epnum><seasonnum>124</seasonnum><prodnum></prodnum><airdate>1963-09-19</airdate><link>http://www.tvrage.com/shows/id-101/episodes/333689</link><title>Season 1, Episode 124</title></episode>
<episode><epnum>125</epnum><seasonnum>125</seasonnum><prodnum></prodnum><airdate>1963-09-20</airdate><link>http://www.tvrage.com/shows/id-101/episodes/333690</link><title>Season 1, Episode 125</title></episode>
<episode><epnum>126</epnum><seasonnum>126</seasonnum><prodnum></prodnum><airdate>1963-09-23</airdate><link>http://www.tvrage.com/shows/id-101/episodes/333691</link><title>Season 1, Episode 126</title></episode>
<episode><epnum>127</epnum><seasonnum>127</seasonnum><prodnum></prodnum><airdate>1963-09-24</airdate><link>http://www.tvrage.com/shows/id-101/episodes/333692</link><title>Season 1, Episode 127</title></episode>
<episode><epnum>128</epnum><seasonnum>128</seasonnum><prodnum></prodnum><airdate>1963-09-25</airdate><link>http://www.tvrage.com/shows/id-101/episodes/333693</link><title>Season 1, Episode 128</title></episode>
<episode><epnum>129</epnum><seasonnum>129</seasonnum><prodnum></prodnum><airdate>1963-09-26</airdate><link>http://www.tvrage.com/shows/id-101/episodes/333694</link><title>Season 1, Episode 129</title></episode>
<episode><epnum>130</epnum><seasonnum>130</seasonnum><prodnum></prodnum><airdate>1963-09-27</airdate><link>http://www.tvrage.com/shows/id-101/episodes/333695</link><title>Season 1, Episode 130</title></episode>
<episode><epnum>131</epnum><seasonnum>131</seasonnum><prodnum></prodnum><airdate>1963-09-30</airdate><link>http://www.tvrage.com/shows/id-101/episodes/333696</link><title>Season 1, Episode 131</title></episode>
<episode><epnum>132</epnum><seasonnum>132</seasonnum><prodnum></prodnum><airdate>1963-10-01</airdate><link>http://www.tvrage.com/shows/id-101/episodes/333697</link><title>Season 1, Episode 132</title></episode>
<episode><epnum>133</epnum><seasonnum>133</seasonnum><prodnum></prodnum><airdate>1963-10-02</airdate><link>http://www.tvrage.com/shows/id-101/episodes/333698</link><title>Season 1, Episode 133</title></episode>
<episode><epnum>134</epnum><seasonnum>134</seasonnum><prodnum></prodnum><airdate>1963-10-03</airdate><link>http://www.tvrage.com/shows/id-101/episodes/333699</link><title>Season 1, Episode 134</title></episode>
<episode><epnum>135</epnum><seasonnum>135</seasonnum><prodnum></prodnum><airdate>1963-10-04</airdate><link>http://www.tvrage.com/shows/id-101/episodes/333700</link><title>Season 1, Episode 135</title></episode>
<episode><epnum>136</epnum><seasonnum>136</seasonnum><prodnum></prodnum><airdate>1963-10-07</airdate><link>http://www.tvrage.com/shows/id-101/episodes/333701</link><title>Season 1, Episode 136</title></episode>
<episode><epnum>137</epnum><seasonnum>137</seasonnum><prodnum></prodnum><airdate>1963-10-08</airdate><link>http://www.tvrage.com/shows/id-101/episodes/333707</link><title>Season 1, Episode 137</title></episode>
<episode><epnum>138</epnum><seasonnum>138</seasonnum><prodnum></prodnum><airdate>1963-10-09</airdate><link>http://www.tvrage.com/shows/id-101/episodes/333708</link><title>Season 1, Episode 138</title></episode>
<episode><epnum>139</epnum><seasonnum>139</seasonnum><prodnum></prodnum><airdate>1963-10-10</airdate><link>http://www.tvrage.com/shows/id-101/episodes/333709</link><title>Season 1, Episode 139</title></episode>
<episode><epnum>140</epnum><seasonnum>140</seasonnum><prodnum></prodnum><airdate>1963-10-11</airdate><link>http://www.tvrage.com/shows/id-101/episodes/333710</link><title>Season 1, Episode 140</title></episode>
<episode><epnum>141</epnum><seasonnum>141</seasonnum><prodnum></prodnum><airdate>1963-10-14</airdate><link>http://www.tvrage.com/shows/id-101/episodes/333711</link><title>Season 1, Episode 141</title></episode>
<episode><epnum>142</epnum><seasonnum>142</seasonnum><prodnum></prodnum><airdate>1963-10-15</airdate><link>http://www.tvrage.com/shows/id-101/episodes/333712</link><title>Season 1, Episode 142</title></episode>
<episode><epnum>143</epnum><seasonnum>143</seasonnum><prodnum></prodnum><airdate>1963-10-16</airdate><link>http://www.tvrage.com/shows/id-101/episodes/333713</link><title>Season 1, Episode 143</title></episode>
<episode><epnum>144</epnum><seasonnum>144</seasonnum><prodnum></prodnum><airdate>1963-10-17</airdate><link>http://www.tvrage.com/shows/id-101/episodes/333714</link><title>Season 1, Episode 144</title></episode>
<episode><epnum>145</epnum><seasonnum>145</seasonnum><prodnum></prodnum><airdate>1963-10-18</airdate><link>http://www.tvrage.com/shows/id-101/episodes/333715</link><title>Season 1, Episode 145</title></episode>
<episode><epnum>146</epnum><seasonnum>146</seasonnum><prodnum></prodnum><airdate>1963-10-21</airdate><link>http://www.tvrage.com/shows/id-101/episodes/333716</link><title>Season 1, Episode 146</title></episode>
<episode><epnum>147</epnum><seasonnum>147</seasonnum><prodnum></prodnum><airdate>1963-10-22</airdate><link>http://www.tvrage.com/shows/id-101/episodes/333717</link><title>Season 1, Episode 147</title></episode>
<episode><epnum>148</epnum><seasonnum>148</seasonnum><prodnum></prodnum><airdate>1963-10-23</airdate><link>http://www.tvrage.com/shows/id-101/episodes/333718</link><title>Season 1, Episode 148</title></episode>
<episode><epnum>149</epnum><seasonnum>149</seasonnum><prodnum></prodnum><airdate>1963-10-24</airdate><link>http://www.tvrage.com/shows/id-101/episodes/333719</link><title>Season 1, Episode 149</title></episode>
<episode><epnum>150</epnum><seasonnum>150</seasonnum><prodnum></prodnum><airdate>1963-10-25</airdate><link>http://www.tvrage.com/shows/id-101/episodes/333720</link><title>Season 1, Episode 150</title></episode>
<episode><epnum>151</epnum><seasonnum>151</seasonnum><prodnum></prodnum><airdate>1963-10-28</airdate><link>http://www.tvrage.com/shows/id-101/episodes/333721</link><title>Season 1, Episode 151</title></episode>
<episode><epnum>152</epnum><seasonnum>152</seasonnum><prodnum></prodnum><airdate>1963-10-29</airdate><link>http://www.tvrage.com/shows/id-101/episodes/333722</link><title>Season 1, Episode 152</title></episode>
<episode><epnum>153</epnum><seasonnum>153</seasonnum><prodnum></prodnum><airdate>1963-10-30</airdate><link>http://www.tvrage.com/shows/id-101/episodes/333723</link><title>Season 1, Episode 153</title></episode>
<episode><epnum>154</epnum><seasonnum>154</seasonnum><prodnum></prodnum><airdate>1963-10-31</airdate><link>http://www.tvrage.com/shows/id-101/episodes/333724</link><title>Season 1, Episode 154</title></episode>
<episode><epnum>155</epnum><seasonnum>155</seasonnum><prodnum></prodnum><airdate>1963-11-01</airdate><link>http://www.tvrage.com/shows/id-101/episodes/333725</link><title>Season 1, Episode 155</title></episode>
<episode><epnum>156</epnum><seasonnum>156</seasonnum><prodnum></prodnum><airdate>1963-11-04</airdate><link>http://www.tvrage.com/shows/id-101/episodes/365774</link><title>Season 1, Episode 156</title></episode>
<episode><epnum>157</epnum><seasonnum>157</seasonnum><prodnum></prodnum><airdate>1963-11-05</airdate><link>http://www.tvrage.com/shows/id-101/episodes/365775</link><title>Season 1, Episode 157</title></episode>
<episode><epnum>158</epnum><seasonnum>158</seasonnum><prodnum></prodnum><airdate>1963-11-06</airdate><link>http://www.tvrage.com/shows/id-101/episodes/365776</link><title>Season 1, Episode 158</title></episode>
<episode><epnum>159</epnum><seasonnum>159</seasonnum><prodnum></prodnum><airdate>1963-11-07</airdate><link>http://www.tvrage.com/shows/id-101/episodes/365777</link><title>Season 1, Episode 159</title></episode>
<episode><epnum>160</epnum><seasonnum>160</seasonnum><prodnum></prodnum><airdate>1963-11-08</airdate><link>http://www.tvrage.com/shows/id-101/episodes/365778</link><title>Season 1, Episode 160</title></episode>
<episode><epnum>161</epnum><seasonnum>161</seasonnum><prodnum></prodnum><airdate>1963-11-11</airdate><link>http://www.tvrage.com/shows/id-101/episodes/365779</link><title>Season 1, Episode 161</title></episode>
<episode><epnum>162</epnum><seasonnum>162</seasonnum><prodnum></prodnum><airdate>1963-11-12</airdate><link>http://www.tvrage.com/shows/id-101/episodes/365780</link><title>Season 1, Episode 162</title></episode>
<episode><epnum>163</epnum><seasonnum>163</seasonnum><prodnum></prodnum><airdate>1963-11-13</airdate><link>http://www.tvrage.com/shows/id-101/episodes/365781</link><title>Season 1, Episode 163</title></episode>
<episode><epnum>164</epnum><seasonnum>164</seasonnum><prodnum></prodnum><airdate>1963-11-14</airdate><link>http://www.tvrage.com/shows/id-101/episodes/365782</link><title>Season 1, Episode 164</title></episode>
<episode><epnum>165</epnum><seasonnum>165</seasonnum><prodnum></prodnum><airdate>1963-11-15</airdate><link>http://www.tvrage.com/shows/id-101/episodes/365783</link><title>Season 1, Episode 165</title></episode>
<episode><epnum>166</epnum><seasonnum>166</seasonnum><prodnum></prodnum><airdate>1963-11-18</airdate><link>http://www.tvrage.com/shows/id-101/episodes/365784</link><title>Season 1, Episode 166</title></episode>
<episode><epnum>167</epnum><seasonnum>167</seasonnum><prodnum></prodnum><airdate>1963-11-19</airdate><link>http://www.tvrage.com/shows/id-101/episodes/365785</link><title>Season 1, Episode 167</title></episode>
<episode><epnum>168</epnum><seasonnum>168</seasonnum><prodnum></prodnum><airdate>1963-11-20</airdate><link>http://www.tvrage.com/shows/id-101/episodes/365786</link><title>Season 1, Episode 168</title></episode>
<episode><epnum>169</epnum><seasonnum>169</seasonnum><prodnum></prodnum><airdate>1963-11-21</airdate><link>http://www.tvrage.com/shows/id-101/episodes/365787</link><title>Season 1, Episode 169</title></episode>
<episode><epnum>170</epnum><seasonnum>170</seasonnum><prodnum></prodnum><airdate>1963-11-22</airdate><link>http://www.tvrage.com/shows/id-101/episodes/365788</link><title>Season 1, Episode 170</title></episode>
<episode><epnum>171</epnum><seasonnum>171</seasonnum><prodnum></prodnum><airdate>1963-11-25</airdate><link>http://www.tvrage.com/shows/id-101/episodes/365789</link><title>Season 1, Episode 171</title></episode>
<episode><epnum>172</epnum><seasonnum>172</seasonnum><prodnum></prodnum><airdate>1963-11-26</airdate><link>http://www.tvrage.com/shows/id-101/episodes/365790</link><title>Season 1, Episode 172</title></episode>
<episode><epnum>173</epnum><seasonnum>173</seasonnum><prodnum></prodnum><airdate>1963-11-27</airdate><link>http://www.tvrage.com/shows/id-101/episodes/365791</link><title>Season 1, Episode 173</title></episode>
<episode><epnum>174</epnum><seasonnum>174</seasonnum><prodnum></prodnum><airdate>1963-11-29</airdate><link>http://www.tvrage.com/shows/id-101/episodes/365792</link><title>Season 1, Episode 174</title></episode>
<episode><epnum>175</epnum><seasonnum>175</seasonnum><prodnum></prodnum><airdate>1963-12-02</airdate><link>http://www.tvrage.com/shows/id-101/episodes/365793</link><title>Season 1, Episode 175</title></episode>
<episode><epnum>176</epnum><seasonnum>176</seasonnum><prodnum></prodnum><airdate>1963-12-03</airdate><link>http://www.tvrage.com/shows/id-101/episodes/365794</link><title>Season 1, Episode 176</title></episode>
<episode><epnum>177</epnum><seasonnum>177</seasonnum><prodnum></prodnum><airdate>1963-12-04</airdate><link>http://www.tvrage.com/shows/id-101/episodes/365795</link><title>Season 1, Episode 177</title></episode>
<episode><epnum>178</epnum><seasonnum>178</seasonnum><prodnum></prodnum><airdate>1963-12-05</airdate><link>http://www.tvrage.com/shows/id-101/episodes/365796</link><title>Season 1, Episode 178</title></episode>
<episode><epnum>179</epnum><seasonnum>179</seasonnum><prodnum></prodnum><airdate>1963-12-06</airdate><link>http://www.tvrage.com/shows/id-101/episodes/365797</link><title>Season 1, Episode 179</title></episode>
<episode><epnum>180</epnum><seasonnum>180</seasonnum><prodnum></prodnum><airdate>1963-12-09</airdate><link>http://www.tvrage.com/shows/id-101/episodes/365798</link><title>Season 1, Episode 180</title></episode>
<episode><epnum>181</epnum><seasonnum>181</seasonnum><prodnum></prodnum><airdate>1963-12-10</airdate><link>http://www.tvrage.com/shows/id-101/episodes/365799</link><title>Season 1, Episode 181</title></episode>
<episode><epnum>182</epnum><seasonnum>182</seasonnum><prodnum></prodnum><airdate>1963-12-11</airdate><link>http://www.tvrage.com/shows/id-101/episodes/365800</link><title>Season 1, Episode 182</title></episode>
<episode><epnum>183</epnum><seasonnum>183</seasonnum><prodnum></prodnum><airdate>1963-12-12</airdate><link>http://www.tvrage.com/shows/id-101/episodes/365801</link><title>Season 1, Episode 183</title></episode>
<episode><epnum>184</epnum><seasonnum>184</seasonnum><prodnum></prodnum><airdate>1963-12-13</airdate><link>http://www.tvrage.com/shows/id-101/episodes/365802</link><title>Season 1, Episode 184</title></episode>
<episode><epnum>185</epnum><seasonnum>185</seasonnum><prodnum></prodnum><airdate>1963-12-16</airdate><link>http://www.tvrage.com/shows/id-101/episodes/365803</link><title>Season 1, Episode 185</title></episode>
<episode><epnum>186</epnum><seasonnum>186</seasonnum><prodnum></prodnum><airdate>1963-12-17</airdate><link>http://www.tvrage.com/shows/id-101/episodes/365804</link><title>Season 1, Episode 186</title></episode>
<episode><epnum>187</epnum><seasonnum>187</seasonnum><prodnum></prodnum><airdate>1963-12-18</airdate><link>http://www.tvrage.com/shows/id-101/episodes/365805</link><title>Season 1, Episode 187</title></episode>
<episode><epnum>188</epnum><seasonnum>188</seasonnum><prodnum></prodnum><airdate>1963-12-19</airdate><link>http://www.tvrage.com/shows/id-101/episodes/365806</link><title>Season 1, Episode 188</title></episode>
<episode><epnum>189</epnum><seasonnum>189</seasonnum><prodnum></prodnum><airdate>1963-12-20</airdate><link>http://www.tvrage.com/shows/id-101/episodes/365807</link><title>Season 1, Episode 189</title></episode>
<episode><epnum>190</epnum><seasonnum>190</seasonnum><prodnum></prodnum><airdate>1963-12-23</airdate><link>http://www.tvrage.com/shows/id-101/episodes/365808</link><title>Season 1, Episode 190</title></episode>
<episode><epnum>191</epnum><seasonnum>191</seasonnum><prodnum></prodnum><airdate>1963-12-24</airdate><link>http://www.tvrage.com/shows/id-101/episodes/365809</link><title>Season 1, Episode 191</title></episode>
<episode><epnum>192</epnum><seasonnum>192</seasonnum><prodnum></prodnum><airdate>1963-12-26</airdate><link>http://www.tvrage.com/shows/id-101/episodes/365810</link><title>Season 1, Episode 192</title></episode>
<episode><epnum>193</epnum><seasonnum>193</seasonnum><prodnum></prodnum><airdate>1963-12-27</airdate><link>http://www.tvrage.com/shows/id-101/episodes/365811</link><title>Season 1, Episode 193</title></episode>
<episode><epnum>194</epnum><seasonnum>194</seasonnum><prodnum></prodnum><airdate>1963-12-30</airdate><link>http://www.tvrage.com/shows/id-101/episodes/365812</link><title>Season 1, Episode 194</title></episode>
<episode><epnum>195</epnum><seasonnum>195</seasonnum><prodnum></prodnum><airdate>1963-12-31</airdate><link>http://www.tvrage.com/shows/id-101/episodes/365813</link><title>Season 1, Episode 195</title></episode>
<episode><epnum>196</epnum><seasonnum>196</seasonnum><prodnum></prodnum><airdate>1964-01-02</airdate><link>http://www.tvrage.com/shows/id-101/episodes/365814</link><title>Season 1, Episode 196</title></episode>
<episode><epnum>197</epnum><seasonnum>197</seasonnum><prodnum></prodnum><airdate>1964-01-03</airdate><link>http://www.tvrage.com/shows/id-101/episodes/365815</link><title>Season 1, Episode 197</title></episode>
<episode><epnum>198</epnum><seasonnum>198</seasonnum><prodnum></prodnum><airdate>1964-01-06</airdate><link>http://www.tvrage.com/shows/id-101/episodes/365816</link><title>Season 1, Episode 198</title></episode>
<episode><epnum>199</epnum><seasonnum>199</seasonnum><prodnum></prodnum><airdate>1964-01-07</airdate><link>http://www.tvrage.com/shows/id-101/episodes/365817</link><title>Season 1, Episode 199</title></episode>
<episode><epnum>200</epnum><seasonnum>200</seasonnum><prodnum></prodnum><airdate>1964-01-08</airdate><link>http://www.tvrage.com/shows/id-101/episodes/365818</link><title>Season 1, Episode 200</title></episode>
<episode><epnum>201</epnum><seasonnum>201</seasonnum><prodnum></prodnum><airdate>1964-01-09</airdate><link>http://www.tvrage.com/shows/id-101/episodes/365819</link><title>Season 1, Episode 201</title></episode>
<episode><epnum>202</epnum><seasonnum>202</seasonnum><prodnum></prodnum><airdate>1964-01-10</airdate><link>http://www.tvrage.com/shows/id-101/episodes/365820</link><title>Season 1, Episode 202</title></episode>
<episode><epnum>203</epnum><seasonnum>203</seasonnum><prodnum></prodnum><airdate>1964-01-13</airdate><link>http://www.tvrage.com/shows/id-101/episodes/365821</link><title>Season 1, Episode 203</title></episode>
<episode><epnum>204</epnum><seasonnum>204</seasonnum><prodnum></prodnum><airdate>1964-01-14</airdate><link>http://www.tvrage.com/shows/id-101/episodes/365822</link><title>Season 1, Episode 204</title></episode>
<episode><epnum>205</epnum><seasonnum>205</seasonnum><prodnum></prodnum><airdate>1964-01-15</airdate><link>http://www.tvrage.com/shows/id-101/episodes/365823</link><title>Season 1, Episode 205</title></episode>
<episode><epnum>206</epnum><seasonnum>206</seasonnum><prodnum></prodnum><airdate>1964-01-16</airdate><link>http://www.tvrage.com/shows/id-101/episodes/365824</link><title>Season 1, Episode 206</title></episode>
<episode><epnum>207</epnum><seasonnum>207</seasonnum><prodnum></prodnum><airdate>1964-01-17</airdate><link>http://www.tvrage.com/shows/id-101/episodes/365825</link><title>Season 1, Episode 207</title></episode>
<episode><epnum>208</epnum><seasonnum>208</seasonnum><prodnum></prodnum><airdate>1964-01-20</airdate><link>http://www.tvrage.com/shows/id-101/episodes/368548</link><title>Season 1, Episode 208</title></episode>
<episode><epnum>209</epnum><seasonnum>209</seasonnum><prodnum></prodnum><airdate>1964-01-21</airdate><link>http://www.tvrage.com/shows/id-101/episodes/368549</link><title>Season 1, Episode 209</title></episode>
<episode><epnum>210</epnum><seasonnum>210</seasonnum><prodnum></prodnum><airdate>1964-01-22</airdate><link>http://www.tvrage.com/shows/id-101/episodes/368550</link><title>Season 1, Episode 210</title></episode>
<episode><epnum>211</epnum><seasonnum>211</seasonnum><prodnum></prodnum><airdate>1964-01-23</airdate><link>http://www.tvrage.com/shows/id-101/episodes/368551</link><title>Season 1, Episode 211</title></episode>
<episode><epnum>212</epnum><seasonnum>212</seasonnum><prodnum></prodnum><airdate>1964-01-24</airdate><link>http://www.tvrage.com/shows/id-101/episodes/368552</link><title>Season 1, Episode 212</title></episode>
<episode><epnum>213</epnum><seasonnum>213</seasonnum><prodnum></prodnum><airdate>1964-01-27</airdate><link>http://www.tvrage.com/shows/id-101/episodes/368553</link><title>Season 1, Episode 213</title></episode>
<episode><epnum>214</epnum><seasonnum>214</seasonnum><prodnum></prodnum><airdate>1964-01-28</airdate><link>http://www.tvrage.com/shows/id-101/episodes/368554</link><title>Season 1, Episode 214</title></episode>
<episode><epnum>215</epnum><seasonnum>215</seasonnum><prodnum></prodnum><airdate>1964-01-29</airdate><link>http://www.tvrage.com/shows/id-101/episodes/368555</link><title>Season 1, Episode 215</title></episode>
<episode><epnum>216</epnum><seasonnum>216</seasonnum><prodnum></prodnum><airdate>1964-01-30</airdate><link>http://www.tvrage.com/shows/id-101/episodes/368556</link><title>Season 1, Episode 216</title></episode>
<episode><epnum>217</epnum><seasonnum>217</seasonnum><prodnum></prodnum><airdate>1964-01-31</airdate><link>http://www.tvrage.com/shows/id-101/episodes/368557</link><title>Season 1, Episode 217</title></episode>
<episode><epnum>218</epnum><seasonnum>218</seasonnum><prodnum></prodnum><airdate>1964-02-03</airdate><link>http://www.tvrage.com/shows/id-101/episodes/368558</link><title>Season 1, Episode 218</title></episode>
<episode><epnum>219</epnum><seasonnum>219</seasonnum><prodnum></prodnum><airdate>1964-02-04</airdate><link>http://www.tvrage.com/shows/id-101/episodes/368559</link><title>Season 1, Episode 219</title></episode>
<episode><epnum>220</epnum><seasonnum>220</seasonnum><prodnum></prodnum><airdate>1964-02-05</airdate><link>http://www.tvrage.com/shows/id-101/episodes/368560</link><title>Season 1, Episode 220</title></episode>
<episode><epnum>221</epnum><seasonnum>221</seasonnum><prodnum></prodnum><airdate>1964-02-06</airdate><link>http://www.tvrage.com/shows/id-101/episodes/368561</link><title>Season 1, Episode 221</title></episode>
<episode><epnum>222</epnum><seasonnum>222</seasonnum><prodnum></prodnum><airdate>1964-02-07</airdate><link>http://www.tvrage.com/shows/id-101/episodes/368562</link><title>Season 1, Episode 222</title></episode>
<episode><epnum>223</epnum><seasonnum>223</seasonnum><prodnum></prodnum><airdate>1964-02-10</airdate><link>http://www.tvrage.com/shows/id-101/episodes/368563</link><title>Season 1, Episode 223</title></episode>
<episode><epnum>224</epnum><seasonnum>224</seasonnum><prodnum></prodnum><airdate>1964-02-11</airdate><link>http://www.tvrage.com/shows/id-101/episodes/368564</link><title>Season 1, Episode 224</title></episode>
<episode><epnum>225</epnum><seasonnum>225</seasonnum><prodnum></prodnum><airdate>1964-02-12</airdate><link>http://www.tvrage.com/shows/id-101/episodes/368565</link><title>Season 1, Episode 225</title></episode>
<episode><epnum>226</epnum><seasonnum>226</seasonnum><prodnum></prodnum><airdate>1964-02-13</airdate><link>http://www.tvrage.com/shows/id-101/episodes/368566</link><title>Season 1, Episode 226</title></episode>
<episode><epnum>227</epnum><seasonnum>227</seasonnum><prodnum></prodnum><airdate>1964-02-14</airdate><link>http://www.tvrage.com/shows/id-101/episodes/368567</link><title>Season 1, Episode 227</title></episode>
<episode><epnum>228</epnum><seasonnum>228</seasonnum><prodnum></prodnum><airdate>1964-02-17</airdate><link>http://www.tvrage.com/shows/id-101/episodes/368568</link><title>Season 1, Episode 228</title></episode>
<episode><epnum>229</epnum><seasonnum>229</seasonnum><prodnum></prodnum><airdate>1964-02-18</airdate><link>http://www.tvrage.com/shows/id-101/episodes/368569</link><title>Season 1, Episode 229</title></episode>
<episode><epnum>230</epnum><seasonnum>230</seasonnum><prodnum></prodnum><airdate>1964-02-19</airdate><link>http://www.tvrage.com/shows/id-101/episodes/368570</link><title>Season 1, Episode 230</title></episode>
<episode><epnum>231</epnum><seasonnum>231</seasonnum><prodnum></prodnum><airdate>1964-02-20</airdate><link>http://www.tvrage.com/shows/id-101/episodes/368571</link><title>Season 1, Episode 231</title></episode>
<episode><epnum>232</epnum><seasonnum>232</seasonnum><prodnum></prodnum><airdate>1964-02-21</airdate><link>http://www.tvrage.com/shows/id-101/episodes/368572</link><title>Season 1, Episode 232</title></episode>
<episode><epnum>233</epnum><seasonnum>233</seasonnum><prodnum></prodnum><airdate>1964-02-24</airdate><link>http://www.tvrage.com/shows/id-101/episodes/429725</link><title>Season 1, Episode 233</title></episode>
<episode><epnum>234</epnum><seasonnum>234</seasonnum><prodnum></prodnum><airdate>1964-02-25</airdate><link>http://www.tvrage.com/shows/id-101/episodes/429726</link><title>Season 1, Episode 234</title></episode>
<episode><epnum>235</epnum><seasonnum>235</seasonnum><prodnum></prodnum><airdate>1964-02-26</airdate><link>http://www.tvrage.com/shows/id-101/episodes/429727</link><title>Season 1, Episode 235</title></episode>
<episode><epnum>236</epnum><seasonnum>236</seasonnum><prodnum></prodnum><airdate>1964-02-27</airdate><link>http://www.tvrage.com/shows/id-101/episodes/429728</link><title>Season 1, Episode 236</title></episode>
<episode><epnum>237</epnum><seasonnum>237</seasonnum><prodnum></prodnum><airdate>1964-02-28</airdate><link>http://www.tvrage.com/shows/id-101/episodes/429729</link><title>Season 1, Episode 237</title></episode>
<episode><epnum>238</epnum><seasonnum>238</seasonnum><prodnum></prodnum><airdate>1964-03-02</airdate><link>http://www.tvrage.com/shows/id-101/episodes/429730</link><title>Season 1, Episode 238</title></episode>
<episode><epnum>239</epnum><seasonnum>239</seasonnum><prodnum></prodnum><airdate>1964-03-03</airdate><link>http://www.tvrage.com/shows/id-101/episodes/429731</link><title>Season 1, Episode 239</title></episode>
<episode><epnum>240</epnum><seasonnum>240</seasonnum><prodnum></prodnum><airdate>1964-03-04</airdate><link>http://www.tvrage.com/shows/id-101/episodes/429732</link><title>Season 1, Episode 240</title></episode>
<episode><epnum>241</epnum><seasonnum>241</seasonnum><prodnum></prodnum><airdate>1964-03-05</airdate><link>http://www.tvrage.com/shows/id-101/episodes/429733</link><title>Season 1, Episode 241</title></episode>
<episode><epnum>242</epnum><seasonnum>242</seasonnum><prodnum></prodnum><airdate>1964-03-06</airdate><link>http://www.tvrage.com/shows/id-101/episodes/429734</link><title>Season 1, Episode 242</title></episode>
<episode><epnum>243</epnum><seasonnum>243</seasonnum><prodnum></prodnum><airdate>1964-03-09</airdate><link>http://www.tvrage.com/shows/id-101/episodes/429735</link><title>Season 1, Episode 243</title></episode>
<episode><epnum>244</epnum><seasonnum>244</seasonnum><prodnum></prodnum><airdate>1964-03-10</airdate><link>http://www.tvrage.com/shows/id-101/episodes/429736</link><title>Season 1, Episode 244</title></episode>
<episode><epnum>245</epnum><seasonnum>245</seasonnum><prodnum></prodnum><airdate>1964-03-11</airdate><link>http://www.tvrage.com/shows/id-101/episodes/429737</link><title>Season 1, Episode 245</title></episode>
<episode><epnum>246</epnum><seasonnum>246</seasonnum><prodnum></prodnum><airdate>1964-03-12</airdate><link>http://www.tvrage.com/shows/id-101/episodes/429738</link><title>Season 1, Episode 246</title></episode>
<episode><epnum>247</epnum><seasonnum>247</seasonnum><prodnum></prodnum><airdate>1964-03-13</airdate><link>http://www.tvrage.com/shows/id-101/episodes/429739</link><title>Season 1, Episode 247</title></episode>
<episode><epnum>248</epnum><seasonnum>248</seasonnum><prodnum></prodnum><airdate>1964-03-16</airdate><link>http://www.tvrage.com/shows/id-101/episodes/429740</link><title>Season 1, Episode 248</title></episode>
<episode><epnum>249</epnum><seasonnum>249</seasonnum><prodnum></prodnum><airdate>1964-03-17</airdate><link>http://www.tvrage.com/shows/id-101/episodes/429741</link><title>Season 1, Episode 249</title></episode>
<episode><epnum>250</epnum><seasonnum>250</seasonnum><prodnum></prodnum><airdate>1964-03-18</airdate><link>http://www.tvrage.com/shows/id-101/episodes/429742</link><title>Season 1, Episode 250</title></episode>
<episode><epnum>251</epnum><seasonnum>251</seasonnum><prodnum></prodnum><airdate>1964-03-19</airdate><link>http://www.tvrage.com/shows/id-101/episodes/429743</link><title>Season 1, Episode 251</title></episode>
<episode><epnum>252</epnum><seasonnum>252</seasonnum><prodnum></prodnum><airdate>1964-03-20</airdate><link>http://www.tvrage.com/shows/id-101/episodes/429744</link><title>Season 1, Episode 252</title></episode>
<episode><epnum>253</epnum><seasonnum>253</seasonnum><prodnum></prodnum><airdate>1964-03-23</airdate><link>http://www.tvrage.com/shows/id-101/episodes/431966</link><title>Season 1, Episode 253</title></episode>
<episode><epnum>254</epnum><seasonnum>254</seasonnum><prodnum></prodnum><airdate>1964-03-24</airdate><link>http://www.tvrage.com/shows/id-101/episodes/431967</link><title>Season 1, Episode 254</title></episode>
<episode><epnum>255</epnum><seasonnum>255</seasonnum><prodnum></prodnum><airdate>1964-03-25</airdate><link>http://www.tvrage.com/shows/id-101/episodes/431968</link><title>Season 1, Episode 255</title></episode>
<episode><epnum>256</epnum><seasonnum>256</seasonnum><prodnum></prodnum><airdate>1964-03-26</airdate><link>http://www.tvrage.com/shows/id-101/episodes/431969</link><title>Season 1, Episode 256</title></episode>
<episode><epnum>257</epnum><seasonnum>257</seasonnum><prodnum></prodnum><airdate>1964-03-27</airdate><link>http://www.tvrage.com/shows/id-101/episodes/431970</link><title>Season 1, Episode 257</title></episode>
</Season>

<Season no="2">
<episode><epnum>258</epnum><seasonnum>01</seasonnum><prodnum></prodnum><airdate>1964-03-30</airdate><link>http://www.tvrage.com/shows/id-101/episodes/431971</link><title>Season 2, Episode 1</title></episode>
<episode><epnum>259</epnum><seasonnum>02</seasonnum><prodnum></prodnum><airdate>1964-03-31</airdate><link>http://www.tvrage.com/shows/id-101/episodes/431972</link><title>Season 2, Episode 2</title></episode>
<episode><epnum>260</epnum><seasonnum>03</seasonnum><prodnum></prodnum><airdate>1964-04-01</airdate><link>http://www.tvrage.com/shows/id-101/episodes/431973</link><title>Season 2, Episode 3</title></episode>
<episode><epnum>261</epnum><seasonnum>04</seasonnum><prodnum></prodnum><airdate>1964-04-02</airdate><link>http://www.tvrage.com/shows/id-101/episodes/431974</link><title>Season 2, Episode 4</title></episode>
<episode><epnum>262</epnum><seasonnum>05</seasonnum><prodnum></prodnum><airdate>1964-04-03</airdate><link>http://www.tvrage.com/shows/id-101/episodes/431975</link><title>Season 2, Episode 5</title></episode>
<episode><epnum>263</epnum><seasonnum>06</seasonnum><prodnum></prodnum><airdate>1964-04-06</airdate><link>http://www.tvrage.com/shows/id-101/episodes/431976</link><title>Season 2, Episode 6</title></episode>
<episode><epnum>264</epnum><seasonnum>07</seasonnum><prodnum></prodnum><airdate>1964-04-07</airdate><link>http://www.tvrage.com/shows/id-101/episodes/431977</link><title>Season 2, Episode 7</title></episode>
<episode><epnum>265</epnum><seasonnum>08</seasonnum><prodnum></prodnum><airdate>1964-04-08</airdate><link>http://www.tvrage.com/shows/id-101/episodes/431978</link><title>Season 2, Episode 8</title></episode>
<episode><epnum>266</epnum><seasonnum>09</seasonnum><prodnum></prodnum><airdate>1964-04-09</airdate><link>http://www.tvrage.com/shows/id-101/episodes/431979</link><title>Season 2, Episode 9</title></episode>
<episode><epnum>267</epnum><seasonnum>10</seasonnum><prodnum></prodnum><airdate>1964-04-10</airdate><link>http://www.tvrage.com/shows/id-101/episodes/431980</link><title>Season 2, Episode 10</title></episode>
<episode><epnum>268</epnum><seasonnum>11</seasonnum><prodnum></prodnum><airdate>1964-04-13</airdate><link>http://www.tvrage.com/shows/id-101/episodes/431981</link><title>Season 2, Episode 11</title></episode>
<episode><epnum>269</epnum><seasonnum>12</seasonnum><prodnum></prodnum><airdate>1964-04-14</airdate><link>http://www.tvrage.com/shows/id-101/episodes/431982</link><title>Season 2, Episode 12</title></episode>
<episode><epnum>270</epnum><seasonnum>13</seasonnum><prodnum></prodnum><airdate>1964-04-15</airdate><link>http://www.tvrage.com/shows/id-101/episodes/431983</link><title>Season 2, Episode 13</title></episode>
<episode><epnum>271</epnum><seasonnum>14</seasonnum><prodnum></prodnum><airdate>1964-04-16</airdate><link>http://www.tvrage.com/shows/id-101/episodes/431984</link><title>Season 2, Episode 14</title></episode>
<episode><epnum>272</epnum><seasonnum>15</seasonnum><prodnum></prodnum><airdate>1964-04-17</airdate><link>http://www.tvrage.com/shows/id-101/episodes/431985</link><title>Season 2, Episode 15</title></episode>
<episode><epnum>273</epnum><seasonnum>16</seasonnum><prodnum></prodnum><airdate>1964-04-20</airdate><link>http://www.tvrage.com/shows/id-101/episodes/431986</link><title>Season 2, Episode 16</title></episode>
<episode><epnum>274</epnum><seasonnum>17</seasonnum><prodnum></prodnum><airdate>1964-04-21</airdate><link>http://www.tvrage.com/shows/id-101/episodes/431987</link><title>Season 2, Episode 17</title></episode>
<episode><epnum>275</epnum><seasonnum>18</seasonnum><prodnum></prodnum><airdate>1964-04-22</airdate><link>http://www.tvrage.com/shows/id-101/episodes/431988</link><title>Season 2, Episode 18</title></episode>
<episode><epnum>276</epnum><seasonnum>19</seasonnum><prodnum></prodnum><airdate>1964-04-23</airdate><link>http://www.tvrage.com/shows/id-101/episodes/431989</link><title>Season 2, Episode 19</title></episode>
<episode><epnum>277</epnum><seasonnum>20</seasonnum><prodnum></prodnum><airdate>1964-04-24</airdate><link>http://www.tvrage.com/shows/id-101/episodes/431990</link><title>Season 2, Episode 20</title></episode>
</Season>

<Season no="20">
<episode><epnum>5182</epnum><seasonnum>750</seasonnum><prodnum></prodnum><airdate>1982-12-31</airdate><link>http://www.tvrage.com/shows/id-101/episodes/328731</link><title>The Final Episode</title></episode>
</Season>

</Episodelist>

</Show>