<?xml version="1.0" encoding="UTF-8" ?>


<Show>
<name>The Money Programme</name>
<totalseasons>44</totalseasons>
<showid>10107</showid>
<showlink>http://tvrage.com/The_Money_Programme</showlink>
<started>Apr/05/1966</started>
<ended></ended>
<image>http://images.tvrage.com/shows/11/10107.jpg</image>
<origin_country>UK</origin_country>
<status>Returning Series</status>
<classification>News</classification>
<genres><genre>Financial/Business</genre></genres>
<runtime>30</runtime>
<network country="UK">BBC TWO</network>
<airtime>19:00</airtime>
<airday>Friday</airday>
<timezone>GMT+0 -DST</timezone>
<Episodelist>

<Season no="43">
<episode><epnum>0</epnum><seasonnum>01</seasonnum><prodnum></prodnum><airdate>2008-02-01</airdate><link>http://www.tvrage.com/The_Money_Programme/episodes/635293</link><title>Dirty Little Secrets</title></episode>
</Season>

<Season no="44">
<episode><epnum>0</epnum><seasonnum>01</seasonnum><prodnum></prodnum><airdate>2009-06-09</airdate><link>http://www.tvrage.com/The_Money_Programme/episodes/1064828394</link><title>Carmakers in Crisis</title></episode>
<episode><epnum>0</epnum><seasonnum>02</seasonnum><prodnum></prodnum><airdate>2009-06-16</airdate><link>http://www.tvrage.com/The_Money_Programme/episodes/1064828395</link><title>In the Firing Line</title></episode>
<episode><epnum>0</epnum><seasonnum>03</seasonnum><prodnum></prodnum><airdate>2009-06-23</airdate><link>http://www.tvrage.com/The_Money_Programme/episodes/1064828396</link><title>Mary Portas: Save Our Shops</title></episode>
<episode><epnum>0</epnum><seasonnum>04</seasonnum><prodnum></prodnum><airdate>2009-06-30</airdate><link>http://www.tvrage.com/The_Money_Programme/episodes/1064828397</link><title>Gregg Wallace's Recession Bites</title></episode>
<episode><epnum>0</epnum><seasonnum>05</seasonnum><prodnum></prodnum><airdate>2009-07-07</airdate><link>http://www.tvrage.com/The_Money_Programme/episodes/1064833235</link><title>Supersave Me</title></episode>
</Season>

</Episodelist>

</Show>