<?xml version="1.0" encoding="UTF-8" ?>


<Show>
<name>Inventions that Changed the World</name>
<totalseasons>1</totalseasons>
<showid>10105</showid>
<showlink>http://tvrage.com/shows/id-10105</showlink>
<started>Jan/15/2004</started>
<ended>Feb/12/2004</ended>
<image>http://images.tvrage.com/shows/11/10105.jpg</image>
<origin_country>UK</origin_country>
<status>Canceled/Ended</status>
<classification>Documentary</classification>
<genres><genre>Tech/Gaming</genre></genres>
<runtime>60</runtime>
<network country="UK">BBC TWO</network>
<airtime>20:00</airtime>
<airday>Thursday</airday>
<timezone>GMT+0 -DST</timezone>
<Episodelist>

<Season no="1">
<episode><epnum>1</epnum><seasonnum>01</seasonnum><prodnum>1</prodnum><airdate>2004-01-15</airdate><link>http://www.tvrage.com/shows/id-10105/episodes/1064899440</link><title>The Gun</title></episode>
<episode><epnum>1</epnum><seasonnum>02</seasonnum><prodnum>2</prodnum><airdate>2004-01-22</airdate><link>http://www.tvrage.com/shows/id-10105/episodes/1064899441</link><title>The Computer</title></episode>
<episode><epnum>3</epnum><seasonnum>03</seasonnum><prodnum>3</prodnum><airdate>2004-01-29</airdate><link>http://www.tvrage.com/shows/id-10105/episodes/1064899442</link><title>The Jet</title></episode>
<episode><epnum>4</epnum><seasonnum>04</seasonnum><prodnum>4</prodnum><airdate>2004-02-05</airdate><link>http://www.tvrage.com/shows/id-10105/episodes/1064899443</link><title>The Telephone</title></episode>
<episode><epnum>5</epnum><seasonnum>05</seasonnum><prodnum>5</prodnum><airdate>2004-02-12</airdate><link>http://www.tvrage.com/shows/id-10105/episodes/1064899444</link><title>The Television</title></episode>
</Season>

</Episodelist>

</Show>