<?xml version="1.0" encoding="UTF-8" ?>


<Show>
<name>The Secret of Drawing</name>
<totalseasons>1</totalseasons>
<showid>10104</showid>
<showlink>http://tvrage.com/shows/id-10104</showlink>
<started>Oct/2005</started>
<ended>Oct/2005</ended>
<image>http://images.tvrage.com/shows/11/10104.jpg</image>
<origin_country>UK</origin_country>
<status>Canceled/Ended</status>
<classification>Documentary</classification>
<genres><genre>Family</genre></genres>
<runtime>60</runtime>
<network country="UK">BBC TWO</network>
<airtime>20:10</airtime>
<airday>Saturday</airday>
<timezone>GMT+0 -DST</timezone>

</Show>