<?xml version="1.0" encoding="UTF-8" ?>


<Show>
<name>Happening '68</name>
<totalseasons>2</totalseasons>
<showid>1010</showid>
<showlink>http://tvrage.com/shows/id-1010</showlink>
<started>Jan/06/1968</started>
<ended>Sep/20/1969</ended>
<image>http://images.tvrage.com/shows/2/1010.jpg</image>
<origin_country>US</origin_country>
<status>Canceled/Ended</status>
<classification>Variety</classification>
<genres><genre>Music</genre></genres>
<runtime>30</runtime>
<network country="US">ABC</network>
<airtime>13:30</airtime>
<airday>Saturday</airday>
<timezone>GMT-5 -DST</timezone>
<akas><aka attr="2nd season title" country="US">Happening '69</aka><aka attr="Alternate title" country="US">It's Happening</aka></akas>
<Episodelist>

<Season no="1">
<episode><epnum>1</epnum><seasonnum>01</seasonnum><prodnum></prodnum><airdate>1968-01-06</airdate><link>http://www.tvrage.com/shows/id-1010/episodes/272288</link><title>Harper's Bizarre</title></episode>
<episode><epnum>2</epnum><seasonnum>02</seasonnum><prodnum></prodnum><airdate>1968-01-13</airdate><link>http://www.tvrage.com/shows/id-1010/episodes/272289</link><title>Leonard Nimoy / Sunshine Company</title></episode>
<episode><epnum>3</epnum><seasonnum>03</seasonnum><prodnum></prodnum><airdate>1968-01-20</airdate><link>http://www.tvrage.com/shows/id-1010/episodes/272290</link><title>Glen Campbell / Don Adams</title></episode>
<episode><epnum>4</epnum><seasonnum>04</seasonnum><prodnum></prodnum><airdate>1968-01-27</airdate><link>http://www.tvrage.com/shows/id-1010/episodes/272291</link><title>Brenton Wood / Eric Burdon &amp;amp; the Animals (on film)</title></episode>
<episode><epnum>5</epnum><seasonnum>05</seasonnum><prodnum></prodnum><airdate>1968-02-03</airdate><link>http://www.tvrage.com/shows/id-1010/episodes/272292</link><title>Strawberry Alarm Clock</title></episode>
<episode><epnum>6</epnum><seasonnum>06</seasonnum><prodnum></prodnum><airdate>1968-02-10</airdate><link>http://www.tvrage.com/shows/id-1010/episodes/272293</link><title>Bobby Vee / Real Don Steele</title></episode>
<episode><epnum>7</epnum><seasonnum>07</seasonnum><prodnum></prodnum><airdate>1968-02-17</airdate><link>http://www.tvrage.com/shows/id-1010/episodes/272294</link><title>Etta James / Pat Paulsen / Cowsills (on film)</title></episode>
<episode><epnum>8</epnum><seasonnum>08</seasonnum><prodnum></prodnum><airdate>1968-02-24</airdate><link>http://www.tvrage.com/shows/id-1010/episodes/272295</link><title>Stone Poneys (featuring Linda Rondstadt) / Nitty Gritty Dirt Band</title></episode>
<episode><epnum>9</epnum><seasonnum>09</seasonnum><prodnum></prodnum><airdate>1968-03-02</airdate><link>http://www.tvrage.com/shows/id-1010/episodes/272296</link><title>John Fred and his Playboy Band</title></episode>
<episode><epnum>10</epnum><seasonnum>10</seasonnum><prodnum></prodnum><airdate>1968-03-09</airdate><link>http://www.tvrage.com/shows/id-1010/episodes/272297</link><title>Jim and Jean</title></episode>
<episode><epnum>11</epnum><seasonnum>11</seasonnum><prodnum></prodnum><airdate>1968-03-16</airdate><link>http://www.tvrage.com/shows/id-1010/episodes/272298</link><title>James Brown / Aretha Franklin / Bill Medley</title></episode>
<episode><epnum>12</epnum><seasonnum>12</seasonnum><prodnum></prodnum><airdate>1968-03-23</airdate><link>http://www.tvrage.com/shows/id-1010/episodes/272299</link><title>Bobby Rydell</title></episode>
<episode><epnum>13</epnum><seasonnum>13</seasonnum><prodnum></prodnum><airdate>1968-03-30</airdate><link>http://www.tvrage.com/shows/id-1010/episodes/272300</link><title>Freddy Cannon / Fabian / Rick Nelson</title></episode>
<episode><epnum>14</epnum><seasonnum>14</seasonnum><prodnum></prodnum><airdate>1968-04-06</airdate><link>http://www.tvrage.com/shows/id-1010/episodes/272301</link><title>Marvin Gaye / Lawrence Welk</title></episode>
<episode><epnum>15</epnum><seasonnum>15</seasonnum><prodnum></prodnum><airdate>1968-04-13</airdate><link>http://www.tvrage.com/shows/id-1010/episodes/272302</link><title>Jonathan Harris</title></episode>
<episode><epnum>16</epnum><seasonnum>16</seasonnum><prodnum></prodnum><airdate>1968-04-20</airdate><link>http://www.tvrage.com/shows/id-1010/episodes/272303</link><title>Bobby Vee / The Who</title></episode>
<episode><epnum>17</epnum><seasonnum>17</seasonnum><prodnum></prodnum><airdate>1968-04-27</airdate><link>http://www.tvrage.com/shows/id-1010/episodes/272304</link><title>Box Tops</title></episode>
<episode><epnum>18</epnum><seasonnum>18</seasonnum><prodnum></prodnum><airdate>1968-05-04</airdate><link>http://www.tvrage.com/shows/id-1010/episodes/272305</link><title>Tommy Smothers / Esther &amp;amp; Abi Ofarim</title></episode>
<episode><epnum>19</epnum><seasonnum>19</seasonnum><prodnum></prodnum><airdate>1968-05-11</airdate><link>http://www.tvrage.com/shows/id-1010/episodes/272306</link><title>Bobby Hatfield</title></episode>
<episode><epnum>20</epnum><seasonnum>20</seasonnum><prodnum></prodnum><airdate>1968-05-18</airdate><link>http://www.tvrage.com/shows/id-1010/episodes/272307</link><title>O.C. Smith / &quot;Laugh-In&quot; regulars</title></episode>
<episode><epnum>21</epnum><seasonnum>21</seasonnum><prodnum></prodnum><airdate>1968-05-25</airdate><link>http://www.tvrage.com/shows/id-1010/episodes/272308</link><title>Lee Hazlewood</title></episode>
<episode><epnum>22</epnum><seasonnum>22</seasonnum><prodnum></prodnum><airdate>1968-06-01</airdate><link>http://www.tvrage.com/shows/id-1010/episodes/272309</link><title>Andy Kim / Guy Marks</title></episode>
<episode><epnum>23</epnum><seasonnum>23</seasonnum><prodnum></prodnum><airdate>1968-06-15</airdate><link>http://www.tvrage.com/shows/id-1010/episodes/272310</link><title>Jimi Hendrix (on film)</title></episode>
<episode><epnum>24</epnum><seasonnum>24</seasonnum><prodnum></prodnum><airdate>1968-06-22</airdate><link>http://www.tvrage.com/shows/id-1010/episodes/272311</link><title>Stevie Wonder / Bob Crane</title></episode>
<episode><epnum>25</epnum><seasonnum>25</seasonnum><prodnum></prodnum><airdate>1968-06-29</airdate><link>http://www.tvrage.com/shows/id-1010/episodes/272312</link><title>Ray Stevens</title></episode>
<episode><epnum>26</epnum><seasonnum>26</seasonnum><prodnum></prodnum><airdate>1968-07-06</airdate><link>http://www.tvrage.com/shows/id-1010/episodes/272313</link><title>Amateur Band Contest Finals</title></episode>
<episode><epnum>27</epnum><seasonnum>27</seasonnum><prodnum></prodnum><airdate>1968-07-13</airdate><link>http://www.tvrage.com/shows/id-1010/episodes/272314</link><title>The Peppermint Trolley Co. / Dick Cavett / Frank Sinatra Jr.</title></episode>
<episode><epnum>28</epnum><seasonnum>28</seasonnum><prodnum></prodnum><airdate>1968-07-20</airdate><link>http://www.tvrage.com/shows/id-1010/episodes/272315</link><title>Frankie Valli / The Four Seasons</title></episode>
<episode><epnum>29</epnum><seasonnum>29</seasonnum><prodnum></prodnum><airdate>1968-07-27</airdate><link>http://www.tvrage.com/shows/id-1010/episodes/272316</link><title>Merilee Rush</title></episode>
<episode><epnum>30</epnum><seasonnum>30</seasonnum><prodnum></prodnum><airdate>1968-08-03</airdate><link>http://www.tvrage.com/shows/id-1010/episodes/272317</link><title>Paul Revere &amp;amp; The Raiders</title></episode>
<episode><epnum>31</epnum><seasonnum>31</seasonnum><prodnum></prodnum><airdate>1968-08-10</airdate><link>http://www.tvrage.com/shows/id-1010/episodes/272318</link><title>American Breed</title></episode>
<episode><epnum>32</epnum><seasonnum>32</seasonnum><prodnum></prodnum><airdate>1968-08-17</airdate><link>http://www.tvrage.com/shows/id-1010/episodes/272319</link><title>The Beach Boys</title></episode>
<episode><epnum>33</epnum><seasonnum>33</seasonnum><prodnum></prodnum><airdate>1968-08-24</airdate><link>http://www.tvrage.com/shows/id-1010/episodes/272320</link><title>Paul Revere and the Raiders</title></episode>
<episode><epnum>34</epnum><seasonnum>34</seasonnum><prodnum></prodnum><airdate>1968-08-31</airdate><link>http://www.tvrage.com/shows/id-1010/episodes/272321</link><title>Sly &amp;amp; The Family Stone</title></episode>
<episode><epnum>35</epnum><seasonnum>35</seasonnum><prodnum></prodnum><airdate>1968-09-07</airdate><link>http://www.tvrage.com/shows/id-1010/episodes/272322</link><title>Tommy Boyce and Bobby Hart</title></episode>
<episode><epnum>36</epnum><seasonnum>36</seasonnum><prodnum></prodnum><airdate>1968-09-14</airdate><link>http://www.tvrage.com/shows/id-1010/episodes/272323</link><title>The Everly Brothers</title></episode>
</Season>

<Season no="2">
<episode><epnum>37</epnum><seasonnum>01</seasonnum><prodnum></prodnum><airdate>1968-10-05</airdate><link>http://www.tvrage.com/shows/id-1010/episodes/272324</link><title>1st Happening '68 special</title></episode>
<episode><epnum>38</epnum><seasonnum>02</seasonnum><prodnum></prodnum><airdate>1968-11-29</airdate><link>http://www.tvrage.com/shows/id-1010/episodes/272325</link><title>2nd special: Tommy Boyce and Bobby Hart</title></episode>
<episode><epnum>39</epnum><seasonnum>03</seasonnum><prodnum></prodnum><airdate>1968-12-07</airdate><link>http://www.tvrage.com/shows/id-1010/episodes/272326</link><title>Wilson Pickett Special</title></episode>
<episode><epnum>40</epnum><seasonnum>04</seasonnum><prodnum></prodnum><airdate>1968-12-21</airdate><link>http://www.tvrage.com/shows/id-1010/episodes/272327</link><title>Christmas special with the Raiders &amp;amp; King Cousins</title></episode>
<episode><epnum>41</epnum><seasonnum>05</seasonnum><prodnum></prodnum><airdate>1969-01-04</airdate><link>http://www.tvrage.com/shows/id-1010/episodes/272328</link><title>Gary Lewis and the Playboys</title></episode>
<episode><epnum>42</epnum><seasonnum>06</seasonnum><prodnum></prodnum><airdate>1969-01-11</airdate><link>http://www.tvrage.com/shows/id-1010/episodes/272329</link><title>The Cowsills</title></episode>
<episode><epnum>43</epnum><seasonnum>07</seasonnum><prodnum></prodnum><airdate>1969-01-18</airdate><link>http://www.tvrage.com/shows/id-1010/episodes/272330</link><title>Bobby Hatfield / Paul Hampton</title></episode>
<episode><epnum>44</epnum><seasonnum>08</seasonnum><prodnum></prodnum><airdate>1969-01-25</airdate><link>http://www.tvrage.com/shows/id-1010/episodes/272331</link><title>Tommy Boyce and Bobby Hart</title></episode>
<episode><epnum>45</epnum><seasonnum>09</seasonnum><prodnum></prodnum><airdate>1969-02-01</airdate><link>http://www.tvrage.com/shows/id-1010/episodes/272332</link><title>Tommy James and the Shondells</title></episode>
<episode><epnum>46</epnum><seasonnum>10</seasonnum><prodnum></prodnum><airdate>1969-02-08</airdate><link>http://www.tvrage.com/shows/id-1010/episodes/272333</link><title>Canned Heat</title></episode>
<episode><epnum>47</epnum><seasonnum>11</seasonnum><prodnum></prodnum><airdate>1969-02-15</airdate><link>http://www.tvrage.com/shows/id-1010/episodes/272334</link><title>Bob Seger System / The First Edition</title></episode>
<episode><epnum>48</epnum><seasonnum>12</seasonnum><prodnum></prodnum><airdate>1969-02-22</airdate><link>http://www.tvrage.com/shows/id-1010/episodes/272335</link><title>O.C. Smith / Lucie Arnaz &amp;amp; Desi Arnaz, Jr.</title></episode>
<episode><epnum>49</epnum><seasonnum>13</seasonnum><prodnum></prodnum><airdate>1969-03-01</airdate><link>http://www.tvrage.com/shows/id-1010/episodes/272336</link><title>Creedence Clearwater Revival</title></episode>
<episode><epnum>50</epnum><seasonnum>14</seasonnum><prodnum></prodnum><airdate>1969-03-08</airdate><link>http://www.tvrage.com/shows/id-1010/episodes/272337</link><title>Joe South / Boyce and Hart</title></episode>
<episode><epnum>51</epnum><seasonnum>15</seasonnum><prodnum></prodnum><airdate>1969-03-15</airdate><link>http://www.tvrage.com/shows/id-1010/episodes/272338</link><title>Tommy Roe / Boyce and Hart</title></episode>
<episode><epnum>52</epnum><seasonnum>16</seasonnum><prodnum></prodnum><airdate>1969-03-22</airdate><link>http://www.tvrage.com/shows/id-1010/episodes/272339</link><title>Monkee Day with Mike, Mickey and Davy</title></episode>
<episode><epnum>53</epnum><seasonnum>17</seasonnum><prodnum></prodnum><airdate>1969-03-29</airdate><link>http://www.tvrage.com/shows/id-1010/episodes/272340</link><title>Band Contest Finals</title></episode>
<episode><epnum>54</epnum><seasonnum>18</seasonnum><prodnum></prodnum><airdate>1969-04-05</airdate><link>http://www.tvrage.com/shows/id-1010/episodes/272341</link><title>Peggy Scott / Jo Jo Benson</title></episode>
<episode><epnum>55</epnum><seasonnum>19</seasonnum><prodnum></prodnum><airdate>1969-04-12</airdate><link>http://www.tvrage.com/shows/id-1010/episodes/272342</link><title>The Nazz / Eddie Fisher</title></episode>
<episode><epnum>56</epnum><seasonnum>20</seasonnum><prodnum></prodnum><airdate>1969-04-19</airdate><link>http://www.tvrage.com/shows/id-1010/episodes/272343</link><title>Bobby Vee / Freddy Weller</title></episode>
<episode><epnum>57</epnum><seasonnum>21</seasonnum><prodnum></prodnum><airdate>1969-04-26</airdate><link>http://www.tvrage.com/shows/id-1010/episodes/272344</link><title>Friends of Distinction / Beach Boys (on film)</title></episode>
<episode><epnum>58</epnum><seasonnum>22</seasonnum><prodnum></prodnum><airdate>1969-05-03</airdate><link>http://www.tvrage.com/shows/id-1010/episodes/272345</link><title>Peter Lawford</title></episode>
<episode><epnum>59</epnum><seasonnum>23</seasonnum><prodnum></prodnum><airdate>1969-05-10</airdate><link>http://www.tvrage.com/shows/id-1010/episodes/272346</link><title>The Grass Roots / The Spiral Staircase</title></episode>
<episode><epnum>60</epnum><seasonnum>24</seasonnum><prodnum></prodnum><airdate>1969-05-17</airdate><link>http://www.tvrage.com/shows/id-1010/episodes/272347</link><title>Three Dog Night / The Peppermint Rainbow</title></episode>
<episode><epnum>61</epnum><seasonnum>25</seasonnum><prodnum></prodnum><airdate>1969-05-24</airdate><link>http://www.tvrage.com/shows/id-1010/episodes/272348</link><title>Keith Allison / Freddy Weller</title></episode>
<episode><epnum>62</epnum><seasonnum>26</seasonnum><prodnum></prodnum><airdate>1969-05-31</airdate><link>http://www.tvrage.com/shows/id-1010/episodes/272349</link><title>Edwin Hawkins Singers</title></episode>
<episode><epnum>63</epnum><seasonnum>27</seasonnum><prodnum></prodnum><airdate>1969-06-07</airdate><link>http://www.tvrage.com/shows/id-1010/episodes/272350</link><title>Bobby Sherman</title></episode>
<episode><epnum>64</epnum><seasonnum>28</seasonnum><prodnum></prodnum><airdate>1969-06-14</airdate><link>http://www.tvrage.com/shows/id-1010/episodes/272351</link><title>Paul Revere and the Raiders</title></episode>
<episode><epnum>65</epnum><seasonnum>29</seasonnum><prodnum></prodnum><airdate>1969-06-21</airdate><link>http://www.tvrage.com/shows/id-1010/episodes/272352</link><title>Oliver / The People</title></episode>
<episode><epnum>66</epnum><seasonnum>30</seasonnum><prodnum></prodnum><airdate>1969-06-28</airdate><link>http://www.tvrage.com/shows/id-1010/episodes/272353</link><title>Jackie DeShannon</title></episode>
<episode><epnum>67</epnum><seasonnum>31</seasonnum><prodnum></prodnum><airdate>1969-07-05</airdate><link>http://www.tvrage.com/shows/id-1010/episodes/272354</link><title>Three Dog Night</title></episode>
<episode><epnum>68</epnum><seasonnum>32</seasonnum><prodnum></prodnum><airdate>1969-07-12</airdate><link>http://www.tvrage.com/shows/id-1010/episodes/272355</link><title>Linda Ronstadt / Chuck Barris</title></episode>
<episode><epnum>69</epnum><seasonnum>33</seasonnum><prodnum></prodnum><airdate>1969-07-19</airdate><link>http://www.tvrage.com/shows/id-1010/episodes/272356</link><title>Boyce and Hart / Nino Candido</title></episode>
<episode><epnum>70</epnum><seasonnum>34</seasonnum><prodnum></prodnum><airdate>1969-08-02</airdate><link>http://www.tvrage.com/shows/id-1010/episodes/272357</link><title>The Ventures</title></episode>
<episode><epnum>71</epnum><seasonnum>35</seasonnum><prodnum></prodnum><airdate>1969-08-09</airdate><link>http://www.tvrage.com/shows/id-1010/episodes/272358</link><title>Kenny Rogers and the First Edition</title></episode>
<episode><epnum>72</epnum><seasonnum>36</seasonnum><prodnum></prodnum><airdate>1969-08-16</airdate><link>http://www.tvrage.com/shows/id-1010/episodes/272359</link><title>The Grass Roots</title></episode>
<episode><epnum>73</epnum><seasonnum>37</seasonnum><prodnum></prodnum><airdate>1969-08-23</airdate><link>http://www.tvrage.com/shows/id-1010/episodes/272360</link><title>Oliver</title></episode>
<episode><epnum>74</epnum><seasonnum>38</seasonnum><prodnum></prodnum><airdate>1969-08-30</airdate><link>http://www.tvrage.com/shows/id-1010/episodes/272361</link><title>Barbara Feldon</title></episode>
<episode><epnum>75</epnum><seasonnum>39</seasonnum><prodnum></prodnum><airdate>1969-09-06</airdate><link>http://www.tvrage.com/shows/id-1010/episodes/272362</link><title>Friends Of Distinction</title></episode>
<episode><epnum>76</epnum><seasonnum>40</seasonnum><prodnum></prodnum><airdate>1969-09-13</airdate><link>http://www.tvrage.com/shows/id-1010/episodes/272363</link><title>Paul Revere and the Raiders</title></episode>
<episode><epnum>77</epnum><seasonnum>41</seasonnum><prodnum></prodnum><airdate>1969-09-20</airdate><link>http://www.tvrage.com/shows/id-1010/episodes/272364</link><title>Final show: The Beach Boys</title></episode>
</Season>

</Episodelist>

</Show>