<?xml version="1.0" encoding="UTF-8" ?>


<Show>
<name>Don't Mess with Miss Beckles</name>
<totalseasons>1</totalseasons>
<showid>10116</showid>
<showlink>http://tvrage.com/shows/id-10116</showlink>
<started>Mar/28/2006</started>
<ended>Apr/11/2006</ended>
<image>http://images.tvrage.com/shows/11/10116.jpg</image>
<origin_country>UK</origin_country>
<status>Canceled/Ended</status>
<classification>Reality</classification>
<genres><genre>Family</genre></genres>
<runtime>60</runtime>
<network country="UK">BBC TWO</network>
<airtime>21:00</airtime>
<airday>Tuesday</airday>
<timezone>GMT+0 -DST</timezone>
<Episodelist>

<Season no="1">
<episode><epnum>1</epnum><seasonnum>01</seasonnum><prodnum></prodnum><airdate>2006-03-28</airdate><link>http://www.tvrage.com/shows/id-10116/episodes/345710</link><title>Episode 1</title></episode>
<episode><epnum>2</epnum><seasonnum>02</seasonnum><prodnum></prodnum><airdate>2006-04-04</airdate><link>http://www.tvrage.com/shows/id-10116/episodes/348443</link><title>Episode 2</title></episode>
<episode><epnum>3</epnum><seasonnum>03</seasonnum><prodnum></prodnum><airdate>2006-04-11</airdate><link>http://www.tvrage.com/shows/id-10116/episodes/354546</link><title>Episode 3</title></episode>
</Season>

</Episodelist>

</Show>