<?xml version="1.0" encoding="UTF-8" ?>


<Show>
<name>Pablo y Andrea</name>
<totalseasons>1</totalseasons>
<showid>10112</showid>
<showlink>http://tvrage.com/shows/id-10112</showlink>
<started>Aug/2005</started>
<ended>Feb/2006</ended>
<image>http://images.tvrage.com/shows/11/10112.gif</image>
<origin_country>MX</origin_country>
<status>Canceled/Ended</status>
<classification>Scripted</classification>
<genres><genre>Adventure</genre><genre>Children</genre><genre>Comedy</genre><genre>Soaps</genre></genres>
<runtime>60</runtime>
<network country="MX">Gamavision</network>
<airtime>17:00</airtime>
<airday>Daily</airday>
<timezone>GMT-6 -DST</timezone>

</Show>