<?xml version="1.0" encoding="UTF-8" ?>


<Show>
<name>American Men</name>
<totalseasons>1</totalseasons>
<showid>10111</showid>
<showlink>http://tvrage.com/shows/id-10111</showlink>
<started>2007</started>
<ended></ended>
<image>http://images.tvrage.com/shows/11/10111.jpg</image>
<origin_country>US</origin_country>
<status>Pilot Rejected</status>
<classification>Scripted</classification>
<runtime>30</runtime>
<network country="US">ABC</network>
<airtime>12:00</airtime>
<timezone>GMT-5 -DST</timezone>
<akas><aka attr="Working Title">The Guys</aka></akas>

</Show>