<?xml version="1.0" encoding="UTF-8" ?>


<Show>
<name>Derren Brown: Trick of the Mind</name>
<totalseasons>3</totalseasons>
<showid>10114</showid>
<showlink>http://tvrage.com/Derren_Brown-Trick_of_the_Mind</showlink>
<started>Apr/23/2004</started>
<ended>Apr/30/2006</ended>
<image>http://images.tvrage.com/shows/11/10114.jpg</image>
<origin_country>UK</origin_country>
<status>Canceled/Ended</status>
<classification>Reality</classification>
<genres><genre>Mystery</genre></genres>
<runtime>30</runtime>
<network country="UK">Channel 4</network>
<airtime>12:00</airtime>
<timezone>GMT+0 -DST</timezone>
<Episodelist>

<Season no="1">
<episode><epnum>1</epnum><seasonnum>01</seasonnum><prodnum></prodnum><airdate>2004-04-23</airdate><link>http://www.tvrage.com/Derren_Brown-Trick_of_the_Mind/episodes/345691</link><title>Series 1, Episode 1</title></episode>
<episode><epnum>2</epnum><seasonnum>02</seasonnum><prodnum></prodnum><airdate>2004-04-30</airdate><link>http://www.tvrage.com/Derren_Brown-Trick_of_the_Mind/episodes/345692</link><title>Series 1, Episode 2</title></episode>
<episode><epnum>3</epnum><seasonnum>03</seasonnum><prodnum></prodnum><airdate>2004-05-07</airdate><link>http://www.tvrage.com/Derren_Brown-Trick_of_the_Mind/episodes/345693</link><title>Series 1, Episode 3</title></episode>
<episode><epnum>4</epnum><seasonnum>04</seasonnum><prodnum></prodnum><airdate>2004-05-14</airdate><link>http://www.tvrage.com/Derren_Brown-Trick_of_the_Mind/episodes/345694</link><title>Series 1, Episode 4</title></episode>
<episode><epnum>5</epnum><seasonnum>05</seasonnum><prodnum></prodnum><airdate>2004-05-21</airdate><link>http://www.tvrage.com/Derren_Brown-Trick_of_the_Mind/episodes/345695</link><title>Series 1, Episode 5</title></episode>
<episode><epnum>6</epnum><seasonnum>06</seasonnum><prodnum></prodnum><airdate>2004-05-28</airdate><link>http://www.tvrage.com/Derren_Brown-Trick_of_the_Mind/episodes/345696</link><title>Series 1, Episode 6</title></episode>
</Season>

<Season no="2">
<episode><epnum>7</epnum><seasonnum>01</seasonnum><prodnum></prodnum><airdate>2005-04-11</airdate><link>http://www.tvrage.com/Derren_Brown-Trick_of_the_Mind/episodes/345697</link><title>Series 2, Episode 1</title></episode>
<episode><epnum>8</epnum><seasonnum>02</seasonnum><prodnum></prodnum><airdate>2005-04-18</airdate><link>http://www.tvrage.com/Derren_Brown-Trick_of_the_Mind/episodes/345698</link><title>Series 2, Episode 2</title></episode>
<episode><epnum>9</epnum><seasonnum>03</seasonnum><prodnum></prodnum><airdate>2005-04-25</airdate><link>http://www.tvrage.com/Derren_Brown-Trick_of_the_Mind/episodes/345699</link><title>Series 2, Episode 3</title></episode>
<episode><epnum>10</epnum><seasonnum>04</seasonnum><prodnum></prodnum><airdate>2005-05-02</airdate><link>http://www.tvrage.com/Derren_Brown-Trick_of_the_Mind/episodes/345700</link><title>Series 2, Episode 4</title></episode>
<episode><epnum>11</epnum><seasonnum>05</seasonnum><prodnum></prodnum><airdate>2005-05-09</airdate><link>http://www.tvrage.com/Derren_Brown-Trick_of_the_Mind/episodes/345701</link><title>Series 2, Episode 5</title></episode>
<episode><epnum>12</epnum><seasonnum>06</seasonnum><prodnum></prodnum><airdate>2005-05-16</airdate><link>http://www.tvrage.com/Derren_Brown-Trick_of_the_Mind/episodes/345702</link><title>Series 2, Episode 6</title></episode>
</Season>

<Season no="3">
<episode><epnum>13</epnum><seasonnum>01</seasonnum><prodnum></prodnum><airdate>2006-03-26</airdate><link>http://www.tvrage.com/Derren_Brown-Trick_of_the_Mind/episodes/345703</link><title>Series 3, Episode 1</title></episode>
<episode><epnum>14</epnum><seasonnum>02</seasonnum><prodnum></prodnum><airdate>2006-04-02</airdate><link>http://www.tvrage.com/Derren_Brown-Trick_of_the_Mind/episodes/346990</link><title>Series 3, Episode 2</title></episode>
<episode><epnum>15</epnum><seasonnum>03</seasonnum><prodnum></prodnum><airdate>2006-04-09</airdate><link>http://www.tvrage.com/Derren_Brown-Trick_of_the_Mind/episodes/351466</link><title>Series 3, Episode 3</title></episode>
<episode><epnum>16</epnum><seasonnum>04</seasonnum><prodnum></prodnum><airdate>2006-04-16</airdate><link>http://www.tvrage.com/Derren_Brown-Trick_of_the_Mind/episodes/355735</link><title>Series 3, Episode 4</title></episode>
<episode><epnum>17</epnum><seasonnum>05</seasonnum><prodnum></prodnum><airdate>2006-04-23</airdate><link>http://www.tvrage.com/Derren_Brown-Trick_of_the_Mind/episodes/359130</link><title>Series 3, Episode 5</title></episode>
<episode><epnum>18</epnum><seasonnum>06</seasonnum><prodnum></prodnum><airdate>2006-04-30</airdate><link>http://www.tvrage.com/Derren_Brown-Trick_of_the_Mind/episodes/363309</link><title>Series 3, Episode 6</title></episode>
</Season>

</Episodelist>

</Show>