<?xml version="1.0" encoding="UTF-8" ?>


<Show>
<name>It's My Life</name>
<totalseasons>5</totalseasons>
<showid>10113</showid>
<showlink>http://tvrage.com/Its_My_Life</showlink>
<started>Mar/2002</started>
<ended>Mar/26/2006</ended>
<origin_country>UK</origin_country>
<status>Ended</status>
<classification>Talk Shows</classification>
<runtime>60</runtime>
<network country="UK">ITV1</network>
<airtime>12:10</airtime>
<airday>Sunday</airday>
<timezone>GMT+0 -DST</timezone>
<Episodelist>

<Season no="5">
<episode><epnum>33</epnum><seasonnum>01</seasonnum><prodnum></prodnum><airdate>2006-03-26</airdate><link>http://www.tvrage.com/Its_My_Life/episodes/345690</link><title>Religion and Tolerance</title></episode>
</Season>

</Episodelist>

</Show>