<?xml version="1.0" encoding="UTF-8" ?>


<Show>
<name>Touch Me, I'm Karen Taylor</name>
<totalseasons>2</totalseasons>
<showid>10117</showid>
<showlink>http://tvrage.com/shows/id-10117</showlink>
<started>Jun/11/2007</started>
<ended>Aug/21/2008</ended>
<image>http://images.tvrage.com/shows/11/10117.jpg</image>
<origin_country>UK</origin_country>
<status>Canceled/Ended</status>
<classification>Scripted</classification>
<genres><genre>Comedy</genre></genres>
<runtime>30</runtime>
<network country="UK">BBC THREE</network>
<airtime>12:00</airtime>
<timezone>GMT+0 -DST</timezone>
<Episodelist>

<Season no="1">
<episode><epnum>1</epnum><seasonnum>01</seasonnum><prodnum></prodnum><airdate>2006-03-28</airdate><link>http://www.tvrage.com/shows/id-10117/episodes/345716</link><title>Pilot</title></episode>
<episode><epnum>2</epnum><seasonnum>02</seasonnum><prodnum></prodnum><airdate>2007-06-11</airdate><link>http://www.tvrage.com/shows/id-10117/episodes/577993</link><title>Episode 102</title></episode>
<episode><epnum>3</epnum><seasonnum>03</seasonnum><prodnum></prodnum><airdate>2007-06-18</airdate><link>http://www.tvrage.com/shows/id-10117/episodes/577994</link><title>Episode 103</title></episode>
<episode><epnum>4</epnum><seasonnum>04</seasonnum><prodnum></prodnum><airdate>2007-06-25</airdate><link>http://www.tvrage.com/shows/id-10117/episodes/577995</link><title>Episode 104</title></episode>
<episode><epnum>5</epnum><seasonnum>05</seasonnum><prodnum></prodnum><airdate>2007-07-02</airdate><link>http://www.tvrage.com/shows/id-10117/episodes/577996</link><title>Episode 105</title></episode>
<episode><epnum>6</epnum><seasonnum>06</seasonnum><prodnum></prodnum><airdate>2007-07-09</airdate><link>http://www.tvrage.com/shows/id-10117/episodes/582440</link><title>Episode 106</title></episode>
<episode><epnum>7</epnum><seasonnum>07</seasonnum><prodnum></prodnum><airdate>2007-07-16</airdate><link>http://www.tvrage.com/shows/id-10117/episodes/582441</link><title>Episode 107</title></episode>
</Season>

<Season no="2">
<episode><epnum>8</epnum><seasonnum>01</seasonnum><prodnum></prodnum><airdate>2008-07-10</airdate><link>http://www.tvrage.com/shows/id-10117/episodes/676669</link><title>Series 2, Episode 1</title></episode>
<episode><epnum>9</epnum><seasonnum>02</seasonnum><prodnum></prodnum><airdate>2008-07-17</airdate><link>http://www.tvrage.com/shows/id-10117/episodes/680670</link><title>Series 2, Episode 2</title></episode>
<episode><epnum>10</epnum><seasonnum>03</seasonnum><prodnum></prodnum><airdate>2008-07-24</airdate><link>http://www.tvrage.com/shows/id-10117/episodes/683667</link><title>Series 2, Episode 3</title></episode>
<episode><epnum>11</epnum><seasonnum>04</seasonnum><prodnum></prodnum><airdate>2008-07-31</airdate><link>http://www.tvrage.com/shows/id-10117/episodes/686579</link><title>Series 2, Episode 4</title></episode>
<episode><epnum>12</epnum><seasonnum>05</seasonnum><prodnum></prodnum><airdate>2008-08-07</airdate><link>http://www.tvrage.com/shows/id-10117/episodes/689438</link><title>Series 2, Episode 5</title></episode>
<episode><epnum>13</epnum><seasonnum>06</seasonnum><prodnum></prodnum><airdate>2008-08-14</airdate><link>http://www.tvrage.com/shows/id-10117/episodes/692260</link><title>Series 2, Episode 6</title></episode>
<episode><epnum>14</epnum><seasonnum>07</seasonnum><prodnum></prodnum><airdate>2008-08-21</airdate><link>http://www.tvrage.com/shows/id-10117/episodes/695061</link><title>Series 2, Episode 7</title></episode>
</Season>

</Episodelist>

</Show>