<?xml version="1.0" encoding="UTF-8" ?>


<Show>
<name>P.O.V.</name>
<totalseasons>25</totalseasons>
<showid>10110</showid>
<showlink>http://tvrage.com/POV</showlink>
<started>Jul/05/1988</started>
<ended></ended>
<image>http://images.tvrage.com/shows/11/10110.jpg</image>
<origin_country>US</origin_country>
<status>Returning Series</status>
<classification>Documentary</classification>
<genres><genre>Drama</genre></genres>
<runtime>60</runtime>
<network country="US">PBS</network>
<airtime>22:00</airtime>
<airday>Monday</airday>
<timezone>GMT-5 -DST</timezone>
<Episodelist>

<Season no="1">
<episode><epnum>1</epnum><seasonnum>01</seasonnum><prodnum></prodnum><airdate>1988-07-05</airdate><link>http://www.tvrage.com/POV/episodes/592628</link><title>Acting Our Age</title></episode>
<episode><epnum>2</epnum><seasonnum>02</seasonnum><prodnum></prodnum><airdate>1988-07-05</airdate><link>http://www.tvrage.com/POV/episodes/592629</link><title>American Tongues</title></episode>
<episode><epnum>3</epnum><seasonnum>03</seasonnum><prodnum></prodnum><airdate>1988-07-12</airdate><link>http://www.tvrage.com/POV/episodes/592630</link><title>Fire From the Mountain</title></episode>
<episode><epnum>4</epnum><seasonnum>04</seasonnum><prodnum></prodnum><airdate>1988-07-19</airdate><link>http://www.tvrage.com/POV/episodes/592631</link><title>Knocking on Armageddon's Door</title></episode>
<episode><epnum>5</epnum><seasonnum>05</seasonnum><prodnum></prodnum><airdate>1988-07-19</airdate><link>http://www.tvrage.com/POV/episodes/592632</link><title>Living with AIDS</title></episode>
<episode><epnum>6</epnum><seasonnum>06</seasonnum><prodnum></prodnum><airdate>1988-08-02</airdate><link>http://www.tvrage.com/POV/episodes/592633</link><title>Las Madres: The Mothers of Plaza de Mayo</title></episode>
<episode><epnum>7</epnum><seasonnum>07</seasonnum><prodnum></prodnum><airdate>1988-08-09</airdate><link>http://www.tvrage.com/POV/episodes/592634</link><title>The Good Fight</title></episode>
<episode><epnum>8</epnum><seasonnum>08</seasonnum><prodnum></prodnum><airdate>1988-08-23</airdate><link>http://www.tvrage.com/POV/episodes/592635</link><title>Louie Bluie</title></episode>
<episode><epnum>9</epnum><seasonnum>09</seasonnum><prodnum></prodnum><airdate>1988-08-30</airdate><link>http://www.tvrage.com/POV/episodes/592636</link><title>Gates of Heaven</title></episode>
<episode><epnum>10</epnum><seasonnum>10</seasonnum><prodnum></prodnum><airdate>1988-09-06</airdate><link>http://www.tvrage.com/POV/episodes/592637</link><title>Best Boy</title></episode>
<episode><epnum>11</epnum><seasonnum>11</seasonnum><prodnum></prodnum><airdate>1988-07-26</airdate><link>http://www.tvrage.com/POV/episodes/592642</link><title>Rate It X</title></episode>
<episode><epnum>12</epnum><seasonnum>12</seasonnum><prodnum></prodnum><airdate>1988-08-16</airdate><link>http://www.tvrage.com/POV/episodes/592643</link><title>Metropolitan Avenue</title></episode>
</Season>

<Season no="2">
<episode><epnum>11</epnum><seasonnum>01</seasonnum><prodnum></prodnum><airdate>1989-07-09</airdate><link>http://www.tvrage.com/POV/episodes/592638</link><title>Girltalk</title></episode>
<episode><epnum>12</epnum><seasonnum>02</seasonnum><prodnum></prodnum><airdate>1989-07-23</airdate><link>http://www.tvrage.com/POV/episodes/592639</link><title>Coming Out</title></episode>
<episode><epnum>13</epnum><seasonnum>03</seasonnum><prodnum></prodnum><airdate>1989-07-30</airdate><link>http://www.tvrage.com/POV/episodes/592640</link><title>The Family Album</title></episode>
<episode><epnum>14</epnum><seasonnum>04</seasonnum><prodnum></prodnum><airdate>1989-08-06</airdate><link>http://www.tvrage.com/POV/episodes/592641</link><title>Dark Circle</title></episode>
<episode><epnum>15</epnum><seasonnum>05</seasonnum><prodnum></prodnum><airdate>1989-07-16</airdate><link>http://www.tvrage.com/POV/episodes/592644</link><title>Who Killed Vincent Chin?</title></episode>
<episode><epnum>16</epnum><seasonnum>06</seasonnum><prodnum></prodnum><airdate>1989-07-23</airdate><link>http://www.tvrage.com/POV/episodes/592645</link><title>Wise Guys!</title></episode>
<episode><epnum>17</epnum><seasonnum>07</seasonnum><prodnum></prodnum><airdate>1989-08-06</airdate><link>http://www.tvrage.com/POV/episodes/592646</link><title>Dark Circle</title></episode>
<episode><epnum>18</epnum><seasonnum>08</seasonnum><prodnum></prodnum><airdate>1989-08-13</airdate><link>http://www.tvrage.com/POV/episodes/592647</link><title>Jack Levine: Feast Of Pure Reason</title></episode>
<episode><epnum>19</epnum><seasonnum>09</seasonnum><prodnum></prodnum><airdate>1989-08-20</airdate><link>http://www.tvrage.com/POV/episodes/592648</link><title>No Applause, Just Throw Money</title></episode>
<episode><epnum>20</epnum><seasonnum>10</seasonnum><prodnum></prodnum><airdate>1989-08-27</airdate><link>http://www.tvrage.com/POV/episodes/592649</link><title>Partisans Of Vilna</title></episode>
<episode><epnum>21</epnum><seasonnum>11</seasonnum><prodnum></prodnum><airdate>1989-09-03</airdate><link>http://www.tvrage.com/POV/episodes/592650</link><title>The Fighting Ministers</title></episode>
<episode><epnum>22</epnum><seasonnum>12</seasonnum><prodnum></prodnum><airdate>1989-09-17</airdate><link>http://www.tvrage.com/POV/episodes/592651</link><title>Binge</title></episode>
<episode><epnum>23</epnum><seasonnum>13</seasonnum><prodnum></prodnum><airdate>1989-09-17</airdate><link>http://www.tvrage.com/POV/episodes/592652</link><title>Cowboy Poets</title></episode>
<episode><epnum>24</epnum><seasonnum>14</seasonnum><prodnum></prodnum><airdate>1989-09-17</airdate><link>http://www.tvrage.com/POV/episodes/592653</link><title>Doug And Mike, Mike And Doug</title></episode>
<episode><epnum>25</epnum><seasonnum>15</seasonnum><prodnum></prodnum><airdate>1989-09-24</airdate><link>http://www.tvrage.com/POV/episodes/592654</link><title>Lost Angeles</title></episode>
</Season>

<Season no="3">
<episode><epnum>26</epnum><seasonnum>01</seasonnum><prodnum></prodnum><airdate>1990-06-26</airdate><link>http://www.tvrage.com/POV/episodes/592693</link><title>Through The Wire</title></episode>
<episode><epnum>27</epnum><seasonnum>02</seasonnum><prodnum></prodnum><airdate>1990-07-03</airdate><link>http://www.tvrage.com/POV/episodes/592694</link><title>Metamorphosis: Man Into Woman</title></episode>
<episode><epnum>28</epnum><seasonnum>03</seasonnum><prodnum></prodnum><airdate>1990-07-10</airdate><link>http://www.tvrage.com/POV/episodes/592695</link><title>Larry Wright</title></episode>
<episode><epnum>29</epnum><seasonnum>04</seasonnum><prodnum></prodnum><airdate>1990-07-10</airdate><link>http://www.tvrage.com/POV/episodes/592696</link><title>On Ice</title></episode>
<episode><epnum>30</epnum><seasonnum>05</seasonnum><prodnum></prodnum><airdate>1990-07-24</airdate><link>http://www.tvrage.com/POV/episodes/592697</link><title>Salesman</title></episode>
<episode><epnum>31</epnum><seasonnum>06</seasonnum><prodnum></prodnum><airdate>1990-07-31</airdate><link>http://www.tvrage.com/POV/episodes/592698</link><title>Police Chiefs</title></episode>
<episode><epnum>32</epnum><seasonnum>07</seasonnum><prodnum></prodnum><airdate>1990-08-07</airdate><link>http://www.tvrage.com/POV/episodes/592699</link><title>Kamala And Raji</title></episode>
<episode><epnum>33</epnum><seasonnum>08</seasonnum><prodnum></prodnum><airdate>1990-08-14</airdate><link>http://www.tvrage.com/POV/episodes/592700</link><title>Days Of Waiting</title></episode>
<episode><epnum>34</epnum><seasonnum>09</seasonnum><prodnum></prodnum><airdate>1990-08-14</airdate><link>http://www.tvrage.com/POV/episodes/592701</link><title>Golub</title></episode>
<episode><epnum>35</epnum><seasonnum>10</seasonnum><prodnum></prodnum><airdate>1990-08-21</airdate><link>http://www.tvrage.com/POV/episodes/592702</link><title>Green Streets</title></episode>
<episode><epnum>36</epnum><seasonnum>11</seasonnum><prodnum></prodnum><airdate>1990-08-21</airdate><link>http://www.tvrage.com/POV/episodes/592703</link><title>Going Up</title></episode>
<episode><epnum>37</epnum><seasonnum>12</seasonnum><prodnum></prodnum><airdate>1990-08-28</airdate><link>http://www.tvrage.com/POV/episodes/592704</link><title>Motel</title></episode>
<episode><epnum>38</epnum><seasonnum>13</seasonnum><prodnum></prodnum><airdate>1990-09-04</airdate><link>http://www.tvrage.com/POV/episodes/592707</link><title>Ossian: American Boy, Tibetan Monk</title></episode>
<episode><epnum>39</epnum><seasonnum>14</seasonnum><prodnum></prodnum><airdate>1990-09-04</airdate><link>http://www.tvrage.com/POV/episodes/592708</link><title>¡Teatro!</title></episode>
<episode><epnum>40</epnum><seasonnum>15</seasonnum><prodnum></prodnum><airdate>1990-09-11</airdate><link>http://www.tvrage.com/POV/episodes/592709</link><title>People Power</title></episode>
<episode><epnum>41</epnum><seasonnum>16</seasonnum><prodnum></prodnum><airdate>1990-07-17</airdate><link>http://www.tvrage.com/POV/episodes/592710</link><title>Letter To The Next Generation</title></episode>
</Season>

<Season no="4">
<episode><epnum>42</epnum><seasonnum>01</seasonnum><prodnum></prodnum><airdate>1991-06-15</airdate><link>http://www.tvrage.com/POV/episodes/592711</link><title>Absolutely Positive</title></episode>
<episode><epnum>43</epnum><seasonnum>02</seasonnum><prodnum></prodnum><airdate>1991-06-25</airdate><link>http://www.tvrage.com/POV/episodes/592712</link><title>Marc And Ann</title></episode>
<episode><epnum>44</epnum><seasonnum>03</seasonnum><prodnum></prodnum><airdate>1991-06-25</airdate><link>http://www.tvrage.com/POV/episodes/592713</link><title>Plena Is Work, Plena Is Song</title></episode>
<episode><epnum>45</epnum><seasonnum>04</seasonnum><prodnum></prodnum><airdate>1991-06-25</airdate><link>http://www.tvrage.com/POV/episodes/592715</link><title>Twinsburg, OH: Some Kind of Weird Twin Thing</title></episode>
<episode><epnum>46</epnum><seasonnum>05</seasonnum><prodnum></prodnum><airdate>1991-07-02</airdate><link>http://www.tvrage.com/POV/episodes/592721</link><title>Honorable Nations</title></episode>
<episode><epnum>47</epnum><seasonnum>06</seasonnum><prodnum></prodnum><airdate>1991-07-09</airdate><link>http://www.tvrage.com/POV/episodes/592723</link><title>Chemical Valley</title></episode>
<episode><epnum>48</epnum><seasonnum>07</seasonnum><prodnum></prodnum><airdate>1991-07-09</airdate><link>http://www.tvrage.com/POV/episodes/592724</link><title>Sea Of Oil</title></episode>
<episode><epnum>49</epnum><seasonnum>08</seasonnum><prodnum></prodnum><airdate>1991-07-09</airdate><link>http://www.tvrage.com/POV/episodes/592725</link><title>Turn Here Sweet Corn</title></episode>
<episode><epnum>50</epnum><seasonnum>09</seasonnum><prodnum></prodnum><airdate>1991-07-16</airdate><link>http://www.tvrage.com/POV/episodes/592726</link><title>Tongues Untied</title></episode>
<episode><epnum>51</epnum><seasonnum>10</seasonnum><prodnum></prodnum><airdate>1991-07-23</airdate><link>http://www.tvrage.com/POV/episodes/592727</link><title>Berkeley In The Sixties</title></episode>
<episode><epnum>52</epnum><seasonnum>11</seasonnum><prodnum></prodnum><airdate>1991-07-30</airdate><link>http://www.tvrage.com/POV/episodes/592728</link><title>A Little Vicious</title></episode>
<episode><epnum>53</epnum><seasonnum>12</seasonnum><prodnum></prodnum><airdate>1991-08-06</airdate><link>http://www.tvrage.com/POV/episodes/592729</link><title>The Big Bang</title></episode>
<episode><epnum>54</epnum><seasonnum>13</seasonnum><prodnum></prodnum><airdate>1991-08-13</airdate><link>http://www.tvrage.com/POV/episodes/592730</link><title>Maria's Story</title></episode>
<episode><epnum>55</epnum><seasonnum>14</seasonnum><prodnum></prodnum><airdate>1991-08-20</airdate><link>http://www.tvrage.com/POV/episodes/592731</link><title>Homes Apart: The Two Koreas</title></episode>
<episode><epnum>56</epnum><seasonnum>15</seasonnum><prodnum></prodnum><airdate>1991-07-30</airdate><link>http://www.tvrage.com/POV/episodes/592732</link><title>Where The Heart Roams</title></episode>
<episode><epnum>57</epnum><seasonnum>16</seasonnum><prodnum></prodnum><airdate>1991-09-03</airdate><link>http://www.tvrage.com/POV/episodes/592733</link><title>Short Notice: A Series of Short Films</title></episode>
<episode><epnum>58</epnum><seasonnum>17</seasonnum><prodnum></prodnum><airdate>1991-09-03</airdate><link>http://www.tvrage.com/POV/episodes/592734</link><title>Casting The First Stone</title></episode>
</Season>

<Season no="5">
<episode><epnum>59</epnum><seasonnum>01</seasonnum><prodnum></prodnum><airdate>1992-06-15</airdate><link>http://www.tvrage.com/POV/episodes/592735</link><title>Color Adjustment</title></episode>
<episode><epnum>60</epnum><seasonnum>02</seasonnum><prodnum></prodnum><airdate>1992-06-22</airdate><link>http://www.tvrage.com/POV/episodes/592736</link><title>Intimate Stranger</title></episode>
<episode><epnum>61</epnum><seasonnum>03</seasonnum><prodnum></prodnum><airdate>1992-06-29</airdate><link>http://www.tvrage.com/POV/episodes/592737</link><title>Finding Christa</title></episode>
<episode><epnum>62</epnum><seasonnum>04</seasonnum><prodnum></prodnum><airdate>1992-07-06</airdate><link>http://www.tvrage.com/POV/episodes/592738</link><title>Last Images of War</title></episode>
<episode><epnum>63</epnum><seasonnum>05</seasonnum><prodnum></prodnum><airdate>1992-07-06</airdate><link>http://www.tvrage.com/POV/episodes/592739</link><title>The Longest Shadow</title></episode>
<episode><epnum>64</epnum><seasonnum>06</seasonnum><prodnum></prodnum><airdate>1992-07-20</airdate><link>http://www.tvrage.com/POV/episodes/592740</link><title>A Season in Hell</title></episode>
<episode><epnum>65</epnum><seasonnum>07</seasonnum><prodnum></prodnum><airdate>1992-07-27</airdate><link>http://www.tvrage.com/POV/episodes/592741</link><title>Promise Not to Tell</title></episode>
<episode><epnum>66</epnum><seasonnum>08</seasonnum><prodnum></prodnum><airdate>1992-08-03</airdate><link>http://www.tvrage.com/POV/episodes/592742</link><title>Dream Deceivers: The Story Behind James Vance Vs. Judas Priest</title></episode>
<episode><epnum>67</epnum><seasonnum>09</seasonnum><prodnum></prodnum><airdate>1992-08-10</airdate><link>http://www.tvrage.com/POV/episodes/592743</link><title>Fast Food Women</title></episode>
<episode><epnum>68</epnum><seasonnum>10</seasonnum><prodnum></prodnum><airdate>1992-08-10</airdate><link>http://www.tvrage.com/POV/episodes/592744</link><title>Takeover</title></episode>
<episode><epnum>69</epnum><seasonnum>11</seasonnum><prodnum></prodnum><airdate>1992-08-21</airdate><link>http://www.tvrage.com/POV/episodes/592745</link><title>Faith Even to the Fire</title></episode>
<episode><epnum>70</epnum><seasonnum>12</seasonnum><prodnum></prodnum><airdate>1992-08-31</airdate><link>http://www.tvrage.com/POV/episodes/592746</link><title>Louisiana Boys: Raised on Politics</title></episode>
<episode><epnum>71</epnum><seasonnum>13</seasonnum><prodnum></prodnum><airdate>1992-09-28</airdate><link>http://www.tvrage.com/POV/episodes/592747</link><title>Pets or Meat</title></episode>
<episode><epnum>72</epnum><seasonnum>14</seasonnum><prodnum></prodnum><airdate>1992-09-28</airdate><link>http://www.tvrage.com/POV/episodes/592748</link><title>Roger and Me</title></episode>
</Season>

<Season no="6">
<episode><epnum>73</epnum><seasonnum>01</seasonnum><prodnum></prodnum><airdate>1993-06-15</airdate><link>http://www.tvrage.com/POV/episodes/592817</link><title>Silverlake Life: The View From Here</title></episode>
<episode><epnum>74</epnum><seasonnum>02</seasonnum><prodnum></prodnum><airdate>1993-06-22</airdate><link>http://www.tvrage.com/POV/episodes/592818</link><title>Who's Going To Pay For These Donuts, Anyway?</title></episode>
<episode><epnum>75</epnum><seasonnum>03</seasonnum><prodnum></prodnum><airdate>1993-06-29</airdate><link>http://www.tvrage.com/POV/episodes/592819</link><title>When Your Head's Not A Head, It's A Nut</title></episode>
<episode><epnum>76</epnum><seasonnum>04</seasonnum><prodnum></prodnum><airdate>1993-07-06</airdate><link>http://www.tvrage.com/POV/episodes/592820</link><title>Compassion In Exile</title></episode>
<episode><epnum>77</epnum><seasonnum>05</seasonnum><prodnum></prodnum><airdate>1993-07-13</airdate><link>http://www.tvrage.com/POV/episodes/592821</link><title>For Better Or For Worse</title></episode>
<episode><epnum>78</epnum><seasonnum>06</seasonnum><prodnum></prodnum><airdate>1993-07-20</airdate><link>http://www.tvrage.com/POV/episodes/592822</link><title>Motel</title></episode>
<episode><epnum>79</epnum><seasonnum>07</seasonnum><prodnum></prodnum><airdate>1993-08-03</airdate><link>http://www.tvrage.com/POV/episodes/592823</link><title>Money Man</title></episode>
<episode><epnum>80</epnum><seasonnum>08</seasonnum><prodnum></prodnum><airdate>1993-08-10</airdate><link>http://www.tvrage.com/POV/episodes/592824</link><title>Building Bombs: The Legacy</title></episode>
<episode><epnum>81</epnum><seasonnum>09</seasonnum><prodnum></prodnum><airdate>1993-08-17</airdate><link>http://www.tvrage.com/POV/episodes/592825</link><title>Miami-Havana</title></episode>
<episode><epnum>82</epnum><seasonnum>10</seasonnum><prodnum></prodnum><airdate>1993-08-24</airdate><link>http://www.tvrage.com/POV/episodes/592826</link><title>Cousin Bobby</title></episode>
<episode><epnum>83</epnum><seasonnum>11</seasonnum><prodnum></prodnum><airdate>1993-08-24</airdate><link>http://www.tvrage.com/POV/episodes/592827</link><title>The Women Next Door</title></episode>
<episode><epnum>84</epnum><seasonnum>12</seasonnum><prodnum></prodnum><airdate>1993-09-10</airdate><link>http://www.tvrage.com/POV/episodes/592828</link><title>Sa-I-Gu</title></episode>
</Season>

<Season no="7">
<episode><epnum>85</epnum><seasonnum>01</seasonnum><prodnum></prodnum><airdate>1994-06-07</airdate><link>http://www.tvrage.com/POV/episodes/592829</link><title>Time Indefinite</title></episode>
<episode><epnum>86</epnum><seasonnum>02</seasonnum><prodnum></prodnum><airdate>1994-06-14</airdate><link>http://www.tvrage.com/POV/episodes/592830</link><title>One Nation Under God</title></episode>
<episode><epnum>87</epnum><seasonnum>03</seasonnum><prodnum></prodnum><airdate>1994-06-28</airdate><link>http://www.tvrage.com/POV/episodes/592831</link><title>Memories of Tata</title></episode>
<episode><epnum>88</epnum><seasonnum>04</seasonnum><prodnum></prodnum><airdate>1994-07-05</airdate><link>http://www.tvrage.com/POV/episodes/592832</link><title>The End of the Nightstick</title></episode>
<episode><epnum>89</epnum><seasonnum>05</seasonnum><prodnum></prodnum><airdate>1994-07-12</airdate><link>http://www.tvrage.com/POV/episodes/592833</link><title>The Heart of the Matter</title></episode>
<episode><epnum>90</epnum><seasonnum>06</seasonnum><prodnum></prodnum><airdate>1994-07-19</airdate><link>http://www.tvrage.com/POV/episodes/592834</link><title>Passin' It On</title></episode>
<episode><epnum>91</epnum><seasonnum>07</seasonnum><prodnum></prodnum><airdate>1994-07-26</airdate><link>http://www.tvrage.com/POV/episodes/592835</link><title>Hearts of Darkness</title></episode>
<episode><epnum>92</epnum><seasonnum>08</seasonnum><prodnum></prodnum><airdate>1994-08-02</airdate><link>http://www.tvrage.com/POV/episodes/592836</link><title>Dialogues With Madwomen</title></episode>
<episode><epnum>93</epnum><seasonnum>09</seasonnum><prodnum></prodnum><airdate>1994-08-09</airdate><link>http://www.tvrage.com/POV/episodes/592837</link><title>The Times of a Sign: A Folk History of the Iran-Contra Scandal</title></episode>
<episode><epnum>94</epnum><seasonnum>10</seasonnum><prodnum></prodnum><airdate>1994-06-21</airdate><link>http://www.tvrage.com/POV/episodes/592838</link><title>Escape From China</title></episode>
</Season>

<Season no="8">
<episode><epnum>95</epnum><seasonnum>01</seasonnum><prodnum></prodnum><airdate>1995-06-01</airdate><link>http://www.tvrage.com/POV/episodes/592840</link><title>Leona's Sister Gerri</title></episode>
<episode><epnum>96</epnum><seasonnum>02</seasonnum><prodnum></prodnum><airdate>1995-06-06</airdate><link>http://www.tvrage.com/POV/episodes/592848</link><title>Complaints of a Dutiful Daughter</title></episode>
<episode><epnum>97</epnum><seasonnum>03</seasonnum><prodnum></prodnum><airdate>1995-06-13</airdate><link>http://www.tvrage.com/POV/episodes/592849</link><title>No Place Like Home</title></episode>
<episode><epnum>98</epnum><seasonnum>04</seasonnum><prodnum></prodnum><airdate>1995-06-20</airdate><link>http://www.tvrage.com/POV/episodes/592850</link><title>Out of Sight</title></episode>
<episode><epnum>99</epnum><seasonnum>05</seasonnum><prodnum></prodnum><airdate>1995-06-14</airdate><link>http://www.tvrage.com/POV/episodes/592851</link><title>Satya: A Prayer for the Enemy</title></episode>
<episode><epnum>100</epnum><seasonnum>06</seasonnum><prodnum></prodnum><airdate>1995-07-04</airdate><link>http://www.tvrage.com/POV/episodes/592852</link><title>Lighting the 7th Fire</title></episode>
<episode><epnum>101</epnum><seasonnum>07</seasonnum><prodnum></prodnum><airdate>1995-07-11</airdate><link>http://www.tvrage.com/POV/episodes/592853</link><title>Twitch and Shout</title></episode>
<episode><epnum>102</epnum><seasonnum>08</seasonnum><prodnum></prodnum><airdate>1995-07-18</airdate><link>http://www.tvrage.com/POV/episodes/592854</link><title>Home Economics: A Documentary of Suburbia</title></episode>
<episode><epnum>103</epnum><seasonnum>09</seasonnum><prodnum></prodnum><airdate>1995-07-25</airdate><link>http://www.tvrage.com/POV/episodes/592855</link><title>Dealers Among Dealers</title></episode>
<episode><epnum>104</epnum><seasonnum>10</seasonnum><prodnum></prodnum><airdate>1995-10-06</airdate><link>http://www.tvrage.com/POV/episodes/592856</link><title>Carmen Miranda: Bananas is My Business</title></episode>
</Season>

<Season no="9">
<episode><epnum>105</epnum><seasonnum>01</seasonnum><prodnum></prodnum><airdate>1996-05-28</airdate><link>http://www.tvrage.com/POV/episodes/592857</link><title>Taking On The Kennedys</title></episode>
<episode><epnum>106</epnum><seasonnum>02</seasonnum><prodnum></prodnum><airdate>1996-06-01</airdate><link>http://www.tvrage.com/POV/episodes/592858</link><title>¡Palante Siempre Palante! The Young Lords</title></episode>
<episode><epnum>107</epnum><seasonnum>03</seasonnum><prodnum></prodnum><airdate>1996-06-11</airdate><link>http://www.tvrage.com/POV/episodes/592859</link><title>Personal Belongings</title></episode>
<episode><epnum>108</epnum><seasonnum>04</seasonnum><prodnum></prodnum><airdate>1996-06-18</airdate><link>http://www.tvrage.com/POV/episodes/592860</link><title>A Litany For Survival: The Life and Work of Audre Lorde</title></episode>
<episode><epnum>109</epnum><seasonnum>05</seasonnum><prodnum></prodnum><airdate>1996-06-25</airdate><link>http://www.tvrage.com/POV/episodes/592861</link><title>a.k.a. Don Bonus</title></episode>
<episode><epnum>110</epnum><seasonnum>06</seasonnum><prodnum></prodnum><airdate>1996-07-02</airdate><link>http://www.tvrage.com/POV/episodes/592862</link><title>No Loans Today</title></episode>
<episode><epnum>111</epnum><seasonnum>07</seasonnum><prodnum></prodnum><airdate>1996-07-09</airdate><link>http://www.tvrage.com/POV/episodes/592863</link><title>The Transformation</title></episode>
<episode><epnum>112</epnum><seasonnum>08</seasonnum><prodnum></prodnum><airdate>1996-07-16</airdate><link>http://www.tvrage.com/POV/episodes/592864</link><title>The Women Outside</title></episode>
<episode><epnum>113</epnum><seasonnum>09</seasonnum><prodnum></prodnum><airdate>1996-07-23</airdate><link>http://www.tvrage.com/POV/episodes/592865</link><title>Just For The Ride</title></episode>
<episode><epnum>114</epnum><seasonnum>10</seasonnum><prodnum></prodnum><airdate>1996-07-30</airdate><link>http://www.tvrage.com/POV/episodes/592866</link><title>Remembering Wei Yi-fang, Remembering Myself</title></episode>
<episode><epnum>115</epnum><seasonnum>11</seasonnum><prodnum></prodnum><airdate>1996-07-30</airdate><link>http://www.tvrage.com/POV/episodes/592867</link><title>Xich-lo (Cyclo)</title></episode>
<episode><epnum>116</epnum><seasonnum>12</seasonnum><prodnum></prodnum><airdate>1996-08-06</airdate><link>http://www.tvrage.com/POV/episodes/592868</link><title>Taken for a Ride</title></episode>
<episode><epnum>117</epnum><seasonnum>13</seasonnum><prodnum></prodnum><airdate>1996-11-27</airdate><link>http://www.tvrage.com/POV/episodes/592869</link><title>Maya Lin: A Strong Clear Vision</title></episode>
</Season>

<Season no="10">
<episode><epnum>118</epnum><seasonnum>01</seasonnum><prodnum></prodnum><airdate>1997-06-03</airdate><link>http://www.tvrage.com/POV/episodes/592870</link><title>Nobody's Business</title></episode>
<episode><epnum>119</epnum><seasonnum>02</seasonnum><prodnum></prodnum><airdate>1997-06-10</airdate><link>http://www.tvrage.com/POV/episodes/592871</link><title>Battle for the Minds</title></episode>
<episode><epnum>120</epnum><seasonnum>03</seasonnum><prodnum></prodnum><airdate>1997-06-17</airdate><link>http://www.tvrage.com/POV/episodes/592872</link><title>A Healthy Baby Girl</title></episode>
<episode><epnum>121</epnum><seasonnum>04</seasonnum><prodnum></prodnum><airdate>1997-06-24</airdate><link>http://www.tvrage.com/POV/episodes/592873</link><title>Jesse's Gone</title></episode>
<episode><epnum>122</epnum><seasonnum>05</seasonnum><prodnum></prodnum><airdate>1997-07-01</airdate><link>http://www.tvrage.com/POV/episodes/592880</link><title>Fear and Learning at Hoover Elementary</title></episode>
<episode><epnum>123</epnum><seasonnum>06</seasonnum><prodnum></prodnum><airdate>1997-07-08</airdate><link>http://www.tvrage.com/POV/episodes/592882</link><title>Who is Henry Jaglom?</title></episode>
<episode><epnum>124</epnum><seasonnum>07</seasonnum><prodnum></prodnum><airdate>1997-07-15</airdate><link>http://www.tvrage.com/POV/episodes/592884</link><title>In Whose Honor?</title></episode>
<episode><epnum>125</epnum><seasonnum>08</seasonnum><prodnum></prodnum><airdate>1997-07-22</airdate><link>http://www.tvrage.com/POV/episodes/592885</link><title>Girls Like Us</title></episode>
<episode><epnum>126</epnum><seasonnum>09</seasonnum><prodnum></prodnum><airdate>1997-07-29</airdate><link>http://www.tvrage.com/POV/episodes/592887</link><title>Blacks and Jews</title></episode>
<episode><epnum>127</epnum><seasonnum>10</seasonnum><prodnum></prodnum><airdate>1997-08-05</airdate><link>http://www.tvrage.com/POV/episodes/592888</link><title>A Perfect Candidate</title></episode>
</Season>

<Season no="11">
<episode><epnum>128</epnum><seasonnum>01</seasonnum><prodnum></prodnum><airdate>1998-06-02</airdate><link>http://www.tvrage.com/POV/episodes/592889</link><title>Baby, It's You</title></episode>
<episode><epnum>129</epnum><seasonnum>02</seasonnum><prodnum></prodnum><airdate>1998-06-09</airdate><link>http://www.tvrage.com/POV/episodes/592890</link><title>Tobacco Blues</title></episode>
<episode><epnum>130</epnum><seasonnum>03</seasonnum><prodnum></prodnum><airdate>1998-06-16</airdate><link>http://www.tvrage.com/POV/episodes/592891</link><title>The Band</title></episode>
<episode><epnum>131</epnum><seasonnum>04</seasonnum><prodnum></prodnum><airdate>1998-06-23</airdate><link>http://www.tvrage.com/POV/episodes/592892</link><title>Licensed to Kill</title></episode>
<episode><epnum>132</epnum><seasonnum>05</seasonnum><prodnum></prodnum><airdate>1998-06-30</airdate><link>http://www.tvrage.com/POV/episodes/592893</link><title>Kelly Loves Tony</title></episode>
<episode><epnum>133</epnum><seasonnum>06</seasonnum><prodnum></prodnum><airdate>1998-07-07</airdate><link>http://www.tvrage.com/POV/episodes/592894</link><title>If I Can't Do It</title></episode>
<episode><epnum>134</epnum><seasonnum>07</seasonnum><prodnum></prodnum><airdate>1998-07-14</airdate><link>http://www.tvrage.com/POV/episodes/592895</link><title>Barbie Nation: An Unauthorized Tour</title></episode>
<episode><epnum>135</epnum><seasonnum>08</seasonnum><prodnum></prodnum><airdate>1998-07-21</airdate><link>http://www.tvrage.com/POV/episodes/592897</link><title>The Vanishing Line</title></episode>
<episode><epnum>136</epnum><seasonnum>09</seasonnum><prodnum></prodnum><airdate>1998-07-28</airdate><link>http://www.tvrage.com/POV/episodes/592898</link><title>Sacrifice</title></episode>
<episode><epnum>137</epnum><seasonnum>10</seasonnum><prodnum></prodnum><airdate>1998-08-04</airdate><link>http://www.tvrage.com/POV/episodes/592899</link><title>She Shorts: Cuba 15</title></episode>
<episode><epnum>138</epnum><seasonnum>11</seasonnum><prodnum></prodnum><airdate>1998-08-04</airdate><link>http://www.tvrage.com/POV/episodes/592900</link><title>She Shorts: Repetition Compulsion</title></episode>
<episode><epnum>139</epnum><seasonnum>12</seasonnum><prodnum></prodnum><airdate>1998-08-04</airdate><link>http://www.tvrage.com/POV/episodes/592901</link><title>She Shorts: Two or Three Things But Nothing For Sure</title></episode>
<episode><epnum>140</epnum><seasonnum>13</seasonnum><prodnum></prodnum><airdate>1998-09-15</airdate><link>http://www.tvrage.com/POV/episodes/592902</link><title>Family Name</title></episode>
</Season>

<Season no="12">
<episode><epnum>141</epnum><seasonnum>01</seasonnum><prodnum></prodnum><airdate>1999-06-01</airdate><link>http://www.tvrage.com/POV/episodes/592903</link><title>The Legacy</title></episode>
<episode><epnum>142</epnum><seasonnum>02</seasonnum><prodnum></prodnum><airdate>1999-06-05</airdate><link>http://www.tvrage.com/POV/episodes/592904</link><title>Well-Founded Fear</title></episode>
<episode><epnum>143</epnum><seasonnum>03</seasonnum><prodnum></prodnum><airdate>1999-06-08</airdate><link>http://www.tvrage.com/POV/episodes/592905</link><title>Golden Threads</title></episode>
<episode><epnum>144</epnum><seasonnum>04</seasonnum><prodnum></prodnum><airdate>1999-06-22</airdate><link>http://www.tvrage.com/POV/episodes/592906</link><title>In My Corner</title></episode>
<episode><epnum>145</epnum><seasonnum>05</seasonnum><prodnum></prodnum><airdate>1999-06-29</airdate><link>http://www.tvrage.com/POV/episodes/592908</link><title>The Green Monster</title></episode>
<episode><epnum>146</epnum><seasonnum>06</seasonnum><prodnum></prodnum><airdate>1999-07-06</airdate><link>http://www.tvrage.com/POV/episodes/592909</link><title>Rabbit In The Moon</title></episode>
<episode><epnum>147</epnum><seasonnum>07</seasonnum><prodnum></prodnum><airdate>1999-07-13</airdate><link>http://www.tvrage.com/POV/episodes/592910</link><title>Corpus: A Home Movie For Selena</title></episode>
<episode><epnum>148</epnum><seasonnum>08</seasonnum><prodnum></prodnum><airdate>1999-07-20</airdate><link>http://www.tvrage.com/POV/episodes/592911</link><title>School Prayer: A Community At War</title></episode>
<episode><epnum>149</epnum><seasonnum>09</seasonnum><prodnum></prodnum><airdate>1999-07-27</airdate><link>http://www.tvrage.com/POV/episodes/592912</link><title>The Double Life of Ernesto Gomez Gomez</title></episode>
<episode><epnum>150</epnum><seasonnum>10</seasonnum><prodnum></prodnum><airdate>2000-01-24</airdate><link>http://www.tvrage.com/POV/episodes/592913</link><title>Regret To Inform</title></episode>
</Season>

<Season no="13">
<episode><epnum>2</epnum><seasonnum>02</seasonnum><prodnum></prodnum><airdate>2000-06-20</airdate><link>http://www.tvrage.com/POV/episodes/582150</link><title>Butterfly</title></episode>
<episode><epnum>3</epnum><seasonnum>03</seasonnum><prodnum></prodnum><airdate>2000-06-27</airdate><link>http://www.tvrage.com/POV/episodes/582151</link><title>La Boda</title></episode>
<episode><epnum>4</epnum><seasonnum>04</seasonnum><prodnum></prodnum><airdate>2000-07-11</airdate><link>http://www.tvrage.com/POV/episodes/582152</link><title>Stranger with a Camera</title></episode>
<episode><epnum>5</epnum><seasonnum>05</seasonnum><prodnum></prodnum><airdate>2000-07-18</airdate><link>http://www.tvrage.com/POV/episodes/582153</link><title>Blink</title></episode>
<episode><epnum>6</epnum><seasonnum>06</seasonnum><prodnum></prodnum><airdate>2000-07-25</airdate><link>http://www.tvrage.com/POV/episodes/582154</link><title>Our House in Havana</title></episode>
<episode><epnum>7</epnum><seasonnum>07</seasonnum><prodnum></prodnum><airdate>2000-08-22</airdate><link>http://www.tvrage.com/POV/episodes/582155</link><title>Dreamland</title></episode>
<episode><epnum>8</epnum><seasonnum>08</seasonnum><prodnum></prodnum><airdate>2000-08-29</airdate><link>http://www.tvrage.com/POV/episodes/582156</link><title>American Gypsy: A Stranger in Everybody's Land</title></episode>
<episode><epnum>9</epnum><seasonnum>09</seasonnum><prodnum></prodnum><airdate>2000-09-20</airdate><link>http://www.tvrage.com/POV/episodes/582157</link><title>KPFA on the Air</title></episode>
<episode><epnum>10</epnum><seasonnum>10</seasonnum><prodnum></prodnum><airdate>2000-09-27</airdate><link>http://www.tvrage.com/POV/episodes/582158</link><title>Live Free or Die</title></episode>
<episode><epnum>11</epnum><seasonnum>11</seasonnum><prodnum></prodnum><airdate>2000-12-18</airdate><link>http://www.tvrage.com/POV/episodes/582159</link><title>First Person Plural</title></episode>
</Season>

<Season no="14">
<episode><epnum>12</epnum><seasonnum>01</seasonnum><prodnum></prodnum><airdate>2001-06-19</airdate><link>http://www.tvrage.com/POV/episodes/582160</link><title>Scout's Honor</title></episode>
<episode><epnum>13</epnum><seasonnum>02</seasonnum><prodnum></prodnum><airdate>2001-06-26</airdate><link>http://www.tvrage.com/POV/episodes/582161</link><title>The Sweetest Sound</title></episode>
<episode><epnum>14</epnum><seasonnum>03</seasonnum><prodnum></prodnum><airdate>2001-07-03</airdate><link>http://www.tvrage.com/POV/episodes/582162</link><title>My American Girls: A Dominican Story</title></episode>
<episode><epnum>15</epnum><seasonnum>04</seasonnum><prodnum></prodnum><airdate>2001-07-10</airdate><link>http://www.tvrage.com/POV/episodes/582163</link><title>Of Civil Wrongs and Rights: The Fred Korematsu Story</title></episode>
<episode><epnum>16</epnum><seasonnum>05</seasonnum><prodnum></prodnum><airdate>2001-07-17</airdate><link>http://www.tvrage.com/POV/episodes/582164</link><title>True-Hearted Vixens</title></episode>
<episode><epnum>17</epnum><seasonnum>06</seasonnum><prodnum></prodnum><airdate>2001-07-24</airdate><link>http://www.tvrage.com/POV/episodes/582165</link><title>Take It from Me</title></episode>
<episode><epnum>18</epnum><seasonnum>07</seasonnum><prodnum></prodnum><airdate>2001-08-14</airdate><link>http://www.tvrage.com/POV/episodes/582166</link><title>In the Light of Reverence</title></episode>
<episode><epnum>19</epnum><seasonnum>08</seasonnum><prodnum></prodnum><airdate>2001-08-21</airdate><link>http://www.tvrage.com/POV/episodes/582167</link><title>Life and Debt</title></episode>
<episode><epnum>20</epnum><seasonnum>09</seasonnum><prodnum></prodnum><airdate>2001-08-28</airdate><link>http://www.tvrage.com/POV/episodes/582168</link><title>High School</title></episode>
<episode><epnum>21</epnum><seasonnum>10</seasonnum><prodnum></prodnum><airdate>2001-10-02</airdate><link>http://www.tvrage.com/POV/episodes/582170</link><title>5 Girls</title></episode>
<episode><epnum>22</epnum><seasonnum>11</seasonnum><prodnum></prodnum><airdate>2001-12-13</airdate><link>http://www.tvrage.com/POV/episodes/582171</link><title>Promises</title></episode>
</Season>

<Season no="15">
<episode><epnum>23</epnum><seasonnum>01</seasonnum><prodnum></prodnum><airdate>2002-06-25</airdate><link>http://www.tvrage.com/POV/episodes/582172</link><title>The Smith Family</title></episode>
<episode><epnum>48</epnum><seasonnum>01</seasonnum><prodnum></prodnum><airdate>2003-01-20</airdate><link>http://www.tvrage.com/POV/episodes/592627</link><title>Brother Outsider: The Life of Bayard Rustin</title></episode>
<episode><epnum>24</epnum><seasonnum>02</seasonnum><prodnum></prodnum><airdate>2002-07-02</airdate><link>http://www.tvrage.com/POV/episodes/582173</link><title>Boomtown</title></episode>
<episode><epnum>25</epnum><seasonnum>03</seasonnum><prodnum></prodnum><airdate>2002-07-09</airdate><link>http://www.tvrage.com/POV/episodes/582174</link><title>Hybrid</title></episode>
<episode><epnum>26</epnum><seasonnum>04</seasonnum><prodnum></prodnum><airdate>2002-07-16</airdate><link>http://www.tvrage.com/POV/episodes/582175</link><title>Refrigerator Mothers</title></episode>
<episode><epnum>27</epnum><seasonnum>05</seasonnum><prodnum></prodnum><airdate>2002-07-23</airdate><link>http://www.tvrage.com/POV/episodes/582176</link><title>Fenceline: A Company Town Divided</title></episode>
<episode><epnum>28</epnum><seasonnum>06</seasonnum><prodnum></prodnum><airdate>2002-07-30</airdate><link>http://www.tvrage.com/POV/episodes/582177</link><title>Sweet Old Song</title></episode>
<episode><epnum>29</epnum><seasonnum>07</seasonnum><prodnum></prodnum><airdate>2002-08-06</airdate><link>http://www.tvrage.com/POV/episodes/582178</link><title>Mai's America</title></episode>
<episode><epnum>30</epnum><seasonnum>08</seasonnum><prodnum></prodnum><airdate>2002-08-20</airdate><link>http://www.tvrage.com/POV/episodes/582179</link><title>Senorita Extraviada</title></episode>
<episode><epnum>31</epnum><seasonnum>09</seasonnum><prodnum></prodnum><airdate>2002-08-27</airdate><link>http://www.tvrage.com/POV/episodes/582180</link><title>Escuela</title></episode>
<episode><epnum>32</epnum><seasonnum>10</seasonnum><prodnum></prodnum><airdate>2002-09-10</airdate><link>http://www.tvrage.com/POV/episodes/582181</link><title>Afghanistan 1380</title></episode>
</Season>

<Season no="16">
<episode><epnum>1</epnum><seasonnum>01</seasonnum><prodnum></prodnum><airdate>2004-04-21</airdate><link>http://www.tvrage.com/POV/episodes/592433</link><title>Love &amp; Diane</title></episode>
<episode><epnum>35</epnum><seasonnum>01</seasonnum><prodnum></prodnum><airdate>2003-06-15</airdate><link>http://www.tvrage.com/POV/episodes/582184</link><title>Flag Wars</title></episode>
<episode><epnum>36</epnum><seasonnum>02</seasonnum><prodnum></prodnum><airdate>2003-06-22</airdate><link>http://www.tvrage.com/POV/episodes/582185</link><title>Georgie Girl</title></episode>
<episode><epnum>37</epnum><seasonnum>03</seasonnum><prodnum></prodnum><airdate>2003-07-01</airdate><link>http://www.tvrage.com/POV/episodes/582186</link><title>Larry v. Lockney</title></episode>
<episode><epnum>38</epnum><seasonnum>04</seasonnum><prodnum></prodnum><airdate>2003-07-08</airdate><link>http://www.tvrage.com/POV/episodes/582187</link><title>Discovering Dominga</title></episode>
<episode><epnum>39</epnum><seasonnum>05</seasonnum><prodnum></prodnum><airdate>2003-07-22</airdate><link>http://www.tvrage.com/POV/episodes/582188</link><title>The Flute Player</title></episode>
<episode><epnum>40</epnum><seasonnum>06</seasonnum><prodnum></prodnum><airdate>2003-07-29</airdate><link>http://www.tvrage.com/POV/episodes/582189</link><title>90 Miles</title></episode>
<episode><epnum>41</epnum><seasonnum>07</seasonnum><prodnum></prodnum><airdate>2003-08-05</airdate><link>http://www.tvrage.com/POV/episodes/582190</link><title>American Aloha: Hula Beyond Hawaii</title></episode>
<episode><epnum>42</epnum><seasonnum>08</seasonnum><prodnum></prodnum><airdate>2003-08-19</airdate><link>http://www.tvrage.com/POV/episodes/582191</link><title>West 47th Street</title></episode>
<episode><epnum>43</epnum><seasonnum>09</seasonnum><prodnum></prodnum><airdate>2003-08-26</airdate><link>http://www.tvrage.com/POV/episodes/582192</link><title>Family Fundamentals</title></episode>
<episode><epnum>44</epnum><seasonnum>10</seasonnum><prodnum></prodnum><airdate>2003-09-02</airdate><link>http://www.tvrage.com/POV/episodes/582193</link><title>Soldados: Chicanos in Viet Nam; The Sixth Section</title></episode>
<episode><epnum>45</epnum><seasonnum>11</seasonnum><prodnum></prodnum><airdate>2003-09-16</airdate><link>http://www.tvrage.com/POV/episodes/582194</link><title>State of Denial</title></episode>
<episode><epnum>34</epnum><seasonnum>12</seasonnum><prodnum></prodnum><airdate>2003-01-27</airdate><link>http://www.tvrage.com/POV/episodes/582183</link><title>Two Towns of Jasper</title></episode>
<episode><epnum>46</epnum><seasonnum>12</seasonnum><prodnum></prodnum><airdate>2003-12-16</airdate><link>http://www.tvrage.com/POV/episodes/582195</link><title>What I Want My Words to Do to You</title></episode>
</Season>

<Season no="17">
<episode><epnum>2</epnum><seasonnum>02</seasonnum><prodnum></prodnum><airdate>2004-06-22</airdate><link>http://www.tvrage.com/POV/episodes/592434</link><title>Farmingville</title></episode>
<episode><epnum>3</epnum><seasonnum>03</seasonnum><prodnum></prodnum><airdate>2004-06-29</airdate><link>http://www.tvrage.com/POV/episodes/592435</link><title>Bill's Run: A Political Journey in Rural Kansas</title></episode>
<episode><epnum>4</epnum><seasonnum>04</seasonnum><prodnum></prodnum><airdate>2004-07-06</airdate><link>http://www.tvrage.com/POV/episodes/592436</link><title>War Feels like War</title></episode>
<episode><epnum>5</epnum><seasonnum>05</seasonnum><prodnum></prodnum><airdate>2004-07-13</airdate><link>http://www.tvrage.com/POV/episodes/592437</link><title>Thirst</title></episode>
<episode><epnum>6</epnum><seasonnum>06</seasonnum><prodnum></prodnum><airdate>2004-07-20</airdate><link>http://www.tvrage.com/POV/episodes/592438</link><title>Last Man Standing: Politics---Texas Style</title></episode>
<episode><epnum>7</epnum><seasonnum>07</seasonnum><prodnum></prodnum><airdate>2004-08-03</airdate><link>http://www.tvrage.com/POV/episodes/592439</link><title>A Family Undertaking</title></episode>
<episode><epnum>8</epnum><seasonnum>08</seasonnum><prodnum></prodnum><airdate>2004-08-17</airdate><link>http://www.tvrage.com/POV/episodes/592440</link><title>Every Mother's Son</title></episode>
<episode><epnum>9</epnum><seasonnum>09</seasonnum><prodnum></prodnum><airdate>2004-08-24</airdate><link>http://www.tvrage.com/POV/episodes/592441</link><title>Speedo: A Demolition Derby Love Story'</title></episode>
<episode><epnum>10</epnum><seasonnum>10</seasonnum><prodnum></prodnum><airdate>2004-09-07</airdate><link>http://www.tvrage.com/POV/episodes/592442</link><title>Wattstax</title></episode>
<episode><epnum>11</epnum><seasonnum>11</seasonnum><prodnum></prodnum><airdate>2004-09-14</airdate><link>http://www.tvrage.com/POV/episodes/592443</link><title>Freedom Machines</title></episode>
<episode><epnum>12</epnum><seasonnum>12</seasonnum><prodnum></prodnum><airdate>2004-09-21</airdate><link>http://www.tvrage.com/POV/episodes/592444</link><title>A Panther in Africa</title></episode>
<episode><epnum>13</epnum><seasonnum>13</seasonnum><prodnum></prodnum><airdate>2004-09-28</airdate><link>http://www.tvrage.com/POV/episodes/592445</link><title>Lost Boys of Sudan</title></episode>
</Season>

<Season no="18">
<episode><epnum>1</epnum><seasonnum>01</seasonnum><prodnum></prodnum><airdate>2005-02-07</airdate><link>http://www.tvrage.com/POV/episodes/592420</link><title>Chisholm '72---Unbought &amp; Unbossed</title></episode>
<episode><epnum>2</epnum><seasonnum>02</seasonnum><prodnum></prodnum><airdate>2005-06-21</airdate><link>http://www.tvrage.com/POV/episodes/592421</link><title>The Education of Shelby Knox</title></episode>
<episode><epnum>3</epnum><seasonnum>03</seasonnum><prodnum></prodnum><airdate>2005-06-28</airdate><link>http://www.tvrage.com/POV/episodes/592422</link><title>Big Enough</title></episode>
<episode><epnum>4</epnum><seasonnum>04</seasonnum><prodnum></prodnum><airdate>2005-07-05</airdate><link>http://www.tvrage.com/POV/episodes/592423</link><title>Street Fight</title></episode>
<episode><epnum>5</epnum><seasonnum>05</seasonnum><prodnum></prodnum><airdate>2005-07-12</airdate><link>http://www.tvrage.com/POV/episodes/592424</link><title>The Fire Next Time</title></episode>
<episode><epnum>6</epnum><seasonnum>06</seasonnum><prodnum></prodnum><airdate>2005-07-19</airdate><link>http://www.tvrage.com/POV/episodes/592425</link><title>The Brooklyn Connection</title></episode>
<episode><epnum>7</epnum><seasonnum>07</seasonnum><prodnum></prodnum><airdate>2005-07-26</airdate><link>http://www.tvrage.com/POV/episodes/592426</link><title>The Self-Made Man</title></episode>
<episode><epnum>8</epnum><seasonnum>08</seasonnum><prodnum></prodnum><airdate>2005-08-02</airdate><link>http://www.tvrage.com/POV/episodes/592427</link><title>In the Realms of the Unreal</title></episode>
<episode><epnum>9</epnum><seasonnum>09</seasonnum><prodnum></prodnum><airdate>2005-08-16</airdate><link>http://www.tvrage.com/POV/episodes/592428</link><title>Hardwood</title></episode>
<episode><epnum>10</epnum><seasonnum>10</seasonnum><prodnum></prodnum><airdate>2005-08-23</airdate><link>http://www.tvrage.com/POV/episodes/592429</link><title>Bright Leaves</title></episode>
<episode><epnum>11</epnum><seasonnum>11</seasonnum><prodnum></prodnum><airdate>2005-08-30</airdate><link>http://www.tvrage.com/POV/episodes/592430</link><title>Hiding and Seeking: Faith and Tolerance After the Holocaust</title></episode>
<episode><epnum>12</epnum><seasonnum>12</seasonnum><prodnum></prodnum><airdate>2005-09-06</airdate><link>http://www.tvrage.com/POV/episodes/592431</link><title>The Hobart Shakespeareans</title></episode>
<episode><epnum>13</epnum><seasonnum>13</seasonnum><prodnum></prodnum><airdate>2005-09-13</airdate><link>http://www.tvrage.com/POV/episodes/592432</link><title>Omar &amp; Pete</title></episode>
<episode><epnum>14</epnum><seasonnum>14</seasonnum><prodnum></prodnum><airdate>2005-08-16</airdate><link>http://www.tvrage.com/POV/episodes/593425</link><title>A Thousand Words</title></episode>
<episode><epnum>15</epnum><seasonnum>15</seasonnum><prodnum></prodnum><airdate>2005-08-23</airdate><link>http://www.tvrage.com/POV/episodes/593426</link><title>A Song for Daniel</title></episode>
<episode><epnum>16</epnum><seasonnum>16</seasonnum><prodnum></prodnum><airdate>2005-08-16</airdate><link>http://www.tvrage.com/POV/episodes/593427</link><title>I Used to Be a Filmmaker</title></episode>
</Season>

<Season no="19">
<episode><epnum>1</epnum><seasonnum>01</seasonnum><prodnum></prodnum><airdate>2006-06-27</airdate><link>http://www.tvrage.com/POV/episodes/582204</link><title>No More Tears Sister</title></episode>
<episode><epnum>2</epnum><seasonnum>02</seasonnum><prodnum></prodnum><airdate>2006-07-04</airdate><link>http://www.tvrage.com/POV/episodes/582205</link><title>Kokoyakyu: High School Baseball</title></episode>
<episode><epnum>3</epnum><seasonnum>03</seasonnum><prodnum></prodnum><airdate>2006-07-11</airdate><link>http://www.tvrage.com/POV/episodes/582206</link><title>Tintin and I</title></episode>
<episode><epnum>4</epnum><seasonnum>04</seasonnum><prodnum></prodnum><airdate>2006-07-18</airdate><link>http://www.tvrage.com/POV/episodes/582207</link><title>The Fall of Fujimori</title></episode>
<episode><epnum>5</epnum><seasonnum>05</seasonnum><prodnum></prodnum><airdate>2006-07-25</airdate><link>http://www.tvrage.com/POV/episodes/582208</link><title>The Tailenders</title></episode>
<episode><epnum>6</epnum><seasonnum>06</seasonnum><prodnum></prodnum><airdate>2006-08-01</airdate><link>http://www.tvrage.com/POV/episodes/582209</link><title>Al Otro Lado</title></episode>
<episode><epnum>7</epnum><seasonnum>07</seasonnum><prodnum></prodnum><airdate>2006-08-22</airdate><link>http://www.tvrage.com/POV/episodes/582210</link><title>Lomax the Songhunter</title></episode>
<episode><epnum>8</epnum><seasonnum>08</seasonnum><prodnum></prodnum><airdate>2006-08-29</airdate><link>http://www.tvrage.com/POV/episodes/582211</link><title>Waging a Living</title></episode>
<episode><epnum>9</epnum><seasonnum>09</seasonnum><prodnum></prodnum><airdate>2006-09-12</airdate><link>http://www.tvrage.com/POV/episodes/582212</link><title>The Boys of Baraka</title></episode>
<episode><epnum>10</epnum><seasonnum>10</seasonnum><prodnum></prodnum><airdate>2006-09-19</airdate><link>http://www.tvrage.com/POV/episodes/582213</link><title>Twelve Disciples of Nelson Mandela</title></episode>
<episode><epnum>11</epnum><seasonnum>11</seasonnum><prodnum></prodnum><airdate>2006-10-03</airdate><link>http://www.tvrage.com/POV/episodes/582214</link><title>No Bigger than a Minute</title></episode>
<episode><epnum>12</epnum><seasonnum>12</seasonnum><prodnum></prodnum><airdate>2006-10-10</airdate><link>http://www.tvrage.com/POV/episodes/582215</link><title>Maquilapolis [city of factories]</title></episode>
<episode><epnum>13</epnum><seasonnum>13</seasonnum><prodnum></prodnum><airdate>2006-10-24</airdate><link>http://www.tvrage.com/POV/episodes/582216</link><title>My Country, My Country</title></episode>
<episode><epnum>14</epnum><seasonnum>14</seasonnum><prodnum></prodnum><airdate>2006-07-11</airdate><link>http://www.tvrage.com/POV/episodes/593424</link><title>Lawn</title></episode>
</Season>

<Season no="20">
<episode><epnum>1</epnum><seasonnum>01</seasonnum><prodnum></prodnum><airdate>2007-06-19</airdate><link>http://www.tvrage.com/POV/episodes/582197</link><title>Rain in a Dry Land</title></episode>
<episode><epnum>2</epnum><seasonnum>02</seasonnum><prodnum></prodnum><airdate>2007-06-26</airdate><link>http://www.tvrage.com/POV/episodes/582198</link><title>Sierra Leone’s Refugee All Stars</title></episode>
<episode><epnum>3</epnum><seasonnum>03</seasonnum><prodnum></prodnum><airdate>2007-07-03</airdate><link>http://www.tvrage.com/POV/episodes/582199</link><title>Standing Silent Nation</title></episode>
<episode><epnum>4</epnum><seasonnum>04</seasonnum><prodnum></prodnum><airdate>2007-07-10</airdate><link>http://www.tvrage.com/POV/episodes/582200</link><title>Revolution `67</title></episode>
<episode><epnum>5</epnum><seasonnum>05</seasonnum><prodnum></prodnum><airdate>2007-07-17</airdate><link>http://www.tvrage.com/POV/episodes/582201</link><title>The Chances of the World Changing</title></episode>
<episode><epnum>6</epnum><seasonnum>06</seasonnum><prodnum></prodnum><airdate>2007-07-24</airdate><link>http://www.tvrage.com/POV/episodes/582202</link><title>Prison Town, USA</title></episode>
<episode><epnum>7</epnum><seasonnum>07</seasonnum><prodnum></prodnum><airdate>2007-07-31</airdate><link>http://www.tvrage.com/POV/episodes/582203</link><title>Following Sean</title></episode>
<episode><epnum>8</epnum><seasonnum>08</seasonnum><prodnum></prodnum><airdate>2007-08-21</airdate><link>http://www.tvrage.com/POV/episodes/596535</link><title>Arctic Son</title></episode>
<episode><epnum>9</epnum><seasonnum>09</seasonnum><prodnum></prodnum><airdate>2007-08-28</airdate><link>http://www.tvrage.com/POV/episodes/596534</link><title>Libby, Montana</title></episode>
<episode><epnum>10</epnum><seasonnum>10</seasonnum><prodnum></prodnum><airdate>2007-09-04</airdate><link>http://www.tvrage.com/POV/episodes/596536</link><title>Made in L.A.</title></episode>
<episode><epnum>11</epnum><seasonnum>11</seasonnum><prodnum></prodnum><airdate>2007-09-11</airdate><link>http://www.tvrage.com/POV/episodes/596537</link><title>The Camden 28</title></episode>
<episode><epnum>12</epnum><seasonnum>12</seasonnum><prodnum></prodnum><airdate>2007-09-18</airdate><link>http://www.tvrage.com/POV/episodes/603172</link><title>Lumo</title></episode>
<episode><epnum>13</epnum><seasonnum>13</seasonnum><prodnum></prodnum><airdate>2007-12-12</airdate><link>http://www.tvrage.com/POV/episodes/631191</link><title>Wrestling With Angels: Playwright Tony Kushner</title><runtime>120</runtime></episode>
</Season>

<Season no="21">
<episode><epnum>14</epnum><seasonnum>01</seasonnum><prodnum></prodnum><airdate>2008-06-24</airdate><link>http://www.tvrage.com/POV/episodes/675474</link><title>Traces of the Trade: A Story From the Deep North</title></episode>
<episode><epnum>15</epnum><seasonnum>02</seasonnum><prodnum></prodnum><airdate>2008-07-01</airdate><link>http://www.tvrage.com/POV/episodes/679779</link><title>Election Day</title></episode>
<episode><epnum>16</epnum><seasonnum>03</seasonnum><prodnum></prodnum><airdate>2008-07-15</airdate><link>http://www.tvrage.com/POV/episodes/685777</link><title>The Last Conquistador</title></episode>
<episode><epnum>17</epnum><seasonnum>04</seasonnum><prodnum></prodnum><airdate>2008-07-29</airdate><link>http://www.tvrage.com/POV/episodes/691528</link><title>Campaign</title></episode>
<episode><epnum>18</epnum><seasonnum>05</seasonnum><prodnum></prodnum><airdate>2008-08-05</airdate><link>http://www.tvrage.com/POV/episodes/693685</link><title>Johnny Cash: The Man, His Word, His Music</title></episode>
<episode><epnum>19</epnum><seasonnum>06</seasonnum><prodnum></prodnum><airdate>2008-09-16</airdate><link>http://www.tvrage.com/POV/episodes/714231</link><title>Calavera Highway</title></episode>
<episode><epnum>20</epnum><seasonnum>07</seasonnum><prodnum></prodnum><airdate>2008-09-30</airdate><link>http://www.tvrage.com/POV/episodes/724902</link><title>Critical Condition</title></episode>
<episode><epnum>21</epnum><seasonnum>08</seasonnum><prodnum></prodnum><airdate>2008-10-01</airdate><link>http://www.tvrage.com/POV/episodes/719895</link><title>In the Family</title></episode>
<episode><epnum>22</epnum><seasonnum>09</seasonnum><prodnum></prodnum><airdate>2008-10-08</airdate><link>http://www.tvrage.com/POV/episodes/724305</link><title>Up The Yangtze</title></episode>
<episode><epnum>23</epnum><seasonnum>10</seasonnum><prodnum></prodnum><airdate>2008-10-16</airdate><link>http://www.tvrage.com/POV/episodes/728329</link><title>Soldiers of Conscience</title></episode>
</Season>

<Season no="22">
<episode><epnum>24</epnum><seasonnum>01</seasonnum><prodnum></prodnum><airdate>2009-06-23</airdate><link>http://www.tvrage.com/POV/episodes/1064838642</link><title>New Muslim Cool</title></episode>
<episode><epnum>25</epnum><seasonnum>02</seasonnum><prodnum></prodnum><airdate>2009-06-30</airdate><link>http://www.tvrage.com/POV/episodes/1064838643</link><title>Beyond Hatred</title></episode>
<episode><epnum>26</epnum><seasonnum>03</seasonnum><prodnum></prodnum><airdate>2009-07-07</airdate><link>http://www.tvrage.com/POV/episodes/1064838644</link><title>Life. Support. Music.</title></episode>
<episode><epnum>27</epnum><seasonnum>04</seasonnum><prodnum></prodnum><airdate>2009-07-14</airdate><link>http://www.tvrage.com/POV/episodes/1064838645</link><title>The Reckoning: The Battle for the International Criminal Court</title></episode>
<episode><epnum>28</epnum><seasonnum>05</seasonnum><prodnum></prodnum><airdate>2009-07-21</airdate><link>http://www.tvrage.com/POV/episodes/1064838646</link><title>The Betrayal (Nerakhoon)</title></episode>
<episode><epnum>29</epnum><seasonnum>06</seasonnum><prodnum></prodnum><airdate>2009-07-28</airdate><link>http://www.tvrage.com/POV/episodes/1064838647</link><title>Hold Me Tight, Let Me Go</title></episode>
<episode><epnum>30</epnum><seasonnum>07</seasonnum><prodnum></prodnum><airdate>2009-08-18</airdate><link>http://www.tvrage.com/POV/episodes/1064843737</link><title>P.O.V.: Shorts Program</title></episode>
<episode><epnum>31</epnum><seasonnum>08</seasonnum><prodnum></prodnum><airdate>2009-08-25</airdate><link>http://www.tvrage.com/POV/episodes/1064845805</link><title>This Way Up</title></episode>
<episode><epnum>32</epnum><seasonnum>09</seasonnum><prodnum></prodnum><airdate>2009-09-01</airdate><link>http://www.tvrage.com/POV/episodes/1064847198</link><title>Ella es el Matador (She Is the Matador)</title></episode>
<episode><epnum>33</epnum><seasonnum>10</seasonnum><prodnum></prodnum><airdate>2009-09-08</airdate><link>http://www.tvrage.com/POV/episodes/1064849383</link><title>The English Surgeon</title></episode>
<episode><epnum>34</epnum><seasonnum>11</seasonnum><prodnum></prodnum><airdate>2009-09-15</airdate><link>http://www.tvrage.com/POV/episodes/1064851418</link><title>The Principal Story</title></episode>
<episode><epnum>35</epnum><seasonnum>12</seasonnum><prodnum></prodnum><airdate>2009-09-22</airdate><link>http://www.tvrage.com/POV/episodes/1064949475</link><title>Bronx Princess</title></episode>
<episode><epnum>36</epnum><seasonnum>13</seasonnum><prodnum></prodnum><airdate>2009-11-11</airdate><link>http://www.tvrage.com/POV/episodes/1064949476</link><title>The Way We Get By</title></episode>
<episode><epnum>37</epnum><seasonnum>14</seasonnum><prodnum></prodnum><airdate>2009-12-30</airdate><link>http://www.tvrage.com/POV/episodes/1064949477</link><title>Patti Smith: Dream of Life</title></episode>
</Season>

<Season no="23">
<episode><epnum>38</epnum><seasonnum>01</seasonnum><prodnum></prodnum><airdate>2010-04-21</airdate><link>http://www.tvrage.com/POV/episodes/1064952899</link><title>Food, Inc.</title></episode>
<episode><epnum>39</epnum><seasonnum>02</seasonnum><prodnum></prodnum><airdate>2010-06-22</airdate><link>http://www.tvrage.com/POV/episodes/1064952900</link><title>William Kuntsler: Disturbing the Universe</title></episode>
<episode><epnum>40</epnum><seasonnum>03</seasonnum><prodnum></prodnum><airdate>2010-06-29</airdate><link>http://www.tvrage.com/POV/episodes/1064952901</link><title>The Beaches of Agnès</title></episode>
<episode><epnum>41</epnum><seasonnum>04</seasonnum><prodnum></prodnum><airdate>2010-07-06</airdate><link>http://www.tvrage.com/POV/episodes/1064952902</link><title>Promised Land</title></episode>
<episode><epnum>42</epnum><seasonnum>05</seasonnum><prodnum></prodnum><airdate>2010-07-13</airdate><link>http://www.tvrage.com/POV/episodes/1064952903</link><title>Good Fortune</title></episode>
<episode><epnum>43</epnum><seasonnum>06</seasonnum><prodnum></prodnum><airdate>2010-07-20</airdate><link>http://www.tvrage.com/POV/episodes/1064952904</link><title>El General</title></episode>
<episode><epnum>44</epnum><seasonnum>07</seasonnum><prodnum></prodnum><airdate>2010-07-27</airdate><link>http://www.tvrage.com/POV/episodes/1064959015</link><title>Presumed Guilty</title></episode>
<episode><epnum>45</epnum><seasonnum>08</seasonnum><prodnum></prodnum><airdate>2010-08-17</airdate><link>http://www.tvrage.com/POV/episodes/1064969601</link><title>Salt</title></episode>
<episode><epnum>46</epnum><seasonnum>09</seasonnum><prodnum></prodnum><airdate>2010-08-24</airdate><link>http://www.tvrage.com/POV/episodes/1064969602</link><title>The Edge of Dreaming</title></episode>
<episode><epnum>47</epnum><seasonnum>10</seasonnum><prodnum></prodnum><airdate>2010-08-31</airdate><link>http://www.tvrage.com/POV/episodes/1064969603</link><title>Wo Ai Ni (I Love You) Mommy</title></episode>
<episode><epnum>48</epnum><seasonnum>11</seasonnum><prodnum></prodnum><airdate>2010-09-07</airdate><link>http://www.tvrage.com/POV/episodes/1064969604</link><title>Off and Running</title></episode>
<episode><epnum>49</epnum><seasonnum>12</seasonnum><prodnum></prodnum><airdate>2010-09-14</airdate><link>http://www.tvrage.com/POV/episodes/1064977718</link><title>In the Matter of Cha Jung Hee</title></episode>
<episode><epnum>50</epnum><seasonnum>13</seasonnum><prodnum></prodnum><airdate>2010-09-21</airdate><link>http://www.tvrage.com/POV/episodes/1064977719</link><title>The Oath</title></episode>
<episode><epnum>51</epnum><seasonnum>14</seasonnum><prodnum></prodnum><airdate>2010-10-05</airdate><link>http://www.tvrage.com/POV/episodes/1064983334</link><title>The Most Dangerous Man in America: Daniel Ellsberg and the Pentagon Papers</title></episode>
</Season>

<Season no="24">
<episode><epnum>52</epnum><seasonnum>01</seasonnum><prodnum></prodnum><airdate>2011-06-21</airdate><link>http://www.tvrage.com/POV/episodes/1065051325</link><title>Kings of Pastry by Chris Hegedus and D A Pennebaker</title></episode>
<episode><epnum>53</epnum><seasonnum>02</seasonnum><prodnum></prodnum><airdate>2011-06-28</airdate><link>http://www.tvrage.com/POV/episodes/1065051326</link><title>My Perestroika by Robin Hessman</title></episode>
<episode><epnum>54</epnum><seasonnum>03</seasonnum><prodnum></prodnum><airdate>2011-07-05</airdate><link>http://www.tvrage.com/POV/episodes/1065051327</link><title>Sweetgrass by Ilisa Barbash and Lucien Castaing-Taylor</title></episode>
<episode><epnum>55</epnum><seasonnum>04</seasonnum><prodnum></prodnum><airdate>2011-07-12</airdate><link>http://www.tvrage.com/POV/episodes/1065051328</link><title>Enemies of the People by Rob Lemkin and Thet Sambath</title></episode>
<episode><epnum>56</epnum><seasonnum>05</seasonnum><prodnum></prodnum><airdate>2011-07-19</airdate><link>http://www.tvrage.com/POV/episodes/1065051329</link><title>Biblioburro by Carlos Réndon Zipagauta</title></episode>
<episode><epnum>57</epnum><seasonnum>06</seasonnum><prodnum></prodnum><airdate>2011-07-26</airdate><link>http://www.tvrage.com/POV/episodes/1065051330</link><title>Mugabe and the White African by Lucy Bailey and Andrew Thompson</title></episode>
<episode><epnum>58</epnum><seasonnum>07</seasonnum><prodnum></prodnum><airdate>2011-08-02</airdate><link>http://www.tvrage.com/POV/episodes/1065051331</link><title>Steam of Life by Joonas Berghäll and Mika Hotakainen</title></episode>
<episode><epnum>59</epnum><seasonnum>08</seasonnum><prodnum></prodnum><airdate>2011-08-23</airdate><link>http://www.tvrage.com/POV/episodes/1065051332</link><title>POV Short Cuts</title></episode>
<episode><epnum>60</epnum><seasonnum>09</seasonnum><prodnum></prodnum><airdate>2011-08-30</airdate><link>http://www.tvrage.com/POV/episodes/1065051333</link><title>Armadillo by Janus Metz</title></episode>
<episode><epnum>61</epnum><seasonnum>10</seasonnum><prodnum></prodnum><airdate>2011-09-06</airdate><link>http://www.tvrage.com/POV/episodes/1065051334</link><title>Better This World by Kelly Duane de la Vega and Katie Galloway</title></episode>
<episode><epnum>62</epnum><seasonnum>11</seasonnum><prodnum></prodnum><airdate>2011-09-13</airdate><link>http://www.tvrage.com/POV/episodes/1065051335</link><title>If a Tree Falls: A Story of the Earth Liberation Front by Marshall Curry</title></episode>
<episode><epnum>63</epnum><seasonnum>12</seasonnum><prodnum></prodnum><airdate>2011-09-20</airdate><link>http://www.tvrage.com/POV/episodes/1065051336</link><title>The Learning by Ramona Diaz</title></episode>
<episode><epnum>64</epnum><seasonnum>13</seasonnum><prodnum></prodnum><airdate>2011-09-27</airdate><link>http://www.tvrage.com/POV/episodes/1065051337</link><title>Last Train Home by Lixin Fan</title></episode>
<episode><epnum>65</epnum><seasonnum>14</seasonnum><prodnum></prodnum><airdate>2011-11-10</airdate><link>http://www.tvrage.com/POV/episodes/1065109138</link><title>Where Soldiers Come From</title></episode>
<episode><epnum>66</epnum><seasonnum>15</seasonnum><prodnum></prodnum><airdate>2012-02-23</airdate><link>http://www.tvrage.com/POV/episodes/1065188226</link><title>Racing Dreams</title></episode>
</Season>

<Season no="25">
<episode><epnum>67</epnum><seasonnum>01</seasonnum><prodnum></prodnum><airdate>2012-06-21</airdate><link>http://www.tvrage.com/POV/episodes/1065192469</link><title>My Reincarnation</title></episode>
<episode><epnum>68</epnum><seasonnum>02</seasonnum><prodnum></prodnum><airdate>2012-06-28</airdate><link>http://www.tvrage.com/POV/episodes/1065192470</link><title>Granito: How to Nail a Dictator</title></episode>
<episode><epnum>69</epnum><seasonnum>03</seasonnum><prodnum></prodnum><airdate>2012-07-05</airdate><link>http://www.tvrage.com/POV/episodes/1065192471</link><title>The City Dark</title></episode>
<episode><epnum>70</epnum><seasonnum>04</seasonnum><prodnum></prodnum><airdate>2012-07-12</airdate><link>http://www.tvrage.com/POV/episodes/1065192472</link><title>Guilty Pleasures</title></episode>
<episode><epnum>71</epnum><seasonnum>05</seasonnum><prodnum></prodnum><airdate>2012-07-19</airdate><link>http://www.tvrage.com/POV/episodes/1065192473</link><title>The Light in Her Eyes</title></episode>
<episode><epnum>72</epnum><seasonnum>06</seasonnum><prodnum></prodnum><airdate>2012-07-26</airdate><link>http://www.tvrage.com/POV/episodes/1065192474</link><title>Up Heartbreak Hill</title></episode>
<episode><epnum>73</epnum><seasonnum>07</seasonnum><prodnum></prodnum><airdate>2012-08-09</airdate><link>http://www.tvrage.com/POV/episodes/1065192475</link><title>Short Cuts</title></episode>
<episode><epnum>74</epnum><seasonnum>08</seasonnum><prodnum></prodnum><airdate>2012-09-20</airdate><link>http://www.tvrage.com/POV/episodes/1065200916</link><title>I'm Carolyn Parker: The Good, the Mad, and the Beautiful</title></episode>
<episode><epnum>75</epnum><seasonnum>09</seasonnum><prodnum></prodnum><airdate>2012-09-27</airdate><link>http://www.tvrage.com/POV/episodes/1065200917</link><title>El Velador (The Night Watchman)</title></episode>
<episode><epnum>76</epnum><seasonnum>10</seasonnum><prodnum></prodnum><airdate>2012-10-04</airdate><link>http://www.tvrage.com/POV/episodes/1065200918</link><title>Give Up Tomorrow</title></episode>
<episode><epnum>77</epnum><seasonnum>11</seasonnum><prodnum></prodnum><airdate>2012-10-18</airdate><link>http://www.tvrage.com/POV/episodes/1065208802</link><title>Sun Kissed</title></episode>
<episode><epnum>78</epnum><seasonnum>12</seasonnum><prodnum></prodnum><airdate>2012-10-25</airdate><link>http://www.tvrage.com/POV/episodes/1065208803</link><title>Nostalgia for the Light</title></episode>
<episode><epnum>79</epnum><seasonnum>13</seasonnum><prodnum></prodnum><airdate>2013-01-07</airdate><link>http://www.tvrage.com/POV/episodes/1065262198</link><title>Reportero</title></episode>
<episode><epnum>80</epnum><seasonnum>14</seasonnum><prodnum></prodnum><airdate>2013-03-24</airdate><link>http://www.tvrage.com/POV/episodes/1065262199</link><title>Girl Model</title></episode>
</Season>

</Episodelist>

</Show>