<?xml version="1.0" encoding="UTF-8" ?>


<Show>
<name>TV Heaven, Telly Hell</name>
<totalseasons>2</totalseasons>
<showid>10115</showid>
<showlink>http://tvrage.com/shows/id-10115</showlink>
<started>Mar/26/2006</started>
<ended>Aug/26/2007</ended>
<image>http://images.tvrage.com/shows/11/10115.jpg</image>
<origin_country>UK</origin_country>
<status>Canceled/Ended</status>
<classification>Talk Shows</classification>
<runtime>30</runtime>
<network country="UK">Channel 4</network>
<airtime>21:30</airtime>
<airday>Sunday</airday>
<timezone>GMT+0 -DST</timezone>
<Episodelist>

<Season no="1">
<episode><epnum>1</epnum><seasonnum>01</seasonnum><prodnum></prodnum><airdate>2006-03-26</airdate><link>http://www.tvrage.com/shows/id-10115/episodes/345704</link><title>Alan Davies</title></episode>
<episode><epnum>2</epnum><seasonnum>02</seasonnum><prodnum></prodnum><airdate>2006-04-02</airdate><link>http://www.tvrage.com/shows/id-10115/episodes/346991</link><title>Johnny Vegas</title></episode>
<episode><epnum>3</epnum><seasonnum>03</seasonnum><prodnum></prodnum><airdate>2006-04-09</airdate><link>http://www.tvrage.com/shows/id-10115/episodes/350944</link><title>Johnny Vaughan</title></episode>
<episode><epnum>4</epnum><seasonnum>04</seasonnum><prodnum></prodnum><airdate>2006-04-16</airdate><link>http://www.tvrage.com/shows/id-10115/episodes/355736</link><title>Bill Bailey</title></episode>
<episode><epnum>5</epnum><seasonnum>05</seasonnum><prodnum></prodnum><airdate>2006-04-23</airdate><link>http://www.tvrage.com/shows/id-10115/episodes/358364</link><title>Nick Hancock</title></episode>
<episode><epnum>6</epnum><seasonnum>06</seasonnum><prodnum></prodnum><airdate>2006-04-30</airdate><link>http://www.tvrage.com/shows/id-10115/episodes/360717</link><title>David Mitchell</title></episode>
</Season>

<Season no="2">
<episode><epnum>7</epnum><seasonnum>01</seasonnum><prodnum></prodnum><airdate>2007-07-23</airdate><link>http://www.tvrage.com/shows/id-10115/episodes/587047</link><title>Jack Dee</title></episode>
<episode><epnum>8</epnum><seasonnum>02</seasonnum><prodnum></prodnum><airdate>2007-07-30</airdate><link>http://www.tvrage.com/shows/id-10115/episodes/587048</link><title>Alan Carr</title></episode>
<episode><epnum>9</epnum><seasonnum>03</seasonnum><prodnum></prodnum><airdate>2007-08-06</airdate><link>http://www.tvrage.com/shows/id-10115/episodes/587932</link><title>Lee Mack</title></episode>
<episode><epnum>10</epnum><seasonnum>04</seasonnum><prodnum></prodnum><airdate>2007-08-13</airdate><link>http://www.tvrage.com/shows/id-10115/episodes/588309</link><title>Jimmy Carr</title></episode>
<episode><epnum>11</epnum><seasonnum>05</seasonnum><prodnum></prodnum><airdate>2007-08-20</airdate><link>http://www.tvrage.com/shows/id-10115/episodes/590975</link><title>Omid Djalili</title></episode>
<episode><epnum>12</epnum><seasonnum>06</seasonnum><prodnum></prodnum><airdate>2007-08-27</airdate><link>http://www.tvrage.com/shows/id-10115/episodes/593704</link><title>Ronni Ancona</title></episode>
</Season>

</Episodelist>

</Show>