<?xml version="1.0" encoding="UTF-8" ?>


<Show>
<name>Cannonball Run 2001: Race Across America</name>
<totalseasons>1</totalseasons>
<showid>10126</showid>
<showlink>http://tvrage.com/shows/id-10126</showlink>
<started>Aug/05/2001</started>
<ended>Aug/09/2001</ended>
<image>http://images.tvrage.com/shows/11/10126.jpg</image>
<origin_country>US</origin_country>
<status>Canceled/Ended</status>
<classification>Reality</classification>
<genres><genre>Sports</genre><genre>Travel</genre></genres>
<runtime>60</runtime>
<network country="US">USA</network>
<airtime>12:00</airtime>
<timezone>GMT-5 -DST</timezone>
<akas><aka attr="Alternate Title" country="US">USA's Cannonball Run 2001</aka></akas>

</Show>