<?xml version="1.0" encoding="UTF-8" ?>


<Show>
<name>Dune</name>
<totalseasons>1</totalseasons>
<showid>10122</showid>
<showlink>http://tvrage.com/shows/id-10122</showlink>
<started>Dec/03/2000</started>
<ended>Dec/05/2000</ended>
<image>http://images.tvrage.com/shows/11/10122.jpg</image>
<origin_country>US</origin_country>
<status>Canceled/Ended</status>
<classification>Mini-Series</classification>
<genres><genre>Action</genre><genre>Drama</genre><genre>Sci-Fi</genre></genres>
<runtime>100</runtime>
<network country="US">Syfy</network>
<airtime>12:00</airtime>
<timezone>GMT-5 -DST</timezone>
<akas><aka country="PL">Diuna</aka></akas>
<Episodelist>

<Season no="1">
<episode><epnum>1</epnum><seasonnum>01</seasonnum><prodnum></prodnum><airdate>2000-12-03</airdate><link>http://www.tvrage.com/shows/id-10122/episodes/348605</link><title>Dune</title></episode>
<episode><epnum>2</epnum><seasonnum>02</seasonnum><prodnum></prodnum><airdate>2000-12-04</airdate><link>http://www.tvrage.com/shows/id-10122/episodes/348606</link><title>Muad'Dib</title></episode>
<episode><epnum>3</epnum><seasonnum>03</seasonnum><prodnum></prodnum><airdate>2000-12-06</airdate><link>http://www.tvrage.com/shows/id-10122/episodes/348611</link><title>The Prophet</title></episode>
</Season>

</Episodelist>

</Show>