<?xml version="1.0" encoding="UTF-8" ?>


<Show>
<name>Rubbadubbers</name>
<totalseasons>1</totalseasons>
<showid>1012</showid>
<showlink>http://tvrage.com/shows/id-1012</showlink>
<started>Sep/15/2003</started>
<ended>Sep/01/2005</ended>
<image>http://images.tvrage.com/shows/2/1012.gif</image>
<origin_country>UK</origin_country>
<status>Canceled/Ended</status>
<classification>Animation</classification>
<genres><genre>Stop-Motion</genre><genre>Children</genre></genres>
<runtime>30</runtime>
<network country="US">Nick Jr.</network>
<airtime>12:00</airtime>
<airday>Weekdays</airday>
<timezone>GMT-5 -DST</timezone>
<Episodelist>

<Season no="1">
<episode><epnum>1</epnum><seasonnum>01</seasonnum><prodnum></prodnum><airdate>0000-00-00</airdate><link>http://www.tvrage.com/shows/id-1012/episodes/272367</link><title>Drip!</title></episode>
<episode><epnum>2</epnum><seasonnum>02</seasonnum><prodnum></prodnum><airdate>0000-00-00</airdate><link>http://www.tvrage.com/shows/id-1012/episodes/272368</link><title>Sploshy of the Arctic</title></episode>
<episode><epnum>3</epnum><seasonnum>03</seasonnum><prodnum></prodnum><airdate>0000-00-00</airdate><link>http://www.tvrage.com/shows/id-1012/episodes/272369</link><title>Hide and Seek</title></episode>
<episode><epnum>4</epnum><seasonnum>04</seasonnum><prodnum></prodnum><airdate>0000-00-00</airdate><link>http://www.tvrage.com/shows/id-1012/episodes/272370</link><title>Scary Finbar</title></episode>
<episode><epnum>5</epnum><seasonnum>05</seasonnum><prodnum></prodnum><airdate>0000-00-00</airdate><link>http://www.tvrage.com/shows/id-1012/episodes/272371</link><title>High Noon in the Bathroom</title></episode>
<episode><epnum>6</epnum><seasonnum>06</seasonnum><prodnum></prodnum><airdate>0000-00-00</airdate><link>http://www.tvrage.com/shows/id-1012/episodes/272372</link><title>Amelia the Monster</title></episode>
<episode><epnum>7</epnum><seasonnum>07</seasonnum><prodnum></prodnum><airdate>0000-00-00</airdate><link>http://www.tvrage.com/shows/id-1012/episodes/272373</link><title>Reg the Monster</title></episode>
<episode><epnum>8</epnum><seasonnum>08</seasonnum><prodnum></prodnum><airdate>0000-00-00</airdate><link>http://www.tvrage.com/shows/id-1012/episodes/272374</link><title>Terence's Double Trouble</title></episode>
<episode><epnum>9</epnum><seasonnum>09</seasonnum><prodnum></prodnum><airdate>0000-00-00</airdate><link>http://www.tvrage.com/shows/id-1012/episodes/272375</link><title>Sploshybird</title></episode>
<episode><epnum>10</epnum><seasonnum>10</seasonnum><prodnum></prodnum><airdate>0000-00-00</airdate><link>http://www.tvrage.com/shows/id-1012/episodes/272376</link><title>Terence of Arabia</title></episode>
<episode><epnum>11</epnum><seasonnum>11</seasonnum><prodnum></prodnum><airdate>0000-00-00</airdate><link>http://www.tvrage.com/shows/id-1012/episodes/272377</link><title>Deep Sea Reg</title></episode>
<episode><epnum>12</epnum><seasonnum>12</seasonnum><prodnum></prodnum><airdate>0000-00-00</airdate><link>http://www.tvrage.com/shows/id-1012/episodes/272378</link><title>Train Drive Tubb</title></episode>
<episode><epnum>13</epnum><seasonnum>13</seasonnum><prodnum></prodnum><airdate>0000-00-00</airdate><link>http://www.tvrage.com/shows/id-1012/episodes/272379</link><title>Clean and Groovy</title></episode>
<episode><epnum>14</epnum><seasonnum>14</seasonnum><prodnum></prodnum><airdate>0000-00-00</airdate><link>http://www.tvrage.com/shows/id-1012/episodes/272380</link><title>Great Skate</title></episode>
<episode><epnum>15</epnum><seasonnum>15</seasonnum><prodnum></prodnum><airdate>0000-00-00</airdate><link>http://www.tvrage.com/shows/id-1012/episodes/272381</link><title>All Wrapped Up</title></episode>
<episode><epnum>16</epnum><seasonnum>16</seasonnum><prodnum></prodnum><airdate>0000-00-00</airdate><link>http://www.tvrage.com/shows/id-1012/episodes/272382</link><title>Tubb the Pirate</title></episode>
<episode><epnum>17</epnum><seasonnum>17</seasonnum><prodnum></prodnum><airdate>0000-00-00</airdate><link>http://www.tvrage.com/shows/id-1012/episodes/272383</link><title>Speedy Terence</title></episode>
<episode><epnum>18</epnum><seasonnum>18</seasonnum><prodnum></prodnum><airdate>0000-00-00</airdate><link>http://www.tvrage.com/shows/id-1012/episodes/272384</link><title>Sploshy's Tail</title></episode>
<episode><epnum>19</epnum><seasonnum>19</seasonnum><prodnum></prodnum><airdate>0000-00-00</airdate><link>http://www.tvrage.com/shows/id-1012/episodes/272385</link><title>Tubb the Magician</title></episode>
<episode><epnum>20</epnum><seasonnum>20</seasonnum><prodnum></prodnum><airdate>0000-00-00</airdate><link>http://www.tvrage.com/shows/id-1012/episodes/272386</link><title>Amelia the Babysitter</title></episode>
</Season>

</Episodelist>

</Show>