<?xml version="1.0" encoding="UTF-8" ?>


<Show>
<name>E! News</name>
<totalseasons>22</totalseasons>
<showid>10128</showid>
<showlink>http://tvrage.com/shows/id-10128</showlink>
<started>Sep/01/1991</started>
<ended></ended>
<image>http://images.tvrage.com/shows/11/10128.jpg</image>
<origin_country>US</origin_country>
<status>Returning Series</status>
<classification>News</classification>
<genres><genre>Celebrities</genre></genres>
<runtime>60</runtime>
<network country="US">E!</network>
<airtime>19:00</airtime>
<airday>Weekdays</airday>
<timezone>GMT-5 -DST</timezone>
<akas><aka attr="Former Title">E! News Daily</aka><aka attr="Former Title">E! News Live</aka></akas>
<Episodelist>

<Season no="1">
<episode><epnum>1</epnum><seasonnum>01</seasonnum><prodnum></prodnum><airdate>1991-09-01</airdate><link>http://www.tvrage.com/shows/id-10128/episodes/1065238425</link><title>Season 1, Episode 1</title></episode>
</Season>

</Episodelist>

</Show>