<?xml version="1.0" encoding="UTF-8" ?>


<Show>
<name>Psychic at Large</name>
<totalseasons>1</totalseasons>
<showid>10121</showid>
<showlink>http://tvrage.com/shows/id-10121</showlink>
<started>Mar/29/2006</started>
<ended>Apr/19/2006</ended>
<image>http://images.tvrage.com/shows/11/10121.jpg</image>
<origin_country>US</origin_country>
<status>Canceled/Ended</status>
<classification>Reality</classification>
<runtime>30</runtime>
<network country="US">Syfy</network>
<airtime>22:00</airtime>
<airday>Wednesday</airday>
<timezone>GMT-5 -DST</timezone>
<Episodelist>

<Season no="1">
<episode><epnum>1</epnum><seasonnum>01</seasonnum><prodnum></prodnum><airdate>2006-03-29</airdate><link>http://www.tvrage.com/shows/id-10121/episodes/345758</link><title>Psychic at Large</title></episode>
<episode><epnum>2</epnum><seasonnum>02</seasonnum><prodnum></prodnum><airdate>2006-03-29</airdate><link>http://www.tvrage.com/shows/id-10121/episodes/345759</link><title>Acceptance</title></episode>
<episode><epnum>3</epnum><seasonnum>03</seasonnum><prodnum></prodnum><airdate>2006-04-05</airdate><link>http://www.tvrage.com/shows/id-10121/episodes/349306</link><title>Skeptics at Large</title></episode>
<episode><epnum>4</epnum><seasonnum>04</seasonnum><prodnum></prodnum><airdate>2006-04-12</airdate><link>http://www.tvrage.com/shows/id-10121/episodes/354509</link><title>Time for Love</title></episode>
<episode><epnum>5</epnum><seasonnum>05</seasonnum><prodnum></prodnum><airdate>2006-04-19</airdate><link>http://www.tvrage.com/shows/id-10121/episodes/358855</link><title>Comfort Zone</title></episode>
<episode><epnum>6</epnum><seasonnum>06</seasonnum><prodnum></prodnum><airdate>2006-04-19</airdate><link>http://www.tvrage.com/shows/id-10121/episodes/358856</link><title>Tourists at Large</title></episode>
</Season>

</Episodelist>

</Show>