<?xml version="1.0" encoding="UTF-8" ?>


<Show>
<name>I Can't Believe You Said That!</name>
<totalseasons>1</totalseasons>
<showid>10132</showid>
<showlink>http://tvrage.com/shows/id-10132</showlink>
<started>Aug/17/1998</started>
<ended>Oct/16/1998</ended>
<image>http://images.tvrage.com/shows/11/10132.jpg</image>
<origin_country>US</origin_country>
<status>Canceled/Ended</status>
<classification>Game Show</classification>
<genres><genre>Family</genre></genres>
<runtime>30</runtime>
<network country="US">Fox Family Channel</network>
<airtime>18:30</airtime>
<airday>Weekdays</airday>
<timezone>GMT-5 -DST</timezone>

</Show>