<?xml version="1.0" encoding="UTF-8" ?>


<Show>
<name>O.K. Crackerby</name>
<totalseasons>1</totalseasons>
<showid>10138</showid>
<showlink>http://tvrage.com/shows/id-10138</showlink>
<started>Sep/16/1965</started>
<ended>Jan/06/1966</ended>
<image>http://images.tvrage.com/shows/11/10138.jpg</image>
<origin_country>US</origin_country>
<status>Canceled/Ended</status>
<classification>Scripted</classification>
<genres><genre>Comedy</genre></genres>
<runtime>30</runtime>
<network country="US">ABC</network>
<airtime>20:30</airtime>
<airday>Thursday</airday>
<timezone>GMT-5 -DST</timezone>
<Episodelist>

<Season no="1">
<episode><epnum>1</epnum><seasonnum>01</seasonnum><prodnum>1001</prodnum><airdate>1965-09-16</airdate><link>http://www.tvrage.com/shows/id-10138/episodes/455229</link><title>O.K. Crackerby Arrives</title></episode>
<episode><epnum>2</epnum><seasonnum>02</seasonnum><prodnum>1002</prodnum><airdate>1965-09-23</airdate><link>http://www.tvrage.com/shows/id-10138/episodes/455231</link><title>The Wellecliffe Story</title></episode>
<episode><epnum>3</epnum><seasonnum>03</seasonnum><prodnum>1003</prodnum><airdate>1965-09-30</airdate><link>http://www.tvrage.com/shows/id-10138/episodes/455230</link><title>The Griffin Story</title></episode>
<episode><epnum>4</epnum><seasonnum>04</seasonnum><prodnum>1004</prodnum><airdate>1965-10-07</airdate><link>http://www.tvrage.com/shows/id-10138/episodes/455225</link><title>Crackerby for Treasurer</title></episode>
<episode><epnum>5</epnum><seasonnum>05</seasonnum><prodnum>1005</prodnum><airdate>1965-10-14</airdate><link>http://www.tvrage.com/shows/id-10138/episodes/455226</link><title>Crackerby's Tutor</title></episode>
<episode><epnum>6</epnum><seasonnum>06</seasonnum><prodnum>1006</prodnum><airdate>1965-10-21</airdate><link>http://www.tvrage.com/shows/id-10138/episodes/455232</link><title>The St. John Raid</title></episode>
<episode><epnum>7</epnum><seasonnum>07</seasonnum><prodnum>1007</prodnum><airdate>1965-10-28</airdate><link>http://www.tvrage.com/shows/id-10138/episodes/455233</link><title>Who Was That Lady You Saw Me With?</title></episode>
<episode><epnum>8</epnum><seasonnum>08</seasonnum><prodnum>1008</prodnum><airdate>1965-11-04</airdate><link>http://www.tvrage.com/shows/id-10138/episodes/455234</link><title>Woodsman, Spare That Tree</title></episode>
<episode><epnum>9</epnum><seasonnum>09</seasonnum><prodnum>1009</prodnum><airdate>1965-11-11</airdate><link>http://www.tvrage.com/shows/id-10138/episodes/455235</link><title>No Deposit, No Return</title></episode>
<episode><epnum>10</epnum><seasonnum>10</seasonnum><prodnum>1010</prodnum><airdate>1965-11-18</airdate><link>http://www.tvrage.com/shows/id-10138/episodes/455236</link><title>Crackerby's Unfinished Symphony</title></episode>
<episode><epnum>11</epnum><seasonnum>11</seasonnum><prodnum>1011</prodnum><airdate>1965-11-25</airdate><link>http://www.tvrage.com/shows/id-10138/episodes/455237</link><title>Ol' Sam</title></episode>
<episode><epnum>12</epnum><seasonnum>12</seasonnum><prodnum>1012</prodnum><airdate>1965-12-02</airdate><link>http://www.tvrage.com/shows/id-10138/episodes/455238</link><title>Crackerby Stops the Press</title></episode>
<episode><epnum>13</epnum><seasonnum>13</seasonnum><prodnum>1013</prodnum><airdate>1965-12-09</airdate><link>http://www.tvrage.com/shows/id-10138/episodes/455239</link><title>Crackerby and the Cuckoo Game</title></episode>
<episode><epnum>14</epnum><seasonnum>14</seasonnum><prodnum>1014</prodnum><airdate>1965-12-16</airdate><link>http://www.tvrage.com/shows/id-10138/episodes/455240</link><title>Bitter Ravioli</title></episode>
<episode><epnum>15</epnum><seasonnum>15</seasonnum><prodnum>1015</prodnum><airdate>1965-12-23</airdate><link>http://www.tvrage.com/shows/id-10138/episodes/455241</link><title>Smile and the World...</title></episode>
<episode><epnum>16</epnum><seasonnum>16</seasonnum><prodnum>1016</prodnum><airdate>1965-12-30</airdate><link>http://www.tvrage.com/shows/id-10138/episodes/455242</link><title>Three Plus One Equals One</title></episode>
<episode><epnum>17</epnum><seasonnum>17</seasonnum><prodnum>1017</prodnum><airdate>1966-01-06</airdate><link>http://www.tvrage.com/shows/id-10138/episodes/455243</link><title>Operation Susan</title></episode>
</Season>

</Episodelist>

</Show>