<?xml version="1.0" encoding="UTF-8" ?>


<Show>
<name>Nancy</name>
<totalseasons>1</totalseasons>
<showid>10137</showid>
<showlink>http://tvrage.com/shows/id-10137</showlink>
<started>Sep/17/1970</started>
<ended>Jan/07/1971</ended>
<image>http://images.tvrage.com/shows/11/10137.jpg</image>
<origin_country>US</origin_country>
<status>Canceled/Ended</status>
<classification>Scripted</classification>
<genres><genre>Comedy</genre><genre>Politics</genre></genres>
<runtime>30</runtime>
<network country="US">NBC</network>
<airtime>21:30</airtime>
<airday>Thursday</airday>
<timezone>GMT-5 -DST</timezone>
<Episodelist>

<Season no="1">
<episode><epnum>1</epnum><seasonnum>01</seasonnum><prodnum></prodnum><airdate>1970-09-17</airdate><link>http://www.tvrage.com/shows/id-10137/episodes/440163</link><title>It's a Good Day for Meeting the President's Daughter</title></episode>
<episode><epnum>2</epnum><seasonnum>02</seasonnum><prodnum></prodnum><airdate>1970-09-24</airdate><link>http://www.tvrage.com/shows/id-10137/episodes/440164</link><title>Guess Who's Coming to the White House?</title></episode>
<episode><epnum>3</epnum><seasonnum>03</seasonnum><prodnum></prodnum><airdate>1970-10-01</airdate><link>http://www.tvrage.com/shows/id-10137/episodes/440165</link><title>The Smallest Diamond in the World</title></episode>
<episode><epnum>4</epnum><seasonnum>04</seasonnum><prodnum></prodnum><airdate>1970-10-08</airdate><link>http://www.tvrage.com/shows/id-10137/episodes/440166</link><title>It's a Bad Day for Meeting Presidents</title></episode>
<episode><epnum>5</epnum><seasonnum>05</seasonnum><prodnum></prodnum><airdate>1970-10-15</airdate><link>http://www.tvrage.com/shows/id-10137/episodes/440167</link><title>Just Call Us Incompatible</title></episode>
<episode><epnum>6</epnum><seasonnum>06</seasonnum><prodnum></prodnum><airdate>1970-10-22</airdate><link>http://www.tvrage.com/shows/id-10137/episodes/440168</link><title>Adam the TV Star</title></episode>
<episode><epnum>7</epnum><seasonnum>07</seasonnum><prodnum></prodnum><airdate>1970-10-29</airdate><link>http://www.tvrage.com/shows/id-10137/episodes/440169</link><title>East is East and West is West</title></episode>
<episode><epnum>8</epnum><seasonnum>08</seasonnum><prodnum></prodnum><airdate>1970-11-05</airdate><link>http://www.tvrage.com/shows/id-10137/episodes/440170</link><title>Here Comes the Groom</title></episode>
<episode><epnum>9</epnum><seasonnum>09</seasonnum><prodnum></prodnum><airdate>1970-11-12</airdate><link>http://www.tvrage.com/shows/id-10137/episodes/440171</link><title>Honeymoon for Twelve</title></episode>
<episode><epnum>10</epnum><seasonnum>10</seasonnum><prodnum></prodnum><airdate>1970-11-19</airdate><link>http://www.tvrage.com/shows/id-10137/episodes/440172</link><title>Going, Going, Gone</title></episode>
<episode><epnum>11</epnum><seasonnum>11</seasonnum><prodnum></prodnum><airdate>1970-11-26</airdate><link>http://www.tvrage.com/shows/id-10137/episodes/440173</link><title>First One Hundred Years are the Hardest</title></episode>
<episode><epnum>12</epnum><seasonnum>12</seasonnum><prodnum></prodnum><airdate>1970-12-03</airdate><link>http://www.tvrage.com/shows/id-10137/episodes/440174</link><title>Busiest Bride in the World</title></episode>
<episode><epnum>13</epnum><seasonnum>13</seasonnum><prodnum></prodnum><airdate>1970-12-10</airdate><link>http://www.tvrage.com/shows/id-10137/episodes/440175</link><title>A Case of Spring Fever</title></episode>
<episode><epnum>14</epnum><seasonnum>14</seasonnum><prodnum></prodnum><airdate>1970-12-17</airdate><link>http://www.tvrage.com/shows/id-10137/episodes/440176</link><title>Boys' Night Out</title></episode>
<episode><epnum>15</epnum><seasonnum>15</seasonnum><prodnum></prodnum><airdate>1970-12-24</airdate><link>http://www.tvrage.com/shows/id-10137/episodes/440177</link><title>Never Look a Gift Horse in the Mouth</title></episode>
<episode><epnum>16</epnum><seasonnum>16</seasonnum><prodnum></prodnum><airdate>1970-12-31</airdate><link>http://www.tvrage.com/shows/id-10137/episodes/440178</link><title>Budget, Budget, Who's Got the Budget?</title></episode>
<episode><epnum>17</epnum><seasonnum>17</seasonnum><prodnum></prodnum><airdate>1971-01-07</airdate><link>http://www.tvrage.com/shows/id-10137/episodes/440179</link><title>A Girl's Best Friend</title></episode>
</Season>

</Episodelist>

</Show>