<?xml version="1.0" encoding="UTF-8" ?>


<Show>
<name>Ladies in Charge</name>
<totalseasons>1</totalseasons>
<showid>10135</showid>
<showlink>http://tvrage.com/shows/id-10135</showlink>
<started>May/1986</started>
<ended>Jun/1986</ended>
<image>http://images.tvrage.com/shows/11/10135.jpg</image>
<origin_country>UK</origin_country>
<status>Canceled/Ended</status>
<classification>Scripted</classification>
<genres><genre>Comedy</genre></genres>
<runtime>65</runtime>
<network country="UK">ITV</network>
<airtime>12:00</airtime>
<timezone>GMT+0 -DST</timezone>

</Show>