<?xml version="1.0" encoding="UTF-8" ?>


<Show>
<name>Hagen</name>
<totalseasons>1</totalseasons>
<showid>10131</showid>
<showlink>http://tvrage.com/shows/id-10131</showlink>
<started>Mar/15/1980</started>
<ended>May/01/1980</ended>
<origin_country>US</origin_country>
<status>Canceled/Ended</status>
<classification>Scripted</classification>
<genres><genre>Drama</genre></genres>
<runtime>60</runtime>
<network country="US">CBS</network>
<airtime>22:00</airtime>
<airday>Saturday</airday>
<timezone>GMT-5 -DST</timezone>
<Episodelist>

<Season no="1">
<episode><epnum>1</epnum><seasonnum>01</seasonnum><prodnum>S-401</prodnum><airdate>1980-03-15</airdate><link>http://www.tvrage.com/shows/id-10131/episodes/398606</link><title>Pilot</title></episode>
<episode><epnum>2</epnum><seasonnum>02</seasonnum><prodnum>902</prodnum><airdate>1980-03-22</airdate><link>http://www.tvrage.com/shows/id-10131/episodes/398607</link><title>The Straw Man</title></episode>
<episode><epnum>3</epnum><seasonnum>03</seasonnum><prodnum>901</prodnum><airdate>1980-03-29</airdate><link>http://www.tvrage.com/shows/id-10131/episodes/398608</link><title>Hear No Evil</title></episode>
<episode><epnum>4</epnum><seasonnum>04</seasonnum><prodnum>907</prodnum><airdate>1980-04-05</airdate><link>http://www.tvrage.com/shows/id-10131/episodes/398609</link><title>Trauma</title></episode>
<episode><epnum>5</epnum><seasonnum>05</seasonnum><prodnum>903</prodnum><airdate>1980-04-17</airdate><link>http://www.tvrage.com/shows/id-10131/episodes/398610</link><title>Nightmare</title></episode>
<episode><epnum>6</epnum><seasonnum>06</seasonnum><prodnum>908</prodnum><airdate>1980-04-24</airdate><link>http://www.tvrage.com/shows/id-10131/episodes/398611</link><title>More Deadly Poison</title></episode>
<episode><epnum>7</epnum><seasonnum>07</seasonnum><prodnum>904</prodnum><airdate>1980-05-01</airdate><link>http://www.tvrage.com/shows/id-10131/episodes/398613</link><title>Jeopardy</title></episode>
</Season>

</Episodelist>

</Show>