<?xml version="1.0" encoding="UTF-8" ?>


<Show>
<name>Cinderella Monogatari</name>
<totalseasons>1</totalseasons>
<showid>10141</showid>
<showlink>http://tvrage.com/shows/id-10141</showlink>
<started>Apr/1996</started>
<ended>Oct/1996</ended>
<image>http://images.tvrage.com/shows/11/10141.jpg</image>
<origin_country>JP</origin_country>
<status>Canceled/Ended</status>
<classification>Animation</classification>
<genres><genre>Anime</genre><genre>Adventure</genre><genre>Fantasy</genre></genres>
<runtime>30</runtime>
<network country="JP">NHK</network>
<airtime>12:00</airtime>
<timezone>GMT+9 -DST</timezone>
<akas><aka country="IT">Cenerentola</aka></akas>
<Episodelist>

<Season no="1">
<episode><epnum>1</epnum><seasonnum>01</seasonnum><prodnum></prodnum><airdate>1996-04-04</airdate><link>http://www.tvrage.com/shows/id-10141/episodes/346231</link><title>I Want To Become A Splendid Young Lady</title></episode>
<episode><epnum>2</epnum><seasonnum>02</seasonnum><prodnum></prodnum><airdate>1996-04-11</airdate><link>http://www.tvrage.com/shows/id-10141/episodes/346232</link><title>The Flowers From My Dream</title></episode>
<episode><epnum>3</epnum><seasonnum>03</seasonnum><prodnum></prodnum><airdate>1996-04-18</airdate><link>http://www.tvrage.com/shows/id-10141/episodes/346233</link><title>The Mysterious Boy</title></episode>
<episode><epnum>4</epnum><seasonnum>04</seasonnum><prodnum></prodnum><airdate>1996-04-25</airdate><link>http://www.tvrage.com/shows/id-10141/episodes/346234</link><title>My Marvellous Prince</title></episode>
<episode><epnum>5</epnum><seasonnum>05</seasonnum><prodnum></prodnum><airdate>1996-05-02</airdate><link>http://www.tvrage.com/shows/id-10141/episodes/346235</link><title>A Dream Meeting</title></episode>
<episode><epnum>6</epnum><seasonnum>06</seasonnum><prodnum></prodnum><airdate>1996-05-09</airdate><link>http://www.tvrage.com/shows/id-10141/episodes/346236</link><title>The Mystery Of The Vineyard</title></episode>
<episode><epnum>7</epnum><seasonnum>07</seasonnum><prodnum></prodnum><airdate>1996-05-16</airdate><link>http://www.tvrage.com/shows/id-10141/episodes/346237</link><title>The False Fortune Teller</title></episode>
<episode><epnum>8</epnum><seasonnum>08</seasonnum><prodnum></prodnum><airdate>1996-05-23</airdate><link>http://www.tvrage.com/shows/id-10141/episodes/346238</link><title>The Magic Of A Smile</title></episode>
<episode><epnum>9</epnum><seasonnum>09</seasonnum><prodnum></prodnum><airdate>1996-05-30</airdate><link>http://www.tvrage.com/shows/id-10141/episodes/346239</link><title>There's Something Strange About Him...</title></episode>
<episode><epnum>10</epnum><seasonnum>10</seasonnum><prodnum></prodnum><airdate>1996-06-06</airdate><link>http://www.tvrage.com/shows/id-10141/episodes/346240</link><title>The Sad Violinist</title></episode>
<episode><epnum>11</epnum><seasonnum>11</seasonnum><prodnum></prodnum><airdate>1996-06-13</airdate><link>http://www.tvrage.com/shows/id-10141/episodes/346241</link><title>What I Would Give To Live A Fantastic Love Story</title></episode>
<episode><epnum>12</epnum><seasonnum>12</seasonnum><prodnum></prodnum><airdate>1996-06-20</airdate><link>http://www.tvrage.com/shows/id-10141/episodes/346242</link><title>Please To Meet You, Prince</title></episode>
<episode><epnum>13</epnum><seasonnum>13</seasonnum><prodnum></prodnum><airdate>1996-06-27</airdate><link>http://www.tvrage.com/shows/id-10141/episodes/346243</link><title>The Way Of Love... Isabel Runs Away.</title></episode>
<episode><epnum>14</epnum><seasonnum>14</seasonnum><prodnum></prodnum><airdate>1996-07-04</airdate><link>http://www.tvrage.com/shows/id-10141/episodes/346244</link><title>Prince Charles' Secret</title></episode>
<episode><epnum>15</epnum><seasonnum>15</seasonnum><prodnum></prodnum><airdate>1996-07-11</airdate><link>http://www.tvrage.com/shows/id-10141/episodes/346245</link><title>The Two Charles</title></episode>
<episode><epnum>16</epnum><seasonnum>16</seasonnum><prodnum></prodnum><airdate>1996-07-18</airdate><link>http://www.tvrage.com/shows/id-10141/episodes/346246</link><title>The Prince And House Work</title></episode>
<episode><epnum>17</epnum><seasonnum>17</seasonnum><prodnum></prodnum><airdate>1996-07-25</airdate><link>http://www.tvrage.com/shows/id-10141/episodes/346247</link><title>Kindness Of A Small Heart</title></episode>
<episode><epnum>18</epnum><seasonnum>18</seasonnum><prodnum></prodnum><airdate>1996-08-01</airdate><link>http://www.tvrage.com/shows/id-10141/episodes/346248</link><title>The Disturbing Painter</title></episode>
<episode><epnum>19</epnum><seasonnum>19</seasonnum><prodnum></prodnum><airdate>1996-08-08</airdate><link>http://www.tvrage.com/shows/id-10141/episodes/346249</link><title>Let's Get Rid Of Those Bandits</title></episode>
<episode><epnum>20</epnum><seasonnum>20</seasonnum><prodnum></prodnum><airdate>1996-08-15</airdate><link>http://www.tvrage.com/shows/id-10141/episodes/346250</link><title>Travelling Towards Happiness</title></episode>
<episode><epnum>21</epnum><seasonnum>21</seasonnum><prodnum></prodnum><airdate>1996-08-22</airdate><link>http://www.tvrage.com/shows/id-10141/episodes/346251</link><title>Memories Of My Mother</title></episode>
<episode><epnum>22</epnum><seasonnum>22</seasonnum><prodnum></prodnum><airdate>1996-08-29</airdate><link>http://www.tvrage.com/shows/id-10141/episodes/346252</link><title>Cinderella Is In Danger</title></episode>
<episode><epnum>23</epnum><seasonnum>23</seasonnum><prodnum></prodnum><airdate>1996-09-05</airdate><link>http://www.tvrage.com/shows/id-10141/episodes/346253</link><title>Eliminate The Prince!</title></episode>
<episode><epnum>24</epnum><seasonnum>24</seasonnum><prodnum></prodnum><airdate>1996-09-12</airdate><link>http://www.tvrage.com/shows/id-10141/episodes/346254</link><title>The Invitation To The Ball</title></episode>
<episode><epnum>25</epnum><seasonnum>25</seasonnum><prodnum></prodnum><airdate>1996-09-19</airdate><link>http://www.tvrage.com/shows/id-10141/episodes/346255</link><title>The Shoe Of Happiness</title></episode>
<episode><epnum>26</epnum><seasonnum>26</seasonnum><prodnum></prodnum><airdate>1996-10-03</airdate><link>http://www.tvrage.com/shows/id-10141/episodes/346256</link><title>A Happy Marriage</title></episode>
</Season>

</Episodelist>

</Show>