<?xml version="1.0" encoding="UTF-8" ?>


<Show>
<name>Girls in Love</name>
<totalseasons>2</totalseasons>
<showid>1014</showid>
<showlink>http://tvrage.com/shows/id-1014</showlink>
<started>Apr/01/2003</started>
<ended>May/20/2005</ended>
<image>http://images.tvrage.com/shows/2/1014.jpg</image>
<origin_country>UK</origin_country>
<status>Canceled/Ended</status>
<classification>Scripted</classification>
<genres><genre>Drama</genre><genre>Romance/Dating</genre></genres>
<runtime>30</runtime>
<network country="UK">ITV1</network>
<airtime>12:00</airtime>
<timezone>GMT+0 -DST</timezone>
<Episodelist>

<Season no="1">
<episode><epnum>1</epnum><seasonnum>01</seasonnum><prodnum></prodnum><airdate>2003-04-01</airdate><link>http://www.tvrage.com/shows/id-1014/episodes/272387</link><title>My Big Lie</title></episode>
<episode><epnum>2</epnum><seasonnum>02</seasonnum><prodnum></prodnum><airdate>2003-04-08</airdate><link>http://www.tvrage.com/shows/id-1014/episodes/272388</link><title>Getting Lippy</title></episode>
<episode><epnum>3</epnum><seasonnum>03</seasonnum><prodnum></prodnum><airdate>2003-04-15</airdate><link>http://www.tvrage.com/shows/id-1014/episodes/272389</link><title>How to Look Eighteen</title></episode>
<episode><epnum>4</epnum><seasonnum>04</seasonnum><prodnum></prodnum><airdate>2003-04-22</airdate><link>http://www.tvrage.com/shows/id-1014/episodes/272390</link><title>Drop the Boy</title></episode>
<episode><epnum>5</epnum><seasonnum>05</seasonnum><prodnum></prodnum><airdate>2003-04-29</airdate><link>http://www.tvrage.com/shows/id-1014/episodes/272391</link><title>Express Yourself</title></episode>
<episode><epnum>6</epnum><seasonnum>06</seasonnum><prodnum></prodnum><airdate>2003-05-06</airdate><link>http://www.tvrage.com/shows/id-1014/episodes/272392</link><title>After the Happy Ending</title></episode>
<episode><epnum>7</epnum><seasonnum>07</seasonnum><prodnum></prodnum><airdate>2003-05-13</airdate><link>http://www.tvrage.com/shows/id-1014/episodes/272393</link><title>Cuckoo in the Nest</title></episode>
<episode><epnum>8</epnum><seasonnum>08</seasonnum><prodnum></prodnum><airdate>2003-05-20</airdate><link>http://www.tvrage.com/shows/id-1014/episodes/272394</link><title>Does My Face Look Fat?</title></episode>
<episode><epnum>9</epnum><seasonnum>09</seasonnum><prodnum></prodnum><airdate>2003-05-27</airdate><link>http://www.tvrage.com/shows/id-1014/episodes/272395</link><title>Girls Get Even</title></episode>
<episode><epnum>10</epnum><seasonnum>10</seasonnum><prodnum></prodnum><airdate>2003-06-03</airdate><link>http://www.tvrage.com/shows/id-1014/episodes/272396</link><title>Girls Out Late</title></episode>
<episode><epnum>11</epnum><seasonnum>11</seasonnum><prodnum></prodnum><airdate>2003-06-10</airdate><link>http://www.tvrage.com/shows/id-1014/episodes/272397</link><title>Two's Company</title></episode>
<episode><epnum>12</epnum><seasonnum>12</seasonnum><prodnum></prodnum><airdate>2003-06-17</airdate><link>http://www.tvrage.com/shows/id-1014/episodes/272398</link><title>The Secret Diary of Ellie Allard</title></episode>
<episode><epnum>13</epnum><seasonnum>13</seasonnum><prodnum></prodnum><airdate>2003-06-24</airdate><link>http://www.tvrage.com/shows/id-1014/episodes/272399</link><title>Girls in Trouble</title></episode>
</Season>

<Season no="2">
<episode><epnum>14</epnum><seasonnum>01</seasonnum><prodnum></prodnum><airdate>2005-02-18</airdate><link>http://www.tvrage.com/shows/id-1014/episodes/272400</link><title>Birthday Girl</title></episode>
<episode><epnum>15</epnum><seasonnum>02</seasonnum><prodnum></prodnum><airdate>2005-02-25</airdate><link>http://www.tvrage.com/shows/id-1014/episodes/272401</link><title>Life Experience</title></episode>
<episode><epnum>16</epnum><seasonnum>03</seasonnum><prodnum></prodnum><airdate>2005-03-04</airdate><link>http://www.tvrage.com/shows/id-1014/episodes/272402</link><title>The L-Word</title></episode>
<episode><epnum>17</epnum><seasonnum>04</seasonnum><prodnum></prodnum><airdate>2005-03-11</airdate><link>http://www.tvrage.com/shows/id-1014/episodes/272403</link><title>The Unforgiven</title></episode>
<episode><epnum>18</epnum><seasonnum>05</seasonnum><prodnum></prodnum><airdate>2005-03-18</airdate><link>http://www.tvrage.com/shows/id-1014/episodes/272404</link><title>Young, Gifted and Single</title></episode>
<episode><epnum>19</epnum><seasonnum>06</seasonnum><prodnum></prodnum><airdate>2005-04-01</airdate><link>http://www.tvrage.com/shows/id-1014/episodes/272405</link><title>Her Boy Friday</title></episode>
<episode><epnum>20</epnum><seasonnum>07</seasonnum><prodnum></prodnum><airdate>2005-04-08</airdate><link>http://www.tvrage.com/shows/id-1014/episodes/272406</link><title>The Crush</title></episode>
<episode><epnum>21</epnum><seasonnum>08</seasonnum><prodnum></prodnum><airdate>2005-04-15</airdate><link>http://www.tvrage.com/shows/id-1014/episodes/272407</link><title>The Ex-Factor</title></episode>
<episode><epnum>22</epnum><seasonnum>09</seasonnum><prodnum></prodnum><airdate>2005-04-22</airdate><link>http://www.tvrage.com/shows/id-1014/episodes/272408</link><title>The Experiment</title></episode>
<episode><epnum>23</epnum><seasonnum>10</seasonnum><prodnum></prodnum><airdate>2005-04-29</airdate><link>http://www.tvrage.com/shows/id-1014/episodes/272409</link><title>All's Fair in Love and War</title></episode>
<episode><epnum>24</epnum><seasonnum>11</seasonnum><prodnum></prodnum><airdate>2005-05-06</airdate><link>http://www.tvrage.com/shows/id-1014/episodes/272410</link><title>The Bigger Picture</title></episode>
<episode><epnum>25</epnum><seasonnum>12</seasonnum><prodnum></prodnum><airdate>2005-05-13</airdate><link>http://www.tvrage.com/shows/id-1014/episodes/272411</link><title>Baby Blues</title></episode>
<episode><epnum>26</epnum><seasonnum>13</seasonnum><prodnum></prodnum><airdate>2005-05-20</airdate><link>http://www.tvrage.com/shows/id-1014/episodes/272412</link><title>True Romance</title></episode>
</Season>

</Episodelist>

</Show>