<?xml version="1.0" encoding="UTF-8" ?>


<Show>
<name>The Tab Hunter Show</name>
<totalseasons>1</totalseasons>
<showid>10146</showid>
<showlink>http://tvrage.com/shows/id-10146</showlink>
<started>Sep/18/1960</started>
<ended>Sep/17/1961</ended>
<image>http://images.tvrage.com/shows/11/10146.jpg</image>
<origin_country>US</origin_country>
<status>Canceled/Ended</status>
<classification>Scripted</classification>
<genres><genre>Comedy</genre></genres>
<runtime>30</runtime>
<network country="US">NBC</network>
<airtime>20:30</airtime>
<airday>Sunday</airday>
<timezone>GMT-5 -DST</timezone>
<Episodelist>

<Season no="1">
<episode><epnum>1</epnum><seasonnum>01</seasonnum><prodnum></prodnum><airdate>1960-09-18</airdate><link>http://www.tvrage.com/shows/id-10146/episodes/430650</link><title>One Blonde Too Many</title></episode>
<episode><epnum>2</epnum><seasonnum>02</seasonnum><prodnum></prodnum><airdate>1960-09-25</airdate><link>http://www.tvrage.com/shows/id-10146/episodes/439457</link><title>For Money or Love</title></episode>
<episode><epnum>3</epnum><seasonnum>03</seasonnum><prodnum></prodnum><airdate>1960-10-02</airdate><link>http://www.tvrage.com/shows/id-10146/episodes/439458</link><title>My Brother, the Hero</title></episode>
<episode><epnum>4</epnum><seasonnum>04</seasonnum><prodnum></prodnum><airdate>1960-10-09</airdate><link>http://www.tvrage.com/shows/id-10146/episodes/439459</link><title>Be My Guest</title></episode>
<episode><epnum>5</epnum><seasonnum>05</seasonnum><prodnum></prodnum><airdate>1960-10-16</airdate><link>http://www.tvrage.com/shows/id-10146/episodes/439460</link><title>Operation Iceberg</title></episode>
<episode><epnum>6</epnum><seasonnum>06</seasonnum><prodnum></prodnum><airdate>1960-10-23</airdate><link>http://www.tvrage.com/shows/id-10146/episodes/439461</link><title>The Matchmaker</title></episode>
<episode><epnum>7</epnum><seasonnum>07</seasonnum><prodnum></prodnum><airdate>1960-10-30</airdate><link>http://www.tvrage.com/shows/id-10146/episodes/439462</link><title>I Love a Marine</title></episode>
<episode><epnum>8</epnum><seasonnum>08</seasonnum><prodnum></prodnum><airdate>1960-11-06</airdate><link>http://www.tvrage.com/shows/id-10146/episodes/439463</link><title>Double Trouble</title></episode>
<episode><epnum>9</epnum><seasonnum>09</seasonnum><prodnum></prodnum><airdate>1960-11-13</airdate><link>http://www.tvrage.com/shows/id-10146/episodes/439464</link><title>The Doll in the Bathtub</title></episode>
<episode><epnum>10</epnum><seasonnum>10</seasonnum><prodnum></prodnum><airdate>1960-11-20</airdate><link>http://www.tvrage.com/shows/id-10146/episodes/439465</link><title>Hot and Cold</title></episode>
<episode><epnum>11</epnum><seasonnum>11</seasonnum><prodnum></prodnum><airdate>1960-11-27</airdate><link>http://www.tvrage.com/shows/id-10146/episodes/439466</link><title>My Darling Teacher</title></episode>
<episode><epnum>12</epnum><seasonnum>12</seasonnum><prodnum></prodnum><airdate>1960-12-04</airdate><link>http://www.tvrage.com/shows/id-10146/episodes/439467</link><title>One Night in Paris</title></episode>
<episode><epnum>13</epnum><seasonnum>13</seasonnum><prodnum></prodnum><airdate>1960-12-11</airdate><link>http://www.tvrage.com/shows/id-10146/episodes/439468</link><title>Devil to Pay</title></episode>
<episode><epnum>14</epnum><seasonnum>14</seasonnum><prodnum></prodnum><airdate>1960-12-18</airdate><link>http://www.tvrage.com/shows/id-10146/episodes/439469</link><title>How to Lose a Girl</title></episode>
<episode><epnum>15</epnum><seasonnum>15</seasonnum><prodnum></prodnum><airdate>1960-12-25</airdate><link>http://www.tvrage.com/shows/id-10146/episodes/439470</link><title>Happily Unmarried</title></episode>
<episode><epnum>16</epnum><seasonnum>16</seasonnum><prodnum></prodnum><airdate>1961-01-01</airdate><link>http://www.tvrage.com/shows/id-10146/episodes/439471</link><title>Portia Go Home</title></episode>
<episode><epnum>17</epnum><seasonnum>17</seasonnum><prodnum></prodnum><airdate>1961-01-08</airdate><link>http://www.tvrage.com/shows/id-10146/episodes/439472</link><title>Turnabout</title></episode>
<episode><epnum>18</epnum><seasonnum>18</seasonnum><prodnum></prodnum><airdate>1961-01-15</airdate><link>http://www.tvrage.com/shows/id-10146/episodes/439473</link><title>Weekend on Ice</title></episode>
<episode><epnum>19</epnum><seasonnum>19</seasonnum><prodnum></prodnum><airdate>1961-01-22</airdate><link>http://www.tvrage.com/shows/id-10146/episodes/439474</link><title>Girl Overboard</title></episode>
<episode><epnum>20</epnum><seasonnum>20</seasonnum><prodnum></prodnum><airdate>1961-01-29</airdate><link>http://www.tvrage.com/shows/id-10146/episodes/439475</link><title>The Art Patron</title></episode>
<episode><epnum>21</epnum><seasonnum>21</seasonnum><prodnum></prodnum><airdate>1961-02-05</airdate><link>http://www.tvrage.com/shows/id-10146/episodes/439476</link><title>The Golden Arrow</title></episode>
<episode><epnum>22</epnum><seasonnum>22</seasonnum><prodnum></prodnum><airdate>1961-02-12</airdate><link>http://www.tvrage.com/shows/id-10146/episodes/439477</link><title>Galatea</title></episode>
<episode><epnum>23</epnum><seasonnum>23</seasonnum><prodnum></prodnum><airdate>1961-02-19</airdate><link>http://www.tvrage.com/shows/id-10146/episodes/439478</link><title>Me and My Shadow</title></episode>
<episode><epnum>24</epnum><seasonnum>24</seasonnum><prodnum></prodnum><airdate>1961-02-26</airdate><link>http://www.tvrage.com/shows/id-10146/episodes/439479</link><title>The Movie Set</title></episode>
<episode><epnum>25</epnum><seasonnum>25</seasonnum><prodnum></prodnum><airdate>1961-03-05</airdate><link>http://www.tvrage.com/shows/id-10146/episodes/439480</link><title>Sultan for a Day</title></episode>
<episode><epnum>26</epnum><seasonnum>26</seasonnum><prodnum></prodnum><airdate>1961-03-12</airdate><link>http://www.tvrage.com/shows/id-10146/episodes/439481</link><title>Holiday in Spain</title></episode>
<episode><epnum>27</epnum><seasonnum>27</seasonnum><prodnum></prodnum><airdate>1961-03-19</airdate><link>http://www.tvrage.com/shows/id-10146/episodes/439482</link><title>Italian Riviera</title></episode>
<episode><epnum>28</epnum><seasonnum>28</seasonnum><prodnum></prodnum><airdate>1961-03-26</airdate><link>http://www.tvrage.com/shows/id-10146/episodes/439483</link><title>Crazy Over Horses</title></episode>
<episode><epnum>29</epnum><seasonnum>29</seasonnum><prodnum></prodnum><airdate>1961-04-09</airdate><link>http://www.tvrage.com/shows/id-10146/episodes/439484</link><title>Dream Boy</title></episode>
<episode><epnum>30</epnum><seasonnum>30</seasonnum><prodnum></prodnum><airdate>1961-04-16</airdate><link>http://www.tvrage.com/shows/id-10146/episodes/439485</link><title>Personal Appearance</title></episode>
<episode><epnum>31</epnum><seasonnum>31</seasonnum><prodnum></prodnum><airdate>1961-04-23</airdate><link>http://www.tvrage.com/shows/id-10146/episodes/439486</link><title>Those Happy College Days</title></episode>
<episode><epnum>32</epnum><seasonnum>32</seasonnum><prodnum></prodnum><airdate>1961-04-30</airdate><link>http://www.tvrage.com/shows/id-10146/episodes/439487</link><title>The Invitation</title></episode>
</Season>

</Episodelist>

</Show>