<?xml version="1.0" encoding="UTF-8" ?>


<Show>
<name>Footballers Wive$ TV</name>
<totalseasons>1</totalseasons>
<showid>10151</showid>
<showlink>http://tvrage.com/shows/id-10151</showlink>
<started>Mar/2005</started>
<ended>May/2005</ended>
<image>http://images.tvrage.com/shows/11/10151.jpg</image>
<origin_country>UK</origin_country>
<status>Canceled/Ended</status>
<classification>Scripted</classification>
<genres><genre>Comedy</genre></genres>
<runtime>30</runtime>
<network country="UK">ITV2</network>
<airtime>22:30</airtime>
<airday>Thursday</airday>
<timezone>GMT+0 -DST</timezone>

</Show>