<?xml version="1.0" encoding="UTF-8" ?>


<Show>
<name>Turn Back Time (US)</name>
<totalseasons>1</totalseasons>
<showid>10150</showid>
<showlink>http://tvrage.com/Turn_Back_Time_US</showlink>
<started></started>
<ended></ended>
<origin_country>US</origin_country>
<status>Pilot Rejected</status>
<classification>Scripted</classification>
<genres><genre>Fantasy</genre></genres>
<runtime>60</runtime>
<network country="US">The CW</network>
<airtime>12:00</airtime>
<timezone>GMT-5 -DST</timezone>

</Show>