<?xml version="1.0" encoding="UTF-8" ?>


<Show>
<name>Hizzonner</name>
<totalseasons>1</totalseasons>
<showid>10155</showid>
<showlink>http://tvrage.com/shows/id-10155</showlink>
<started>May/10/1979</started>
<ended>Jun/14/1979</ended>
<image>http://images.tvrage.com/shows/11/10155.jpg</image>
<origin_country>US</origin_country>
<status>Canceled/Ended</status>
<classification>Scripted</classification>
<genres><genre>Comedy</genre></genres>
<runtime>30</runtime>
<network country="US">NBC</network>
<airtime>20:00</airtime>
<airday>Thursday</airday>
<timezone>GMT-5 -DST</timezone>
<Episodelist>

<Season no="1">
<episode><epnum>1</epnum><seasonnum>01</seasonnum><prodnum></prodnum><airdate>1979-05-10</airdate><link>http://www.tvrage.com/shows/id-10155/episodes/665542</link><title>Daughter on 10th Avenue</title></episode>
<episode><epnum>2</epnum><seasonnum>02</seasonnum><prodnum></prodnum><airdate>1979-05-17</airdate><link>http://www.tvrage.com/shows/id-10155/episodes/665543</link><title>Mizzonner</title></episode>
<episode><epnum>3</epnum><seasonnum>03</seasonnum><prodnum></prodnum><airdate>1979-05-24</airdate><link>http://www.tvrage.com/shows/id-10155/episodes/665544</link><title>Nails Gets Kidnapped</title></episode>
<episode><epnum>4</epnum><seasonnum>04</seasonnum><prodnum></prodnum><airdate>1979-05-31</airdate><link>http://www.tvrage.com/shows/id-10155/episodes/665545</link><title>Tea and Synthesizers</title></episode>
<episode><epnum>5</epnum><seasonnum>05</seasonnum><prodnum></prodnum><airdate>1979-06-07</airdate><link>http://www.tvrage.com/shows/id-10155/episodes/665546</link><title>The Book Story</title></episode>
<episode><epnum>6</epnum><seasonnum>06</seasonnum><prodnum></prodnum><airdate>1979-06-14</airdate><link>http://www.tvrage.com/shows/id-10155/episodes/665547</link><title>Mr. Perfect</title></episode>
<episode><epnum>7</epnum><seasonnum>07</seasonnum><prodnum></prodnum><airdate>1979-06-21</airdate><link>http://www.tvrage.com/shows/id-10155/episodes/1064849225</link><title>The Election Story</title></episode>
</Season>

</Episodelist>

</Show>