<?xml version="1.0" encoding="UTF-8" ?>


<Show>
<name>The Morton Downey Jr. Show</name>
<totalseasons>2</totalseasons>
<showid>10154</showid>
<showlink>http://tvrage.com/shows/id-10154</showlink>
<started>1987</started>
<ended>1989</ended>
<image>http://images.tvrage.com/shows/11/10154.jpg</image>
<origin_country>US</origin_country>
<status>Canceled/Ended</status>
<classification>Talk Shows</classification>
<genres><genre>Current Events</genre><genre>Lifestyle</genre><genre>Politics</genre></genres>
<runtime>60</runtime>
<network country="US">Syndicated</network>
<airtime>12:00</airtime>
<timezone>GMT-5 -DST</timezone>

</Show>