<?xml version="1.0" encoding="UTF-8" ?>


<Show>
<name>J. K. Rowling: The Interview</name>
<totalseasons>1</totalseasons>
<showid>10159</showid>
<showlink>http://tvrage.com/shows/id-10159</showlink>
<started>Jun/2003</started>
<ended>Jun/2003</ended>
<image>http://images.tvrage.com/shows/11/10159.jpg</image>
<origin_country>UK</origin_country>
<status>Canceled/Ended</status>
<classification>Documentary</classification>
<genres><genre>Family</genre></genres>
<runtime>30</runtime>
<network country="UK">BBC TWO</network>
<airtime>19:30</airtime>
<airday>Thursday</airday>
<timezone>GMT+0 -DST</timezone>
<Episodelist>

<Season no="1">
<episode><epnum>1</epnum><seasonnum>01</seasonnum><prodnum></prodnum><airdate>2003-06-19</airdate><link>http://www.tvrage.com/shows/id-10159/episodes/346432</link><title>The Interview</title></episode>
</Season>

</Episodelist>

</Show>