<?xml version="1.0" encoding="UTF-8" ?>


<Show>
<name>Four Eyes</name>
<totalseasons>3</totalseasons>
<showid>10153</showid>
<showlink>http://tvrage.com/shows/id-10153</showlink>
<started>Jan/2006</started>
<ended>Jun/2006</ended>
<image>http://images.tvrage.com/shows/11/10153.gif</image>
<origin_country>US</origin_country>
<status>Canceled/Ended</status>
<classification>Animation</classification>
<genres><genre>Anime</genre><genre>Children</genre></genres>
<runtime>15</runtime>
<airtime>21:00</airtime>
<airday>Weekdays</airday>
<Episodelist>

<Season no="1">
<episode><epnum>1</epnum><seasonnum>01</seasonnum><prodnum>01</prodnum><airdate>2006-01-02</airdate><link>http://www.tvrage.com/shows/id-10153/episodes/346722</link><title>Cheaters Never win / Plasma Physic analysis</title></episode>
<episode><epnum>2</epnum><seasonnum>02</seasonnum><prodnum>02</prodnum><airdate>2006-01-09</airdate><link>http://www.tvrage.com/shows/id-10153/episodes/346723</link><title>No Payne No Gam / The Big Race</title></episode>
<episode><epnum>3</epnum><seasonnum>03</seasonnum><prodnum>03</prodnum><airdate>2006-01-23</airdate><link>http://www.tvrage.com/shows/id-10153/episodes/346744</link><title>Miss Hillary Popular / Emma's Twin</title></episode>
<episode><epnum>4</epnum><seasonnum>04</seasonnum><prodnum>04</prodnum><airdate>2006-01-16</airdate><link>http://www.tvrage.com/shows/id-10153/episodes/346745</link><title>Who Needs You / In Love</title></episode>
<episode><epnum>5</epnum><seasonnum>05</seasonnum><prodnum>05</prodnum><airdate>2006-01-30</airdate><link>http://www.tvrage.com/shows/id-10153/episodes/346850</link><title>Double Trouble / Pete and Re-Pete</title></episode>
<episode><epnum>6</epnum><seasonnum>06</seasonnum><prodnum>06</prodnum><airdate>2006-02-06</airdate><link>http://www.tvrage.com/shows/id-10153/episodes/346967</link><title>Miss Dowager's Revenge / Skyler's Trick</title></episode>
<episode><epnum>6</epnum><seasonnum>07</seasonnum><prodnum>07</prodnum><airdate>2006-02-06</airdate><link>http://www.tvrage.com/shows/id-10153/episodes/346968</link><title>Roland, The super Bully / The science Fair</title></episode>
<episode><epnum>8</epnum><seasonnum>08</seasonnum><prodnum>08</prodnum><airdate>2006-02-13</airdate><link>http://www.tvrage.com/shows/id-10153/episodes/347833</link><title>Who's Who / So Dreamy</title></episode>
<episode><epnum>9</epnum><seasonnum>09</seasonnum><prodnum>09</prodnum><airdate>2006-02-27</airdate><link>http://www.tvrage.com/shows/id-10153/episodes/347835</link><title>The New Teacher/ The Sport</title></episode>
<episode><epnum>10</epnum><seasonnum>10</seasonnum><prodnum>10</prodnum><airdate>2006-03-06</airdate><link>http://www.tvrage.com/shows/id-10153/episodes/347838</link><title>Emma's Nightmare / Pete's romance</title></episode>
</Season>

<Season no="2">
<episode><epnum>11</epnum><seasonnum>01</seasonnum><prodnum>11</prodnum><airdate>2006-03-27</airdate><link>http://www.tvrage.com/shows/id-10153/episodes/347840</link><title>The New Monster In Class / Rolland's Secret</title></episode>
<episode><epnum>12</epnum><seasonnum>02</seasonnum><prodnum>02</prodnum><airdate>2006-04-03</airdate><link>http://www.tvrage.com/shows/id-10153/episodes/348735</link><title>Frog Day Afternoon / The Last Judgement</title></episode>
<episode><epnum>13</epnum><seasonnum>03</seasonnum><prodnum>13</prodnum><airdate>2006-04-10</airdate><link>http://www.tvrage.com/shows/id-10153/episodes/360884</link><title>Who Are You? / High In The Sky</title></episode>
<episode><epnum>14</epnum><seasonnum>04</seasonnum><prodnum>14</prodnum><airdate>2006-04-17</airdate><link>http://www.tvrage.com/shows/id-10153/episodes/360885</link><title>Alien Island / Birthday</title></episode>
<episode><epnum>15</epnum><seasonnum>05</seasonnum><prodnum>15</prodnum><airdate>2006-04-24</airdate><link>http://www.tvrage.com/shows/id-10153/episodes/371536</link><title>Gone To The Dogs / The Pool</title></episode>
<episode><epnum>16</epnum><seasonnum>06</seasonnum><prodnum>16</prodnum><airdate>2006-05-01</airdate><link>http://www.tvrage.com/shows/id-10153/episodes/371537</link><title>Falling Star / The Detention</title></episode>
<episode><epnum>17</epnum><seasonnum>07</seasonnum><prodnum>17</prodnum><airdate>2006-05-08</airdate><link>http://www.tvrage.com/shows/id-10153/episodes/382918</link><title>Bad Hair Day / The Test</title></episode>
<episode><epnum>18</epnum><seasonnum>08</seasonnum><prodnum>08</prodnum><airdate>2006-05-15</airdate><link>http://www.tvrage.com/shows/id-10153/episodes/382919</link><title>Goal Oriented / Miss Dowager's Secret</title></episode>
<episode><epnum>19</epnum><seasonnum>09</seasonnum><prodnum>09</prodnum><airdate>2006-05-22</airdate><link>http://www.tvrage.com/shows/id-10153/episodes/386410</link><title>Till Dept' Do Us Part / The Animal</title></episode>
<episode><epnum>20</epnum><seasonnum>10</seasonnum><prodnum>20</prodnum><airdate>2006-05-29</airdate><link>http://www.tvrage.com/shows/id-10153/episodes/396033</link><title>My Hero / Camping</title></episode>
</Season>

<Season no="3">
<episode><epnum>21</epnum><seasonnum>01</seasonnum><prodnum>21</prodnum><airdate>2006-06-05</airdate><link>http://www.tvrage.com/shows/id-10153/episodes/396069</link><title>Video Game disaster / Lost</title></episode>
<episode><epnum>22</epnum><seasonnum>02</seasonnum><prodnum>22</prodnum><airdate>2006-06-12</airdate><link>http://www.tvrage.com/shows/id-10153/episodes/399441</link><title>Roller Coaster Ride / Zombie Zone</title></episode>
</Season>

</Episodelist>

</Show>