<?xml version="1.0" encoding="UTF-8" ?>


<Show>
<name>Gold Trails and Ghost Towns</name>
<totalseasons>3</totalseasons>
<showid>1016</showid>
<showlink>http://tvrage.com/shows/id-1016</showlink>
<started>Sep/1986</started>
<ended>Jun/1997</ended>
<origin_country>CA</origin_country>
<status>Canceled/Ended</status>
<runtime>30</runtime>
<network country="CA">CTV</network>
<timezone>GMT-5 -DST</timezone>
<Episodelist>

<Season no="1">
<episode><epnum>1</epnum><seasonnum>01</seasonnum><prodnum>1</prodnum><airdate>0000-00-00</airdate><link>http://www.tvrage.com/shows/id-1016/episodes/272419</link><title>Sandon</title></episode>
<episode><epnum>2</epnum><seasonnum>02</seasonnum><prodnum>2</prodnum><airdate>0000-00-00</airdate><link>http://www.tvrage.com/shows/id-1016/episodes/272420</link><title>Dawson Creek</title></episode>
<episode><epnum>3</epnum><seasonnum>03</seasonnum><prodnum>3</prodnum><airdate>0000-00-00</airdate><link>http://www.tvrage.com/shows/id-1016/episodes/272421</link><title>Phoenix</title></episode>
<episode><epnum>4</epnum><seasonnum>04</seasonnum><prodnum>4</prodnum><airdate>0000-00-00</airdate><link>http://www.tvrage.com/shows/id-1016/episodes/272422</link><title>Rossland</title></episode>
<episode><epnum>5</epnum><seasonnum>05</seasonnum><prodnum>5</prodnum><airdate>0000-00-00</airdate><link>http://www.tvrage.com/shows/id-1016/episodes/272423</link><title>Treasure Story From Lardeau Country</title></episode>
<episode><epnum>6</epnum><seasonnum>06</seasonnum><prodnum>6</prodnum><airdate>0000-00-00</airdate><link>http://www.tvrage.com/shows/id-1016/episodes/272424</link><title>Fairview</title></episode>
<episode><epnum>7</epnum><seasonnum>07</seasonnum><prodnum>7</prodnum><airdate>0000-00-00</airdate><link>http://www.tvrage.com/shows/id-1016/episodes/272425</link><title>Yale</title></episode>
<episode><epnum>8</epnum><seasonnum>08</seasonnum><prodnum>8</prodnum><airdate>0000-00-00</airdate><link>http://www.tvrage.com/shows/id-1016/episodes/272426</link><title>Quesnel Forks</title></episode>
<episode><epnum>9</epnum><seasonnum>09</seasonnum><prodnum>9</prodnum><airdate>0000-00-00</airdate><link>http://www.tvrage.com/shows/id-1016/episodes/272427</link><title>Atlin</title></episode>
<episode><epnum>10</epnum><seasonnum>10</seasonnum><prodnum>10</prodnum><airdate>0000-00-00</airdate><link>http://www.tvrage.com/shows/id-1016/episodes/272428</link><title>Border Country</title></episode>
<episode><epnum>11</epnum><seasonnum>11</seasonnum><prodnum>11</prodnum><airdate>0000-00-00</airdate><link>http://www.tvrage.com/shows/id-1016/episodes/272429</link><title>Granite City</title></episode>
<episode><epnum>12</epnum><seasonnum>12</seasonnum><prodnum>12</prodnum><airdate>0000-00-00</airdate><link>http://www.tvrage.com/shows/id-1016/episodes/272430</link><title>Camp McKinney</title></episode>
<episode><epnum>13</epnum><seasonnum>13</seasonnum><prodnum>13</prodnum><airdate>0000-00-00</airdate><link>http://www.tvrage.com/shows/id-1016/episodes/272431</link><title>Gold Panning Trip</title></episode>
</Season>

<Season no="2">
<episode><epnum>14</epnum><seasonnum>01</seasonnum><prodnum>14</prodnum><airdate>0000-00-00</airdate><link>http://www.tvrage.com/shows/id-1016/episodes/272432</link><title>Greenwood</title></episode>
<episode><epnum>15</epnum><seasonnum>02</seasonnum><prodnum>15</prodnum><airdate>0000-00-00</airdate><link>http://www.tvrage.com/shows/id-1016/episodes/272433</link><title>Kaslo</title></episode>
<episode><epnum>16</epnum><seasonnum>03</seasonnum><prodnum>16</prodnum><airdate>0000-00-00</airdate><link>http://www.tvrage.com/shows/id-1016/episodes/272434</link><title>Cascade City</title></episode>
<episode><epnum>17</epnum><seasonnum>04</seasonnum><prodnum>17</prodnum><airdate>0000-00-00</airdate><link>http://www.tvrage.com/shows/id-1016/episodes/272435</link><title>Cariboo Road</title></episode>
<episode><epnum>18</epnum><seasonnum>05</seasonnum><prodnum>18</prodnum><airdate>0000-00-00</airdate><link>http://www.tvrage.com/shows/id-1016/episodes/272436</link><title>Writing on Stone</title></episode>
<episode><epnum>19</epnum><seasonnum>06</seasonnum><prodnum>19</prodnum><airdate>0000-00-00</airdate><link>http://www.tvrage.com/shows/id-1016/episodes/272437</link><title>Chinese Miners</title></episode>
<episode><epnum>20</epnum><seasonnum>07</seasonnum><prodnum>20</prodnum><airdate>0000-00-00</airdate><link>http://www.tvrage.com/shows/id-1016/episodes/272438</link><title>Slocan City</title></episode>
<episode><epnum>21</epnum><seasonnum>08</seasonnum><prodnum>21</prodnum><airdate>0000-00-00</airdate><link>http://www.tvrage.com/shows/id-1016/episodes/272439</link><title>Kettle Valley Railway</title></episode>
<episode><epnum>22</epnum><seasonnum>09</seasonnum><prodnum>22</prodnum><airdate>0000-00-00</airdate><link>http://www.tvrage.com/shows/id-1016/episodes/272440</link><title>Lost Golden Plate</title></episode>
<episode><epnum>23</epnum><seasonnum>10</seasonnum><prodnum>23</prodnum><airdate>0000-00-00</airdate><link>http://www.tvrage.com/shows/id-1016/episodes/272441</link><title>Ainsworth</title></episode>
<episode><epnum>24</epnum><seasonnum>11</seasonnum><prodnum>24</prodnum><airdate>0000-00-00</airdate><link>http://www.tvrage.com/shows/id-1016/episodes/272442</link><title>Wildhorse Creek</title></episode>
<episode><epnum>25</epnum><seasonnum>12</seasonnum><prodnum>25</prodnum><airdate>0000-00-00</airdate><link>http://www.tvrage.com/shows/id-1016/episodes/272443</link><title>Moyie</title></episode>
<episode><epnum>26</epnum><seasonnum>13</seasonnum><prodnum>26</prodnum><airdate>0000-00-00</airdate><link>http://www.tvrage.com/shows/id-1016/episodes/272444</link><title>Ymir</title></episode>
</Season>

<Season no="3">
<episode><epnum>27</epnum><seasonnum>01</seasonnum><prodnum>301</prodnum><airdate>0000-00-00</airdate><link>http://www.tvrage.com/shows/id-1016/episodes/272445</link><title>Salmo</title></episode>
<episode><epnum>28</epnum><seasonnum>02</seasonnum><prodnum>302</prodnum><airdate>0000-00-00</airdate><link>http://www.tvrage.com/shows/id-1016/episodes/272446</link><title>Stikine River Country</title></episode>
<episode><epnum>29</epnum><seasonnum>03</seasonnum><prodnum>303</prodnum><airdate>0000-00-00</airdate><link>http://www.tvrage.com/shows/id-1016/episodes/272447</link><title>Northport</title></episode>
<episode><epnum>30</epnum><seasonnum>04</seasonnum><prodnum>304</prodnum><airdate>0000-00-00</airdate><link>http://www.tvrage.com/shows/id-1016/episodes/272448</link><title>Eholt</title></episode>
<episode><epnum>31</epnum><seasonnum>05</seasonnum><prodnum>305</prodnum><airdate>0000-00-00</airdate><link>http://www.tvrage.com/shows/id-1016/episodes/272449</link><title>Three Forks</title></episode>
<episode><epnum>32</epnum><seasonnum>06</seasonnum><prodnum>306</prodnum><airdate>0000-00-00</airdate><link>http://www.tvrage.com/shows/id-1016/episodes/272450</link><title>Fritz Agustus Heinz</title></episode>
<episode><epnum>33</epnum><seasonnum>07</seasonnum><prodnum>307</prodnum><airdate>0000-00-00</airdate><link>http://www.tvrage.com/shows/id-1016/episodes/272451</link><title>K &amp;amp; S Railway</title></episode>
<episode><epnum>34</epnum><seasonnum>08</seasonnum><prodnum>308</prodnum><airdate>0000-00-00</airdate><link>http://www.tvrage.com/shows/id-1016/episodes/272452</link><title>Rock Creek</title></episode>
<episode><epnum>35</epnum><seasonnum>09</seasonnum><prodnum>309</prodnum><airdate>0000-00-00</airdate><link>http://www.tvrage.com/shows/id-1016/episodes/272453</link><title>Ashcroft</title></episode>
<episode><epnum>36</epnum><seasonnum>10</seasonnum><prodnum>310</prodnum><airdate>0000-00-00</airdate><link>http://www.tvrage.com/shows/id-1016/episodes/272454</link><title>Hedley</title></episode>
<episode><epnum>37</epnum><seasonnum>11</seasonnum><prodnum>311</prodnum><airdate>0000-00-00</airdate><link>http://www.tvrage.com/shows/id-1016/episodes/272455</link><title>Midway</title></episode>
<episode><epnum>38</epnum><seasonnum>12</seasonnum><prodnum>312</prodnum><airdate>0000-00-00</airdate><link>http://www.tvrage.com/shows/id-1016/episodes/272456</link><title>Keromeos</title></episode>
<episode><epnum>39</epnum><seasonnum>13</seasonnum><prodnum>313</prodnum><airdate>0000-00-00</airdate><link>http://www.tvrage.com/shows/id-1016/episodes/272457</link><title>Wells</title></episode>
</Season>

</Episodelist>

</Show>