<?xml version="1.0" encoding="UTF-8" ?>


<Show>
<name>Pete Kelly's Blues</name>
<totalseasons>1</totalseasons>
<showid>10167</showid>
<showlink>http://tvrage.com/shows/id-10167</showlink>
<started>Apr/05/1959</started>
<ended>Jul/05/1959</ended>
<image>http://images.tvrage.com/shows/11/10167.jpg</image>
<origin_country>US</origin_country>
<status>Canceled/Ended</status>
<classification>Scripted</classification>
<genres><genre>Drama</genre></genres>
<runtime>30</runtime>
<network country="US">NBC</network>
<airtime>22:30</airtime>
<airday>Sunday</airday>
<timezone>GMT-5 -DST</timezone>
<Episodelist>

<Season no="1">
<episode><epnum>1</epnum><seasonnum>01</seasonnum><prodnum></prodnum><airdate>1959-04-05</airdate><link>http://www.tvrage.com/shows/id-10167/episodes/442774</link><title>The Steve Porter Story</title></episode>
<episode><epnum>2</epnum><seasonnum>02</seasonnum><prodnum></prodnum><airdate>1959-04-12</airdate><link>http://www.tvrage.com/shows/id-10167/episodes/442775</link><title>The June Gould Story</title></episode>
<episode><epnum>3</epnum><seasonnum>03</seasonnum><prodnum></prodnum><airdate>1959-04-19</airdate><link>http://www.tvrage.com/shows/id-10167/episodes/442776</link><title>The Envelope Story</title></episode>
<episode><epnum>4</epnum><seasonnum>04</seasonnum><prodnum></prodnum><airdate>1959-04-26</airdate><link>http://www.tvrage.com/shows/id-10167/episodes/442777</link><title>The Poor Butterfly Story</title></episode>
<episode><epnum>5</epnum><seasonnum>05</seasonnum><prodnum></prodnum><airdate>1959-05-10</airdate><link>http://www.tvrage.com/shows/id-10167/episodes/442778</link><title>The Tex Biglowe Story</title></episode>
<episode><epnum>6</epnum><seasonnum>06</seasonnum><prodnum></prodnum><airdate>1959-05-17</airdate><link>http://www.tvrage.com/shows/id-10167/episodes/442779</link><title>The Baby Ray Story</title></episode>
<episode><epnum>7</epnum><seasonnum>07</seasonnum><prodnum></prodnum><airdate>1959-05-24</airdate><link>http://www.tvrage.com/shows/id-10167/episodes/442780</link><title>The Mike Reegan Story</title></episode>
<episode><epnum>8</epnum><seasonnum>08</seasonnum><prodnum></prodnum><airdate>1959-05-31</airdate><link>http://www.tvrage.com/shows/id-10167/episodes/442781</link><title>The Rompy Thompson Story</title></episode>
<episode><epnum>9</epnum><seasonnum>09</seasonnum><prodnum></prodnum><airdate>1959-06-07</airdate><link>http://www.tvrage.com/shows/id-10167/episodes/442782</link><title>The Gus Trudo Story</title></episode>
<episode><epnum>10</epnum><seasonnum>10</seasonnum><prodnum></prodnum><airdate>1959-06-14</airdate><link>http://www.tvrage.com/shows/id-10167/episodes/442783</link><title>The Emory Cusak Story</title></episode>
<episode><epnum>11</epnum><seasonnum>11</seasonnum><prodnum></prodnum><airdate>1959-06-21</airdate><link>http://www.tvrage.com/shows/id-10167/episodes/442784</link><title>The Fitzhugh Story</title></episode>
<episode><epnum>12</epnum><seasonnum>12</seasonnum><prodnum></prodnum><airdate>1959-06-28</airdate><link>http://www.tvrage.com/shows/id-10167/episodes/442785</link><title>The Joe Artevakian Story</title></episode>
<episode><epnum>13</epnum><seasonnum>13</seasonnum><prodnum></prodnum><airdate>1959-07-05</airdate><link>http://www.tvrage.com/shows/id-10167/episodes/442786</link><title>The 16-Bar Tacet</title></episode>
</Season>

</Episodelist>

</Show>