<?xml version="1.0" encoding="UTF-8" ?>


<Show>
<name>I Love the Holidays</name>
<totalseasons>1</totalseasons>
<showid>10162</showid>
<showlink>http://tvrage.com/shows/id-10162</showlink>
<started>Nov/20/2005</started>
<ended></ended>
<image>http://images.tvrage.com/shows/11/10162.jpg</image>
<origin_country>US</origin_country>
<status>Canceled/Ended</status>
<classification>Documentary</classification>
<genres><genre>Arts &amp; Crafts</genre></genres>
<runtime>90</runtime>
<network country="US">VH1</network>
<airtime>12:00</airtime>
<timezone>GMT-5 -DST</timezone>

</Show>