<?xml version="1.0" encoding="UTF-8" ?>


<Show>
<name>Portia Faces Life</name>
<totalseasons>2</totalseasons>
<showid>10178</showid>
<showlink>http://tvrage.com/shows/id-10178</showlink>
<started>Apr/05/1954</started>
<ended>Jul/01/1955</ended>
<image>http://images.tvrage.com/shows/11/10178.jpg</image>
<origin_country>US</origin_country>
<status>Canceled/Ended</status>
<classification>Scripted</classification>
<genres><genre>Soaps</genre></genres>
<runtime>15</runtime>
<network country="US">CBS</network>
<airtime>13:00</airtime>
<airday>Weekdays</airday>
<timezone>GMT-5 -DST</timezone>
<akas><aka>The Inner Flame</aka></akas>
<Episodelist>

<Season no="1">
<episode><epnum>1</epnum><seasonnum>01</seasonnum><prodnum></prodnum><airdate>1954-04-05</airdate><link>http://www.tvrage.com/shows/id-10178/episodes/347691</link><title>Episode 1</title></episode>
<episode><epnum>2</epnum><seasonnum>02</seasonnum><prodnum></prodnum><airdate>1954-04-06</airdate><link>http://www.tvrage.com/shows/id-10178/episodes/347693</link><title>Episode 2</title></episode>
<episode><epnum>3</epnum><seasonnum>03</seasonnum><prodnum></prodnum><airdate>1954-04-07</airdate><link>http://www.tvrage.com/shows/id-10178/episodes/347694</link><title>Episode 3</title></episode>
<episode><epnum>4</epnum><seasonnum>04</seasonnum><prodnum></prodnum><airdate>1954-04-08</airdate><link>http://www.tvrage.com/shows/id-10178/episodes/347696</link><title>Episode 4</title></episode>
<episode><epnum>5</epnum><seasonnum>05</seasonnum><prodnum></prodnum><airdate>1954-04-09</airdate><link>http://www.tvrage.com/shows/id-10178/episodes/347697</link><title>Episode 5</title></episode>
<episode><epnum>6</epnum><seasonnum>06</seasonnum><prodnum></prodnum><airdate>1954-04-12</airdate><link>http://www.tvrage.com/shows/id-10178/episodes/347698</link><title>Episode 6</title></episode>
<episode><epnum>7</epnum><seasonnum>07</seasonnum><prodnum></prodnum><airdate>1954-04-13</airdate><link>http://www.tvrage.com/shows/id-10178/episodes/347699</link><title>Episode 7</title></episode>
<episode><epnum>8</epnum><seasonnum>08</seasonnum><prodnum></prodnum><airdate>1954-04-14</airdate><link>http://www.tvrage.com/shows/id-10178/episodes/347700</link><title>Episode 8</title></episode>
<episode><epnum>9</epnum><seasonnum>09</seasonnum><prodnum></prodnum><airdate>1954-04-15</airdate><link>http://www.tvrage.com/shows/id-10178/episodes/347703</link><title>Episode 9</title></episode>
<episode><epnum>10</epnum><seasonnum>10</seasonnum><prodnum></prodnum><airdate>1954-04-16</airdate><link>http://www.tvrage.com/shows/id-10178/episodes/347704</link><title>Episode 10</title></episode>
<episode><epnum>11</epnum><seasonnum>11</seasonnum><prodnum></prodnum><airdate>1954-04-19</airdate><link>http://www.tvrage.com/shows/id-10178/episodes/347705</link><title>Episode 11</title></episode>
<episode><epnum>12</epnum><seasonnum>12</seasonnum><prodnum></prodnum><airdate>1954-04-20</airdate><link>http://www.tvrage.com/shows/id-10178/episodes/347714</link><title>Episode 12</title></episode>
<episode><epnum>13</epnum><seasonnum>13</seasonnum><prodnum></prodnum><airdate>1954-04-21</airdate><link>http://www.tvrage.com/shows/id-10178/episodes/347716</link><title>Episode 13</title></episode>
<episode><epnum>14</epnum><seasonnum>14</seasonnum><prodnum></prodnum><airdate>1954-04-22</airdate><link>http://www.tvrage.com/shows/id-10178/episodes/347719</link><title>Episode 14</title></episode>
<episode><epnum>15</epnum><seasonnum>15</seasonnum><prodnum></prodnum><airdate>1954-04-23</airdate><link>http://www.tvrage.com/shows/id-10178/episodes/347720</link><title>Episode 15</title></episode>
<episode><epnum>16</epnum><seasonnum>16</seasonnum><prodnum></prodnum><airdate>1954-04-26</airdate><link>http://www.tvrage.com/shows/id-10178/episodes/347721</link><title>Episode 16</title></episode>
<episode><epnum>17</epnum><seasonnum>17</seasonnum><prodnum></prodnum><airdate>1954-04-27</airdate><link>http://www.tvrage.com/shows/id-10178/episodes/347725</link><title>Episode 17</title></episode>
<episode><epnum>18</epnum><seasonnum>18</seasonnum><prodnum></prodnum><airdate>1954-04-28</airdate><link>http://www.tvrage.com/shows/id-10178/episodes/347726</link><title>Episode 18</title></episode>
<episode><epnum>19</epnum><seasonnum>19</seasonnum><prodnum></prodnum><airdate>1954-04-29</airdate><link>http://www.tvrage.com/shows/id-10178/episodes/347727</link><title>Episode 19</title></episode>
<episode><epnum>20</epnum><seasonnum>20</seasonnum><prodnum></prodnum><airdate>1954-04-30</airdate><link>http://www.tvrage.com/shows/id-10178/episodes/347728</link><title>Episode 20</title></episode>
<episode><epnum>21</epnum><seasonnum>21</seasonnum><prodnum></prodnum><airdate>1954-05-03</airdate><link>http://www.tvrage.com/shows/id-10178/episodes/347729</link><title>Episode 21</title></episode>
<episode><epnum>22</epnum><seasonnum>22</seasonnum><prodnum></prodnum><airdate>1954-05-04</airdate><link>http://www.tvrage.com/shows/id-10178/episodes/347730</link><title>Episode 22</title></episode>
<episode><epnum>23</epnum><seasonnum>23</seasonnum><prodnum></prodnum><airdate>1954-05-05</airdate><link>http://www.tvrage.com/shows/id-10178/episodes/347732</link><title>Episode 23</title></episode>
<episode><epnum>24</epnum><seasonnum>24</seasonnum><prodnum></prodnum><airdate>1954-05-06</airdate><link>http://www.tvrage.com/shows/id-10178/episodes/347733</link><title>Episode 24</title></episode>
<episode><epnum>25</epnum><seasonnum>25</seasonnum><prodnum></prodnum><airdate>1954-05-07</airdate><link>http://www.tvrage.com/shows/id-10178/episodes/347734</link><title>Episode 25</title></episode>
<episode><epnum>26</epnum><seasonnum>26</seasonnum><prodnum></prodnum><airdate>1954-05-10</airdate><link>http://www.tvrage.com/shows/id-10178/episodes/347735</link><title>Episode 26</title></episode>
<episode><epnum>27</epnum><seasonnum>27</seasonnum><prodnum></prodnum><airdate>1954-05-11</airdate><link>http://www.tvrage.com/shows/id-10178/episodes/347736</link><title>Episode 27</title></episode>
<episode><epnum>28</epnum><seasonnum>28</seasonnum><prodnum></prodnum><airdate>1954-05-12</airdate><link>http://www.tvrage.com/shows/id-10178/episodes/347737</link><title>Episode 28</title></episode>
<episode><epnum>29</epnum><seasonnum>29</seasonnum><prodnum></prodnum><airdate>1954-05-13</airdate><link>http://www.tvrage.com/shows/id-10178/episodes/347738</link><title>Episode 29</title></episode>
<episode><epnum>30</epnum><seasonnum>30</seasonnum><prodnum></prodnum><airdate>1954-05-14</airdate><link>http://www.tvrage.com/shows/id-10178/episodes/347739</link><title>Episode 30</title></episode>
<episode><epnum>31</epnum><seasonnum>31</seasonnum><prodnum></prodnum><airdate>1954-05-17</airdate><link>http://www.tvrage.com/shows/id-10178/episodes/347740</link><title>Episode 31</title></episode>
<episode><epnum>32</epnum><seasonnum>32</seasonnum><prodnum></prodnum><airdate>1954-05-18</airdate><link>http://www.tvrage.com/shows/id-10178/episodes/347743</link><title>Episode 32</title></episode>
<episode><epnum>33</epnum><seasonnum>33</seasonnum><prodnum></prodnum><airdate>1954-05-19</airdate><link>http://www.tvrage.com/shows/id-10178/episodes/347744</link><title>Episode 33</title></episode>
<episode><epnum>34</epnum><seasonnum>34</seasonnum><prodnum></prodnum><airdate>1954-05-20</airdate><link>http://www.tvrage.com/shows/id-10178/episodes/347745</link><title>Episode 34</title></episode>
<episode><epnum>35</epnum><seasonnum>35</seasonnum><prodnum></prodnum><airdate>1954-05-21</airdate><link>http://www.tvrage.com/shows/id-10178/episodes/347748</link><title>Episode 35</title></episode>
<episode><epnum>36</epnum><seasonnum>36</seasonnum><prodnum></prodnum><airdate>1954-05-24</airdate><link>http://www.tvrage.com/shows/id-10178/episodes/347750</link><title>Episode 36</title></episode>
<episode><epnum>37</epnum><seasonnum>37</seasonnum><prodnum></prodnum><airdate>1954-05-25</airdate><link>http://www.tvrage.com/shows/id-10178/episodes/347751</link><title>Episode 37</title></episode>
<episode><epnum>38</epnum><seasonnum>38</seasonnum><prodnum></prodnum><airdate>1954-05-26</airdate><link>http://www.tvrage.com/shows/id-10178/episodes/347752</link><title>Episode 38</title></episode>
<episode><epnum>39</epnum><seasonnum>39</seasonnum><prodnum></prodnum><airdate>1954-05-27</airdate><link>http://www.tvrage.com/shows/id-10178/episodes/347754</link><title>Episode 39</title></episode>
<episode><epnum>40</epnum><seasonnum>40</seasonnum><prodnum></prodnum><airdate>1954-05-28</airdate><link>http://www.tvrage.com/shows/id-10178/episodes/347755</link><title>Episode 40</title></episode>
<episode><epnum>41</epnum><seasonnum>41</seasonnum><prodnum></prodnum><airdate>1954-05-31</airdate><link>http://www.tvrage.com/shows/id-10178/episodes/347756</link><title>Episode 41</title></episode>
<episode><epnum>42</epnum><seasonnum>42</seasonnum><prodnum></prodnum><airdate>1954-06-01</airdate><link>http://www.tvrage.com/shows/id-10178/episodes/347758</link><title>Episode 42</title></episode>
<episode><epnum>43</epnum><seasonnum>43</seasonnum><prodnum></prodnum><airdate>1954-06-02</airdate><link>http://www.tvrage.com/shows/id-10178/episodes/347759</link><title>Episode 43</title></episode>
<episode><epnum>44</epnum><seasonnum>44</seasonnum><prodnum></prodnum><airdate>1954-06-03</airdate><link>http://www.tvrage.com/shows/id-10178/episodes/347760</link><title>Episode 44</title></episode>
<episode><epnum>45</epnum><seasonnum>45</seasonnum><prodnum></prodnum><airdate>1954-06-04</airdate><link>http://www.tvrage.com/shows/id-10178/episodes/347761</link><title>Episode 45</title></episode>
<episode><epnum>46</epnum><seasonnum>46</seasonnum><prodnum></prodnum><airdate>1954-06-07</airdate><link>http://www.tvrage.com/shows/id-10178/episodes/347764</link><title>Episode 46</title></episode>
<episode><epnum>47</epnum><seasonnum>47</seasonnum><prodnum></prodnum><airdate>1954-06-08</airdate><link>http://www.tvrage.com/shows/id-10178/episodes/347765</link><title>Episode 47</title></episode>
<episode><epnum>48</epnum><seasonnum>48</seasonnum><prodnum></prodnum><airdate>1954-06-09</airdate><link>http://www.tvrage.com/shows/id-10178/episodes/347766</link><title>Episode 48</title></episode>
<episode><epnum>49</epnum><seasonnum>49</seasonnum><prodnum></prodnum><airdate>1954-06-10</airdate><link>http://www.tvrage.com/shows/id-10178/episodes/347767</link><title>Episode 49</title></episode>
<episode><epnum>50</epnum><seasonnum>50</seasonnum><prodnum></prodnum><airdate>1954-06-11</airdate><link>http://www.tvrage.com/shows/id-10178/episodes/347768</link><title>Episode 50</title></episode>
<episode><epnum>51</epnum><seasonnum>51</seasonnum><prodnum></prodnum><airdate>1954-06-14</airdate><link>http://www.tvrage.com/shows/id-10178/episodes/347770</link><title>Episode 51</title></episode>
<episode><epnum>52</epnum><seasonnum>52</seasonnum><prodnum></prodnum><airdate>1954-06-15</airdate><link>http://www.tvrage.com/shows/id-10178/episodes/347771</link><title>Episode 52</title></episode>
<episode><epnum>53</epnum><seasonnum>53</seasonnum><prodnum></prodnum><airdate>1954-06-16</airdate><link>http://www.tvrage.com/shows/id-10178/episodes/347772</link><title>Episode 53</title></episode>
<episode><epnum>54</epnum><seasonnum>54</seasonnum><prodnum></prodnum><airdate>1954-06-17</airdate><link>http://www.tvrage.com/shows/id-10178/episodes/347773</link><title>Episode 54</title></episode>
<episode><epnum>55</epnum><seasonnum>55</seasonnum><prodnum></prodnum><airdate>1954-06-18</airdate><link>http://www.tvrage.com/shows/id-10178/episodes/347774</link><title>Episode 55</title></episode>
<episode><epnum>56</epnum><seasonnum>56</seasonnum><prodnum></prodnum><airdate>1954-06-21</airdate><link>http://www.tvrage.com/shows/id-10178/episodes/347775</link><title>Episode 56</title></episode>
<episode><epnum>57</epnum><seasonnum>57</seasonnum><prodnum></prodnum><airdate>1954-06-22</airdate><link>http://www.tvrage.com/shows/id-10178/episodes/347776</link><title>Episode 57</title></episode>
<episode><epnum>58</epnum><seasonnum>58</seasonnum><prodnum></prodnum><airdate>1954-06-23</airdate><link>http://www.tvrage.com/shows/id-10178/episodes/347777</link><title>Episode 58</title></episode>
<episode><epnum>59</epnum><seasonnum>59</seasonnum><prodnum></prodnum><airdate>1954-06-24</airdate><link>http://www.tvrage.com/shows/id-10178/episodes/347778</link><title>Episode 59</title></episode>
<episode><epnum>60</epnum><seasonnum>60</seasonnum><prodnum></prodnum><airdate>1954-06-25</airdate><link>http://www.tvrage.com/shows/id-10178/episodes/347779</link><title>Episode 60</title></episode>
<episode><epnum>61</epnum><seasonnum>61</seasonnum><prodnum></prodnum><airdate>1954-06-28</airdate><link>http://www.tvrage.com/shows/id-10178/episodes/347781</link><title>Episode 61</title></episode>
<episode><epnum>62</epnum><seasonnum>62</seasonnum><prodnum></prodnum><airdate>1954-06-29</airdate><link>http://www.tvrage.com/shows/id-10178/episodes/347782</link><title>Episode 62</title></episode>
<episode><epnum>63</epnum><seasonnum>63</seasonnum><prodnum></prodnum><airdate>1954-06-30</airdate><link>http://www.tvrage.com/shows/id-10178/episodes/347783</link><title>Episode 63</title></episode>
<episode><epnum>64</epnum><seasonnum>64</seasonnum><prodnum></prodnum><airdate>1954-07-01</airdate><link>http://www.tvrage.com/shows/id-10178/episodes/347784</link><title>Episode 64</title></episode>
<episode><epnum>65</epnum><seasonnum>65</seasonnum><prodnum></prodnum><airdate>1954-07-02</airdate><link>http://www.tvrage.com/shows/id-10178/episodes/347785</link><title>Episode 65</title></episode>
<episode><epnum>66</epnum><seasonnum>66</seasonnum><prodnum></prodnum><airdate>1954-07-05</airdate><link>http://www.tvrage.com/shows/id-10178/episodes/347786</link><title>Episode 66</title></episode>
<episode><epnum>67</epnum><seasonnum>67</seasonnum><prodnum></prodnum><airdate>1954-07-06</airdate><link>http://www.tvrage.com/shows/id-10178/episodes/347787</link><title>Episode 67</title></episode>
<episode><epnum>68</epnum><seasonnum>68</seasonnum><prodnum></prodnum><airdate>1954-07-07</airdate><link>http://www.tvrage.com/shows/id-10178/episodes/347788</link><title>Episode 68</title></episode>
<episode><epnum>69</epnum><seasonnum>69</seasonnum><prodnum></prodnum><airdate>1954-07-08</airdate><link>http://www.tvrage.com/shows/id-10178/episodes/347789</link><title>Episode 69</title></episode>
<episode><epnum>70</epnum><seasonnum>70</seasonnum><prodnum></prodnum><airdate>1954-07-09</airdate><link>http://www.tvrage.com/shows/id-10178/episodes/347790</link><title>Episode 70</title></episode>
<episode><epnum>71</epnum><seasonnum>71</seasonnum><prodnum></prodnum><airdate>1954-07-12</airdate><link>http://www.tvrage.com/shows/id-10178/episodes/347791</link><title>Episode 71</title></episode>
<episode><epnum>72</epnum><seasonnum>72</seasonnum><prodnum></prodnum><airdate>1954-07-13</airdate><link>http://www.tvrage.com/shows/id-10178/episodes/347792</link><title>Episode 72</title></episode>
<episode><epnum>73</epnum><seasonnum>73</seasonnum><prodnum></prodnum><airdate>1954-07-14</airdate><link>http://www.tvrage.com/shows/id-10178/episodes/347793</link><title>Episode 73</title></episode>
<episode><epnum>74</epnum><seasonnum>74</seasonnum><prodnum></prodnum><airdate>1954-07-15</airdate><link>http://www.tvrage.com/shows/id-10178/episodes/347794</link><title>Episode 74</title></episode>
<episode><epnum>75</epnum><seasonnum>75</seasonnum><prodnum></prodnum><airdate>1954-07-16</airdate><link>http://www.tvrage.com/shows/id-10178/episodes/347795</link><title>Episode 75</title></episode>
<episode><epnum>76</epnum><seasonnum>76</seasonnum><prodnum></prodnum><airdate>1954-07-19</airdate><link>http://www.tvrage.com/shows/id-10178/episodes/347796</link><title>Episode 76</title></episode>
<episode><epnum>77</epnum><seasonnum>77</seasonnum><prodnum></prodnum><airdate>1954-07-20</airdate><link>http://www.tvrage.com/shows/id-10178/episodes/347797</link><title>Episode 77</title></episode>
<episode><epnum>78</epnum><seasonnum>78</seasonnum><prodnum></prodnum><airdate>1954-07-21</airdate><link>http://www.tvrage.com/shows/id-10178/episodes/347798</link><title>Episode 78</title></episode>
<episode><epnum>79</epnum><seasonnum>79</seasonnum><prodnum></prodnum><airdate>1954-07-22</airdate><link>http://www.tvrage.com/shows/id-10178/episodes/347799</link><title>Episode 79</title></episode>
<episode><epnum>80</epnum><seasonnum>80</seasonnum><prodnum></prodnum><airdate>1954-07-23</airdate><link>http://www.tvrage.com/shows/id-10178/episodes/347800</link><title>Episode 80</title></episode>
<episode><epnum>81</epnum><seasonnum>81</seasonnum><prodnum></prodnum><airdate>1954-07-26</airdate><link>http://www.tvrage.com/shows/id-10178/episodes/347801</link><title>Episode 81</title></episode>
<episode><epnum>82</epnum><seasonnum>82</seasonnum><prodnum></prodnum><airdate>1954-07-27</airdate><link>http://www.tvrage.com/shows/id-10178/episodes/347802</link><title>Episode 82</title></episode>
<episode><epnum>83</epnum><seasonnum>83</seasonnum><prodnum></prodnum><airdate>1954-07-28</airdate><link>http://www.tvrage.com/shows/id-10178/episodes/347803</link><title>Episode 83</title></episode>
<episode><epnum>84</epnum><seasonnum>84</seasonnum><prodnum></prodnum><airdate>1954-07-29</airdate><link>http://www.tvrage.com/shows/id-10178/episodes/347804</link><title>Episode 84</title></episode>
<episode><epnum>85</epnum><seasonnum>85</seasonnum><prodnum></prodnum><airdate>1954-07-30</airdate><link>http://www.tvrage.com/shows/id-10178/episodes/347805</link><title>Episode 85</title></episode>
<episode><epnum>86</epnum><seasonnum>86</seasonnum><prodnum></prodnum><airdate>1954-08-02</airdate><link>http://www.tvrage.com/shows/id-10178/episodes/347806</link><title>Episode 86</title></episode>
<episode><epnum>87</epnum><seasonnum>87</seasonnum><prodnum></prodnum><airdate>1954-08-03</airdate><link>http://www.tvrage.com/shows/id-10178/episodes/347807</link><title>Episode 87</title></episode>
<episode><epnum>88</epnum><seasonnum>88</seasonnum><prodnum></prodnum><airdate>1954-08-04</airdate><link>http://www.tvrage.com/shows/id-10178/episodes/347808</link><title>Episode 88</title></episode>
<episode><epnum>89</epnum><seasonnum>89</seasonnum><prodnum></prodnum><airdate>1954-08-05</airdate><link>http://www.tvrage.com/shows/id-10178/episodes/347809</link><title>Episode 89</title></episode>
<episode><epnum>90</epnum><seasonnum>90</seasonnum><prodnum></prodnum><airdate>1954-08-06</airdate><link>http://www.tvrage.com/shows/id-10178/episodes/347810</link><title>Episode 90</title></episode>
<episode><epnum>91</epnum><seasonnum>91</seasonnum><prodnum></prodnum><airdate>1954-08-09</airdate><link>http://www.tvrage.com/shows/id-10178/episodes/347811</link><title>Episode 91</title></episode>
<episode><epnum>92</epnum><seasonnum>92</seasonnum><prodnum></prodnum><airdate>1954-08-10</airdate><link>http://www.tvrage.com/shows/id-10178/episodes/347812</link><title>Episode 92</title></episode>
<episode><epnum>93</epnum><seasonnum>93</seasonnum><prodnum></prodnum><airdate>1954-08-11</airdate><link>http://www.tvrage.com/shows/id-10178/episodes/347813</link><title>Episode 93</title></episode>
<episode><epnum>94</epnum><seasonnum>94</seasonnum><prodnum></prodnum><airdate>1954-08-12</airdate><link>http://www.tvrage.com/shows/id-10178/episodes/347814</link><title>Episode 94</title></episode>
<episode><epnum>95</epnum><seasonnum>95</seasonnum><prodnum></prodnum><airdate>1954-08-13</airdate><link>http://www.tvrage.com/shows/id-10178/episodes/347815</link><title>Episode 95</title></episode>
<episode><epnum>96</epnum><seasonnum>96</seasonnum><prodnum></prodnum><airdate>1954-08-16</airdate><link>http://www.tvrage.com/shows/id-10178/episodes/347816</link><title>Episode 96</title></episode>
<episode><epnum>97</epnum><seasonnum>97</seasonnum><prodnum></prodnum><airdate>1954-08-17</airdate><link>http://www.tvrage.com/shows/id-10178/episodes/347817</link><title>Episode 97</title></episode>
<episode><epnum>98</epnum><seasonnum>98</seasonnum><prodnum></prodnum><airdate>1954-08-18</airdate><link>http://www.tvrage.com/shows/id-10178/episodes/347818</link><title>Episode 98</title></episode>
<episode><epnum>99</epnum><seasonnum>99</seasonnum><prodnum></prodnum><airdate>1954-08-19</airdate><link>http://www.tvrage.com/shows/id-10178/episodes/347819</link><title>Episode 99</title></episode>
<episode><epnum>100</epnum><seasonnum>100</seasonnum><prodnum></prodnum><airdate>1954-08-20</airdate><link>http://www.tvrage.com/shows/id-10178/episodes/347820</link><title>Episode 100</title></episode>
<episode><epnum>101</epnum><seasonnum>101</seasonnum><prodnum></prodnum><airdate>1954-08-23</airdate><link>http://www.tvrage.com/shows/id-10178/episodes/347821</link><title>Episode 101</title></episode>
<episode><epnum>102</epnum><seasonnum>102</seasonnum><prodnum></prodnum><airdate>1954-08-24</airdate><link>http://www.tvrage.com/shows/id-10178/episodes/347822</link><title>Episode 102</title></episode>
<episode><epnum>103</epnum><seasonnum>103</seasonnum><prodnum></prodnum><airdate>1954-08-25</airdate><link>http://www.tvrage.com/shows/id-10178/episodes/347823</link><title>Episode 103</title></episode>
<episode><epnum>104</epnum><seasonnum>104</seasonnum><prodnum></prodnum><airdate>1954-08-26</airdate><link>http://www.tvrage.com/shows/id-10178/episodes/347824</link><title>Episode 104</title></episode>
<episode><epnum>105</epnum><seasonnum>105</seasonnum><prodnum></prodnum><airdate>1954-08-27</airdate><link>http://www.tvrage.com/shows/id-10178/episodes/347825</link><title>Episode 105</title></episode>
<episode><epnum>106</epnum><seasonnum>106</seasonnum><prodnum></prodnum><airdate>1954-08-30</airdate><link>http://www.tvrage.com/shows/id-10178/episodes/347826</link><title>Episode 106</title></episode>
<episode><epnum>107</epnum><seasonnum>107</seasonnum><prodnum></prodnum><airdate>1954-08-31</airdate><link>http://www.tvrage.com/shows/id-10178/episodes/347827</link><title>Episode 107</title></episode>
<episode><epnum>108</epnum><seasonnum>108</seasonnum><prodnum></prodnum><airdate>1954-09-01</airdate><link>http://www.tvrage.com/shows/id-10178/episodes/347828</link><title>Episode 108</title></episode>
<episode><epnum>109</epnum><seasonnum>109</seasonnum><prodnum></prodnum><airdate>1954-09-02</airdate><link>http://www.tvrage.com/shows/id-10178/episodes/347829</link><title>Episode 109</title></episode>
<episode><epnum>110</epnum><seasonnum>110</seasonnum><prodnum></prodnum><airdate>1954-09-03</airdate><link>http://www.tvrage.com/shows/id-10178/episodes/347830</link><title>Episode 110</title></episode>
<episode><epnum>111</epnum><seasonnum>111</seasonnum><prodnum></prodnum><airdate>1954-09-06</airdate><link>http://www.tvrage.com/shows/id-10178/episodes/347850</link><title>Episode 111</title></episode>
<episode><epnum>112</epnum><seasonnum>112</seasonnum><prodnum></prodnum><airdate>1954-09-07</airdate><link>http://www.tvrage.com/shows/id-10178/episodes/347851</link><title>Episode 112</title></episode>
<episode><epnum>113</epnum><seasonnum>113</seasonnum><prodnum></prodnum><airdate>1954-09-08</airdate><link>http://www.tvrage.com/shows/id-10178/episodes/347852</link><title>Episode 113</title></episode>
<episode><epnum>114</epnum><seasonnum>114</seasonnum><prodnum></prodnum><airdate>1954-09-09</airdate><link>http://www.tvrage.com/shows/id-10178/episodes/347853</link><title>Episode 114</title></episode>
<episode><epnum>115</epnum><seasonnum>115</seasonnum><prodnum></prodnum><airdate>1954-09-10</airdate><link>http://www.tvrage.com/shows/id-10178/episodes/347854</link><title>Episode 115</title></episode>
<episode><epnum>116</epnum><seasonnum>116</seasonnum><prodnum></prodnum><airdate>1954-09-13</airdate><link>http://www.tvrage.com/shows/id-10178/episodes/347855</link><title>Episode 116</title></episode>
<episode><epnum>117</epnum><seasonnum>117</seasonnum><prodnum></prodnum><airdate>1954-09-14</airdate><link>http://www.tvrage.com/shows/id-10178/episodes/347856</link><title>Episode 117</title></episode>
<episode><epnum>118</epnum><seasonnum>118</seasonnum><prodnum></prodnum><airdate>1954-09-15</airdate><link>http://www.tvrage.com/shows/id-10178/episodes/347857</link><title>Episode 118</title></episode>
<episode><epnum>119</epnum><seasonnum>119</seasonnum><prodnum></prodnum><airdate>1954-09-16</airdate><link>http://www.tvrage.com/shows/id-10178/episodes/347858</link><title>Episode 119</title></episode>
<episode><epnum>120</epnum><seasonnum>120</seasonnum><prodnum></prodnum><airdate>1954-09-17</airdate><link>http://www.tvrage.com/shows/id-10178/episodes/347859</link><title>Episode 120</title></episode>
<episode><epnum>121</epnum><seasonnum>121</seasonnum><prodnum></prodnum><airdate>1954-09-20</airdate><link>http://www.tvrage.com/shows/id-10178/episodes/347860</link><title>Episode 121</title></episode>
<episode><epnum>122</epnum><seasonnum>122</seasonnum><prodnum></prodnum><airdate>1954-09-21</airdate><link>http://www.tvrage.com/shows/id-10178/episodes/347861</link><title>Episode 122</title></episode>
<episode><epnum>123</epnum><seasonnum>123</seasonnum><prodnum></prodnum><airdate>1954-09-22</airdate><link>http://www.tvrage.com/shows/id-10178/episodes/347862</link><title>Episode 123</title></episode>
<episode><epnum>124</epnum><seasonnum>124</seasonnum><prodnum></prodnum><airdate>1954-09-23</airdate><link>http://www.tvrage.com/shows/id-10178/episodes/347863</link><title>Episode 124</title></episode>
<episode><epnum>125</epnum><seasonnum>125</seasonnum><prodnum></prodnum><airdate>1954-09-24</airdate><link>http://www.tvrage.com/shows/id-10178/episodes/347864</link><title>Episode 125</title></episode>
<episode><epnum>126</epnum><seasonnum>126</seasonnum><prodnum></prodnum><airdate>1954-09-27</airdate><link>http://www.tvrage.com/shows/id-10178/episodes/347865</link><title>Episode 126</title></episode>
<episode><epnum>127</epnum><seasonnum>127</seasonnum><prodnum></prodnum><airdate>1954-09-28</airdate><link>http://www.tvrage.com/shows/id-10178/episodes/347866</link><title>Episode 127</title></episode>
<episode><epnum>128</epnum><seasonnum>128</seasonnum><prodnum></prodnum><airdate>1954-09-29</airdate><link>http://www.tvrage.com/shows/id-10178/episodes/347867</link><title>Episode 128</title></episode>
<episode><epnum>129</epnum><seasonnum>129</seasonnum><prodnum></prodnum><airdate>1954-09-30</airdate><link>http://www.tvrage.com/shows/id-10178/episodes/347868</link><title>Episode 129</title></episode>
<episode><epnum>130</epnum><seasonnum>130</seasonnum><prodnum></prodnum><airdate>1954-10-01</airdate><link>http://www.tvrage.com/shows/id-10178/episodes/347869</link><title>Episode 130</title></episode>
<episode><epnum>131</epnum><seasonnum>131</seasonnum><prodnum></prodnum><airdate>1954-10-04</airdate><link>http://www.tvrage.com/shows/id-10178/episodes/347870</link><title>Episode 131</title></episode>
<episode><epnum>132</epnum><seasonnum>132</seasonnum><prodnum></prodnum><airdate>1954-10-05</airdate><link>http://www.tvrage.com/shows/id-10178/episodes/347871</link><title>Episode 132</title></episode>
<episode><epnum>133</epnum><seasonnum>133</seasonnum><prodnum></prodnum><airdate>1954-10-06</airdate><link>http://www.tvrage.com/shows/id-10178/episodes/347872</link><title>Episode 133</title></episode>
<episode><epnum>134</epnum><seasonnum>134</seasonnum><prodnum></prodnum><airdate>1954-10-07</airdate><link>http://www.tvrage.com/shows/id-10178/episodes/347873</link><title>Episode 134</title></episode>
<episode><epnum>135</epnum><seasonnum>135</seasonnum><prodnum></prodnum><airdate>1954-10-08</airdate><link>http://www.tvrage.com/shows/id-10178/episodes/347874</link><title>Episode 135</title></episode>
<episode><epnum>136</epnum><seasonnum>136</seasonnum><prodnum></prodnum><airdate>1954-10-11</airdate><link>http://www.tvrage.com/shows/id-10178/episodes/347875</link><title>Episode 136</title></episode>
<episode><epnum>137</epnum><seasonnum>137</seasonnum><prodnum></prodnum><airdate>1954-10-12</airdate><link>http://www.tvrage.com/shows/id-10178/episodes/347876</link><title>Episode 137</title></episode>
<episode><epnum>138</epnum><seasonnum>138</seasonnum><prodnum></prodnum><airdate>1954-10-13</airdate><link>http://www.tvrage.com/shows/id-10178/episodes/347877</link><title>Episode 138</title></episode>
<episode><epnum>139</epnum><seasonnum>139</seasonnum><prodnum></prodnum><airdate>1954-10-14</airdate><link>http://www.tvrage.com/shows/id-10178/episodes/347879</link><title>Episode 139</title></episode>
<episode><epnum>140</epnum><seasonnum>140</seasonnum><prodnum></prodnum><airdate>1954-10-15</airdate><link>http://www.tvrage.com/shows/id-10178/episodes/347880</link><title>Episode 140</title></episode>
<episode><epnum>141</epnum><seasonnum>141</seasonnum><prodnum></prodnum><airdate>1954-10-18</airdate><link>http://www.tvrage.com/shows/id-10178/episodes/347881</link><title>Episode 141</title></episode>
<episode><epnum>142</epnum><seasonnum>142</seasonnum><prodnum></prodnum><airdate>1954-10-19</airdate><link>http://www.tvrage.com/shows/id-10178/episodes/347882</link><title>Episode 142</title></episode>
<episode><epnum>143</epnum><seasonnum>143</seasonnum><prodnum></prodnum><airdate>1954-10-20</airdate><link>http://www.tvrage.com/shows/id-10178/episodes/347883</link><title>Episode 143</title></episode>
<episode><epnum>144</epnum><seasonnum>144</seasonnum><prodnum></prodnum><airdate>1954-10-21</airdate><link>http://www.tvrage.com/shows/id-10178/episodes/347884</link><title>Episode 144</title></episode>
<episode><epnum>145</epnum><seasonnum>145</seasonnum><prodnum></prodnum><airdate>1954-10-22</airdate><link>http://www.tvrage.com/shows/id-10178/episodes/347885</link><title>Episode 145</title></episode>
<episode><epnum>146</epnum><seasonnum>146</seasonnum><prodnum></prodnum><airdate>1954-10-25</airdate><link>http://www.tvrage.com/shows/id-10178/episodes/347886</link><title>Episode 146</title></episode>
<episode><epnum>147</epnum><seasonnum>147</seasonnum><prodnum></prodnum><airdate>1954-10-26</airdate><link>http://www.tvrage.com/shows/id-10178/episodes/347887</link><title>Episode 147</title></episode>
<episode><epnum>148</epnum><seasonnum>148</seasonnum><prodnum></prodnum><airdate>1954-10-27</airdate><link>http://www.tvrage.com/shows/id-10178/episodes/347888</link><title>Episode 148</title></episode>
<episode><epnum>149</epnum><seasonnum>149</seasonnum><prodnum></prodnum><airdate>1954-10-28</airdate><link>http://www.tvrage.com/shows/id-10178/episodes/347889</link><title>Episode 149</title></episode>
<episode><epnum>150</epnum><seasonnum>150</seasonnum><prodnum></prodnum><airdate>1954-10-29</airdate><link>http://www.tvrage.com/shows/id-10178/episodes/347890</link><title>Episode 150</title></episode>
<episode><epnum>151</epnum><seasonnum>151</seasonnum><prodnum></prodnum><airdate>1954-11-01</airdate><link>http://www.tvrage.com/shows/id-10178/episodes/347891</link><title>Episode 151</title></episode>
<episode><epnum>152</epnum><seasonnum>152</seasonnum><prodnum></prodnum><airdate>1954-11-02</airdate><link>http://www.tvrage.com/shows/id-10178/episodes/347892</link><title>Episode 152</title></episode>
<episode><epnum>153</epnum><seasonnum>153</seasonnum><prodnum></prodnum><airdate>1954-11-03</airdate><link>http://www.tvrage.com/shows/id-10178/episodes/347893</link><title>Episode 153</title></episode>
<episode><epnum>154</epnum><seasonnum>154</seasonnum><prodnum></prodnum><airdate>1954-11-04</airdate><link>http://www.tvrage.com/shows/id-10178/episodes/347894</link><title>Episode 154</title></episode>
<episode><epnum>155</epnum><seasonnum>155</seasonnum><prodnum></prodnum><airdate>1954-11-05</airdate><link>http://www.tvrage.com/shows/id-10178/episodes/347895</link><title>Episode 155</title></episode>
<episode><epnum>156</epnum><seasonnum>156</seasonnum><prodnum></prodnum><airdate>1954-11-08</airdate><link>http://www.tvrage.com/shows/id-10178/episodes/347896</link><title>Episode 156</title></episode>
<episode><epnum>157</epnum><seasonnum>157</seasonnum><prodnum></prodnum><airdate>1954-11-09</airdate><link>http://www.tvrage.com/shows/id-10178/episodes/347897</link><title>Episode 157</title></episode>
<episode><epnum>158</epnum><seasonnum>158</seasonnum><prodnum></prodnum><airdate>1954-11-10</airdate><link>http://www.tvrage.com/shows/id-10178/episodes/347898</link><title>Episode 158</title></episode>
<episode><epnum>159</epnum><seasonnum>159</seasonnum><prodnum></prodnum><airdate>1954-11-11</airdate><link>http://www.tvrage.com/shows/id-10178/episodes/347899</link><title>Episode 159</title></episode>
<episode><epnum>160</epnum><seasonnum>160</seasonnum><prodnum></prodnum><airdate>1954-11-12</airdate><link>http://www.tvrage.com/shows/id-10178/episodes/347900</link><title>Episode 160</title></episode>
<episode><epnum>161</epnum><seasonnum>161</seasonnum><prodnum></prodnum><airdate>1954-11-15</airdate><link>http://www.tvrage.com/shows/id-10178/episodes/347901</link><title>Episode 161</title></episode>
<episode><epnum>162</epnum><seasonnum>162</seasonnum><prodnum></prodnum><airdate>1954-11-16</airdate><link>http://www.tvrage.com/shows/id-10178/episodes/347902</link><title>Episode 162</title></episode>
<episode><epnum>163</epnum><seasonnum>163</seasonnum><prodnum></prodnum><airdate>1954-11-17</airdate><link>http://www.tvrage.com/shows/id-10178/episodes/347903</link><title>Episode 163</title></episode>
<episode><epnum>164</epnum><seasonnum>164</seasonnum><prodnum></prodnum><airdate>1954-11-18</airdate><link>http://www.tvrage.com/shows/id-10178/episodes/347904</link><title>Episode 164</title></episode>
<episode><epnum>165</epnum><seasonnum>165</seasonnum><prodnum></prodnum><airdate>1954-11-19</airdate><link>http://www.tvrage.com/shows/id-10178/episodes/347905</link><title>Episode 165</title></episode>
<episode><epnum>166</epnum><seasonnum>166</seasonnum><prodnum></prodnum><airdate>1954-11-22</airdate><link>http://www.tvrage.com/shows/id-10178/episodes/347906</link><title>Episode 166</title></episode>
<episode><epnum>167</epnum><seasonnum>167</seasonnum><prodnum></prodnum><airdate>1954-11-23</airdate><link>http://www.tvrage.com/shows/id-10178/episodes/347907</link><title>Episode 167</title></episode>
<episode><epnum>168</epnum><seasonnum>168</seasonnum><prodnum></prodnum><airdate>1954-11-24</airdate><link>http://www.tvrage.com/shows/id-10178/episodes/347908</link><title>Episode 168</title></episode>
<episode><epnum>169</epnum><seasonnum>169</seasonnum><prodnum></prodnum><airdate>1954-11-26</airdate><link>http://www.tvrage.com/shows/id-10178/episodes/347909</link><title>Episode 169</title></episode>
<episode><epnum>170</epnum><seasonnum>170</seasonnum><prodnum></prodnum><airdate>1954-11-29</airdate><link>http://www.tvrage.com/shows/id-10178/episodes/347910</link><title>Episode 170</title></episode>
<episode><epnum>171</epnum><seasonnum>171</seasonnum><prodnum></prodnum><airdate>1954-11-30</airdate><link>http://www.tvrage.com/shows/id-10178/episodes/347911</link><title>Episode 171</title></episode>
<episode><epnum>172</epnum><seasonnum>172</seasonnum><prodnum></prodnum><airdate>1954-12-01</airdate><link>http://www.tvrage.com/shows/id-10178/episodes/347912</link><title>Episode 172</title></episode>
<episode><epnum>173</epnum><seasonnum>173</seasonnum><prodnum></prodnum><airdate>1954-12-02</airdate><link>http://www.tvrage.com/shows/id-10178/episodes/347913</link><title>Episode 173</title></episode>
<episode><epnum>174</epnum><seasonnum>174</seasonnum><prodnum></prodnum><airdate>1954-12-03</airdate><link>http://www.tvrage.com/shows/id-10178/episodes/347914</link><title>Episode 174</title></episode>
<episode><epnum>175</epnum><seasonnum>175</seasonnum><prodnum></prodnum><airdate>1954-12-06</airdate><link>http://www.tvrage.com/shows/id-10178/episodes/347915</link><title>Episode 175</title></episode>
<episode><epnum>176</epnum><seasonnum>176</seasonnum><prodnum></prodnum><airdate>1954-12-07</airdate><link>http://www.tvrage.com/shows/id-10178/episodes/347916</link><title>Episode 176</title></episode>
<episode><epnum>177</epnum><seasonnum>177</seasonnum><prodnum></prodnum><airdate>1954-12-08</airdate><link>http://www.tvrage.com/shows/id-10178/episodes/347917</link><title>Episode 177</title></episode>
<episode><epnum>178</epnum><seasonnum>178</seasonnum><prodnum></prodnum><airdate>1954-12-09</airdate><link>http://www.tvrage.com/shows/id-10178/episodes/347918</link><title>Episode 178</title></episode>
<episode><epnum>179</epnum><seasonnum>179</seasonnum><prodnum></prodnum><airdate>1954-12-10</airdate><link>http://www.tvrage.com/shows/id-10178/episodes/347919</link><title>Episode 179</title></episode>
<episode><epnum>180</epnum><seasonnum>180</seasonnum><prodnum></prodnum><airdate>1954-12-13</airdate><link>http://www.tvrage.com/shows/id-10178/episodes/347920</link><title>Episode 180</title></episode>
<episode><epnum>181</epnum><seasonnum>181</seasonnum><prodnum></prodnum><airdate>1954-12-14</airdate><link>http://www.tvrage.com/shows/id-10178/episodes/347921</link><title>Episode 181</title></episode>
<episode><epnum>182</epnum><seasonnum>182</seasonnum><prodnum></prodnum><airdate>1954-12-15</airdate><link>http://www.tvrage.com/shows/id-10178/episodes/347922</link><title>Episode 182</title></episode>
<episode><epnum>183</epnum><seasonnum>183</seasonnum><prodnum></prodnum><airdate>1954-12-16</airdate><link>http://www.tvrage.com/shows/id-10178/episodes/347923</link><title>Episode 183</title></episode>
<episode><epnum>184</epnum><seasonnum>184</seasonnum><prodnum></prodnum><airdate>1954-12-17</airdate><link>http://www.tvrage.com/shows/id-10178/episodes/347924</link><title>Episode 184</title></episode>
<episode><epnum>185</epnum><seasonnum>185</seasonnum><prodnum></prodnum><airdate>1954-12-20</airdate><link>http://www.tvrage.com/shows/id-10178/episodes/347925</link><title>Episode 185</title></episode>
<episode><epnum>186</epnum><seasonnum>186</seasonnum><prodnum></prodnum><airdate>1954-12-21</airdate><link>http://www.tvrage.com/shows/id-10178/episodes/347926</link><title>Episode 186</title></episode>
<episode><epnum>187</epnum><seasonnum>187</seasonnum><prodnum></prodnum><airdate>1954-12-22</airdate><link>http://www.tvrage.com/shows/id-10178/episodes/347927</link><title>Episode 187</title></episode>
<episode><epnum>188</epnum><seasonnum>188</seasonnum><prodnum></prodnum><airdate>1954-12-23</airdate><link>http://www.tvrage.com/shows/id-10178/episodes/347928</link><title>Episode 188</title></episode>
<episode><epnum>189</epnum><seasonnum>189</seasonnum><prodnum></prodnum><airdate>1954-12-24</airdate><link>http://www.tvrage.com/shows/id-10178/episodes/347929</link><title>Episode 189</title></episode>
<episode><epnum>190</epnum><seasonnum>190</seasonnum><prodnum></prodnum><airdate>1954-12-27</airdate><link>http://www.tvrage.com/shows/id-10178/episodes/347930</link><title>Episode 190</title></episode>
<episode><epnum>191</epnum><seasonnum>191</seasonnum><prodnum></prodnum><airdate>1954-12-28</airdate><link>http://www.tvrage.com/shows/id-10178/episodes/347931</link><title>Episode 191</title></episode>
<episode><epnum>192</epnum><seasonnum>192</seasonnum><prodnum></prodnum><airdate>1954-12-29</airdate><link>http://www.tvrage.com/shows/id-10178/episodes/347932</link><title>Episode 192</title></episode>
<episode><epnum>193</epnum><seasonnum>193</seasonnum><prodnum></prodnum><airdate>1954-12-30</airdate><link>http://www.tvrage.com/shows/id-10178/episodes/347933</link><title>Episode 193</title></episode>
<episode><epnum>194</epnum><seasonnum>194</seasonnum><prodnum></prodnum><airdate>1954-12-31</airdate><link>http://www.tvrage.com/shows/id-10178/episodes/347934</link><title>Episode 194</title></episode>
<episode><epnum>195</epnum><seasonnum>195</seasonnum><prodnum></prodnum><airdate>1955-01-03</airdate><link>http://www.tvrage.com/shows/id-10178/episodes/347935</link><title>Episode 195</title></episode>
<episode><epnum>196</epnum><seasonnum>196</seasonnum><prodnum></prodnum><airdate>1955-01-04</airdate><link>http://www.tvrage.com/shows/id-10178/episodes/347936</link><title>Episode 196</title></episode>
<episode><epnum>197</epnum><seasonnum>197</seasonnum><prodnum></prodnum><airdate>1955-01-05</airdate><link>http://www.tvrage.com/shows/id-10178/episodes/347937</link><title>Episode 197</title></episode>
<episode><epnum>198</epnum><seasonnum>198</seasonnum><prodnum></prodnum><airdate>1955-01-06</airdate><link>http://www.tvrage.com/shows/id-10178/episodes/347938</link><title>Episode 198</title></episode>
<episode><epnum>199</epnum><seasonnum>199</seasonnum><prodnum></prodnum><airdate>1955-01-07</airdate><link>http://www.tvrage.com/shows/id-10178/episodes/347939</link><title>Episode 199</title></episode>
<episode><epnum>200</epnum><seasonnum>200</seasonnum><prodnum></prodnum><airdate>1955-01-10</airdate><link>http://www.tvrage.com/shows/id-10178/episodes/347940</link><title>Episode 200</title></episode>
<episode><epnum>201</epnum><seasonnum>201</seasonnum><prodnum></prodnum><airdate>1955-01-11</airdate><link>http://www.tvrage.com/shows/id-10178/episodes/347941</link><title>Episode 201</title></episode>
<episode><epnum>202</epnum><seasonnum>202</seasonnum><prodnum></prodnum><airdate>1955-01-12</airdate><link>http://www.tvrage.com/shows/id-10178/episodes/347942</link><title>Episode 202</title></episode>
<episode><epnum>203</epnum><seasonnum>203</seasonnum><prodnum></prodnum><airdate>1955-01-13</airdate><link>http://www.tvrage.com/shows/id-10178/episodes/347943</link><title>Episode 203</title></episode>
<episode><epnum>204</epnum><seasonnum>204</seasonnum><prodnum></prodnum><airdate>1955-01-14</airdate><link>http://www.tvrage.com/shows/id-10178/episodes/347944</link><title>Episode 204</title></episode>
<episode><epnum>205</epnum><seasonnum>205</seasonnum><prodnum></prodnum><airdate>1955-01-17</airdate><link>http://www.tvrage.com/shows/id-10178/episodes/347957</link><title>Episode 205</title></episode>
<episode><epnum>206</epnum><seasonnum>206</seasonnum><prodnum></prodnum><airdate>1955-01-18</airdate><link>http://www.tvrage.com/shows/id-10178/episodes/347958</link><title>Episode 206</title></episode>
<episode><epnum>207</epnum><seasonnum>207</seasonnum><prodnum></prodnum><airdate>1955-01-19</airdate><link>http://www.tvrage.com/shows/id-10178/episodes/347959</link><title>Episode 207</title></episode>
<episode><epnum>208</epnum><seasonnum>208</seasonnum><prodnum></prodnum><airdate>1955-01-20</airdate><link>http://www.tvrage.com/shows/id-10178/episodes/347960</link><title>Episode 208</title></episode>
<episode><epnum>209</epnum><seasonnum>209</seasonnum><prodnum></prodnum><airdate>1955-01-21</airdate><link>http://www.tvrage.com/shows/id-10178/episodes/347961</link><title>Episode 209</title></episode>
<episode><epnum>210</epnum><seasonnum>210</seasonnum><prodnum></prodnum><airdate>1955-01-24</airdate><link>http://www.tvrage.com/shows/id-10178/episodes/347962</link><title>Episode 210</title></episode>
<episode><epnum>211</epnum><seasonnum>211</seasonnum><prodnum></prodnum><airdate>1955-01-25</airdate><link>http://www.tvrage.com/shows/id-10178/episodes/347963</link><title>Episode 211</title></episode>
<episode><epnum>212</epnum><seasonnum>212</seasonnum><prodnum></prodnum><airdate>1955-01-26</airdate><link>http://www.tvrage.com/shows/id-10178/episodes/347964</link><title>Episode 212</title></episode>
<episode><epnum>213</epnum><seasonnum>213</seasonnum><prodnum></prodnum><airdate>1955-01-27</airdate><link>http://www.tvrage.com/shows/id-10178/episodes/347965</link><title>Episode 213</title></episode>
<episode><epnum>214</epnum><seasonnum>214</seasonnum><prodnum></prodnum><airdate>1955-01-28</airdate><link>http://www.tvrage.com/shows/id-10178/episodes/347966</link><title>Episode 214</title></episode>
<episode><epnum>215</epnum><seasonnum>215</seasonnum><prodnum></prodnum><airdate>1955-01-31</airdate><link>http://www.tvrage.com/shows/id-10178/episodes/347967</link><title>Episode 215</title></episode>
<episode><epnum>216</epnum><seasonnum>216</seasonnum><prodnum></prodnum><airdate>1955-02-01</airdate><link>http://www.tvrage.com/shows/id-10178/episodes/347968</link><title>Episode 216</title></episode>
<episode><epnum>217</epnum><seasonnum>217</seasonnum><prodnum></prodnum><airdate>1955-02-02</airdate><link>http://www.tvrage.com/shows/id-10178/episodes/347969</link><title>Episode 217</title></episode>
<episode><epnum>218</epnum><seasonnum>218</seasonnum><prodnum></prodnum><airdate>1955-02-03</airdate><link>http://www.tvrage.com/shows/id-10178/episodes/347970</link><title>Episode 218</title></episode>
<episode><epnum>219</epnum><seasonnum>219</seasonnum><prodnum></prodnum><airdate>1955-02-04</airdate><link>http://www.tvrage.com/shows/id-10178/episodes/347971</link><title>Episode 219</title></episode>
<episode><epnum>220</epnum><seasonnum>220</seasonnum><prodnum></prodnum><airdate>1955-02-07</airdate><link>http://www.tvrage.com/shows/id-10178/episodes/347972</link><title>Episode 220</title></episode>
<episode><epnum>221</epnum><seasonnum>221</seasonnum><prodnum></prodnum><airdate>1955-02-08</airdate><link>http://www.tvrage.com/shows/id-10178/episodes/347973</link><title>Episode 221</title></episode>
<episode><epnum>222</epnum><seasonnum>222</seasonnum><prodnum></prodnum><airdate>1955-02-09</airdate><link>http://www.tvrage.com/shows/id-10178/episodes/347974</link><title>Episode 222</title></episode>
<episode><epnum>223</epnum><seasonnum>223</seasonnum><prodnum></prodnum><airdate>1955-02-10</airdate><link>http://www.tvrage.com/shows/id-10178/episodes/347975</link><title>Episode 223</title></episode>
<episode><epnum>224</epnum><seasonnum>224</seasonnum><prodnum></prodnum><airdate>1955-02-11</airdate><link>http://www.tvrage.com/shows/id-10178/episodes/347976</link><title>Episode 224</title></episode>
<episode><epnum>225</epnum><seasonnum>225</seasonnum><prodnum></prodnum><airdate>1955-02-14</airdate><link>http://www.tvrage.com/shows/id-10178/episodes/347977</link><title>Episode 225</title></episode>
<episode><epnum>226</epnum><seasonnum>226</seasonnum><prodnum></prodnum><airdate>1955-02-15</airdate><link>http://www.tvrage.com/shows/id-10178/episodes/347978</link><title>Episode 226</title></episode>
<episode><epnum>227</epnum><seasonnum>227</seasonnum><prodnum></prodnum><airdate>1955-02-16</airdate><link>http://www.tvrage.com/shows/id-10178/episodes/347979</link><title>Episode 227</title></episode>
<episode><epnum>228</epnum><seasonnum>228</seasonnum><prodnum></prodnum><airdate>1955-02-17</airdate><link>http://www.tvrage.com/shows/id-10178/episodes/347980</link><title>Episode 228</title></episode>
<episode><epnum>229</epnum><seasonnum>229</seasonnum><prodnum></prodnum><airdate>1955-02-18</airdate><link>http://www.tvrage.com/shows/id-10178/episodes/347981</link><title>Episode 229</title></episode>
<episode><epnum>230</epnum><seasonnum>230</seasonnum><prodnum></prodnum><airdate>1955-02-21</airdate><link>http://www.tvrage.com/shows/id-10178/episodes/347982</link><title>Episode 230</title></episode>
<episode><epnum>231</epnum><seasonnum>231</seasonnum><prodnum></prodnum><airdate>1955-02-22</airdate><link>http://www.tvrage.com/shows/id-10178/episodes/347983</link><title>Episode 231</title></episode>
<episode><epnum>232</epnum><seasonnum>232</seasonnum><prodnum></prodnum><airdate>1955-02-23</airdate><link>http://www.tvrage.com/shows/id-10178/episodes/347984</link><title>Episode 232</title></episode>
<episode><epnum>233</epnum><seasonnum>233</seasonnum><prodnum></prodnum><airdate>1955-02-24</airdate><link>http://www.tvrage.com/shows/id-10178/episodes/347985</link><title>Episode 233</title></episode>
<episode><epnum>234</epnum><seasonnum>234</seasonnum><prodnum></prodnum><airdate>1955-02-25</airdate><link>http://www.tvrage.com/shows/id-10178/episodes/347986</link><title>Episode 234</title></episode>
<episode><epnum>235</epnum><seasonnum>235</seasonnum><prodnum></prodnum><airdate>1955-02-28</airdate><link>http://www.tvrage.com/shows/id-10178/episodes/372930</link><title>Episode 235</title></episode>
<episode><epnum>236</epnum><seasonnum>236</seasonnum><prodnum></prodnum><airdate>1955-03-01</airdate><link>http://www.tvrage.com/shows/id-10178/episodes/372931</link><title>Episode 236</title></episode>
<episode><epnum>237</epnum><seasonnum>237</seasonnum><prodnum></prodnum><airdate>1955-03-02</airdate><link>http://www.tvrage.com/shows/id-10178/episodes/372932</link><title>Episode 237</title></episode>
<episode><epnum>238</epnum><seasonnum>238</seasonnum><prodnum></prodnum><airdate>1955-03-03</airdate><link>http://www.tvrage.com/shows/id-10178/episodes/372933</link><title>Episode 238</title></episode>
<episode><epnum>239</epnum><seasonnum>239</seasonnum><prodnum></prodnum><airdate>1955-03-04</airdate><link>http://www.tvrage.com/shows/id-10178/episodes/372934</link><title>Episode 239</title></episode>
<episode><epnum>240</epnum><seasonnum>240</seasonnum><prodnum></prodnum><airdate>1955-03-07</airdate><link>http://www.tvrage.com/shows/id-10178/episodes/372935</link><title>Episode 240</title></episode>
<episode><epnum>241</epnum><seasonnum>241</seasonnum><prodnum></prodnum><airdate>1955-03-08</airdate><link>http://www.tvrage.com/shows/id-10178/episodes/372936</link><title>Episode 241</title></episode>
<episode><epnum>242</epnum><seasonnum>242</seasonnum><prodnum></prodnum><airdate>1955-03-09</airdate><link>http://www.tvrage.com/shows/id-10178/episodes/372937</link><title>Episode 242</title></episode>
<episode><epnum>243</epnum><seasonnum>243</seasonnum><prodnum></prodnum><airdate>1955-03-10</airdate><link>http://www.tvrage.com/shows/id-10178/episodes/372938</link><title>Episode 243</title></episode>
<episode><epnum>244</epnum><seasonnum>244</seasonnum><prodnum></prodnum><airdate>1955-03-11</airdate><link>http://www.tvrage.com/shows/id-10178/episodes/372939</link><title>Episode 244</title></episode>
<episode><epnum>245</epnum><seasonnum>245</seasonnum><prodnum></prodnum><airdate>1955-03-14</airdate><link>http://www.tvrage.com/shows/id-10178/episodes/372940</link><title>Episode 245</title></episode>
<episode><epnum>246</epnum><seasonnum>246</seasonnum><prodnum></prodnum><airdate>1955-03-15</airdate><link>http://www.tvrage.com/shows/id-10178/episodes/372941</link><title>Episode 246</title></episode>
<episode><epnum>247</epnum><seasonnum>247</seasonnum><prodnum></prodnum><airdate>1955-03-16</airdate><link>http://www.tvrage.com/shows/id-10178/episodes/372942</link><title>Episode 247</title></episode>
<episode><epnum>248</epnum><seasonnum>248</seasonnum><prodnum></prodnum><airdate>1955-03-17</airdate><link>http://www.tvrage.com/shows/id-10178/episodes/372943</link><title>Episode 248</title></episode>
<episode><epnum>249</epnum><seasonnum>249</seasonnum><prodnum></prodnum><airdate>1955-03-18</airdate><link>http://www.tvrage.com/shows/id-10178/episodes/372944</link><title>Episode 249</title></episode>
<episode><epnum>250</epnum><seasonnum>250</seasonnum><prodnum></prodnum><airdate>1955-03-21</airdate><link>http://www.tvrage.com/shows/id-10178/episodes/372945</link><title>Episode 250</title></episode>
<episode><epnum>251</epnum><seasonnum>251</seasonnum><prodnum></prodnum><airdate>1955-03-22</airdate><link>http://www.tvrage.com/shows/id-10178/episodes/372946</link><title>Episode 251</title></episode>
<episode><epnum>252</epnum><seasonnum>252</seasonnum><prodnum></prodnum><airdate>1955-03-23</airdate><link>http://www.tvrage.com/shows/id-10178/episodes/372947</link><title>Episode 252</title></episode>
<episode><epnum>253</epnum><seasonnum>253</seasonnum><prodnum></prodnum><airdate>1955-03-24</airdate><link>http://www.tvrage.com/shows/id-10178/episodes/372948</link><title>Episode 253</title></episode>
<episode><epnum>254</epnum><seasonnum>254</seasonnum><prodnum></prodnum><airdate>1955-03-25</airdate><link>http://www.tvrage.com/shows/id-10178/episodes/372949</link><title>Episode 254</title></episode>
<episode><epnum>255</epnum><seasonnum>255</seasonnum><prodnum></prodnum><airdate>1955-03-28</airdate><link>http://www.tvrage.com/shows/id-10178/episodes/372950</link><title>Episode 255</title></episode>
<episode><epnum>256</epnum><seasonnum>256</seasonnum><prodnum></prodnum><airdate>1955-03-29</airdate><link>http://www.tvrage.com/shows/id-10178/episodes/372951</link><title>Episode 256</title></episode>
<episode><epnum>257</epnum><seasonnum>257</seasonnum><prodnum></prodnum><airdate>1955-03-30</airdate><link>http://www.tvrage.com/shows/id-10178/episodes/372952</link><title>Episode 257</title></episode>
<episode><epnum>258</epnum><seasonnum>258</seasonnum><prodnum></prodnum><airdate>1955-03-31</airdate><link>http://www.tvrage.com/shows/id-10178/episodes/372953</link><title>Episode 258</title></episode>
<episode><epnum>259</epnum><seasonnum>259</seasonnum><prodnum></prodnum><airdate>1955-04-01</airdate><link>http://www.tvrage.com/shows/id-10178/episodes/372954</link><title>Episode 259</title></episode>
</Season>

<Season no="2">
<episode><epnum>260</epnum><seasonnum>01</seasonnum><prodnum></prodnum><airdate>1955-04-04</airdate><link>http://www.tvrage.com/shows/id-10178/episodes/347689</link><title>Episode 260</title></episode>
<episode><epnum>261</epnum><seasonnum>02</seasonnum><prodnum></prodnum><airdate>1955-04-05</airdate><link>http://www.tvrage.com/shows/id-10178/episodes/372955</link><title>Episode 261</title></episode>
<episode><epnum>262</epnum><seasonnum>03</seasonnum><prodnum></prodnum><airdate>1955-04-06</airdate><link>http://www.tvrage.com/shows/id-10178/episodes/372956</link><title>Episode 262</title></episode>
<episode><epnum>263</epnum><seasonnum>04</seasonnum><prodnum></prodnum><airdate>1955-04-07</airdate><link>http://www.tvrage.com/shows/id-10178/episodes/372957</link><title>Episode 263</title></episode>
<episode><epnum>264</epnum><seasonnum>05</seasonnum><prodnum></prodnum><airdate>1955-04-08</airdate><link>http://www.tvrage.com/shows/id-10178/episodes/372958</link><title>Episode 264</title></episode>
<episode><epnum>265</epnum><seasonnum>06</seasonnum><prodnum></prodnum><airdate>1955-04-11</airdate><link>http://www.tvrage.com/shows/id-10178/episodes/372959</link><title>Episode 265</title></episode>
<episode><epnum>266</epnum><seasonnum>07</seasonnum><prodnum></prodnum><airdate>1955-04-12</airdate><link>http://www.tvrage.com/shows/id-10178/episodes/372960</link><title>Episode 266</title></episode>
<episode><epnum>267</epnum><seasonnum>08</seasonnum><prodnum></prodnum><airdate>1955-04-13</airdate><link>http://www.tvrage.com/shows/id-10178/episodes/372961</link><title>Episode 267</title></episode>
<episode><epnum>268</epnum><seasonnum>09</seasonnum><prodnum></prodnum><airdate>1955-04-14</airdate><link>http://www.tvrage.com/shows/id-10178/episodes/372962</link><title>Episode 268</title></episode>
<episode><epnum>269</epnum><seasonnum>10</seasonnum><prodnum></prodnum><airdate>1955-04-15</airdate><link>http://www.tvrage.com/shows/id-10178/episodes/372963</link><title>Episode 269</title></episode>
<episode><epnum>270</epnum><seasonnum>11</seasonnum><prodnum></prodnum><airdate>1955-04-18</airdate><link>http://www.tvrage.com/shows/id-10178/episodes/372964</link><title>Episode 270</title></episode>
<episode><epnum>271</epnum><seasonnum>12</seasonnum><prodnum></prodnum><airdate>1955-04-19</airdate><link>http://www.tvrage.com/shows/id-10178/episodes/372965</link><title>Episode 271</title></episode>
<episode><epnum>272</epnum><seasonnum>13</seasonnum><prodnum></prodnum><airdate>1955-04-20</airdate><link>http://www.tvrage.com/shows/id-10178/episodes/372966</link><title>Episode 272</title></episode>
<episode><epnum>273</epnum><seasonnum>14</seasonnum><prodnum></prodnum><airdate>1955-04-21</airdate><link>http://www.tvrage.com/shows/id-10178/episodes/372967</link><title>Episode 273</title></episode>
<episode><epnum>274</epnum><seasonnum>15</seasonnum><prodnum></prodnum><airdate>1955-04-22</airdate><link>http://www.tvrage.com/shows/id-10178/episodes/372968</link><title>Episode 274</title></episode>
<episode><epnum>275</epnum><seasonnum>16</seasonnum><prodnum></prodnum><airdate>1955-04-25</airdate><link>http://www.tvrage.com/shows/id-10178/episodes/372969</link><title>Episode 275</title></episode>
<episode><epnum>276</epnum><seasonnum>17</seasonnum><prodnum></prodnum><airdate>1955-04-26</airdate><link>http://www.tvrage.com/shows/id-10178/episodes/372970</link><title>Episode 276</title></episode>
<episode><epnum>277</epnum><seasonnum>18</seasonnum><prodnum></prodnum><airdate>1955-04-27</airdate><link>http://www.tvrage.com/shows/id-10178/episodes/372971</link><title>Episode 277</title></episode>
<episode><epnum>278</epnum><seasonnum>19</seasonnum><prodnum></prodnum><airdate>1955-04-28</airdate><link>http://www.tvrage.com/shows/id-10178/episodes/372972</link><title>Episode 278</title></episode>
<episode><epnum>279</epnum><seasonnum>20</seasonnum><prodnum></prodnum><airdate>1955-04-29</airdate><link>http://www.tvrage.com/shows/id-10178/episodes/372973</link><title>Episode 279</title></episode>
<episode><epnum>280</epnum><seasonnum>21</seasonnum><prodnum></prodnum><airdate>1955-05-02</airdate><link>http://www.tvrage.com/shows/id-10178/episodes/372974</link><title>Episode 280</title></episode>
<episode><epnum>281</epnum><seasonnum>22</seasonnum><prodnum></prodnum><airdate>1955-05-03</airdate><link>http://www.tvrage.com/shows/id-10178/episodes/372975</link><title>Episode 281</title></episode>
<episode><epnum>282</epnum><seasonnum>23</seasonnum><prodnum></prodnum><airdate>1955-05-04</airdate><link>http://www.tvrage.com/shows/id-10178/episodes/372976</link><title>Episode 282</title></episode>
<episode><epnum>283</epnum><seasonnum>24</seasonnum><prodnum></prodnum><airdate>1955-05-05</airdate><link>http://www.tvrage.com/shows/id-10178/episodes/372977</link><title>Episode 283</title></episode>
<episode><epnum>284</epnum><seasonnum>25</seasonnum><prodnum></prodnum><airdate>1955-05-06</airdate><link>http://www.tvrage.com/shows/id-10178/episodes/372978</link><title>Episode 284</title></episode>
<episode><epnum>285</epnum><seasonnum>26</seasonnum><prodnum></prodnum><airdate>1955-05-09</airdate><link>http://www.tvrage.com/shows/id-10178/episodes/372979</link><title>Episode 285</title></episode>
<episode><epnum>286</epnum><seasonnum>27</seasonnum><prodnum></prodnum><airdate>1955-05-10</airdate><link>http://www.tvrage.com/shows/id-10178/episodes/372980</link><title>Episode 286</title></episode>
<episode><epnum>287</epnum><seasonnum>28</seasonnum><prodnum></prodnum><airdate>1955-05-11</airdate><link>http://www.tvrage.com/shows/id-10178/episodes/372981</link><title>Episode 287</title></episode>
<episode><epnum>288</epnum><seasonnum>29</seasonnum><prodnum></prodnum><airdate>1955-05-12</airdate><link>http://www.tvrage.com/shows/id-10178/episodes/372982</link><title>Episode 288</title></episode>
<episode><epnum>289</epnum><seasonnum>30</seasonnum><prodnum></prodnum><airdate>1955-05-13</airdate><link>http://www.tvrage.com/shows/id-10178/episodes/372983</link><title>Episode 289</title></episode>
<episode><epnum>290</epnum><seasonnum>31</seasonnum><prodnum></prodnum><airdate>1955-05-16</airdate><link>http://www.tvrage.com/shows/id-10178/episodes/372984</link><title>Episode 290</title></episode>
<episode><epnum>291</epnum><seasonnum>32</seasonnum><prodnum></prodnum><airdate>1955-05-17</airdate><link>http://www.tvrage.com/shows/id-10178/episodes/372985</link><title>Episode 291</title></episode>
<episode><epnum>292</epnum><seasonnum>33</seasonnum><prodnum></prodnum><airdate>1955-05-18</airdate><link>http://www.tvrage.com/shows/id-10178/episodes/372986</link><title>Episode 292</title></episode>
<episode><epnum>293</epnum><seasonnum>34</seasonnum><prodnum></prodnum><airdate>1955-05-19</airdate><link>http://www.tvrage.com/shows/id-10178/episodes/372987</link><title>Episode 293</title></episode>
<episode><epnum>294</epnum><seasonnum>35</seasonnum><prodnum></prodnum><airdate>1955-05-20</airdate><link>http://www.tvrage.com/shows/id-10178/episodes/372988</link><title>Episode 294</title></episode>
<episode><epnum>295</epnum><seasonnum>36</seasonnum><prodnum></prodnum><airdate>1955-05-23</airdate><link>http://www.tvrage.com/shows/id-10178/episodes/372989</link><title>Episode 295</title></episode>
<episode><epnum>296</epnum><seasonnum>37</seasonnum><prodnum></prodnum><airdate>1955-05-24</airdate><link>http://www.tvrage.com/shows/id-10178/episodes/372990</link><title>Episode 296</title></episode>
<episode><epnum>297</epnum><seasonnum>38</seasonnum><prodnum></prodnum><airdate>1955-05-25</airdate><link>http://www.tvrage.com/shows/id-10178/episodes/372991</link><title>Episode 297</title></episode>
<episode><epnum>298</epnum><seasonnum>39</seasonnum><prodnum></prodnum><airdate>1955-05-26</airdate><link>http://www.tvrage.com/shows/id-10178/episodes/372992</link><title>Episode 298</title></episode>
<episode><epnum>299</epnum><seasonnum>40</seasonnum><prodnum></prodnum><airdate>1955-05-27</airdate><link>http://www.tvrage.com/shows/id-10178/episodes/372993</link><title>Episode 299</title></episode>
<episode><epnum>300</epnum><seasonnum>41</seasonnum><prodnum></prodnum><airdate>1955-05-30</airdate><link>http://www.tvrage.com/shows/id-10178/episodes/372994</link><title>Episode 300</title></episode>
<episode><epnum>301</epnum><seasonnum>42</seasonnum><prodnum></prodnum><airdate>1955-05-31</airdate><link>http://www.tvrage.com/shows/id-10178/episodes/372995</link><title>Episode 301</title></episode>
<episode><epnum>302</epnum><seasonnum>43</seasonnum><prodnum></prodnum><airdate>1955-06-01</airdate><link>http://www.tvrage.com/shows/id-10178/episodes/372996</link><title>Episode 302</title></episode>
<episode><epnum>303</epnum><seasonnum>44</seasonnum><prodnum></prodnum><airdate>1955-06-02</airdate><link>http://www.tvrage.com/shows/id-10178/episodes/372997</link><title>Episode 303</title></episode>
<episode><epnum>304</epnum><seasonnum>45</seasonnum><prodnum></prodnum><airdate>1955-06-03</airdate><link>http://www.tvrage.com/shows/id-10178/episodes/372998</link><title>Episode 304</title></episode>
<episode><epnum>305</epnum><seasonnum>46</seasonnum><prodnum></prodnum><airdate>1955-06-06</airdate><link>http://www.tvrage.com/shows/id-10178/episodes/372999</link><title>Episode 305</title></episode>
<episode><epnum>306</epnum><seasonnum>47</seasonnum><prodnum></prodnum><airdate>1955-06-07</airdate><link>http://www.tvrage.com/shows/id-10178/episodes/373000</link><title>Episode 306</title></episode>
<episode><epnum>307</epnum><seasonnum>48</seasonnum><prodnum></prodnum><airdate>1955-06-08</airdate><link>http://www.tvrage.com/shows/id-10178/episodes/373001</link><title>Episode 307</title></episode>
<episode><epnum>308</epnum><seasonnum>49</seasonnum><prodnum></prodnum><airdate>1955-06-09</airdate><link>http://www.tvrage.com/shows/id-10178/episodes/373002</link><title>Episode 308</title></episode>
<episode><epnum>309</epnum><seasonnum>50</seasonnum><prodnum></prodnum><airdate>1955-06-10</airdate><link>http://www.tvrage.com/shows/id-10178/episodes/373003</link><title>Episode 309</title></episode>
<episode><epnum>310</epnum><seasonnum>51</seasonnum><prodnum></prodnum><airdate>1955-06-13</airdate><link>http://www.tvrage.com/shows/id-10178/episodes/373004</link><title>Episode 310</title></episode>
<episode><epnum>311</epnum><seasonnum>52</seasonnum><prodnum></prodnum><airdate>1955-06-14</airdate><link>http://www.tvrage.com/shows/id-10178/episodes/373005</link><title>Episode 311</title></episode>
<episode><epnum>312</epnum><seasonnum>53</seasonnum><prodnum></prodnum><airdate>1955-06-15</airdate><link>http://www.tvrage.com/shows/id-10178/episodes/373006</link><title>Episode 312</title></episode>
<episode><epnum>313</epnum><seasonnum>54</seasonnum><prodnum></prodnum><airdate>1955-06-16</airdate><link>http://www.tvrage.com/shows/id-10178/episodes/373007</link><title>Episode 313</title></episode>
<episode><epnum>314</epnum><seasonnum>55</seasonnum><prodnum></prodnum><airdate>1955-06-17</airdate><link>http://www.tvrage.com/shows/id-10178/episodes/373008</link><title>Episode 314</title></episode>
<episode><epnum>315</epnum><seasonnum>56</seasonnum><prodnum></prodnum><airdate>1955-06-20</airdate><link>http://www.tvrage.com/shows/id-10178/episodes/373009</link><title>Episode 315</title></episode>
<episode><epnum>316</epnum><seasonnum>57</seasonnum><prodnum></prodnum><airdate>1955-06-21</airdate><link>http://www.tvrage.com/shows/id-10178/episodes/373010</link><title>Episode 316</title></episode>
<episode><epnum>317</epnum><seasonnum>58</seasonnum><prodnum></prodnum><airdate>1955-06-22</airdate><link>http://www.tvrage.com/shows/id-10178/episodes/373011</link><title>Episode 317</title></episode>
<episode><epnum>318</epnum><seasonnum>59</seasonnum><prodnum></prodnum><airdate>1955-06-23</airdate><link>http://www.tvrage.com/shows/id-10178/episodes/373012</link><title>Episode 318</title></episode>
<episode><epnum>319</epnum><seasonnum>60</seasonnum><prodnum></prodnum><airdate>1955-06-24</airdate><link>http://www.tvrage.com/shows/id-10178/episodes/373013</link><title>Episode 319</title></episode>
<episode><epnum>320</epnum><seasonnum>61</seasonnum><prodnum></prodnum><airdate>1955-06-27</airdate><link>http://www.tvrage.com/shows/id-10178/episodes/373014</link><title>Episode 320</title></episode>
<episode><epnum>321</epnum><seasonnum>62</seasonnum><prodnum></prodnum><airdate>1955-06-28</airdate><link>http://www.tvrage.com/shows/id-10178/episodes/373015</link><title>Episode 321</title></episode>
<episode><epnum>322</epnum><seasonnum>63</seasonnum><prodnum></prodnum><airdate>1955-06-29</airdate><link>http://www.tvrage.com/shows/id-10178/episodes/373016</link><title>Episode 322</title></episode>
<episode><epnum>323</epnum><seasonnum>64</seasonnum><prodnum></prodnum><airdate>1955-06-30</airdate><link>http://www.tvrage.com/shows/id-10178/episodes/373017</link><title>Episode 323</title></episode>
<episode><epnum>324</epnum><seasonnum>65</seasonnum><prodnum></prodnum><airdate>1955-07-01</airdate><link>http://www.tvrage.com/shows/id-10178/episodes/373018</link><title>The Final Episode</title></episode>
</Season>

</Episodelist>

</Show>