<?xml version="1.0" encoding="UTF-8" ?>


<Show>
<name>A Peaceable Kingdom</name>
<totalseasons>1</totalseasons>
<showid>10173</showid>
<showlink>http://tvrage.com/shows/id-10173</showlink>
<started>Sep/20/1989</started>
<ended>Nov/15/1989</ended>
<image>http://images.tvrage.com/shows/11/10173.jpg</image>
<origin_country>US</origin_country>
<status>Canceled/Ended</status>
<classification>Scripted</classification>
<genres><genre>Drama</genre></genres>
<runtime>60</runtime>
<network country="US">CBS</network>
<airtime>20:00</airtime>
<airday>Wednesday</airday>
<timezone>GMT-5 -DST</timezone>
<Episodelist>

<Season no="1">
<episode><epnum>1</epnum><seasonnum>01</seasonnum><prodnum>101</prodnum><airdate>1989-09-20</airdate><link>http://www.tvrage.com/shows/id-10173/episodes/634195</link><title>Gorilla</title></episode>
<episode><epnum>2</epnum><seasonnum>02</seasonnum><prodnum>102</prodnum><airdate>1989-09-27</airdate><link>http://www.tvrage.com/shows/id-10173/episodes/634196</link><title>Snake Bite</title></episode>
<episode><epnum>3</epnum><seasonnum>03</seasonnum><prodnum>103</prodnum><airdate>1989-10-04</airdate><link>http://www.tvrage.com/shows/id-10173/episodes/634197</link><title>Bison</title></episode>
<episode><epnum>4</epnum><seasonnum>04</seasonnum><prodnum>104</prodnum><airdate>1989-10-11</airdate><link>http://www.tvrage.com/shows/id-10173/episodes/634198</link><title>Aardvark</title></episode>
<episode><epnum>5</epnum><seasonnum>05</seasonnum><prodnum>105</prodnum><airdate>1989-11-01</airdate><link>http://www.tvrage.com/shows/id-10173/episodes/634199</link><title>Reunion</title></episode>
<episode><epnum>6</epnum><seasonnum>06</seasonnum><prodnum>106</prodnum><airdate>1989-11-08</airdate><link>http://www.tvrage.com/shows/id-10173/episodes/634200</link><title>Elephant</title></episode>
<episode><epnum>7</epnum><seasonnum>07</seasonnum><prodnum>107</prodnum><airdate>1989-11-15</airdate><link>http://www.tvrage.com/shows/id-10173/episodes/634201</link><title>Symphony</title></episode>
<episode><epnum>8</epnum><seasonnum>08</seasonnum><prodnum>108</prodnum><airdate>0000-00-00</airdate><link>http://www.tvrage.com/shows/id-10173/episodes/634202</link><title>Jaguar</title></episode>
<episode><epnum>9</epnum><seasonnum>09</seasonnum><prodnum>109</prodnum><airdate>0000-00-00</airdate><link>http://www.tvrage.com/shows/id-10173/episodes/634203</link><title>Kitty Paws</title></episode>
<episode><epnum>10</epnum><seasonnum>10</seasonnum><prodnum>110</prodnum><airdate>0000-00-00</airdate><link>http://www.tvrage.com/shows/id-10173/episodes/634204</link><title>Lone Wolf</title></episode>
<episode><epnum>11</epnum><seasonnum>11</seasonnum><prodnum>111</prodnum><airdate>0000-00-00</airdate><link>http://www.tvrage.com/shows/id-10173/episodes/1064956938</link><title>Chimp</title></episode>
<episode><epnum>12</epnum><seasonnum>12</seasonnum><prodnum>112</prodnum><airdate>0000-00-00</airdate><link>http://www.tvrage.com/shows/id-10173/episodes/1064956939</link><title>Moonstruck</title></episode>
</Season>

</Episodelist>

</Show>