<?xml version="1.0" encoding="UTF-8" ?>


<Show>
<name>The Pearl Bailey Show</name>
<totalseasons>1</totalseasons>
<showid>10171</showid>
<showlink>http://tvrage.com/shows/id-10171</showlink>
<started>Jan/23/1971</started>
<ended>Sep/04/1971</ended>
<origin_country>US</origin_country>
<status>Canceled/Ended</status>
<classification>Variety</classification>
<genres><genre>Music</genre></genres>
<runtime>60</runtime>
<network country="US">ABC</network>
<airtime>21:30</airtime>
<airday>Saturday</airday>
<timezone>GMT-5 -DST</timezone>

</Show>