<?xml version="1.0" encoding="UTF-8" ?>


<Show>
<name>Saint Seiya (US)</name>
<totalseasons>1</totalseasons>
<showid>10177</showid>
<showlink>http://tvrage.com/Saint_Seiya_US</showlink>
<started>Jul/2003</started>
<ended>Apr/2004</ended>
<image>http://images.tvrage.com/shows/11/10177.jpg</image>
<origin_country>AJ</origin_country>
<status>Canceled/Ended</status>
<classification>Animation</classification>
<genres><genre>Anime</genre><genre>Adventure</genre><genre>Fantasy</genre><genre>Sci-Fi</genre></genres>
<runtime>25</runtime>
<network country="US">Cartoon Network</network>
<airtime>12:00</airtime>
<timezone>GMT-5 -DST</timezone>
<Episodelist>

<Season no="1">
<episode><epnum>1</epnum><seasonnum>01</seasonnum><prodnum>001</prodnum><airdate>2003-08-30</airdate><link>http://www.tvrage.com/Saint_Seiya_US/episodes/346851</link><title>A New Era of Heroic Legends</title></episode>
<episode><epnum>2</epnum><seasonnum>02</seasonnum><prodnum>002</prodnum><airdate>2003-09-06</airdate><link>http://www.tvrage.com/Saint_Seiya_US/episodes/346853</link><title>Burn! Meteor Punch of Pegasus!</title></episode>
<episode><epnum>3</epnum><seasonnum>03</seasonnum><prodnum>003</prodnum><airdate>2003-09-13</airdate><link>http://www.tvrage.com/Saint_Seiya_US/episodes/346854</link><title>Swan, Warrior of the Ice Field</title></episode>
<episode><epnum>4</epnum><seasonnum>04</seasonnum><prodnum>004</prodnum><airdate>2003-09-20</airdate><link>http://www.tvrage.com/Saint_Seiya_US/episodes/346855</link><title>Dragon's Invincible Fist and Shield</title></episode>
<episode><epnum>5</epnum><seasonnum>05</seasonnum><prodnum>005</prodnum><airdate>2003-09-27</airdate><link>http://www.tvrage.com/Saint_Seiya_US/episodes/346856</link><title>Miraculous Rebirth and Cosmic Friendship</title></episode>
<episode><epnum>6</epnum><seasonnum>06</seasonnum><prodnum></prodnum><airdate>2003-10-04</airdate><link>http://www.tvrage.com/Saint_Seiya_US/episodes/346857</link><title>The Return of Phoenix</title></episode>
<episode><epnum>7</epnum><seasonnum>07</seasonnum><prodnum></prodnum><airdate>2003-10-11</airdate><link>http://www.tvrage.com/Saint_Seiya_US/episodes/346858</link><title>Theft of the Gold Cloth</title></episode>
<episode><epnum>8</epnum><seasonnum>08</seasonnum><prodnum></prodnum><airdate>2003-10-18</airdate><link>http://www.tvrage.com/Saint_Seiya_US/episodes/346859</link><title>Battle for the Gold Cloth</title></episode>
<episode><epnum>9</epnum><seasonnum>09</seasonnum><prodnum></prodnum><airdate>2003-10-25</airdate><link>http://www.tvrage.com/Saint_Seiya_US/episodes/346860</link><title>The Black Knights Appear</title></episode>
<episode><epnum>19</epnum><seasonnum>09</seasonnum><prodnum></prodnum><airdate>2004-01-03</airdate><link>http://www.tvrage.com/Saint_Seiya_US/episodes/346870</link><title>Life or Death! Bloody Battle at the Island of Spirits</title></episode>
<episode><epnum>10</epnum><seasonnum>10</seasonnum><prodnum></prodnum><airdate>2003-11-01</airdate><link>http://www.tvrage.com/Saint_Seiya_US/episodes/346861</link><title>Shiryu in Danger! The Cemetery of Cloths</title></episode>
<episode><epnum>11</epnum><seasonnum>11</seasonnum><prodnum></prodnum><airdate>2003-11-08</airdate><link>http://www.tvrage.com/Saint_Seiya_US/episodes/346862</link><title>Life and Death Battle! Fear of the Black Death Fist</title></episode>
<episode><epnum>12</epnum><seasonnum>12</seasonnum><prodnum></prodnum><airdate>2003-11-15</airdate><link>http://www.tvrage.com/Saint_Seiya_US/episodes/346863</link><title>Catch It! The Nebula Chain of Friendship</title></episode>
<episode><epnum>13</epnum><seasonnum>13</seasonnum><prodnum></prodnum><airdate>2003-11-22</airdate><link>http://www.tvrage.com/Saint_Seiya_US/episodes/346864</link><title>Burn Up! Punch of Flames</title></episode>
<episode><epnum>14</epnum><seasonnum>14</seasonnum><prodnum></prodnum><airdate>2003-11-29</airdate><link>http://www.tvrage.com/Saint_Seiya_US/episodes/346865</link><title>It Was Defeated! The Illusion Demon Fist</title></episode>
<episode><epnum>15</epnum><seasonnum>15</seasonnum><prodnum></prodnum><airdate>2003-12-06</airdate><link>http://www.tvrage.com/Saint_Seiya_US/episodes/346866</link><title>Now It's Revealed! Ikki's Secret</title></episode>
<episode><epnum>16</epnum><seasonnum>16</seasonnum><prodnum></prodnum><airdate>2003-12-13</airdate><link>http://www.tvrage.com/Saint_Seiya_US/episodes/346867</link><title>The Giant! Docrates' Powerful Attack</title></episode>
<episode><epnum>17</epnum><seasonnum>17</seasonnum><prodnum></prodnum><airdate>2003-12-20</airdate><link>http://www.tvrage.com/Saint_Seiya_US/episodes/346868</link><title>To the Rescue! Saori's Crisis</title></episode>
<episode><epnum>18</epnum><seasonnum>18</seasonnum><prodnum></prodnum><airdate>2003-12-27</airdate><link>http://www.tvrage.com/Saint_Seiya_US/episodes/346869</link><title>Great Rage! The Ghost Saints of the Carribean</title></episode>
<episode><epnum>20</epnum><seasonnum>20</seasonnum><prodnum></prodnum><airdate>2004-01-10</airdate><link>http://www.tvrage.com/Saint_Seiya_US/episodes/346871</link><title>Serious Battle! Shaina's Counter Attack</title></episode>
<episode><epnum>21</epnum><seasonnum>21</seasonnum><prodnum></prodnum><airdate>2004-01-17</airdate><link>http://www.tvrage.com/Saint_Seiya_US/episodes/346872</link><title>Catastrophe! Aurora Confrontation</title></episode>
<episode><epnum>22</epnum><seasonnum>22</seasonnum><prodnum></prodnum><airdate>2004-01-24</airdate><link>http://www.tvrage.com/Saint_Seiya_US/episodes/346873</link><title>Rebirth From The Flames! Undestructible Ikki</title></episode>
<episode><epnum>23</epnum><seasonnum>23</seasonnum><prodnum></prodnum><airdate>2004-01-31</airdate><link>http://www.tvrage.com/Saint_Seiya_US/episodes/346874</link><title>Silver Saint! Noble Assassin</title></episode>
<episode><epnum>24</epnum><seasonnum>24</seasonnum><prodnum></prodnum><airdate>2004-02-07</airdate><link>http://www.tvrage.com/Saint_Seiya_US/episodes/346875</link><title>Fly Pegasus! Like a Comet</title></episode>
<episode><epnum>25</epnum><seasonnum>25</seasonnum><prodnum></prodnum><airdate>2004-02-14</airdate><link>http://www.tvrage.com/Saint_Seiya_US/episodes/346876</link><title>Fight! Under Athena's Command</title></episode>
<episode><epnum>26</epnum><seasonnum>26</seasonnum><prodnum></prodnum><airdate>2004-02-21</airdate><link>http://www.tvrage.com/Saint_Seiya_US/episodes/346877</link><title>Friend or Foe! The Steel Saints</title></episode>
<episode><epnum>27</epnum><seasonnum>27</seasonnum><prodnum></prodnum><airdate>2004-02-28</airdate><link>http://www.tvrage.com/Saint_Seiya_US/episodes/346878</link><title>Seiya Turned To Stone! The Medusa Shield</title></episode>
<episode><epnum>28</epnum><seasonnum>28</seasonnum><prodnum></prodnum><airdate>2004-03-13</airdate><link>http://www.tvrage.com/Saint_Seiya_US/episodes/346879</link><title>Dragon! Sacrificial Punch</title></episode>
<episode><epnum>29</epnum><seasonnum>29</seasonnum><prodnum></prodnum><airdate>2004-03-20</airdate><link>http://www.tvrage.com/Saint_Seiya_US/episodes/346880</link><title>Kidnapped! An Army of Crows Attacks Saori</title></episode>
<episode><epnum>30</epnum><seasonnum>30</seasonnum><prodnum></prodnum><airdate>2004-03-27</airdate><link>http://www.tvrage.com/Saint_Seiya_US/episodes/346881</link><title>Burn Brightly! The Cosmo of Love</title></episode>
<episode><epnum>31</epnum><seasonnum>31</seasonnum><prodnum></prodnum><airdate>2004-04-03</airdate><link>http://www.tvrage.com/Saint_Seiya_US/episodes/346882</link><title>Demon Illusion! The Borderline Between Life and Death</title></episode>
<episode><epnum>32</epnum><seasonnum>32</seasonnum><prodnum></prodnum><airdate>2004-04-10</airdate><link>http://www.tvrage.com/Saint_Seiya_US/episodes/346883</link><title>Big Explosion! Death Queen Island</title></episode>
</Season>

</Episodelist>

</Show>