<?xml version="1.0" encoding="UTF-8" ?>


<Show>
<name>American Juniors</name>
<totalseasons>1</totalseasons>
<showid>1017</showid>
<showlink>http://tvrage.com/shows/id-1017</showlink>
<started>Jun/03/2003</started>
<ended>Aug/19/2003</ended>
<image>http://images.tvrage.com/shows/2/1017.jpg</image>
<origin_country>US</origin_country>
<status>Canceled/Ended</status>
<classification>Reality</classification>
<genres><genre>Music</genre><genre>Talent</genre></genres>
<runtime>60</runtime>
<network country="US">FOX</network>
<airtime>20:00</airtime>
<airday>Weekdays</airday>
<timezone>GMT-5 -DST</timezone>
<Episodelist>

<Season no="1">
<episode><epnum>1</epnum><seasonnum>01</seasonnum><prodnum>E651</prodnum><airdate>2003-06-03</airdate><link>http://www.tvrage.com/shows/id-1017/episodes/272458</link><title>Auditions (1)</title></episode>
<episode><epnum>2</epnum><seasonnum>02</seasonnum><prodnum>E652</prodnum><airdate>2003-06-10</airdate><link>http://www.tvrage.com/shows/id-1017/episodes/272459</link><title>Auditions (2)</title></episode>
<episode><epnum>3</epnum><seasonnum>03</seasonnum><prodnum>E653</prodnum><airdate>2003-06-17</airdate><link>http://www.tvrage.com/shows/id-1017/episodes/272460</link><title>Semi-Final #1</title></episode>
<episode><epnum>4</epnum><seasonnum>04</seasonnum><prodnum>E654</prodnum><airdate>2003-06-18</airdate><link>http://www.tvrage.com/shows/id-1017/episodes/272461</link><title>Semi-Final #1 Results</title></episode>
<episode><epnum>5</epnum><seasonnum>05</seasonnum><prodnum>E655</prodnum><airdate>2003-06-24</airdate><link>http://www.tvrage.com/shows/id-1017/episodes/272462</link><title>Semi-Final #2</title></episode>
<episode><epnum>6</epnum><seasonnum>06</seasonnum><prodnum>E656</prodnum><airdate>2003-06-25</airdate><link>http://www.tvrage.com/shows/id-1017/episodes/272463</link><title>Semi-Final #2 Results</title></episode>
<episode><epnum>7</epnum><seasonnum>07</seasonnum><prodnum>E657</prodnum><airdate>2003-07-01</airdate><link>http://www.tvrage.com/shows/id-1017/episodes/272464</link><title>1969</title></episode>
<episode><epnum>8</epnum><seasonnum>08</seasonnum><prodnum>E658</prodnum><airdate>2003-07-02</airdate><link>http://www.tvrage.com/shows/id-1017/episodes/272465</link><title>1969 Results</title></episode>
<episode><epnum>9</epnum><seasonnum>09</seasonnum><prodnum>E659</prodnum><airdate>2003-07-08</airdate><link>http://www.tvrage.com/shows/id-1017/episodes/272466</link><title>1970</title></episode>
<episode><epnum>10</epnum><seasonnum>10</seasonnum><prodnum>E660</prodnum><airdate>2003-07-16</airdate><link>http://www.tvrage.com/shows/id-1017/episodes/272467</link><title>1970 Results</title></episode>
<episode><epnum>11</epnum><seasonnum>11</seasonnum><prodnum></prodnum><airdate>2003-07-22</airdate><link>http://www.tvrage.com/shows/id-1017/episodes/272468</link><title>1962</title></episode>
<episode><epnum>12</epnum><seasonnum>12</seasonnum><prodnum></prodnum><airdate>2003-07-23</airdate><link>http://www.tvrage.com/shows/id-1017/episodes/272469</link><title>1962 Results</title></episode>
<episode><epnum>13</epnum><seasonnum>13</seasonnum><prodnum></prodnum><airdate>2003-07-29</airdate><link>http://www.tvrage.com/shows/id-1017/episodes/272470</link><title>1980</title></episode>
<episode><epnum>14</epnum><seasonnum>14</seasonnum><prodnum></prodnum><airdate>2003-07-30</airdate><link>http://www.tvrage.com/shows/id-1017/episodes/272471</link><title>1980 Results</title></episode>
<episode><epnum>15</epnum><seasonnum>15</seasonnum><prodnum></prodnum><airdate>2003-08-05</airdate><link>http://www.tvrage.com/shows/id-1017/episodes/272472</link><title>S.Club Songs</title></episode>
<episode><epnum>16</epnum><seasonnum>16</seasonnum><prodnum></prodnum><airdate>2003-08-12</airdate><link>http://www.tvrage.com/shows/id-1017/episodes/272473</link><title>S.Club Results</title></episode>
<episode><epnum>17</epnum><seasonnum>17</seasonnum><prodnum></prodnum><airdate>2003-08-19</airdate><link>http://www.tvrage.com/shows/id-1017/episodes/272474</link><title>Concert Special</title></episode>
</Season>

</Episodelist>

</Show>