<?xml version="1.0" encoding="UTF-8" ?>


<Show>
<name>Party Line</name>
<totalseasons>1</totalseasons>
<showid>10181</showid>
<showlink>http://tvrage.com/shows/id-10181</showlink>
<started>Jun/1947</started>
<ended>Aug/1947</ended>
<origin_country>US</origin_country>
<status>Canceled/Ended</status>
<classification>Game Show</classification>
<genres><genre>Family</genre></genres>
<runtime>30</runtime>
<network country="US">NBC</network>
<airtime>12:00</airtime>
<timezone>GMT-5 -DST</timezone>

</Show>