<?xml version="1.0" encoding="UTF-8" ?>


<Show>
<name>Company Town</name>
<totalseasons>1</totalseasons>
<showid>10183</showid>
<showlink>http://tvrage.com/shows/id-10183</showlink>
<started>2007</started>
<ended></ended>
<origin_country>US</origin_country>
<status>Pilot Rejected</status>
<classification>Scripted</classification>
<genres><genre>Drama</genre></genres>
<runtime>60</runtime>
<network country="US">CBS</network>
<airtime>12:00</airtime>
<timezone>GMT-5 -DST</timezone>
<Episodelist>

<Season no="1">
<episode><epnum>0</epnum><seasonnum>00</seasonnum><prodnum></prodnum><airdate>0000-00-00</airdate><link>http://www.tvrage.com/shows/id-10183/episodes/347832</link><title>Pilot</title></episode>
</Season>

</Episodelist>

</Show>