<?xml version="1.0" encoding="UTF-8" ?>


<Show>
<name>From These Roots</name>
<totalseasons>4</totalseasons>
<showid>10182</showid>
<showlink>http://tvrage.com/shows/id-10182</showlink>
<started>Jun/30/1958</started>
<ended>Dec/29/1961</ended>
<image>http://images.tvrage.com/shows/11/10182.gif</image>
<origin_country>US</origin_country>
<status>Canceled/Ended</status>
<classification>Scripted</classification>
<genres><genre>Soaps</genre></genres>
<runtime>30</runtime>
<network country="US">NBC</network>
<airtime>15:30</airtime>
<airday>Weekdays</airday>
<timezone>GMT-5 -DST</timezone>
<Episodelist>

<Season no="1">
<episode><epnum>1</epnum><seasonnum>01</seasonnum><prodnum></prodnum><airdate>1958-06-30</airdate><link>http://www.tvrage.com/shows/id-10182/episodes/348515</link><title>Episode 1</title></episode>
<episode><epnum>2</epnum><seasonnum>02</seasonnum><prodnum></prodnum><airdate>1958-07-01</airdate><link>http://www.tvrage.com/shows/id-10182/episodes/348516</link><title>Episode 2</title></episode>
<episode><epnum>3</epnum><seasonnum>03</seasonnum><prodnum></prodnum><airdate>1958-07-02</airdate><link>http://www.tvrage.com/shows/id-10182/episodes/348517</link><title>Episode 3</title></episode>
<episode><epnum>4</epnum><seasonnum>04</seasonnum><prodnum></prodnum><airdate>1958-07-03</airdate><link>http://www.tvrage.com/shows/id-10182/episodes/348518</link><title>Episode 4</title></episode>
<episode><epnum>5</epnum><seasonnum>05</seasonnum><prodnum></prodnum><airdate>1958-07-04</airdate><link>http://www.tvrage.com/shows/id-10182/episodes/348519</link><title>Episode 5</title></episode>
<episode><epnum>6</epnum><seasonnum>06</seasonnum><prodnum></prodnum><airdate>1958-07-07</airdate><link>http://www.tvrage.com/shows/id-10182/episodes/348520</link><title>Episode 6</title></episode>
<episode><epnum>7</epnum><seasonnum>07</seasonnum><prodnum></prodnum><airdate>1958-07-08</airdate><link>http://www.tvrage.com/shows/id-10182/episodes/348521</link><title>Episode 7</title></episode>
<episode><epnum>8</epnum><seasonnum>08</seasonnum><prodnum></prodnum><airdate>1958-07-09</airdate><link>http://www.tvrage.com/shows/id-10182/episodes/348522</link><title>Episode 8</title></episode>
<episode><epnum>9</epnum><seasonnum>09</seasonnum><prodnum></prodnum><airdate>1958-07-10</airdate><link>http://www.tvrage.com/shows/id-10182/episodes/348523</link><title>Episode 9</title></episode>
<episode><epnum>10</epnum><seasonnum>10</seasonnum><prodnum></prodnum><airdate>1958-07-11</airdate><link>http://www.tvrage.com/shows/id-10182/episodes/348524</link><title>Episode 10</title></episode>
<episode><epnum>11</epnum><seasonnum>11</seasonnum><prodnum></prodnum><airdate>1958-07-14</airdate><link>http://www.tvrage.com/shows/id-10182/episodes/348525</link><title>Episode 11</title></episode>
<episode><epnum>12</epnum><seasonnum>12</seasonnum><prodnum></prodnum><airdate>1958-07-15</airdate><link>http://www.tvrage.com/shows/id-10182/episodes/348526</link><title>Episode 12</title></episode>
<episode><epnum>13</epnum><seasonnum>13</seasonnum><prodnum></prodnum><airdate>1958-07-16</airdate><link>http://www.tvrage.com/shows/id-10182/episodes/348527</link><title>Episode 13</title></episode>
<episode><epnum>14</epnum><seasonnum>14</seasonnum><prodnum></prodnum><airdate>1958-07-17</airdate><link>http://www.tvrage.com/shows/id-10182/episodes/348528</link><title>Episode 14</title></episode>
<episode><epnum>15</epnum><seasonnum>15</seasonnum><prodnum></prodnum><airdate>1958-07-18</airdate><link>http://www.tvrage.com/shows/id-10182/episodes/348529</link><title>Episode 15</title></episode>
<episode><epnum>16</epnum><seasonnum>16</seasonnum><prodnum></prodnum><airdate>1958-07-21</airdate><link>http://www.tvrage.com/shows/id-10182/episodes/348530</link><title>Episode 16</title></episode>
<episode><epnum>17</epnum><seasonnum>17</seasonnum><prodnum></prodnum><airdate>1958-07-22</airdate><link>http://www.tvrage.com/shows/id-10182/episodes/348531</link><title>Episode 17</title></episode>
<episode><epnum>18</epnum><seasonnum>18</seasonnum><prodnum></prodnum><airdate>1958-07-23</airdate><link>http://www.tvrage.com/shows/id-10182/episodes/348532</link><title>Episode 18</title></episode>
<episode><epnum>19</epnum><seasonnum>19</seasonnum><prodnum></prodnum><airdate>1958-07-24</airdate><link>http://www.tvrage.com/shows/id-10182/episodes/348533</link><title>Episode 19</title></episode>
<episode><epnum>20</epnum><seasonnum>20</seasonnum><prodnum></prodnum><airdate>1958-07-25</airdate><link>http://www.tvrage.com/shows/id-10182/episodes/348534</link><title>Episode 20</title></episode>
<episode><epnum>21</epnum><seasonnum>21</seasonnum><prodnum></prodnum><airdate>1958-07-28</airdate><link>http://www.tvrage.com/shows/id-10182/episodes/348535</link><title>Episode 21</title></episode>
<episode><epnum>22</epnum><seasonnum>22</seasonnum><prodnum></prodnum><airdate>1958-07-29</airdate><link>http://www.tvrage.com/shows/id-10182/episodes/348536</link><title>Episode 22</title></episode>
<episode><epnum>23</epnum><seasonnum>23</seasonnum><prodnum></prodnum><airdate>1958-07-30</airdate><link>http://www.tvrage.com/shows/id-10182/episodes/348537</link><title>Episode 23</title></episode>
<episode><epnum>24</epnum><seasonnum>24</seasonnum><prodnum></prodnum><airdate>1958-07-31</airdate><link>http://www.tvrage.com/shows/id-10182/episodes/348538</link><title>Episode 24</title></episode>
<episode><epnum>25</epnum><seasonnum>25</seasonnum><prodnum></prodnum><airdate>1958-08-01</airdate><link>http://www.tvrage.com/shows/id-10182/episodes/348539</link><title>Episode 25</title></episode>
<episode><epnum>26</epnum><seasonnum>26</seasonnum><prodnum></prodnum><airdate>1958-08-04</airdate><link>http://www.tvrage.com/shows/id-10182/episodes/348540</link><title>Episode 26</title></episode>
<episode><epnum>27</epnum><seasonnum>27</seasonnum><prodnum></prodnum><airdate>1958-08-05</airdate><link>http://www.tvrage.com/shows/id-10182/episodes/348541</link><title>Episode 27</title></episode>
<episode><epnum>28</epnum><seasonnum>28</seasonnum><prodnum></prodnum><airdate>1958-08-06</airdate><link>http://www.tvrage.com/shows/id-10182/episodes/348542</link><title>Episode 28</title></episode>
<episode><epnum>29</epnum><seasonnum>29</seasonnum><prodnum></prodnum><airdate>1958-08-07</airdate><link>http://www.tvrage.com/shows/id-10182/episodes/348543</link><title>Episode 29</title></episode>
<episode><epnum>30</epnum><seasonnum>30</seasonnum><prodnum></prodnum><airdate>1958-08-08</airdate><link>http://www.tvrage.com/shows/id-10182/episodes/348544</link><title>Episode 30</title></episode>
<episode><epnum>31</epnum><seasonnum>31</seasonnum><prodnum></prodnum><airdate>1958-08-11</airdate><link>http://www.tvrage.com/shows/id-10182/episodes/348545</link><title>Episode 31</title></episode>
<episode><epnum>32</epnum><seasonnum>32</seasonnum><prodnum></prodnum><airdate>1958-08-12</airdate><link>http://www.tvrage.com/shows/id-10182/episodes/348546</link><title>Episode 32</title></episode>
<episode><epnum>33</epnum><seasonnum>33</seasonnum><prodnum></prodnum><airdate>1958-08-13</airdate><link>http://www.tvrage.com/shows/id-10182/episodes/348547</link><title>Episode 33</title></episode>
<episode><epnum>34</epnum><seasonnum>34</seasonnum><prodnum></prodnum><airdate>1958-08-14</airdate><link>http://www.tvrage.com/shows/id-10182/episodes/348548</link><title>Episode 34</title></episode>
<episode><epnum>35</epnum><seasonnum>35</seasonnum><prodnum></prodnum><airdate>1958-08-15</airdate><link>http://www.tvrage.com/shows/id-10182/episodes/348549</link><title>Episode 35</title></episode>
<episode><epnum>36</epnum><seasonnum>36</seasonnum><prodnum></prodnum><airdate>1958-08-18</airdate><link>http://www.tvrage.com/shows/id-10182/episodes/348550</link><title>Episode 36</title></episode>
<episode><epnum>37</epnum><seasonnum>37</seasonnum><prodnum></prodnum><airdate>1958-08-19</airdate><link>http://www.tvrage.com/shows/id-10182/episodes/348551</link><title>Episode 37</title></episode>
<episode><epnum>38</epnum><seasonnum>38</seasonnum><prodnum></prodnum><airdate>1958-08-20</airdate><link>http://www.tvrage.com/shows/id-10182/episodes/348552</link><title>Episode 38</title></episode>
<episode><epnum>39</epnum><seasonnum>39</seasonnum><prodnum></prodnum><airdate>1958-08-21</airdate><link>http://www.tvrage.com/shows/id-10182/episodes/348553</link><title>Episode 39</title></episode>
<episode><epnum>40</epnum><seasonnum>40</seasonnum><prodnum></prodnum><airdate>1958-08-22</airdate><link>http://www.tvrage.com/shows/id-10182/episodes/348554</link><title>Episode 40</title></episode>
<episode><epnum>41</epnum><seasonnum>41</seasonnum><prodnum></prodnum><airdate>1958-08-25</airdate><link>http://www.tvrage.com/shows/id-10182/episodes/348555</link><title>Episode 41</title></episode>
<episode><epnum>42</epnum><seasonnum>42</seasonnum><prodnum></prodnum><airdate>1958-08-26</airdate><link>http://www.tvrage.com/shows/id-10182/episodes/348556</link><title>Episode 42</title></episode>
<episode><epnum>43</epnum><seasonnum>43</seasonnum><prodnum></prodnum><airdate>1958-08-27</airdate><link>http://www.tvrage.com/shows/id-10182/episodes/348557</link><title>Episode 43</title></episode>
<episode><epnum>44</epnum><seasonnum>44</seasonnum><prodnum></prodnum><airdate>1958-08-28</airdate><link>http://www.tvrage.com/shows/id-10182/episodes/348558</link><title>Episode 44</title></episode>
<episode><epnum>45</epnum><seasonnum>45</seasonnum><prodnum></prodnum><airdate>1958-08-29</airdate><link>http://www.tvrage.com/shows/id-10182/episodes/348559</link><title>Episode 45</title></episode>
<episode><epnum>46</epnum><seasonnum>46</seasonnum><prodnum></prodnum><airdate>1958-09-01</airdate><link>http://www.tvrage.com/shows/id-10182/episodes/348560</link><title>Episode 46</title></episode>
<episode><epnum>47</epnum><seasonnum>47</seasonnum><prodnum></prodnum><airdate>1958-09-02</airdate><link>http://www.tvrage.com/shows/id-10182/episodes/348561</link><title>Episode 47</title></episode>
<episode><epnum>48</epnum><seasonnum>48</seasonnum><prodnum></prodnum><airdate>1958-09-03</airdate><link>http://www.tvrage.com/shows/id-10182/episodes/348562</link><title>Episode 48</title></episode>
<episode><epnum>49</epnum><seasonnum>49</seasonnum><prodnum></prodnum><airdate>1958-09-04</airdate><link>http://www.tvrage.com/shows/id-10182/episodes/348563</link><title>Episode 49</title></episode>
<episode><epnum>50</epnum><seasonnum>50</seasonnum><prodnum></prodnum><airdate>1958-09-05</airdate><link>http://www.tvrage.com/shows/id-10182/episodes/348564</link><title>Episode 50</title></episode>
<episode><epnum>51</epnum><seasonnum>51</seasonnum><prodnum></prodnum><airdate>1958-09-08</airdate><link>http://www.tvrage.com/shows/id-10182/episodes/348871</link><title>Episode 51</title></episode>
<episode><epnum>52</epnum><seasonnum>52</seasonnum><prodnum></prodnum><airdate>1958-09-09</airdate><link>http://www.tvrage.com/shows/id-10182/episodes/348872</link><title>Episode 52</title></episode>
<episode><epnum>53</epnum><seasonnum>53</seasonnum><prodnum></prodnum><airdate>1958-09-10</airdate><link>http://www.tvrage.com/shows/id-10182/episodes/348873</link><title>Episode 53</title></episode>
<episode><epnum>54</epnum><seasonnum>54</seasonnum><prodnum></prodnum><airdate>1958-09-11</airdate><link>http://www.tvrage.com/shows/id-10182/episodes/348874</link><title>Episode 54</title></episode>
<episode><epnum>55</epnum><seasonnum>55</seasonnum><prodnum></prodnum><airdate>1958-09-12</airdate><link>http://www.tvrage.com/shows/id-10182/episodes/348875</link><title>Episode 55</title></episode>
<episode><epnum>56</epnum><seasonnum>56</seasonnum><prodnum></prodnum><airdate>1958-09-15</airdate><link>http://www.tvrage.com/shows/id-10182/episodes/348876</link><title>Episode 56</title></episode>
<episode><epnum>57</epnum><seasonnum>57</seasonnum><prodnum></prodnum><airdate>1958-09-16</airdate><link>http://www.tvrage.com/shows/id-10182/episodes/348877</link><title>Episode 57</title></episode>
<episode><epnum>58</epnum><seasonnum>58</seasonnum><prodnum></prodnum><airdate>1958-09-17</airdate><link>http://www.tvrage.com/shows/id-10182/episodes/348878</link><title>Episode 58</title></episode>
<episode><epnum>59</epnum><seasonnum>59</seasonnum><prodnum></prodnum><airdate>1958-09-18</airdate><link>http://www.tvrage.com/shows/id-10182/episodes/348879</link><title>Episode 59</title></episode>
<episode><epnum>60</epnum><seasonnum>60</seasonnum><prodnum></prodnum><airdate>1958-09-19</airdate><link>http://www.tvrage.com/shows/id-10182/episodes/348880</link><title>Episode 60</title></episode>
<episode><epnum>61</epnum><seasonnum>61</seasonnum><prodnum></prodnum><airdate>1958-09-22</airdate><link>http://www.tvrage.com/shows/id-10182/episodes/348898</link><title>Episode 61</title></episode>
<episode><epnum>62</epnum><seasonnum>62</seasonnum><prodnum></prodnum><airdate>1958-09-23</airdate><link>http://www.tvrage.com/shows/id-10182/episodes/348899</link><title>Episode 62</title></episode>
<episode><epnum>63</epnum><seasonnum>63</seasonnum><prodnum></prodnum><airdate>1958-09-24</airdate><link>http://www.tvrage.com/shows/id-10182/episodes/348900</link><title>Episode 63</title></episode>
<episode><epnum>64</epnum><seasonnum>64</seasonnum><prodnum></prodnum><airdate>1958-09-25</airdate><link>http://www.tvrage.com/shows/id-10182/episodes/348901</link><title>Episode 64</title></episode>
<episode><epnum>65</epnum><seasonnum>65</seasonnum><prodnum></prodnum><airdate>1958-09-26</airdate><link>http://www.tvrage.com/shows/id-10182/episodes/348902</link><title>Episode 65</title></episode>
<episode><epnum>66</epnum><seasonnum>66</seasonnum><prodnum></prodnum><airdate>1958-09-29</airdate><link>http://www.tvrage.com/shows/id-10182/episodes/348903</link><title>Episode 66</title></episode>
<episode><epnum>67</epnum><seasonnum>67</seasonnum><prodnum></prodnum><airdate>1958-09-30</airdate><link>http://www.tvrage.com/shows/id-10182/episodes/348904</link><title>Episode 67</title></episode>
<episode><epnum>68</epnum><seasonnum>68</seasonnum><prodnum></prodnum><airdate>1958-10-01</airdate><link>http://www.tvrage.com/shows/id-10182/episodes/348905</link><title>Episode 68</title></episode>
<episode><epnum>69</epnum><seasonnum>69</seasonnum><prodnum></prodnum><airdate>1958-10-02</airdate><link>http://www.tvrage.com/shows/id-10182/episodes/348906</link><title>Episode 69</title></episode>
<episode><epnum>70</epnum><seasonnum>70</seasonnum><prodnum></prodnum><airdate>1958-10-03</airdate><link>http://www.tvrage.com/shows/id-10182/episodes/348907</link><title>Episode 70</title></episode>
<episode><epnum>71</epnum><seasonnum>71</seasonnum><prodnum></prodnum><airdate>1958-10-06</airdate><link>http://www.tvrage.com/shows/id-10182/episodes/348908</link><title>Episode 71</title></episode>
<episode><epnum>72</epnum><seasonnum>72</seasonnum><prodnum></prodnum><airdate>1958-10-07</airdate><link>http://www.tvrage.com/shows/id-10182/episodes/348909</link><title>Episode 72</title></episode>
<episode><epnum>73</epnum><seasonnum>73</seasonnum><prodnum></prodnum><airdate>1958-10-08</airdate><link>http://www.tvrage.com/shows/id-10182/episodes/348910</link><title>Episode 73</title></episode>
<episode><epnum>74</epnum><seasonnum>74</seasonnum><prodnum></prodnum><airdate>1958-10-09</airdate><link>http://www.tvrage.com/shows/id-10182/episodes/348911</link><title>Episode 74</title></episode>
<episode><epnum>75</epnum><seasonnum>75</seasonnum><prodnum></prodnum><airdate>1958-10-10</airdate><link>http://www.tvrage.com/shows/id-10182/episodes/348912</link><title>Episode 75</title></episode>
<episode><epnum>76</epnum><seasonnum>76</seasonnum><prodnum></prodnum><airdate>1958-10-13</airdate><link>http://www.tvrage.com/shows/id-10182/episodes/348913</link><title>Episode 76</title></episode>
<episode><epnum>77</epnum><seasonnum>77</seasonnum><prodnum></prodnum><airdate>1958-10-14</airdate><link>http://www.tvrage.com/shows/id-10182/episodes/348915</link><title>Episode 77</title></episode>
<episode><epnum>78</epnum><seasonnum>78</seasonnum><prodnum></prodnum><airdate>1958-10-15</airdate><link>http://www.tvrage.com/shows/id-10182/episodes/348916</link><title>Episode 78</title></episode>
<episode><epnum>79</epnum><seasonnum>79</seasonnum><prodnum></prodnum><airdate>1958-10-16</airdate><link>http://www.tvrage.com/shows/id-10182/episodes/348917</link><title>Episode 79</title></episode>
<episode><epnum>80</epnum><seasonnum>80</seasonnum><prodnum></prodnum><airdate>1958-10-17</airdate><link>http://www.tvrage.com/shows/id-10182/episodes/348918</link><title>Episode 80</title></episode>
<episode><epnum>81</epnum><seasonnum>81</seasonnum><prodnum></prodnum><airdate>1958-10-20</airdate><link>http://www.tvrage.com/shows/id-10182/episodes/348919</link><title>Episode 81</title></episode>
<episode><epnum>82</epnum><seasonnum>82</seasonnum><prodnum></prodnum><airdate>1958-10-21</airdate><link>http://www.tvrage.com/shows/id-10182/episodes/348920</link><title>Episode 82</title></episode>
<episode><epnum>83</epnum><seasonnum>83</seasonnum><prodnum></prodnum><airdate>1958-10-22</airdate><link>http://www.tvrage.com/shows/id-10182/episodes/348921</link><title>Episode 83</title></episode>
<episode><epnum>84</epnum><seasonnum>84</seasonnum><prodnum></prodnum><airdate>1958-10-23</airdate><link>http://www.tvrage.com/shows/id-10182/episodes/348922</link><title>Episode 84</title></episode>
<episode><epnum>85</epnum><seasonnum>85</seasonnum><prodnum></prodnum><airdate>1958-10-24</airdate><link>http://www.tvrage.com/shows/id-10182/episodes/348923</link><title>Episode 85</title></episode>
<episode><epnum>86</epnum><seasonnum>86</seasonnum><prodnum></prodnum><airdate>1958-10-27</airdate><link>http://www.tvrage.com/shows/id-10182/episodes/348924</link><title>Episode 86</title></episode>
<episode><epnum>87</epnum><seasonnum>87</seasonnum><prodnum></prodnum><airdate>1958-10-28</airdate><link>http://www.tvrage.com/shows/id-10182/episodes/348925</link><title>Episode 87</title></episode>
<episode><epnum>88</epnum><seasonnum>88</seasonnum><prodnum></prodnum><airdate>1958-10-29</airdate><link>http://www.tvrage.com/shows/id-10182/episodes/348926</link><title>Episode 88</title></episode>
<episode><epnum>89</epnum><seasonnum>89</seasonnum><prodnum></prodnum><airdate>1958-10-30</airdate><link>http://www.tvrage.com/shows/id-10182/episodes/348927</link><title>Episode 89</title></episode>
<episode><epnum>90</epnum><seasonnum>90</seasonnum><prodnum></prodnum><airdate>1958-10-31</airdate><link>http://www.tvrage.com/shows/id-10182/episodes/348928</link><title>Episode 90</title></episode>
<episode><epnum>91</epnum><seasonnum>91</seasonnum><prodnum></prodnum><airdate>1958-11-03</airdate><link>http://www.tvrage.com/shows/id-10182/episodes/348929</link><title>Episode 91</title></episode>
<episode><epnum>92</epnum><seasonnum>92</seasonnum><prodnum></prodnum><airdate>1958-11-04</airdate><link>http://www.tvrage.com/shows/id-10182/episodes/348930</link><title>Episode 92</title></episode>
<episode><epnum>93</epnum><seasonnum>93</seasonnum><prodnum></prodnum><airdate>1958-11-05</airdate><link>http://www.tvrage.com/shows/id-10182/episodes/348931</link><title>Episode 93</title></episode>
<episode><epnum>94</epnum><seasonnum>94</seasonnum><prodnum></prodnum><airdate>1958-11-06</airdate><link>http://www.tvrage.com/shows/id-10182/episodes/348932</link><title>Episode 94</title></episode>
<episode><epnum>95</epnum><seasonnum>95</seasonnum><prodnum></prodnum><airdate>1958-11-07</airdate><link>http://www.tvrage.com/shows/id-10182/episodes/348933</link><title>Episode 95</title></episode>
<episode><epnum>96</epnum><seasonnum>96</seasonnum><prodnum></prodnum><airdate>1958-11-10</airdate><link>http://www.tvrage.com/shows/id-10182/episodes/348934</link><title>Episode 96</title></episode>
<episode><epnum>97</epnum><seasonnum>97</seasonnum><prodnum></prodnum><airdate>1958-11-11</airdate><link>http://www.tvrage.com/shows/id-10182/episodes/348935</link><title>Episode 97</title></episode>
<episode><epnum>98</epnum><seasonnum>98</seasonnum><prodnum></prodnum><airdate>1958-11-12</airdate><link>http://www.tvrage.com/shows/id-10182/episodes/348936</link><title>Episode 98</title></episode>
<episode><epnum>99</epnum><seasonnum>99</seasonnum><prodnum></prodnum><airdate>1958-11-13</airdate><link>http://www.tvrage.com/shows/id-10182/episodes/348937</link><title>Episode 99</title></episode>
<episode><epnum>100</epnum><seasonnum>100</seasonnum><prodnum></prodnum><airdate>1958-11-14</airdate><link>http://www.tvrage.com/shows/id-10182/episodes/348938</link><title>Episode 100</title></episode>
<episode><epnum>101</epnum><seasonnum>101</seasonnum><prodnum></prodnum><airdate>1958-11-17</airdate><link>http://www.tvrage.com/shows/id-10182/episodes/349198</link><title>Episode 101</title></episode>
<episode><epnum>102</epnum><seasonnum>102</seasonnum><prodnum></prodnum><airdate>1958-11-18</airdate><link>http://www.tvrage.com/shows/id-10182/episodes/349199</link><title>Episode 102</title></episode>
<episode><epnum>103</epnum><seasonnum>103</seasonnum><prodnum></prodnum><airdate>1958-11-19</airdate><link>http://www.tvrage.com/shows/id-10182/episodes/349200</link><title>Episode 103</title></episode>
<episode><epnum>104</epnum><seasonnum>104</seasonnum><prodnum></prodnum><airdate>1958-11-20</airdate><link>http://www.tvrage.com/shows/id-10182/episodes/349201</link><title>Episode 104</title></episode>
<episode><epnum>105</epnum><seasonnum>105</seasonnum><prodnum></prodnum><airdate>1958-11-21</airdate><link>http://www.tvrage.com/shows/id-10182/episodes/349202</link><title>Episode 105</title></episode>
<episode><epnum>106</epnum><seasonnum>106</seasonnum><prodnum></prodnum><airdate>1958-11-24</airdate><link>http://www.tvrage.com/shows/id-10182/episodes/349203</link><title>Episode 106</title></episode>
<episode><epnum>107</epnum><seasonnum>107</seasonnum><prodnum></prodnum><airdate>1958-11-25</airdate><link>http://www.tvrage.com/shows/id-10182/episodes/349204</link><title>Episode 107</title></episode>
<episode><epnum>108</epnum><seasonnum>108</seasonnum><prodnum></prodnum><airdate>1958-11-26</airdate><link>http://www.tvrage.com/shows/id-10182/episodes/349205</link><title>Episode 108</title></episode>
<episode><epnum>109</epnum><seasonnum>109</seasonnum><prodnum></prodnum><airdate>1958-11-28</airdate><link>http://www.tvrage.com/shows/id-10182/episodes/349206</link><title>Episode 109</title></episode>
<episode><epnum>110</epnum><seasonnum>110</seasonnum><prodnum></prodnum><airdate>1958-12-01</airdate><link>http://www.tvrage.com/shows/id-10182/episodes/349207</link><title>Episode 110</title></episode>
<episode><epnum>111</epnum><seasonnum>111</seasonnum><prodnum></prodnum><airdate>1958-12-02</airdate><link>http://www.tvrage.com/shows/id-10182/episodes/349208</link><title>Episode 111</title></episode>
<episode><epnum>112</epnum><seasonnum>112</seasonnum><prodnum></prodnum><airdate>1958-12-03</airdate><link>http://www.tvrage.com/shows/id-10182/episodes/349209</link><title>Episode 112</title></episode>
<episode><epnum>113</epnum><seasonnum>113</seasonnum><prodnum></prodnum><airdate>1958-12-04</airdate><link>http://www.tvrage.com/shows/id-10182/episodes/349210</link><title>Episode 113</title></episode>
<episode><epnum>114</epnum><seasonnum>114</seasonnum><prodnum></prodnum><airdate>1958-12-05</airdate><link>http://www.tvrage.com/shows/id-10182/episodes/349211</link><title>Episode 114</title></episode>
<episode><epnum>115</epnum><seasonnum>115</seasonnum><prodnum></prodnum><airdate>1958-12-08</airdate><link>http://www.tvrage.com/shows/id-10182/episodes/349212</link><title>Episode 115</title></episode>
<episode><epnum>116</epnum><seasonnum>116</seasonnum><prodnum></prodnum><airdate>1958-12-09</airdate><link>http://www.tvrage.com/shows/id-10182/episodes/349213</link><title>Episode 116</title></episode>
<episode><epnum>117</epnum><seasonnum>117</seasonnum><prodnum></prodnum><airdate>1958-12-10</airdate><link>http://www.tvrage.com/shows/id-10182/episodes/349214</link><title>Episode 117</title></episode>
<episode><epnum>118</epnum><seasonnum>118</seasonnum><prodnum></prodnum><airdate>1958-12-11</airdate><link>http://www.tvrage.com/shows/id-10182/episodes/349215</link><title>Episode 118</title></episode>
<episode><epnum>119</epnum><seasonnum>119</seasonnum><prodnum></prodnum><airdate>1958-12-12</airdate><link>http://www.tvrage.com/shows/id-10182/episodes/349216</link><title>Episode 119</title></episode>
<episode><epnum>120</epnum><seasonnum>120</seasonnum><prodnum></prodnum><airdate>1958-12-15</airdate><link>http://www.tvrage.com/shows/id-10182/episodes/349217</link><title>Episode 120</title></episode>
<episode><epnum>121</epnum><seasonnum>121</seasonnum><prodnum></prodnum><airdate>1958-12-16</airdate><link>http://www.tvrage.com/shows/id-10182/episodes/349218</link><title>Episode 121</title></episode>
<episode><epnum>122</epnum><seasonnum>122</seasonnum><prodnum></prodnum><airdate>1958-12-17</airdate><link>http://www.tvrage.com/shows/id-10182/episodes/349219</link><title>Episode 122</title></episode>
<episode><epnum>123</epnum><seasonnum>123</seasonnum><prodnum></prodnum><airdate>1958-12-18</airdate><link>http://www.tvrage.com/shows/id-10182/episodes/349220</link><title>Episode 123</title></episode>
<episode><epnum>124</epnum><seasonnum>124</seasonnum><prodnum></prodnum><airdate>1958-12-19</airdate><link>http://www.tvrage.com/shows/id-10182/episodes/349221</link><title>Episode 124</title></episode>
<episode><epnum>125</epnum><seasonnum>125</seasonnum><prodnum></prodnum><airdate>1958-12-22</airdate><link>http://www.tvrage.com/shows/id-10182/episodes/349222</link><title>Episode 125</title></episode>
<episode><epnum>126</epnum><seasonnum>126</seasonnum><prodnum></prodnum><airdate>1958-12-23</airdate><link>http://www.tvrage.com/shows/id-10182/episodes/349223</link><title>Episode 126</title></episode>
<episode><epnum>127</epnum><seasonnum>127</seasonnum><prodnum></prodnum><airdate>1958-12-24</airdate><link>http://www.tvrage.com/shows/id-10182/episodes/349224</link><title>Episode 127</title></episode>
<episode><epnum>128</epnum><seasonnum>128</seasonnum><prodnum></prodnum><airdate>1958-12-26</airdate><link>http://www.tvrage.com/shows/id-10182/episodes/349225</link><title>Episode 128</title></episode>
<episode><epnum>129</epnum><seasonnum>129</seasonnum><prodnum></prodnum><airdate>1958-12-29</airdate><link>http://www.tvrage.com/shows/id-10182/episodes/349226</link><title>Episode 129</title></episode>
<episode><epnum>130</epnum><seasonnum>130</seasonnum><prodnum></prodnum><airdate>1958-12-30</airdate><link>http://www.tvrage.com/shows/id-10182/episodes/349227</link><title>Episode 130</title></episode>
<episode><epnum>131</epnum><seasonnum>131</seasonnum><prodnum></prodnum><airdate>1958-12-31</airdate><link>http://www.tvrage.com/shows/id-10182/episodes/349228</link><title>Episode 131</title></episode>
<episode><epnum>132</epnum><seasonnum>132</seasonnum><prodnum></prodnum><airdate>1959-01-02</airdate><link>http://www.tvrage.com/shows/id-10182/episodes/349229</link><title>Episode 132</title></episode>
<episode><epnum>133</epnum><seasonnum>133</seasonnum><prodnum></prodnum><airdate>1959-01-05</airdate><link>http://www.tvrage.com/shows/id-10182/episodes/349230</link><title>Episode 133</title></episode>
<episode><epnum>134</epnum><seasonnum>134</seasonnum><prodnum></prodnum><airdate>1959-01-06</airdate><link>http://www.tvrage.com/shows/id-10182/episodes/349231</link><title>Episode 134</title></episode>
<episode><epnum>135</epnum><seasonnum>135</seasonnum><prodnum></prodnum><airdate>1959-01-07</airdate><link>http://www.tvrage.com/shows/id-10182/episodes/349232</link><title>Episode 135</title></episode>
<episode><epnum>136</epnum><seasonnum>136</seasonnum><prodnum></prodnum><airdate>1959-01-08</airdate><link>http://www.tvrage.com/shows/id-10182/episodes/349233</link><title>Episode 136</title></episode>
<episode><epnum>137</epnum><seasonnum>137</seasonnum><prodnum></prodnum><airdate>1959-01-09</airdate><link>http://www.tvrage.com/shows/id-10182/episodes/349234</link><title>Episode 137</title></episode>
<episode><epnum>138</epnum><seasonnum>138</seasonnum><prodnum></prodnum><airdate>1959-01-12</airdate><link>http://www.tvrage.com/shows/id-10182/episodes/349235</link><title>Episode 138</title></episode>
<episode><epnum>139</epnum><seasonnum>139</seasonnum><prodnum></prodnum><airdate>1959-01-13</airdate><link>http://www.tvrage.com/shows/id-10182/episodes/349236</link><title>Episode 139</title></episode>
<episode><epnum>140</epnum><seasonnum>140</seasonnum><prodnum></prodnum><airdate>1959-01-14</airdate><link>http://www.tvrage.com/shows/id-10182/episodes/349237</link><title>Episode 140</title></episode>
<episode><epnum>141</epnum><seasonnum>141</seasonnum><prodnum></prodnum><airdate>1959-01-15</airdate><link>http://www.tvrage.com/shows/id-10182/episodes/349238</link><title>Episode 141</title></episode>
<episode><epnum>142</epnum><seasonnum>142</seasonnum><prodnum></prodnum><airdate>1959-01-16</airdate><link>http://www.tvrage.com/shows/id-10182/episodes/349239</link><title>Episode 142</title></episode>
<episode><epnum>143</epnum><seasonnum>143</seasonnum><prodnum></prodnum><airdate>1959-01-19</airdate><link>http://www.tvrage.com/shows/id-10182/episodes/349240</link><title>Episode 143</title></episode>
<episode><epnum>144</epnum><seasonnum>144</seasonnum><prodnum></prodnum><airdate>1959-01-20</airdate><link>http://www.tvrage.com/shows/id-10182/episodes/349241</link><title>Episode 144</title></episode>
<episode><epnum>145</epnum><seasonnum>145</seasonnum><prodnum></prodnum><airdate>1959-01-21</airdate><link>http://www.tvrage.com/shows/id-10182/episodes/349242</link><title>Episode 145</title></episode>
<episode><epnum>146</epnum><seasonnum>146</seasonnum><prodnum></prodnum><airdate>1959-01-22</airdate><link>http://www.tvrage.com/shows/id-10182/episodes/349243</link><title>Episode 146</title></episode>
<episode><epnum>147</epnum><seasonnum>147</seasonnum><prodnum></prodnum><airdate>1959-01-23</airdate><link>http://www.tvrage.com/shows/id-10182/episodes/349244</link><title>Episode 147</title></episode>
<episode><epnum>148</epnum><seasonnum>148</seasonnum><prodnum></prodnum><airdate>1959-01-26</airdate><link>http://www.tvrage.com/shows/id-10182/episodes/349245</link><title>Episode 148</title></episode>
<episode><epnum>149</epnum><seasonnum>149</seasonnum><prodnum></prodnum><airdate>1959-01-27</airdate><link>http://www.tvrage.com/shows/id-10182/episodes/349246</link><title>Episode 149</title></episode>
<episode><epnum>150</epnum><seasonnum>150</seasonnum><prodnum></prodnum><airdate>1959-01-28</airdate><link>http://www.tvrage.com/shows/id-10182/episodes/349247</link><title>Episode 150</title></episode>
<episode><epnum>151</epnum><seasonnum>151</seasonnum><prodnum></prodnum><airdate>1959-01-29</airdate><link>http://www.tvrage.com/shows/id-10182/episodes/349248</link><title>Episode 151</title></episode>
<episode><epnum>152</epnum><seasonnum>152</seasonnum><prodnum></prodnum><airdate>1959-01-30</airdate><link>http://www.tvrage.com/shows/id-10182/episodes/349249</link><title>Episode 152</title></episode>
<episode><epnum>153</epnum><seasonnum>153</seasonnum><prodnum></prodnum><airdate>1959-02-02</airdate><link>http://www.tvrage.com/shows/id-10182/episodes/349250</link><title>Episode 153</title></episode>
<episode><epnum>154</epnum><seasonnum>154</seasonnum><prodnum></prodnum><airdate>1959-02-03</airdate><link>http://www.tvrage.com/shows/id-10182/episodes/349251</link><title>Episode 154</title></episode>
<episode><epnum>155</epnum><seasonnum>155</seasonnum><prodnum></prodnum><airdate>1959-02-04</airdate><link>http://www.tvrage.com/shows/id-10182/episodes/349252</link><title>Episode 155</title></episode>
<episode><epnum>156</epnum><seasonnum>156</seasonnum><prodnum></prodnum><airdate>1959-02-05</airdate><link>http://www.tvrage.com/shows/id-10182/episodes/349253</link><title>Episode 156</title></episode>
<episode><epnum>157</epnum><seasonnum>157</seasonnum><prodnum></prodnum><airdate>1959-02-06</airdate><link>http://www.tvrage.com/shows/id-10182/episodes/349254</link><title>Episode 157</title></episode>
<episode><epnum>158</epnum><seasonnum>158</seasonnum><prodnum></prodnum><airdate>1959-02-09</airdate><link>http://www.tvrage.com/shows/id-10182/episodes/349255</link><title>Episode 158</title></episode>
<episode><epnum>159</epnum><seasonnum>159</seasonnum><prodnum></prodnum><airdate>1959-02-10</airdate><link>http://www.tvrage.com/shows/id-10182/episodes/349256</link><title>Episode 159</title></episode>
<episode><epnum>160</epnum><seasonnum>160</seasonnum><prodnum></prodnum><airdate>1959-02-11</airdate><link>http://www.tvrage.com/shows/id-10182/episodes/349257</link><title>Episode 160</title></episode>
<episode><epnum>161</epnum><seasonnum>161</seasonnum><prodnum></prodnum><airdate>1959-02-12</airdate><link>http://www.tvrage.com/shows/id-10182/episodes/349258</link><title>Episode 161</title></episode>
<episode><epnum>162</epnum><seasonnum>162</seasonnum><prodnum></prodnum><airdate>1959-02-13</airdate><link>http://www.tvrage.com/shows/id-10182/episodes/349259</link><title>Episode 162</title></episode>
<episode><epnum>163</epnum><seasonnum>163</seasonnum><prodnum></prodnum><airdate>1959-02-16</airdate><link>http://www.tvrage.com/shows/id-10182/episodes/349260</link><title>Episode 163</title></episode>
<episode><epnum>164</epnum><seasonnum>164</seasonnum><prodnum></prodnum><airdate>1959-02-17</airdate><link>http://www.tvrage.com/shows/id-10182/episodes/349261</link><title>Episode 164</title></episode>
<episode><epnum>165</epnum><seasonnum>165</seasonnum><prodnum></prodnum><airdate>1959-02-18</airdate><link>http://www.tvrage.com/shows/id-10182/episodes/349262</link><title>Episode 165</title></episode>
<episode><epnum>166</epnum><seasonnum>166</seasonnum><prodnum></prodnum><airdate>1959-02-19</airdate><link>http://www.tvrage.com/shows/id-10182/episodes/349263</link><title>Episode 166</title></episode>
<episode><epnum>167</epnum><seasonnum>167</seasonnum><prodnum></prodnum><airdate>1959-02-20</airdate><link>http://www.tvrage.com/shows/id-10182/episodes/349264</link><title>Episode 167</title></episode>
<episode><epnum>168</epnum><seasonnum>168</seasonnum><prodnum></prodnum><airdate>1959-02-23</airdate><link>http://www.tvrage.com/shows/id-10182/episodes/349265</link><title>Episode 168</title></episode>
<episode><epnum>169</epnum><seasonnum>169</seasonnum><prodnum></prodnum><airdate>1959-02-24</airdate><link>http://www.tvrage.com/shows/id-10182/episodes/349266</link><title>Episode 169</title></episode>
<episode><epnum>170</epnum><seasonnum>170</seasonnum><prodnum></prodnum><airdate>1959-02-25</airdate><link>http://www.tvrage.com/shows/id-10182/episodes/349267</link><title>Episode 170</title></episode>
<episode><epnum>171</epnum><seasonnum>171</seasonnum><prodnum></prodnum><airdate>1959-02-26</airdate><link>http://www.tvrage.com/shows/id-10182/episodes/349268</link><title>Episode 171</title></episode>
<episode><epnum>172</epnum><seasonnum>172</seasonnum><prodnum></prodnum><airdate>1959-02-27</airdate><link>http://www.tvrage.com/shows/id-10182/episodes/349269</link><title>Episode 172</title></episode>
<episode><epnum>173</epnum><seasonnum>173</seasonnum><prodnum></prodnum><airdate>1959-03-02</airdate><link>http://www.tvrage.com/shows/id-10182/episodes/349270</link><title>Episode 173</title></episode>
<episode><epnum>174</epnum><seasonnum>174</seasonnum><prodnum></prodnum><airdate>1959-03-03</airdate><link>http://www.tvrage.com/shows/id-10182/episodes/349271</link><title>Episode 174</title></episode>
<episode><epnum>175</epnum><seasonnum>175</seasonnum><prodnum></prodnum><airdate>1959-03-04</airdate><link>http://www.tvrage.com/shows/id-10182/episodes/349272</link><title>Episode 175</title></episode>
<episode><epnum>176</epnum><seasonnum>176</seasonnum><prodnum></prodnum><airdate>1959-03-05</airdate><link>http://www.tvrage.com/shows/id-10182/episodes/349273</link><title>Episode 176</title></episode>
<episode><epnum>177</epnum><seasonnum>177</seasonnum><prodnum></prodnum><airdate>1959-03-06</airdate><link>http://www.tvrage.com/shows/id-10182/episodes/349274</link><title>Episode 177</title></episode>
<episode><epnum>178</epnum><seasonnum>178</seasonnum><prodnum></prodnum><airdate>1959-03-09</airdate><link>http://www.tvrage.com/shows/id-10182/episodes/349275</link><title>Episode 178</title></episode>
<episode><epnum>179</epnum><seasonnum>179</seasonnum><prodnum></prodnum><airdate>1959-03-10</airdate><link>http://www.tvrage.com/shows/id-10182/episodes/349276</link><title>Episode 179</title></episode>
<episode><epnum>180</epnum><seasonnum>180</seasonnum><prodnum></prodnum><airdate>1959-03-11</airdate><link>http://www.tvrage.com/shows/id-10182/episodes/349277</link><title>Episode 180</title></episode>
<episode><epnum>181</epnum><seasonnum>181</seasonnum><prodnum></prodnum><airdate>1959-03-12</airdate><link>http://www.tvrage.com/shows/id-10182/episodes/349278</link><title>Episode 181</title></episode>
<episode><epnum>182</epnum><seasonnum>182</seasonnum><prodnum></prodnum><airdate>1959-03-13</airdate><link>http://www.tvrage.com/shows/id-10182/episodes/349279</link><title>Episode 182</title></episode>
<episode><epnum>183</epnum><seasonnum>183</seasonnum><prodnum></prodnum><airdate>1959-03-16</airdate><link>http://www.tvrage.com/shows/id-10182/episodes/349280</link><title>Episode 183</title></episode>
<episode><epnum>184</epnum><seasonnum>184</seasonnum><prodnum></prodnum><airdate>1959-03-17</airdate><link>http://www.tvrage.com/shows/id-10182/episodes/349281</link><title>Episode 184</title></episode>
<episode><epnum>185</epnum><seasonnum>185</seasonnum><prodnum></prodnum><airdate>1959-03-18</airdate><link>http://www.tvrage.com/shows/id-10182/episodes/349282</link><title>Episode 185</title></episode>
<episode><epnum>186</epnum><seasonnum>186</seasonnum><prodnum></prodnum><airdate>1959-03-19</airdate><link>http://www.tvrage.com/shows/id-10182/episodes/349283</link><title>Episode 186</title></episode>
<episode><epnum>187</epnum><seasonnum>187</seasonnum><prodnum></prodnum><airdate>1959-03-20</airdate><link>http://www.tvrage.com/shows/id-10182/episodes/349284</link><title>Episode 187</title></episode>
<episode><epnum>188</epnum><seasonnum>188</seasonnum><prodnum></prodnum><airdate>1959-03-23</airdate><link>http://www.tvrage.com/shows/id-10182/episodes/349285</link><title>Episode 188</title></episode>
<episode><epnum>189</epnum><seasonnum>189</seasonnum><prodnum></prodnum><airdate>1959-03-24</airdate><link>http://www.tvrage.com/shows/id-10182/episodes/349286</link><title>Episode 189</title></episode>
<episode><epnum>190</epnum><seasonnum>190</seasonnum><prodnum></prodnum><airdate>1959-03-25</airdate><link>http://www.tvrage.com/shows/id-10182/episodes/349287</link><title>Episode 190</title></episode>
<episode><epnum>191</epnum><seasonnum>191</seasonnum><prodnum></prodnum><airdate>1959-03-26</airdate><link>http://www.tvrage.com/shows/id-10182/episodes/349288</link><title>Episode 191</title></episode>
<episode><epnum>192</epnum><seasonnum>192</seasonnum><prodnum></prodnum><airdate>1959-03-27</airdate><link>http://www.tvrage.com/shows/id-10182/episodes/349289</link><title>Episode 192</title></episode>
<episode><epnum>193</epnum><seasonnum>193</seasonnum><prodnum></prodnum><airdate>1959-03-30</airdate><link>http://www.tvrage.com/shows/id-10182/episodes/349290</link><title>Episode 193</title></episode>
<episode><epnum>194</epnum><seasonnum>194</seasonnum><prodnum></prodnum><airdate>1959-03-31</airdate><link>http://www.tvrage.com/shows/id-10182/episodes/349291</link><title>Episode 194</title></episode>
<episode><epnum>195</epnum><seasonnum>195</seasonnum><prodnum></prodnum><airdate>1959-04-01</airdate><link>http://www.tvrage.com/shows/id-10182/episodes/349292</link><title>Episode 195</title></episode>
<episode><epnum>196</epnum><seasonnum>196</seasonnum><prodnum></prodnum><airdate>1959-04-02</airdate><link>http://www.tvrage.com/shows/id-10182/episodes/349293</link><title>Episode 196</title></episode>
<episode><epnum>197</epnum><seasonnum>197</seasonnum><prodnum></prodnum><airdate>1959-04-03</airdate><link>http://www.tvrage.com/shows/id-10182/episodes/349294</link><title>Episode 197</title></episode>
<episode><epnum>198</epnum><seasonnum>198</seasonnum><prodnum></prodnum><airdate>1959-04-06</airdate><link>http://www.tvrage.com/shows/id-10182/episodes/349295</link><title>Episode 198</title></episode>
<episode><epnum>199</epnum><seasonnum>199</seasonnum><prodnum></prodnum><airdate>1959-04-07</airdate><link>http://www.tvrage.com/shows/id-10182/episodes/349296</link><title>Episode 199</title></episode>
<episode><epnum>200</epnum><seasonnum>200</seasonnum><prodnum></prodnum><airdate>1959-04-08</airdate><link>http://www.tvrage.com/shows/id-10182/episodes/349297</link><title>Episode 200</title></episode>
<episode><epnum>201</epnum><seasonnum>201</seasonnum><prodnum></prodnum><airdate>1959-04-09</airdate><link>http://www.tvrage.com/shows/id-10182/episodes/349298</link><title>Episode 201</title></episode>
<episode><epnum>202</epnum><seasonnum>202</seasonnum><prodnum></prodnum><airdate>1959-04-10</airdate><link>http://www.tvrage.com/shows/id-10182/episodes/349299</link><title>Episode 202</title></episode>
<episode><epnum>203</epnum><seasonnum>203</seasonnum><prodnum></prodnum><airdate>1959-04-13</airdate><link>http://www.tvrage.com/shows/id-10182/episodes/349496</link><title>Episode 203</title></episode>
<episode><epnum>204</epnum><seasonnum>204</seasonnum><prodnum></prodnum><airdate>1959-04-14</airdate><link>http://www.tvrage.com/shows/id-10182/episodes/349497</link><title>Episode 204</title></episode>
<episode><epnum>205</epnum><seasonnum>205</seasonnum><prodnum></prodnum><airdate>1959-04-15</airdate><link>http://www.tvrage.com/shows/id-10182/episodes/349498</link><title>Episode 205</title></episode>
<episode><epnum>206</epnum><seasonnum>206</seasonnum><prodnum></prodnum><airdate>1959-04-16</airdate><link>http://www.tvrage.com/shows/id-10182/episodes/349499</link><title>Episode 206</title></episode>
<episode><epnum>207</epnum><seasonnum>207</seasonnum><prodnum></prodnum><airdate>1959-04-17</airdate><link>http://www.tvrage.com/shows/id-10182/episodes/349500</link><title>Episode 207</title></episode>
<episode><epnum>208</epnum><seasonnum>208</seasonnum><prodnum></prodnum><airdate>1959-04-20</airdate><link>http://www.tvrage.com/shows/id-10182/episodes/349501</link><title>Episode 208</title></episode>
<episode><epnum>209</epnum><seasonnum>209</seasonnum><prodnum></prodnum><airdate>1959-04-21</airdate><link>http://www.tvrage.com/shows/id-10182/episodes/349502</link><title>Episode 209</title></episode>
<episode><epnum>210</epnum><seasonnum>210</seasonnum><prodnum></prodnum><airdate>1959-04-22</airdate><link>http://www.tvrage.com/shows/id-10182/episodes/349503</link><title>Episode 210</title></episode>
<episode><epnum>211</epnum><seasonnum>211</seasonnum><prodnum></prodnum><airdate>1959-04-23</airdate><link>http://www.tvrage.com/shows/id-10182/episodes/349504</link><title>Episode 211</title></episode>
<episode><epnum>212</epnum><seasonnum>212</seasonnum><prodnum></prodnum><airdate>1959-04-24</airdate><link>http://www.tvrage.com/shows/id-10182/episodes/349505</link><title>Episode 212</title></episode>
<episode><epnum>213</epnum><seasonnum>213</seasonnum><prodnum></prodnum><airdate>1959-04-27</airdate><link>http://www.tvrage.com/shows/id-10182/episodes/349506</link><title>Episode 213</title></episode>
<episode><epnum>214</epnum><seasonnum>214</seasonnum><prodnum></prodnum><airdate>1959-04-28</airdate><link>http://www.tvrage.com/shows/id-10182/episodes/349507</link><title>Episode 214</title></episode>
<episode><epnum>215</epnum><seasonnum>215</seasonnum><prodnum></prodnum><airdate>1959-04-29</airdate><link>http://www.tvrage.com/shows/id-10182/episodes/349508</link><title>Episode 215</title></episode>
<episode><epnum>216</epnum><seasonnum>216</seasonnum><prodnum></prodnum><airdate>1959-04-30</airdate><link>http://www.tvrage.com/shows/id-10182/episodes/349509</link><title>Episode 216</title></episode>
<episode><epnum>217</epnum><seasonnum>217</seasonnum><prodnum></prodnum><airdate>1959-05-01</airdate><link>http://www.tvrage.com/shows/id-10182/episodes/349511</link><title>Episode 217</title></episode>
<episode><epnum>218</epnum><seasonnum>218</seasonnum><prodnum></prodnum><airdate>1959-05-04</airdate><link>http://www.tvrage.com/shows/id-10182/episodes/349512</link><title>Episode 218</title></episode>
<episode><epnum>219</epnum><seasonnum>219</seasonnum><prodnum></prodnum><airdate>1959-05-05</airdate><link>http://www.tvrage.com/shows/id-10182/episodes/349513</link><title>Episode 219</title></episode>
<episode><epnum>220</epnum><seasonnum>220</seasonnum><prodnum></prodnum><airdate>1959-05-06</airdate><link>http://www.tvrage.com/shows/id-10182/episodes/349514</link><title>Episode 220</title></episode>
<episode><epnum>221</epnum><seasonnum>221</seasonnum><prodnum></prodnum><airdate>1959-05-07</airdate><link>http://www.tvrage.com/shows/id-10182/episodes/349515</link><title>Episode 221</title></episode>
<episode><epnum>222</epnum><seasonnum>222</seasonnum><prodnum></prodnum><airdate>1959-05-08</airdate><link>http://www.tvrage.com/shows/id-10182/episodes/349516</link><title>Episode 222</title></episode>
<episode><epnum>223</epnum><seasonnum>223</seasonnum><prodnum></prodnum><airdate>1959-05-11</airdate><link>http://www.tvrage.com/shows/id-10182/episodes/365826</link><title>Episode 223</title></episode>
<episode><epnum>224</epnum><seasonnum>224</seasonnum><prodnum></prodnum><airdate>1959-05-12</airdate><link>http://www.tvrage.com/shows/id-10182/episodes/365827</link><title>Episode 224</title></episode>
<episode><epnum>225</epnum><seasonnum>225</seasonnum><prodnum></prodnum><airdate>1959-05-13</airdate><link>http://www.tvrage.com/shows/id-10182/episodes/365828</link><title>Episode 225</title></episode>
<episode><epnum>226</epnum><seasonnum>226</seasonnum><prodnum></prodnum><airdate>1959-05-14</airdate><link>http://www.tvrage.com/shows/id-10182/episodes/365829</link><title>Episode 226</title></episode>
<episode><epnum>227</epnum><seasonnum>227</seasonnum><prodnum></prodnum><airdate>1959-05-15</airdate><link>http://www.tvrage.com/shows/id-10182/episodes/365830</link><title>Episode 227</title></episode>
<episode><epnum>228</epnum><seasonnum>228</seasonnum><prodnum></prodnum><airdate>1959-05-18</airdate><link>http://www.tvrage.com/shows/id-10182/episodes/365831</link><title>Episode 228</title></episode>
<episode><epnum>229</epnum><seasonnum>229</seasonnum><prodnum></prodnum><airdate>1959-05-19</airdate><link>http://www.tvrage.com/shows/id-10182/episodes/365832</link><title>Episode 229</title></episode>
<episode><epnum>230</epnum><seasonnum>230</seasonnum><prodnum></prodnum><airdate>1959-05-20</airdate><link>http://www.tvrage.com/shows/id-10182/episodes/365833</link><title>Episode 230</title></episode>
<episode><epnum>231</epnum><seasonnum>231</seasonnum><prodnum></prodnum><airdate>1959-05-21</airdate><link>http://www.tvrage.com/shows/id-10182/episodes/365834</link><title>Episode 231</title></episode>
<episode><epnum>232</epnum><seasonnum>232</seasonnum><prodnum></prodnum><airdate>1959-05-22</airdate><link>http://www.tvrage.com/shows/id-10182/episodes/365835</link><title>Episode 232</title></episode>
<episode><epnum>233</epnum><seasonnum>233</seasonnum><prodnum></prodnum><airdate>1959-05-25</airdate><link>http://www.tvrage.com/shows/id-10182/episodes/365836</link><title>Episode 233</title></episode>
<episode><epnum>234</epnum><seasonnum>234</seasonnum><prodnum></prodnum><airdate>1959-05-26</airdate><link>http://www.tvrage.com/shows/id-10182/episodes/365837</link><title>Episode 234</title></episode>
<episode><epnum>235</epnum><seasonnum>235</seasonnum><prodnum></prodnum><airdate>1959-05-27</airdate><link>http://www.tvrage.com/shows/id-10182/episodes/365838</link><title>Episode 235</title></episode>
<episode><epnum>236</epnum><seasonnum>236</seasonnum><prodnum></prodnum><airdate>1959-05-28</airdate><link>http://www.tvrage.com/shows/id-10182/episodes/365839</link><title>Episode 236</title></episode>
<episode><epnum>237</epnum><seasonnum>237</seasonnum><prodnum></prodnum><airdate>1959-05-29</airdate><link>http://www.tvrage.com/shows/id-10182/episodes/365840</link><title>Episode 237</title></episode>
<episode><epnum>238</epnum><seasonnum>238</seasonnum><prodnum></prodnum><airdate>1959-06-01</airdate><link>http://www.tvrage.com/shows/id-10182/episodes/365841</link><title>Episode 238</title></episode>
<episode><epnum>239</epnum><seasonnum>239</seasonnum><prodnum></prodnum><airdate>1959-06-02</airdate><link>http://www.tvrage.com/shows/id-10182/episodes/365842</link><title>Episode 239</title></episode>
<episode><epnum>240</epnum><seasonnum>240</seasonnum><prodnum></prodnum><airdate>1959-06-03</airdate><link>http://www.tvrage.com/shows/id-10182/episodes/365843</link><title>Episode 240</title></episode>
<episode><epnum>241</epnum><seasonnum>241</seasonnum><prodnum></prodnum><airdate>1959-06-04</airdate><link>http://www.tvrage.com/shows/id-10182/episodes/365844</link><title>Episode 241</title></episode>
<episode><epnum>242</epnum><seasonnum>242</seasonnum><prodnum></prodnum><airdate>1959-06-05</airdate><link>http://www.tvrage.com/shows/id-10182/episodes/365845</link><title>Episode 242</title></episode>
<episode><epnum>243</epnum><seasonnum>243</seasonnum><prodnum></prodnum><airdate>1959-06-08</airdate><link>http://www.tvrage.com/shows/id-10182/episodes/365846</link><title>Episode 243</title></episode>
<episode><epnum>244</epnum><seasonnum>244</seasonnum><prodnum></prodnum><airdate>1959-06-09</airdate><link>http://www.tvrage.com/shows/id-10182/episodes/365847</link><title>Episode 244</title></episode>
<episode><epnum>245</epnum><seasonnum>245</seasonnum><prodnum></prodnum><airdate>1959-06-10</airdate><link>http://www.tvrage.com/shows/id-10182/episodes/365848</link><title>Episode 245</title></episode>
<episode><epnum>246</epnum><seasonnum>246</seasonnum><prodnum></prodnum><airdate>1959-06-11</airdate><link>http://www.tvrage.com/shows/id-10182/episodes/365849</link><title>Episode 246</title></episode>
<episode><epnum>247</epnum><seasonnum>247</seasonnum><prodnum></prodnum><airdate>1959-06-12</airdate><link>http://www.tvrage.com/shows/id-10182/episodes/365850</link><title>Episode 247</title></episode>
<episode><epnum>248</epnum><seasonnum>248</seasonnum><prodnum></prodnum><airdate>1959-06-15</airdate><link>http://www.tvrage.com/shows/id-10182/episodes/365851</link><title>Episode 248</title></episode>
<episode><epnum>249</epnum><seasonnum>249</seasonnum><prodnum></prodnum><airdate>1959-06-16</airdate><link>http://www.tvrage.com/shows/id-10182/episodes/365852</link><title>Episode 249</title></episode>
<episode><epnum>250</epnum><seasonnum>250</seasonnum><prodnum></prodnum><airdate>1959-06-17</airdate><link>http://www.tvrage.com/shows/id-10182/episodes/365853</link><title>Episode 250</title></episode>
<episode><epnum>251</epnum><seasonnum>251</seasonnum><prodnum></prodnum><airdate>1959-06-18</airdate><link>http://www.tvrage.com/shows/id-10182/episodes/365854</link><title>Episode 251</title></episode>
<episode><epnum>252</epnum><seasonnum>252</seasonnum><prodnum></prodnum><airdate>1959-06-19</airdate><link>http://www.tvrage.com/shows/id-10182/episodes/365855</link><title>Episode 252</title></episode>
<episode><epnum>253</epnum><seasonnum>253</seasonnum><prodnum></prodnum><airdate>1959-06-22</airdate><link>http://www.tvrage.com/shows/id-10182/episodes/365856</link><title>Episode 253</title></episode>
<episode><epnum>254</epnum><seasonnum>254</seasonnum><prodnum></prodnum><airdate>1959-06-23</airdate><link>http://www.tvrage.com/shows/id-10182/episodes/365857</link><title>Episode 254</title></episode>
<episode><epnum>255</epnum><seasonnum>255</seasonnum><prodnum></prodnum><airdate>1959-06-24</airdate><link>http://www.tvrage.com/shows/id-10182/episodes/365858</link><title>Episode 255</title></episode>
<episode><epnum>256</epnum><seasonnum>256</seasonnum><prodnum></prodnum><airdate>1959-06-25</airdate><link>http://www.tvrage.com/shows/id-10182/episodes/365859</link><title>Episode 256</title></episode>
<episode><epnum>257</epnum><seasonnum>257</seasonnum><prodnum></prodnum><airdate>1959-06-26</airdate><link>http://www.tvrage.com/shows/id-10182/episodes/365860</link><title>Episode 257</title></episode>
</Season>

<Season no="2">
<episode><epnum>258</epnum><seasonnum>01</seasonnum><prodnum></prodnum><airdate>1959-06-29</airdate><link>http://www.tvrage.com/shows/id-10182/episodes/366427</link><title>Episode 258</title></episode>
<episode><epnum>259</epnum><seasonnum>02</seasonnum><prodnum></prodnum><airdate>1959-06-30</airdate><link>http://www.tvrage.com/shows/id-10182/episodes/366428</link><title>Episode 259</title></episode>
<episode><epnum>260</epnum><seasonnum>03</seasonnum><prodnum></prodnum><airdate>1959-07-01</airdate><link>http://www.tvrage.com/shows/id-10182/episodes/366429</link><title>Episode 260</title></episode>
<episode><epnum>261</epnum><seasonnum>04</seasonnum><prodnum></prodnum><airdate>1959-07-02</airdate><link>http://www.tvrage.com/shows/id-10182/episodes/366430</link><title>Episode 261</title></episode>
<episode><epnum>262</epnum><seasonnum>05</seasonnum><prodnum></prodnum><airdate>1959-07-03</airdate><link>http://www.tvrage.com/shows/id-10182/episodes/366431</link><title>Episode 262</title></episode>
<episode><epnum>263</epnum><seasonnum>06</seasonnum><prodnum></prodnum><airdate>1959-07-06</airdate><link>http://www.tvrage.com/shows/id-10182/episodes/366432</link><title>Episode 263</title></episode>
<episode><epnum>264</epnum><seasonnum>07</seasonnum><prodnum></prodnum><airdate>1959-07-07</airdate><link>http://www.tvrage.com/shows/id-10182/episodes/366433</link><title>Episode 264</title></episode>
<episode><epnum>265</epnum><seasonnum>08</seasonnum><prodnum></prodnum><airdate>1959-07-08</airdate><link>http://www.tvrage.com/shows/id-10182/episodes/366434</link><title>Episode 265</title></episode>
<episode><epnum>266</epnum><seasonnum>09</seasonnum><prodnum></prodnum><airdate>1959-07-09</airdate><link>http://www.tvrage.com/shows/id-10182/episodes/366435</link><title>Episode 266</title></episode>
<episode><epnum>267</epnum><seasonnum>10</seasonnum><prodnum></prodnum><airdate>1959-07-10</airdate><link>http://www.tvrage.com/shows/id-10182/episodes/366436</link><title>Episode 267</title></episode>
<episode><epnum>268</epnum><seasonnum>11</seasonnum><prodnum></prodnum><airdate>1959-07-13</airdate><link>http://www.tvrage.com/shows/id-10182/episodes/366437</link><title>Episode 268</title></episode>
<episode><epnum>269</epnum><seasonnum>12</seasonnum><prodnum></prodnum><airdate>1959-07-14</airdate><link>http://www.tvrage.com/shows/id-10182/episodes/366438</link><title>Episode 269</title></episode>
<episode><epnum>270</epnum><seasonnum>13</seasonnum><prodnum></prodnum><airdate>1959-07-15</airdate><link>http://www.tvrage.com/shows/id-10182/episodes/366439</link><title>Episode 270</title></episode>
<episode><epnum>271</epnum><seasonnum>14</seasonnum><prodnum></prodnum><airdate>1959-07-16</airdate><link>http://www.tvrage.com/shows/id-10182/episodes/366440</link><title>Episode 271</title></episode>
<episode><epnum>272</epnum><seasonnum>15</seasonnum><prodnum></prodnum><airdate>1959-07-17</airdate><link>http://www.tvrage.com/shows/id-10182/episodes/366441</link><title>Episode 272</title></episode>
<episode><epnum>273</epnum><seasonnum>16</seasonnum><prodnum></prodnum><airdate>1959-07-20</airdate><link>http://www.tvrage.com/shows/id-10182/episodes/366442</link><title>Episode 273</title></episode>
<episode><epnum>274</epnum><seasonnum>17</seasonnum><prodnum></prodnum><airdate>1959-07-21</airdate><link>http://www.tvrage.com/shows/id-10182/episodes/366443</link><title>Episode 274</title></episode>
<episode><epnum>275</epnum><seasonnum>18</seasonnum><prodnum></prodnum><airdate>1959-07-22</airdate><link>http://www.tvrage.com/shows/id-10182/episodes/366444</link><title>Episode 275</title></episode>
<episode><epnum>276</epnum><seasonnum>19</seasonnum><prodnum></prodnum><airdate>1959-07-23</airdate><link>http://www.tvrage.com/shows/id-10182/episodes/366445</link><title>Episode 276</title></episode>
<episode><epnum>277</epnum><seasonnum>20</seasonnum><prodnum></prodnum><airdate>1959-07-24</airdate><link>http://www.tvrage.com/shows/id-10182/episodes/366446</link><title>Episode 277</title></episode>
<episode><epnum>278</epnum><seasonnum>21</seasonnum><prodnum></prodnum><airdate>1959-07-27</airdate><link>http://www.tvrage.com/shows/id-10182/episodes/366447</link><title>Episode 278</title></episode>
<episode><epnum>279</epnum><seasonnum>22</seasonnum><prodnum></prodnum><airdate>1959-07-28</airdate><link>http://www.tvrage.com/shows/id-10182/episodes/366448</link><title>Episode 279</title></episode>
<episode><epnum>280</epnum><seasonnum>23</seasonnum><prodnum></prodnum><airdate>1959-07-29</airdate><link>http://www.tvrage.com/shows/id-10182/episodes/366449</link><title>Episode 280</title></episode>
<episode><epnum>281</epnum><seasonnum>24</seasonnum><prodnum></prodnum><airdate>1959-07-30</airdate><link>http://www.tvrage.com/shows/id-10182/episodes/366450</link><title>Episode 281</title></episode>
<episode><epnum>282</epnum><seasonnum>25</seasonnum><prodnum></prodnum><airdate>1959-07-31</airdate><link>http://www.tvrage.com/shows/id-10182/episodes/366451</link><title>Episode 282</title></episode>
<episode><epnum>283</epnum><seasonnum>26</seasonnum><prodnum></prodnum><airdate>1959-08-03</airdate><link>http://www.tvrage.com/shows/id-10182/episodes/366452</link><title>Episode 283</title></episode>
<episode><epnum>284</epnum><seasonnum>27</seasonnum><prodnum></prodnum><airdate>1959-08-04</airdate><link>http://www.tvrage.com/shows/id-10182/episodes/366453</link><title>Episode 284</title></episode>
<episode><epnum>285</epnum><seasonnum>28</seasonnum><prodnum></prodnum><airdate>1959-08-05</airdate><link>http://www.tvrage.com/shows/id-10182/episodes/366454</link><title>Episode 285</title></episode>
<episode><epnum>286</epnum><seasonnum>29</seasonnum><prodnum></prodnum><airdate>1959-08-06</airdate><link>http://www.tvrage.com/shows/id-10182/episodes/366455</link><title>Episode 286</title></episode>
<episode><epnum>287</epnum><seasonnum>30</seasonnum><prodnum></prodnum><airdate>1959-08-07</airdate><link>http://www.tvrage.com/shows/id-10182/episodes/366456</link><title>Episode 287</title></episode>
<episode><epnum>288</epnum><seasonnum>31</seasonnum><prodnum></prodnum><airdate>1959-08-10</airdate><link>http://www.tvrage.com/shows/id-10182/episodes/429745</link><title>Episode 288</title></episode>
<episode><epnum>289</epnum><seasonnum>32</seasonnum><prodnum></prodnum><airdate>1959-08-11</airdate><link>http://www.tvrage.com/shows/id-10182/episodes/429746</link><title>Episode 289</title></episode>
<episode><epnum>290</epnum><seasonnum>33</seasonnum><prodnum></prodnum><airdate>1959-08-12</airdate><link>http://www.tvrage.com/shows/id-10182/episodes/429747</link><title>Episode 290</title></episode>
<episode><epnum>291</epnum><seasonnum>34</seasonnum><prodnum></prodnum><airdate>1959-08-13</airdate><link>http://www.tvrage.com/shows/id-10182/episodes/429748</link><title>Episode 291</title></episode>
<episode><epnum>292</epnum><seasonnum>35</seasonnum><prodnum></prodnum><airdate>1959-08-14</airdate><link>http://www.tvrage.com/shows/id-10182/episodes/429749</link><title>Episode 292</title></episode>
<episode><epnum>293</epnum><seasonnum>36</seasonnum><prodnum></prodnum><airdate>1959-08-17</airdate><link>http://www.tvrage.com/shows/id-10182/episodes/429750</link><title>Episode 293</title></episode>
<episode><epnum>294</epnum><seasonnum>37</seasonnum><prodnum></prodnum><airdate>1959-08-18</airdate><link>http://www.tvrage.com/shows/id-10182/episodes/429751</link><title>Episode 294</title></episode>
<episode><epnum>295</epnum><seasonnum>38</seasonnum><prodnum></prodnum><airdate>1959-08-19</airdate><link>http://www.tvrage.com/shows/id-10182/episodes/429752</link><title>Episode 295</title></episode>
<episode><epnum>296</epnum><seasonnum>39</seasonnum><prodnum></prodnum><airdate>1959-08-20</airdate><link>http://www.tvrage.com/shows/id-10182/episodes/429753</link><title>Episode 296</title></episode>
<episode><epnum>297</epnum><seasonnum>40</seasonnum><prodnum></prodnum><airdate>1959-08-21</airdate><link>http://www.tvrage.com/shows/id-10182/episodes/429754</link><title>Episode 297</title></episode>
<episode><epnum>298</epnum><seasonnum>41</seasonnum><prodnum></prodnum><airdate>1959-08-24</airdate><link>http://www.tvrage.com/shows/id-10182/episodes/429755</link><title>Episode 298</title></episode>
<episode><epnum>299</epnum><seasonnum>42</seasonnum><prodnum></prodnum><airdate>1959-08-25</airdate><link>http://www.tvrage.com/shows/id-10182/episodes/429756</link><title>Episode 299</title></episode>
<episode><epnum>300</epnum><seasonnum>43</seasonnum><prodnum></prodnum><airdate>1959-08-26</airdate><link>http://www.tvrage.com/shows/id-10182/episodes/429757</link><title>Episode 300</title></episode>
<episode><epnum>301</epnum><seasonnum>44</seasonnum><prodnum></prodnum><airdate>1959-08-27</airdate><link>http://www.tvrage.com/shows/id-10182/episodes/429758</link><title>Episode 301</title></episode>
<episode><epnum>302</epnum><seasonnum>45</seasonnum><prodnum></prodnum><airdate>1959-08-28</airdate><link>http://www.tvrage.com/shows/id-10182/episodes/429759</link><title>Episode 302</title></episode>
<episode><epnum>303</epnum><seasonnum>46</seasonnum><prodnum></prodnum><airdate>1959-08-31</airdate><link>http://www.tvrage.com/shows/id-10182/episodes/429760</link><title>Episode 303</title></episode>
<episode><epnum>304</epnum><seasonnum>47</seasonnum><prodnum></prodnum><airdate>1959-09-01</airdate><link>http://www.tvrage.com/shows/id-10182/episodes/429761</link><title>Episode 304</title></episode>
<episode><epnum>305</epnum><seasonnum>48</seasonnum><prodnum></prodnum><airdate>1959-09-02</airdate><link>http://www.tvrage.com/shows/id-10182/episodes/429762</link><title>Episode 305</title></episode>
<episode><epnum>306</epnum><seasonnum>49</seasonnum><prodnum></prodnum><airdate>1959-09-03</airdate><link>http://www.tvrage.com/shows/id-10182/episodes/429763</link><title>Episode 306</title></episode>
<episode><epnum>307</epnum><seasonnum>50</seasonnum><prodnum></prodnum><airdate>1959-09-04</airdate><link>http://www.tvrage.com/shows/id-10182/episodes/429764</link><title>Episode 307</title></episode>
<episode><epnum>308</epnum><seasonnum>51</seasonnum><prodnum></prodnum><airdate>1959-09-07</airdate><link>http://www.tvrage.com/shows/id-10182/episodes/429765</link><title>Episode 308</title></episode>
<episode><epnum>309</epnum><seasonnum>52</seasonnum><prodnum></prodnum><airdate>1959-09-08</airdate><link>http://www.tvrage.com/shows/id-10182/episodes/429766</link><title>Episode 309</title></episode>
<episode><epnum>310</epnum><seasonnum>53</seasonnum><prodnum></prodnum><airdate>1959-09-09</airdate><link>http://www.tvrage.com/shows/id-10182/episodes/429767</link><title>Episode 310</title></episode>
<episode><epnum>311</epnum><seasonnum>54</seasonnum><prodnum></prodnum><airdate>1959-09-10</airdate><link>http://www.tvrage.com/shows/id-10182/episodes/429768</link><title>Episode 311</title></episode>
<episode><epnum>312</epnum><seasonnum>55</seasonnum><prodnum></prodnum><airdate>1959-09-11</airdate><link>http://www.tvrage.com/shows/id-10182/episodes/429769</link><title>Episode 312</title></episode>
<episode><epnum>313</epnum><seasonnum>56</seasonnum><prodnum></prodnum><airdate>1959-09-14</airdate><link>http://www.tvrage.com/shows/id-10182/episodes/429770</link><title>Episode 313</title></episode>
<episode><epnum>314</epnum><seasonnum>57</seasonnum><prodnum></prodnum><airdate>1959-09-15</airdate><link>http://www.tvrage.com/shows/id-10182/episodes/429771</link><title>Episode 314</title></episode>
<episode><epnum>315</epnum><seasonnum>58</seasonnum><prodnum></prodnum><airdate>1959-09-16</airdate><link>http://www.tvrage.com/shows/id-10182/episodes/429772</link><title>Episode 315</title></episode>
<episode><epnum>316</epnum><seasonnum>59</seasonnum><prodnum></prodnum><airdate>1959-09-17</airdate><link>http://www.tvrage.com/shows/id-10182/episodes/429773</link><title>Episode 316</title></episode>
<episode><epnum>317</epnum><seasonnum>60</seasonnum><prodnum></prodnum><airdate>1959-09-18</airdate><link>http://www.tvrage.com/shows/id-10182/episodes/429774</link><title>Episode 317</title></episode>
<episode><epnum>318</epnum><seasonnum>61</seasonnum><prodnum></prodnum><airdate>1959-09-21</airdate><link>http://www.tvrage.com/shows/id-10182/episodes/429775</link><title>Episode 318</title></episode>
<episode><epnum>319</epnum><seasonnum>62</seasonnum><prodnum></prodnum><airdate>1959-09-22</airdate><link>http://www.tvrage.com/shows/id-10182/episodes/429776</link><title>Episode 319</title></episode>
<episode><epnum>320</epnum><seasonnum>63</seasonnum><prodnum></prodnum><airdate>1959-09-23</airdate><link>http://www.tvrage.com/shows/id-10182/episodes/429777</link><title>Episode 320</title></episode>
<episode><epnum>321</epnum><seasonnum>64</seasonnum><prodnum></prodnum><airdate>1959-09-24</airdate><link>http://www.tvrage.com/shows/id-10182/episodes/429778</link><title>Episode 321</title></episode>
<episode><epnum>322</epnum><seasonnum>65</seasonnum><prodnum></prodnum><airdate>1959-09-25</airdate><link>http://www.tvrage.com/shows/id-10182/episodes/429779</link><title>Episode 322</title></episode>
<episode><epnum>323</epnum><seasonnum>66</seasonnum><prodnum></prodnum><airdate>1959-09-28</airdate><link>http://www.tvrage.com/shows/id-10182/episodes/460278</link><title>Episode 323</title></episode>
<episode><epnum>324</epnum><seasonnum>67</seasonnum><prodnum></prodnum><airdate>1959-09-29</airdate><link>http://www.tvrage.com/shows/id-10182/episodes/460279</link><title>Episode 324</title></episode>
<episode><epnum>325</epnum><seasonnum>68</seasonnum><prodnum></prodnum><airdate>1959-09-30</airdate><link>http://www.tvrage.com/shows/id-10182/episodes/460280</link><title>Episode 325</title></episode>
<episode><epnum>326</epnum><seasonnum>69</seasonnum><prodnum></prodnum><airdate>1959-10-01</airdate><link>http://www.tvrage.com/shows/id-10182/episodes/460281</link><title>Episode 326</title></episode>
<episode><epnum>327</epnum><seasonnum>70</seasonnum><prodnum></prodnum><airdate>1959-10-02</airdate><link>http://www.tvrage.com/shows/id-10182/episodes/460282</link><title>Episode 327</title></episode>
<episode><epnum>328</epnum><seasonnum>71</seasonnum><prodnum></prodnum><airdate>1959-10-05</airdate><link>http://www.tvrage.com/shows/id-10182/episodes/460283</link><title>Episode 328</title></episode>
<episode><epnum>329</epnum><seasonnum>72</seasonnum><prodnum></prodnum><airdate>1959-10-06</airdate><link>http://www.tvrage.com/shows/id-10182/episodes/460284</link><title>Episode 329</title></episode>
<episode><epnum>330</epnum><seasonnum>73</seasonnum><prodnum></prodnum><airdate>1959-10-07</airdate><link>http://www.tvrage.com/shows/id-10182/episodes/460285</link><title>Episode 330</title></episode>
<episode><epnum>331</epnum><seasonnum>74</seasonnum><prodnum></prodnum><airdate>1959-10-08</airdate><link>http://www.tvrage.com/shows/id-10182/episodes/460286</link><title>Episode 331</title></episode>
<episode><epnum>332</epnum><seasonnum>75</seasonnum><prodnum></prodnum><airdate>1959-10-09</airdate><link>http://www.tvrage.com/shows/id-10182/episodes/460287</link><title>Episode 332</title></episode>
<episode><epnum>333</epnum><seasonnum>76</seasonnum><prodnum></prodnum><airdate>1959-10-12</airdate><link>http://www.tvrage.com/shows/id-10182/episodes/460288</link><title>Episode 333</title></episode>
<episode><epnum>334</epnum><seasonnum>77</seasonnum><prodnum></prodnum><airdate>1959-10-13</airdate><link>http://www.tvrage.com/shows/id-10182/episodes/460289</link><title>Episode 334</title></episode>
<episode><epnum>335</epnum><seasonnum>78</seasonnum><prodnum></prodnum><airdate>1959-10-14</airdate><link>http://www.tvrage.com/shows/id-10182/episodes/460290</link><title>Episode 335</title></episode>
<episode><epnum>336</epnum><seasonnum>79</seasonnum><prodnum></prodnum><airdate>1959-10-15</airdate><link>http://www.tvrage.com/shows/id-10182/episodes/460291</link><title>Episode 336</title></episode>
<episode><epnum>337</epnum><seasonnum>80</seasonnum><prodnum></prodnum><airdate>1959-10-16</airdate><link>http://www.tvrage.com/shows/id-10182/episodes/460292</link><title>Episode 337</title></episode>
<episode><epnum>338</epnum><seasonnum>81</seasonnum><prodnum></prodnum><airdate>1959-10-19</airdate><link>http://www.tvrage.com/shows/id-10182/episodes/460293</link><title>Episode 338</title></episode>
<episode><epnum>339</epnum><seasonnum>82</seasonnum><prodnum></prodnum><airdate>1959-10-20</airdate><link>http://www.tvrage.com/shows/id-10182/episodes/460294</link><title>Episode 339</title></episode>
<episode><epnum>340</epnum><seasonnum>83</seasonnum><prodnum></prodnum><airdate>1959-10-21</airdate><link>http://www.tvrage.com/shows/id-10182/episodes/460295</link><title>Episode 340</title></episode>
<episode><epnum>341</epnum><seasonnum>84</seasonnum><prodnum></prodnum><airdate>1959-10-22</airdate><link>http://www.tvrage.com/shows/id-10182/episodes/460296</link><title>Episode 341</title></episode>
<episode><epnum>342</epnum><seasonnum>85</seasonnum><prodnum></prodnum><airdate>1959-10-23</airdate><link>http://www.tvrage.com/shows/id-10182/episodes/460297</link><title>Episode 342</title></episode>
</Season>

<Season no="4">
<episode><epnum>870</epnum><seasonnum>125</seasonnum><prodnum></prodnum><airdate>1961-12-29</airdate><link>http://www.tvrage.com/shows/id-10182/episodes/348939</link><title>The Final Episode</title></episode>
</Season>

</Episodelist>

</Show>