<?xml version="1.0" encoding="UTF-8" ?>


<Show>
<name>Flipside (PH)</name>
<totalseasons>1</totalseasons>
<showid>10189</showid>
<showlink>http://tvrage.com/Flipside_PH</showlink>
<started>Oct/2004</started>
<ended>Nov/2004</ended>
<image>http://images.tvrage.com/shows/11/10189.jpg</image>
<origin_country>PH</origin_country>
<status>Canceled/Ended</status>
<classification>Documentary</classification>
<genres><genre>Cooking/Food</genre><genre>Family</genre></genres>
<runtime>60</runtime>
<network country="PH">Living Asia Channel</network>
<airtime>18:00</airtime>
<airday>Sunday</airday>
<timezone>GMT+8 -DST</timezone>

</Show>