<?xml version="1.0" encoding="UTF-8" ?>


<Show>
<name>S.O.P. (Sobrang Okey Pare)</name>
<totalseasons>10</totalseasons>
<showid>10187</showid>
<showlink>http://tvrage.com/shows/id-10187</showlink>
<started>Feb/1997</started>
<ended></ended>
<origin_country>PH</origin_country>
<status>Returning Series</status>
<classification>Variety</classification>
<genres><genre>Family</genre><genre>Music</genre></genres>
<runtime>120</runtime>
<network country="PH">GMA Network</network>
<airtime>12:00</airtime>
<airday>Sunday</airday>
<timezone>GMT+8 -DST</timezone>
<Episodelist>

<Season no="8">
<episode><epnum>1</epnum><seasonnum>01</seasonnum><prodnum></prodnum><airdate>2004-09-26</airdate><link>http://www.tvrage.com/shows/id-10187/episodes/347952</link><title>Episode dated 26 September 2004</title></episode>
<episode><epnum>2</epnum><seasonnum>02</seasonnum><prodnum></prodnum><airdate>2004-10-03</airdate><link>http://www.tvrage.com/shows/id-10187/episodes/347953</link><title>Episode dated 26 September 2004</title></episode>
</Season>

</Episodelist>

</Show>