<?xml version="1.0" encoding="UTF-8" ?>


<Show>
<name>Partners In Crime</name>
<totalseasons>1</totalseasons>
<showid>10186</showid>
<showlink>http://tvrage.com/shows/id-10186</showlink>
<started>Sep/22/1984</started>
<ended>Dec/29/1984</ended>
<image>http://images.tvrage.com/shows/11/10186.jpg</image>
<origin_country>US</origin_country>
<status>Canceled/Ended</status>
<classification>Scripted</classification>
<genres><genre>Drama</genre></genres>
<runtime>60</runtime>
<network country="US">NBC</network>
<airtime>21:00</airtime>
<airday>Saturday</airday>
<timezone>GMT-5 -DST</timezone>
<akas><aka attr="in Europe">50/50</aka><aka country="ES">A Medias</aka><aka country="DE">Caulfields Witwen - Ein Duo mit Charme</aka></akas>
<Episodelist>

<Season no="1">
<episode><epnum>1</epnum><seasonnum>01</seasonnum><prodnum>780-04</prodnum><airdate>1984-09-22</airdate><link>http://www.tvrage.com/shows/id-10186/episodes/497509</link><title>Celebrity</title></episode>
<episode><epnum>2</epnum><seasonnum>02</seasonnum><prodnum>780-03</prodnum><airdate>1984-09-29</airdate><link>http://www.tvrage.com/shows/id-10186/episodes/497510</link><title>The Hottest Guy in Town</title></episode>
<episode><epnum>3</epnum><seasonnum>03</seasonnum><prodnum>780-14</prodnum><airdate>1984-10-06</airdate><link>http://www.tvrage.com/shows/id-10186/episodes/497511</link><title>Murder in the Museum</title></episode>
<episode><epnum>4</epnum><seasonnum>04</seasonnum><prodnum></prodnum><airdate>1984-10-13</airdate><link>http://www.tvrage.com/shows/id-10186/episodes/497512</link><title>Pilot</title><runtime>120</runtime></episode>
<episode><epnum>5</epnum><seasonnum>05</seasonnum><prodnum>780-08</prodnum><airdate>1984-10-20</airdate><link>http://www.tvrage.com/shows/id-10186/episodes/497513</link><title>The Duke</title></episode>
<episode><epnum>6</epnum><seasonnum>06</seasonnum><prodnum>780-06</prodnum><airdate>1984-10-27</airdate><link>http://www.tvrage.com/shows/id-10186/episodes/497514</link><title>Paddles Up</title></episode>
<episode><epnum>7</epnum><seasonnum>07</seasonnum><prodnum>780-13</prodnum><airdate>1984-11-03</airdate><link>http://www.tvrage.com/shows/id-10186/episodes/497515</link><title>Is She or Isn't She?</title></episode>
<episode><epnum>8</epnum><seasonnum>08</seasonnum><prodnum>780-15</prodnum><airdate>1984-11-24</airdate><link>http://www.tvrage.com/shows/id-10186/episodes/497516</link><title>Fantasyland</title></episode>
<episode><epnum>9</epnum><seasonnum>09</seasonnum><prodnum>780-17</prodnum><airdate>1984-12-01</airdate><link>http://www.tvrage.com/shows/id-10186/episodes/497517</link><title>The Set-Up</title></episode>
<episode><epnum>10</epnum><seasonnum>10</seasonnum><prodnum>780-07</prodnum><airdate>1984-12-08</airdate><link>http://www.tvrage.com/shows/id-10186/episodes/497518</link><title>Fashioned for Murder</title></episode>
<episode><epnum>11</epnum><seasonnum>11</seasonnum><prodnum>780-12</prodnum><airdate>1984-12-15</airdate><link>http://www.tvrage.com/shows/id-10186/episodes/497519</link><title>The Strangler</title></episode>
<episode><epnum>12</epnum><seasonnum>12</seasonnum><prodnum>780-02</prodnum><airdate>1984-12-22</airdate><link>http://www.tvrage.com/shows/id-10186/episodes/497520</link><title>Getting in Shape</title></episode>
<episode><epnum>13</epnum><seasonnum>13</seasonnum><prodnum>780-20</prodnum><airdate>1984-12-29</airdate><link>http://www.tvrage.com/shows/id-10186/episodes/497521</link><title>Double Jeopardy</title></episode>
</Season>

</Episodelist>

</Show>