<?xml version="1.0" encoding="UTF-8" ?>


<Show>
<name>Bubble Gang</name>
<totalseasons>12</totalseasons>
<showid>10197</showid>
<showlink>http://tvrage.com/shows/id-10197</showlink>
<started>Oct/06/1995</started>
<ended></ended>
<image>http://images.tvrage.com/shows/11/10197.jpg</image>
<origin_country>PH</origin_country>
<status>Returning Series</status>
<classification>Scripted</classification>
<genres><genre>Comedy</genre><genre>Family</genre><genre>Music</genre><genre>Sketch/Improv</genre><genre>Teens</genre></genres>
<runtime>45</runtime>
<network country="PH">GMA Network</network>
<airtime>21:55</airtime>
<airday>Friday</airday>
<timezone>GMT+8 -DST</timezone>
<Episodelist>

<Season no="1">
<episode><epnum>1</epnum><seasonnum>01</seasonnum><prodnum></prodnum><airdate>1995-10-06</airdate><link>http://www.tvrage.com/shows/id-10197/episodes/593179</link><title>Pilot</title></episode>
<episode><epnum>2</epnum><seasonnum>02</seasonnum><prodnum></prodnum><airdate>1995-10-13</airdate><link>http://www.tvrage.com/shows/id-10197/episodes/593180</link><title>Season 1, Episode 2</title></episode>
<episode><epnum>3</epnum><seasonnum>03</seasonnum><prodnum></prodnum><airdate>1995-10-20</airdate><link>http://www.tvrage.com/shows/id-10197/episodes/593181</link><title>Season 1, Episode 3</title></episode>
<episode><epnum>4</epnum><seasonnum>04</seasonnum><prodnum></prodnum><airdate>1995-10-27</airdate><link>http://www.tvrage.com/shows/id-10197/episodes/593182</link><title>Season 1, Episode 4</title></episode>
<episode><epnum>5</epnum><seasonnum>05</seasonnum><prodnum></prodnum><airdate>1995-11-03</airdate><link>http://www.tvrage.com/shows/id-10197/episodes/593183</link><title>Season 1, Episode 5</title></episode>
<episode><epnum>6</epnum><seasonnum>06</seasonnum><prodnum></prodnum><airdate>1995-11-10</airdate><link>http://www.tvrage.com/shows/id-10197/episodes/593184</link><title>Season 1, Episode 6</title></episode>
<episode><epnum>7</epnum><seasonnum>07</seasonnum><prodnum></prodnum><airdate>1995-11-17</airdate><link>http://www.tvrage.com/shows/id-10197/episodes/593185</link><title>Season 1, Episode 7</title></episode>
<episode><epnum>8</epnum><seasonnum>08</seasonnum><prodnum></prodnum><airdate>1995-11-24</airdate><link>http://www.tvrage.com/shows/id-10197/episodes/593186</link><title>Season 1, Episode 8</title></episode>
<episode><epnum>9</epnum><seasonnum>09</seasonnum><prodnum></prodnum><airdate>1995-12-01</airdate><link>http://www.tvrage.com/shows/id-10197/episodes/593187</link><title>Season 1, Episode 9</title></episode>
<episode><epnum>10</epnum><seasonnum>10</seasonnum><prodnum></prodnum><airdate>1995-12-08</airdate><link>http://www.tvrage.com/shows/id-10197/episodes/593188</link><title>Season 1, Episode 10</title></episode>
<episode><epnum>11</epnum><seasonnum>11</seasonnum><prodnum></prodnum><airdate>1995-12-15</airdate><link>http://www.tvrage.com/shows/id-10197/episodes/593189</link><title>Season 1, Episode 11</title></episode>
</Season>

<Season no="2">
<episode><epnum>27</epnum><seasonnum>01</seasonnum><prodnum></prodnum><airdate>1996-10-11</airdate><link>http://www.tvrage.com/shows/id-10197/episodes/593190</link><title>Season 2, Episode 1</title></episode>
</Season>

<Season no="3">
<episode><epnum>53</epnum><seasonnum>01</seasonnum><prodnum></prodnum><airdate>1997-10-10</airdate><link>http://www.tvrage.com/shows/id-10197/episodes/593191</link><title>Season 3, Episode 1</title></episode>
</Season>

<Season no="4">
<episode><epnum>79</epnum><seasonnum>01</seasonnum><prodnum></prodnum><airdate>1998-10-09</airdate><link>http://www.tvrage.com/shows/id-10197/episodes/593192</link><title>Season 4, Episode 1</title></episode>
</Season>

<Season no="5">
<episode><epnum>105</epnum><seasonnum>01</seasonnum><prodnum></prodnum><airdate>1999-10-08</airdate><link>http://www.tvrage.com/shows/id-10197/episodes/593193</link><title>Season 5, Episode 1</title></episode>
</Season>

<Season no="6">
<episode><epnum>131</epnum><seasonnum>01</seasonnum><prodnum></prodnum><airdate>2000-10-06</airdate><link>http://www.tvrage.com/shows/id-10197/episodes/593194</link><title>Season 6, Episode 1</title></episode>
</Season>

<Season no="7">
<episode><epnum>157</epnum><seasonnum>01</seasonnum><prodnum></prodnum><airdate>2001-10-12</airdate><link>http://www.tvrage.com/shows/id-10197/episodes/593195</link><title>Season 7, Episode 1</title></episode>
</Season>

<Season no="8">
<episode><epnum>183</epnum><seasonnum>01</seasonnum><prodnum></prodnum><airdate>2002-10-11</airdate><link>http://www.tvrage.com/shows/id-10197/episodes/593196</link><title>Season 8, Episode 1</title></episode>
</Season>

<Season no="9">
<episode><epnum>209</epnum><seasonnum>01</seasonnum><prodnum></prodnum><airdate>2003-10-10</airdate><link>http://www.tvrage.com/shows/id-10197/episodes/593197</link><title>Season 9, Episode 1</title></episode>
</Season>

<Season no="10">
<episode><epnum>235</epnum><seasonnum>01</seasonnum><prodnum></prodnum><airdate>2004-10-08</airdate><link>http://www.tvrage.com/shows/id-10197/episodes/593203</link><title>The 10th season opener begins tonight</title></episode>
<episode><epnum>236</epnum><seasonnum>02</seasonnum><prodnum></prodnum><airdate>2004-10-15</airdate><link>http://www.tvrage.com/shows/id-10197/episodes/593204</link><title>Episode dated 15 October 2004</title></episode>
<episode><epnum>237</epnum><seasonnum>03</seasonnum><prodnum></prodnum><airdate>2004-10-22</airdate><link>http://www.tvrage.com/shows/id-10197/episodes/593205</link><title>Episode dated 22 October 2004</title></episode>
<episode><epnum>238</epnum><seasonnum>04</seasonnum><prodnum></prodnum><airdate>2004-10-29</airdate><link>http://www.tvrage.com/shows/id-10197/episodes/593206</link><title>Episode dated 29 October 2005</title></episode>
<episode><epnum>239</epnum><seasonnum>05</seasonnum><prodnum></prodnum><airdate>2004-11-05</airdate><link>http://www.tvrage.com/shows/id-10197/episodes/593207</link><title>Episode dated 5 November 2004</title></episode>
<episode><epnum>240</epnum><seasonnum>06</seasonnum><prodnum></prodnum><airdate>2004-11-12</airdate><link>http://www.tvrage.com/shows/id-10197/episodes/593208</link><title>Episode dated 12 November 2004</title></episode>
<episode><epnum>241</epnum><seasonnum>07</seasonnum><prodnum></prodnum><airdate>2004-11-19</airdate><link>http://www.tvrage.com/shows/id-10197/episodes/593209</link><title>Episode dated 19 November 2004</title></episode>
<episode><epnum>242</epnum><seasonnum>08</seasonnum><prodnum></prodnum><airdate>2004-11-26</airdate><link>http://www.tvrage.com/shows/id-10197/episodes/593210</link><title>Episode dated 26 November 2004</title></episode>
<episode><epnum>243</epnum><seasonnum>09</seasonnum><prodnum></prodnum><airdate>2004-12-03</airdate><link>http://www.tvrage.com/shows/id-10197/episodes/593211</link><title>Episode dated 3 December 2004</title></episode>
<episode><epnum>244</epnum><seasonnum>10</seasonnum><prodnum></prodnum><airdate>2004-12-17</airdate><link>http://www.tvrage.com/shows/id-10197/episodes/348600</link><title>Christmas Special</title></episode>
<episode><epnum>245</epnum><seasonnum>11</seasonnum><prodnum></prodnum><airdate>2005-01-14</airdate><link>http://www.tvrage.com/shows/id-10197/episodes/348599</link><title>Alfred, Alicia, Bearwin</title></episode>
<episode><epnum>246</epnum><seasonnum>12</seasonnum><prodnum></prodnum><airdate>2005-02-04</airdate><link>http://www.tvrage.com/shows/id-10197/episodes/348785</link><title>LIVE!</title></episode>
<episode><epnum>247</epnum><seasonnum>13</seasonnum><prodnum></prodnum><airdate>2005-03-04</airdate><link>http://www.tvrage.com/shows/id-10197/episodes/348786</link><title>Series of Skits</title></episode>
<episode><epnum>248</epnum><seasonnum>14</seasonnum><prodnum></prodnum><airdate>2005-04-08</airdate><link>http://www.tvrage.com/shows/id-10197/episodes/348787</link><title>It's the Summer Special</title></episode>
<episode><epnum>249</epnum><seasonnum>15</seasonnum><prodnum></prodnum><airdate>2005-04-22</airdate><link>http://www.tvrage.com/shows/id-10197/episodes/348788</link><title>Darna Visits the Bubble Gang Set</title></episode>
<episode><epnum>250</epnum><seasonnum>16</seasonnum><prodnum></prodnum><airdate>2005-05-13</airdate><link>http://www.tvrage.com/shows/id-10197/episodes/348789</link><title>Friday the 13th!</title></episode>
<episode><epnum>251</epnum><seasonnum>17</seasonnum><prodnum></prodnum><airdate>2005-05-20</airdate><link>http://www.tvrage.com/shows/id-10197/episodes/348790</link><title>Ready Na for Pinkantadia!</title></episode>
<episode><epnum>252</epnum><seasonnum>18</seasonnum><prodnum></prodnum><airdate>2005-05-27</airdate><link>http://www.tvrage.com/shows/id-10197/episodes/348791</link><title>Bagong Diks, Bagong Spoofs!</title></episode>
<episode><epnum>253</epnum><seasonnum>19</seasonnum><prodnum></prodnum><airdate>2005-06-03</airdate><link>http://www.tvrage.com/shows/id-10197/episodes/348792</link><title>The Three-Legged Pig</title></episode>
<episode><epnum>254</epnum><seasonnum>20</seasonnum><prodnum></prodnum><airdate>2005-06-10</airdate><link>http://www.tvrage.com/shows/id-10197/episodes/348793</link><title>Type Ko Si Misis Mo...</title></episode>
<episode><epnum>255</epnum><seasonnum>21</seasonnum><prodnum></prodnum><airdate>2005-06-17</airdate><link>http://www.tvrage.com/shows/id-10197/episodes/348794</link><title>Ang Sunod na kabanata ng Pinkantadia!</title></episode>
<episode><epnum>256</epnum><seasonnum>22</seasonnum><prodnum></prodnum><airdate>2005-06-24</airdate><link>http://www.tvrage.com/shows/id-10197/episodes/348795</link><title>Episode dated 24 June 2005</title></episode>
<episode><epnum>257</epnum><seasonnum>23</seasonnum><prodnum></prodnum><airdate>2005-07-01</airdate><link>http://www.tvrage.com/shows/id-10197/episodes/348796</link><title>This week sa Pinkantadia...</title></episode>
<episode><epnum>258</epnum><seasonnum>24</seasonnum><prodnum></prodnum><airdate>2005-07-08</airdate><link>http://www.tvrage.com/shows/id-10197/episodes/348797</link><title>The Nget Nget Show</title></episode>
<episode><epnum>259</epnum><seasonnum>25</seasonnum><prodnum></prodnum><airdate>2005-07-22</airdate><link>http://www.tvrage.com/shows/id-10197/episodes/348798</link><title>Episode dated 22 July 2005</title></episode>
<episode><epnum>260</epnum><seasonnum>26</seasonnum><prodnum></prodnum><airdate>2005-09-09</airdate><link>http://www.tvrage.com/shows/id-10197/episodes/348799</link><title>Gorilla!</title></episode>
</Season>

<Season no="11">
<episode><epnum>261</epnum><seasonnum>01</seasonnum><prodnum></prodnum><airdate>2005-10-07</airdate><link>http://www.tvrage.com/shows/id-10197/episodes/593212</link><title>The 11th season opener begins tonight</title></episode>
<episode><epnum>262</epnum><seasonnum>02</seasonnum><prodnum></prodnum><airdate>2005-10-14</airdate><link>http://www.tvrage.com/shows/id-10197/episodes/348800</link><title>Club Mwah!</title></episode>
<episode><epnum>263</epnum><seasonnum>03</seasonnum><prodnum></prodnum><airdate>2005-10-21</airdate><link>http://www.tvrage.com/shows/id-10197/episodes/348801</link><title>Bubble Gang's Extra Challenge Episode</title></episode>
<episode><epnum>264</epnum><seasonnum>04</seasonnum><prodnum></prodnum><airdate>2005-10-28</airdate><link>http://www.tvrage.com/shows/id-10197/episodes/348802</link><title>Bubble Gang's Musical Special</title></episode>
<episode><epnum>265</epnum><seasonnum>05</seasonnum><prodnum></prodnum><airdate>2006-01-13</airdate><link>http://www.tvrage.com/shows/id-10197/episodes/593213</link><title>Episode dated 13 January 2006</title></episode>
<episode><epnum>266</epnum><seasonnum>06</seasonnum><prodnum></prodnum><airdate>2006-01-20</airdate><link>http://www.tvrage.com/shows/id-10197/episodes/593214</link><title>Episode dated 20 January 2006</title></episode>
<episode><epnum>267</epnum><seasonnum>07</seasonnum><prodnum></prodnum><airdate>2006-01-27</airdate><link>http://www.tvrage.com/shows/id-10197/episodes/593215</link><title>Episode dated 27 January 2006</title></episode>
<episode><epnum>268</epnum><seasonnum>08</seasonnum><prodnum></prodnum><airdate>2006-02-03</airdate><link>http://www.tvrage.com/shows/id-10197/episodes/593216</link><title>Episode dated 3 February 2006</title></episode>
<episode><epnum>269</epnum><seasonnum>09</seasonnum><prodnum></prodnum><airdate>2006-05-05</airdate><link>http://www.tvrage.com/shows/id-10197/episodes/593217</link><title>Episode dated 5 May 2006</title></episode>
<episode><epnum>270</epnum><seasonnum>10</seasonnum><prodnum></prodnum><airdate>2006-05-12</airdate><link>http://www.tvrage.com/shows/id-10197/episodes/593218</link><title>Episode dated 12 May 2006</title></episode>
<episode><epnum>271</epnum><seasonnum>11</seasonnum><prodnum></prodnum><airdate>2006-05-19</airdate><link>http://www.tvrage.com/shows/id-10197/episodes/593219</link><title>Episode dated 19 May 2006</title></episode>
<episode><epnum>272</epnum><seasonnum>12</seasonnum><prodnum></prodnum><airdate>2006-05-26</airdate><link>http://www.tvrage.com/shows/id-10197/episodes/593220</link><title>Spoof and Skits</title></episode>
<episode><epnum>273</epnum><seasonnum>13</seasonnum><prodnum></prodnum><airdate>2006-06-02</airdate><link>http://www.tvrage.com/shows/id-10197/episodes/593221</link><title>Paolo, Jackie and Marky</title></episode>
<episode><epnum>274</epnum><seasonnum>14</seasonnum><prodnum></prodnum><airdate>2006-06-09</airdate><link>http://www.tvrage.com/shows/id-10197/episodes/593222</link><title>Special Guests</title></episode>
<episode><epnum>275</epnum><seasonnum>15</seasonnum><prodnum></prodnum><airdate>2006-06-16</airdate><link>http://www.tvrage.com/shows/id-10197/episodes/593223</link><title>Jowa in the Palace</title></episode>
<episode><epnum>276</epnum><seasonnum>16</seasonnum><prodnum></prodnum><airdate>2006-06-30</airdate><link>http://www.tvrage.com/shows/id-10197/episodes/593226</link><title>I Luv NY Cubao</title></episode>
<episode><epnum>277</epnum><seasonnum>17</seasonnum><prodnum></prodnum><airdate>2006-07-07</airdate><link>http://www.tvrage.com/shows/id-10197/episodes/593224</link><title>Fantastic Poor</title></episode>
<episode><epnum>278</epnum><seasonnum>18</seasonnum><prodnum></prodnum><airdate>2006-07-14</airdate><link>http://www.tvrage.com/shows/id-10197/episodes/593240</link><title>Captain Gargle</title></episode>
<episode><epnum>279</epnum><seasonnum>19</seasonnum><prodnum></prodnum><airdate>2006-07-21</airdate><link>http://www.tvrage.com/shows/id-10197/episodes/593241</link><title>Halik ni hudas</title></episode>
<episode><epnum>280</epnum><seasonnum>20</seasonnum><prodnum></prodnum><airdate>2006-07-28</airdate><link>http://www.tvrage.com/shows/id-10197/episodes/593242</link><title>Magpakailanman</title></episode>
<episode><epnum>281</epnum><seasonnum>21</seasonnum><prodnum></prodnum><airdate>2006-08-04</airdate><link>http://www.tvrage.com/shows/id-10197/episodes/593244</link><title>Bagong Diks!</title></episode>
<episode><epnum>282</epnum><seasonnum>22</seasonnum><prodnum></prodnum><airdate>2006-08-11</airdate><link>http://www.tvrage.com/shows/id-10197/episodes/593245</link><title>Captain Gargle II</title></episode>
<episode><epnum>283</epnum><seasonnum>23</seasonnum><prodnum></prodnum><airdate>2006-08-18</airdate><link>http://www.tvrage.com/shows/id-10197/episodes/593247</link><title>Mamaw</title></episode>
<episode><epnum>284</epnum><seasonnum>24</seasonnum><prodnum></prodnum><airdate>2006-08-25</airdate><link>http://www.tvrage.com/shows/id-10197/episodes/593248</link><title>Captain Gargle Returns</title></episode>
<episode><epnum>285</epnum><seasonnum>25</seasonnum><prodnum></prodnum><airdate>2006-09-01</airdate><link>http://www.tvrage.com/shows/id-10197/episodes/593249</link><title>Mark Herras and Marky Cielo</title></episode>
<episode><epnum>286</epnum><seasonnum>26</seasonnum><prodnum></prodnum><airdate>2006-09-15</airdate><link>http://www.tvrage.com/shows/id-10197/episodes/593250</link><title>Captain Gargle's MTB!</title></episode>
</Season>

<Season no="12">
<episode><epnum>287</epnum><seasonnum>01</seasonnum><prodnum></prodnum><airdate>2006-10-06</airdate><link>http://www.tvrage.com/shows/id-10197/episodes/593251</link><title>The 12th season opener begins tonight.</title></episode>
<episode><epnum>288</epnum><seasonnum>02</seasonnum><prodnum></prodnum><airdate>2006-10-07</airdate><link>http://www.tvrage.com/shows/id-10197/episodes/593252</link><title>The Bubble Gang Story</title></episode>
<episode><epnum>289</epnum><seasonnum>03</seasonnum><prodnum></prodnum><airdate>2006-10-20</airdate><link>http://www.tvrage.com/shows/id-10197/episodes/593254</link><title>11th Anniversary Special</title></episode>
<episode><epnum>290</epnum><seasonnum>04</seasonnum><prodnum></prodnum><airdate>2006-12-08</airdate><link>http://www.tvrage.com/shows/id-10197/episodes/593255</link><title>Bakokang</title></episode>
<episode><epnum>291</epnum><seasonnum>05</seasonnum><prodnum></prodnum><airdate>2007-01-19</airdate><link>http://www.tvrage.com/shows/id-10197/episodes/593268</link><title>Ngiti Forever</title></episode>
<episode><epnum>292</epnum><seasonnum>06</seasonnum><prodnum></prodnum><airdate>2007-01-26</airdate><link>http://www.tvrage.com/shows/id-10197/episodes/593271</link><title>Echuseran</title></episode>
<episode><epnum>293</epnum><seasonnum>07</seasonnum><prodnum></prodnum><airdate>2007-02-02</airdate><link>http://www.tvrage.com/shows/id-10197/episodes/593279</link><title>Waking up late with Meozep!</title></episode>
<episode><epnum>294</epnum><seasonnum>08</seasonnum><prodnum></prodnum><airdate>2007-02-16</airdate><link>http://www.tvrage.com/shows/id-10197/episodes/593288</link><title>Bampira!</title></episode>
<episode><epnum>295</epnum><seasonnum>09</seasonnum><prodnum></prodnum><airdate>2007-02-23</airdate><link>http://www.tvrage.com/shows/id-10197/episodes/593289</link><title>Tolmux</title></episode>
<episode><epnum>296</epnum><seasonnum>10</seasonnum><prodnum></prodnum><airdate>2007-03-09</airdate><link>http://www.tvrage.com/shows/id-10197/episodes/593290</link><title>The Tsuper Twins</title></episode>
<episode><epnum>297</epnum><seasonnum>11</seasonnum><prodnum></prodnum><airdate>2007-03-16</airdate><link>http://www.tvrage.com/shows/id-10197/episodes/593291</link><title>Boto ni Lolo</title></episode>
<episode><epnum>298</epnum><seasonnum>12</seasonnum><prodnum></prodnum><airdate>2007-03-23</airdate><link>http://www.tvrage.com/shows/id-10197/episodes/593292</link><title>Iyo-Tube!</title></episode>
<episode><epnum>299</epnum><seasonnum>13</seasonnum><prodnum></prodnum><airdate>2007-03-30</airdate><link>http://www.tvrage.com/shows/id-10197/episodes/593294</link><title>Tipid na Kumpanya</title></episode>
<episode><epnum>300</epnum><seasonnum>14</seasonnum><prodnum></prodnum><airdate>2007-04-13</airdate><link>http://www.tvrage.com/shows/id-10197/episodes/593296</link><title>Boracay with the Gang!</title></episode>
<episode><epnum>301</epnum><seasonnum>15</seasonnum><prodnum></prodnum><airdate>2007-04-20</airdate><link>http://www.tvrage.com/shows/id-10197/episodes/593300</link><title>70’s beach party</title></episode>
<episode><epnum>302</epnum><seasonnum>16</seasonnum><prodnum></prodnum><airdate>2007-04-27</airdate><link>http://www.tvrage.com/shows/id-10197/episodes/593301</link><title>Proclamation Rally</title></episode>
<episode><epnum>303</epnum><seasonnum>17</seasonnum><prodnum></prodnum><airdate>2007-05-04</airdate><link>http://www.tvrage.com/shows/id-10197/episodes/593302</link><title>Sinasamba Kita</title></episode>
<episode><epnum>304</epnum><seasonnum>18</seasonnum><prodnum></prodnum><airdate>2007-05-11</airdate><link>http://www.tvrage.com/shows/id-10197/episodes/593305</link><title>Muchas Grasas!</title></episode>
<episode><epnum>305</epnum><seasonnum>19</seasonnum><prodnum></prodnum><airdate>2007-05-18</airdate><link>http://www.tvrage.com/shows/id-10197/episodes/593307</link><title>Wish Kulang</title></episode>
<episode><epnum>306</epnum><seasonnum>20</seasonnum><prodnum></prodnum><airdate>2007-05-25</airdate><link>http://www.tvrage.com/shows/id-10197/episodes/593310</link><title>Tips Ahoy!</title></episode>
<episode><epnum>307</epnum><seasonnum>21</seasonnum><prodnum></prodnum><airdate>2007-06-01</airdate><link>http://www.tvrage.com/shows/id-10197/episodes/593313</link><title>Anak-mayaman</title></episode>
<episode><epnum>308</epnum><seasonnum>22</seasonnum><prodnum></prodnum><airdate>2007-06-08</airdate><link>http://www.tvrage.com/shows/id-10197/episodes/593317</link><title>U Drive Me Crazy</title></episode>
<episode><epnum>309</epnum><seasonnum>23</seasonnum><prodnum></prodnum><airdate>2007-06-15</airdate><link>http://www.tvrage.com/shows/id-10197/episodes/593320</link><title>Genervioso</title></episode>
<episode><epnum>310</epnum><seasonnum>24</seasonnum><prodnum></prodnum><airdate>2007-06-22</airdate><link>http://www.tvrage.com/shows/id-10197/episodes/593321</link><title>Houseboy Next Door</title></episode>
<episode><epnum>311</epnum><seasonnum>25</seasonnum><prodnum></prodnum><airdate>2007-06-29</airdate><link>http://www.tvrage.com/shows/id-10197/episodes/593323</link><title>Sexy Sexy</title></episode>
<episode><epnum>312</epnum><seasonnum>26</seasonnum><prodnum></prodnum><airdate>2007-07-06</airdate><link>http://www.tvrage.com/shows/id-10197/episodes/593327</link><title>Paningit</title></episode>
<episode><epnum>313</epnum><seasonnum>27</seasonnum><prodnum></prodnum><airdate>2007-07-13</airdate><link>http://www.tvrage.com/shows/id-10197/episodes/593331</link><title>Happy bad trip</title></episode>
<episode><epnum>314</epnum><seasonnum>28</seasonnum><prodnum></prodnum><airdate>2007-07-20</airdate><link>http://www.tvrage.com/shows/id-10197/episodes/593333</link><title>Ogie's Back</title></episode>
<episode><epnum>315</epnum><seasonnum>29</seasonnum><prodnum></prodnum><airdate>2007-07-27</airdate><link>http://www.tvrage.com/shows/id-10197/episodes/593334</link><title>Keempee De Leon and Bubbles Paraiso join the Gang!</title></episode>
<episode><epnum>316</epnum><seasonnum>30</seasonnum><prodnum></prodnum><airdate>2007-08-03</airdate><link>http://www.tvrage.com/shows/id-10197/episodes/593336</link><title>The Sexballs are back!</title></episode>
<episode><epnum>317</epnum><seasonnum>31</seasonnum><prodnum></prodnum><airdate>2007-08-10</airdate><link>http://www.tvrage.com/shows/id-10197/episodes/593340</link><title>Magpaka-bayani Memorial Plans</title></episode>
</Season>

</Episodelist>

</Show>