<?xml version="1.0" encoding="UTF-8" ?>


<Show>
<name>The Men's Room</name>
<totalseasons>1</totalseasons>
<showid>10196</showid>
<showlink>http://tvrage.com/shows/id-10196</showlink>
<started></started>
<ended></ended>
<origin_country>US</origin_country>
<status>Never Aired</status>
<classification>Scripted</classification>
<genres><genre>Comedy</genre></genres>
<network country="US">NBC</network>
<airtime>12:00</airtime>
<timezone>GMT-5 -DST</timezone>
<Episodelist>

<Season no="1">
<episode><epnum>1</epnum><seasonnum>01</seasonnum><prodnum></prodnum><airdate>2004-01-11</airdate><link>http://www.tvrage.com/shows/id-10196/episodes/348568</link><title>Twenty-Two, Thirty-Two, Forty-Two</title></episode>
<episode><epnum>2</epnum><seasonnum>02</seasonnum><prodnum></prodnum><airdate>2004-01-18</airdate><link>http://www.tvrage.com/shows/id-10196/episodes/348569</link><title>Sports</title></episode>
<episode><epnum>3</epnum><seasonnum>03</seasonnum><prodnum></prodnum><airdate>2004-01-25</airdate><link>http://www.tvrage.com/shows/id-10196/episodes/348570</link><title>Money for Something</title></episode>
<episode><epnum>4</epnum><seasonnum>04</seasonnum><prodnum></prodnum><airdate>2004-02-01</airdate><link>http://www.tvrage.com/shows/id-10196/episodes/348571</link><title>The Kid Stays in the Picture</title></episode>
</Season>

</Episodelist>

</Show>