<?xml version="1.0" encoding="UTF-8" ?>


<Show>
<name>Baby Felix</name>
<totalseasons>1</totalseasons>
<showid>1019</showid>
<showlink>http://tvrage.com/shows/id-1019</showlink>
<started>Oct/08/2000</started>
<ended>Jun/29/2001</ended>
<image>http://images.tvrage.com/shows/2/1019.gif</image>
<origin_country>JP</origin_country>
<status>Canceled/Ended</status>
<classification>Animation</classification>
<genres><genre>Anime</genre><genre>Children</genre></genres>
<runtime>30</runtime>
<network country="JP">NHK</network>
<airtime>12:00</airtime>
<timezone>GMT+9 -DST</timezone>

</Show>