<?xml version="1.0" encoding="UTF-8" ?>


<Show>
<name>Generations</name>
<totalseasons>2</totalseasons>
<showid>102</showid>
<showlink>http://tvrage.com/shows/id-102</showlink>
<started>Mar/27/1989</started>
<ended>Jan/25/1991</ended>
<image>http://images.tvrage.com/shows/1/102.jpg</image>
<origin_country>US</origin_country>
<status>Canceled/Ended</status>
<classification>Scripted</classification>
<genres><genre>Soaps</genre></genres>
<runtime>30</runtime>
<network country="US">NBC</network>
<airtime>12:30</airtime>
<airday>Weekdays</airday>
<timezone>GMT-5 -DST</timezone>
<Episodelist>

<Season no="1">
<episode><epnum>1</epnum><seasonnum>01</seasonnum><prodnum></prodnum><airdate>1989-03-27</airdate><link>http://www.tvrage.com/shows/id-102/episodes/330195</link><title>Episode 1</title></episode>
<episode><epnum>2</epnum><seasonnum>02</seasonnum><prodnum></prodnum><airdate>1989-03-28</airdate><link>http://www.tvrage.com/shows/id-102/episodes/330196</link><title>Episode 2</title></episode>
<episode><epnum>3</epnum><seasonnum>03</seasonnum><prodnum></prodnum><airdate>1989-03-29</airdate><link>http://www.tvrage.com/shows/id-102/episodes/330197</link><title>Episode 3</title></episode>
<episode><epnum>4</epnum><seasonnum>04</seasonnum><prodnum></prodnum><airdate>1989-03-30</airdate><link>http://www.tvrage.com/shows/id-102/episodes/330198</link><title>Episode 4</title></episode>
<episode><epnum>5</epnum><seasonnum>05</seasonnum><prodnum></prodnum><airdate>1989-03-31</airdate><link>http://www.tvrage.com/shows/id-102/episodes/330199</link><title>Episode 5</title></episode>
<episode><epnum>6</epnum><seasonnum>06</seasonnum><prodnum></prodnum><airdate>1989-04-03</airdate><link>http://www.tvrage.com/shows/id-102/episodes/330200</link><title>Episode 6</title></episode>
<episode><epnum>7</epnum><seasonnum>07</seasonnum><prodnum></prodnum><airdate>1989-04-04</airdate><link>http://www.tvrage.com/shows/id-102/episodes/330201</link><title>Episode 7</title></episode>
<episode><epnum>8</epnum><seasonnum>08</seasonnum><prodnum></prodnum><airdate>1989-04-05</airdate><link>http://www.tvrage.com/shows/id-102/episodes/330202</link><title>Episode 8</title></episode>
<episode><epnum>9</epnum><seasonnum>09</seasonnum><prodnum></prodnum><airdate>1989-04-06</airdate><link>http://www.tvrage.com/shows/id-102/episodes/330203</link><title>Episode 9</title></episode>
<episode><epnum>10</epnum><seasonnum>10</seasonnum><prodnum></prodnum><airdate>1989-04-07</airdate><link>http://www.tvrage.com/shows/id-102/episodes/330204</link><title>Episode 10</title></episode>
<episode><epnum>11</epnum><seasonnum>11</seasonnum><prodnum></prodnum><airdate>1989-04-10</airdate><link>http://www.tvrage.com/shows/id-102/episodes/330205</link><title>Episode 11</title></episode>
<episode><epnum>12</epnum><seasonnum>12</seasonnum><prodnum></prodnum><airdate>1989-04-11</airdate><link>http://www.tvrage.com/shows/id-102/episodes/330206</link><title>Episode 12</title></episode>
<episode><epnum>13</epnum><seasonnum>13</seasonnum><prodnum></prodnum><airdate>1989-04-12</airdate><link>http://www.tvrage.com/shows/id-102/episodes/330207</link><title>Episode 13</title></episode>
<episode><epnum>14</epnum><seasonnum>14</seasonnum><prodnum></prodnum><airdate>1989-04-13</airdate><link>http://www.tvrage.com/shows/id-102/episodes/330208</link><title>Episode 14</title></episode>
<episode><epnum>15</epnum><seasonnum>15</seasonnum><prodnum></prodnum><airdate>1989-04-14</airdate><link>http://www.tvrage.com/shows/id-102/episodes/330209</link><title>Episode 15</title></episode>
<episode><epnum>16</epnum><seasonnum>16</seasonnum><prodnum></prodnum><airdate>1989-04-17</airdate><link>http://www.tvrage.com/shows/id-102/episodes/330210</link><title>Episode 16</title></episode>
<episode><epnum>17</epnum><seasonnum>17</seasonnum><prodnum></prodnum><airdate>1989-04-18</airdate><link>http://www.tvrage.com/shows/id-102/episodes/330211</link><title>Episode 17</title></episode>
<episode><epnum>18</epnum><seasonnum>18</seasonnum><prodnum></prodnum><airdate>1989-04-19</airdate><link>http://www.tvrage.com/shows/id-102/episodes/330212</link><title>Episode 18</title></episode>
<episode><epnum>19</epnum><seasonnum>19</seasonnum><prodnum></prodnum><airdate>1989-04-20</airdate><link>http://www.tvrage.com/shows/id-102/episodes/330213</link><title>Episode 19</title></episode>
<episode><epnum>20</epnum><seasonnum>20</seasonnum><prodnum></prodnum><airdate>1989-04-21</airdate><link>http://www.tvrage.com/shows/id-102/episodes/330214</link><title>Episode 20</title></episode>
<episode><epnum>21</epnum><seasonnum>21</seasonnum><prodnum></prodnum><airdate>1989-04-24</airdate><link>http://www.tvrage.com/shows/id-102/episodes/330215</link><title>Episode 21</title></episode>
<episode><epnum>22</epnum><seasonnum>22</seasonnum><prodnum></prodnum><airdate>1989-04-25</airdate><link>http://www.tvrage.com/shows/id-102/episodes/330216</link><title>Episode 22</title></episode>
<episode><epnum>23</epnum><seasonnum>23</seasonnum><prodnum></prodnum><airdate>1989-04-26</airdate><link>http://www.tvrage.com/shows/id-102/episodes/330217</link><title>Episode 23</title></episode>
<episode><epnum>24</epnum><seasonnum>24</seasonnum><prodnum></prodnum><airdate>1989-04-27</airdate><link>http://www.tvrage.com/shows/id-102/episodes/330218</link><title>Episode 24</title></episode>
<episode><epnum>25</epnum><seasonnum>25</seasonnum><prodnum></prodnum><airdate>1989-04-28</airdate><link>http://www.tvrage.com/shows/id-102/episodes/330219</link><title>Episode 25</title></episode>
<episode><epnum>26</epnum><seasonnum>26</seasonnum><prodnum></prodnum><airdate>1989-05-01</airdate><link>http://www.tvrage.com/shows/id-102/episodes/330220</link><title>Episode 26</title></episode>
<episode><epnum>27</epnum><seasonnum>27</seasonnum><prodnum></prodnum><airdate>1989-05-02</airdate><link>http://www.tvrage.com/shows/id-102/episodes/330221</link><title>Episode 27</title></episode>
<episode><epnum>28</epnum><seasonnum>28</seasonnum><prodnum></prodnum><airdate>1989-05-03</airdate><link>http://www.tvrage.com/shows/id-102/episodes/330222</link><title>Episode 28</title></episode>
<episode><epnum>29</epnum><seasonnum>29</seasonnum><prodnum></prodnum><airdate>1989-05-04</airdate><link>http://www.tvrage.com/shows/id-102/episodes/330223</link><title>Episode 29</title></episode>
<episode><epnum>30</epnum><seasonnum>30</seasonnum><prodnum></prodnum><airdate>1989-05-05</airdate><link>http://www.tvrage.com/shows/id-102/episodes/330224</link><title>Episode 30</title></episode>
<episode><epnum>31</epnum><seasonnum>31</seasonnum><prodnum></prodnum><airdate>1989-05-08</airdate><link>http://www.tvrage.com/shows/id-102/episodes/330226</link><title>Episode 31</title></episode>
<episode><epnum>32</epnum><seasonnum>32</seasonnum><prodnum></prodnum><airdate>1989-05-09</airdate><link>http://www.tvrage.com/shows/id-102/episodes/330227</link><title>Episode 32</title></episode>
<episode><epnum>33</epnum><seasonnum>33</seasonnum><prodnum></prodnum><airdate>1989-05-10</airdate><link>http://www.tvrage.com/shows/id-102/episodes/330228</link><title>Episode 33</title></episode>
<episode><epnum>34</epnum><seasonnum>34</seasonnum><prodnum></prodnum><airdate>1989-05-11</airdate><link>http://www.tvrage.com/shows/id-102/episodes/330229</link><title>Episode 34</title></episode>
<episode><epnum>35</epnum><seasonnum>35</seasonnum><prodnum></prodnum><airdate>1989-05-12</airdate><link>http://www.tvrage.com/shows/id-102/episodes/330230</link><title>Episode 35</title></episode>
<episode><epnum>36</epnum><seasonnum>36</seasonnum><prodnum></prodnum><airdate>1989-05-15</airdate><link>http://www.tvrage.com/shows/id-102/episodes/330231</link><title>Episode 36</title></episode>
<episode><epnum>37</epnum><seasonnum>37</seasonnum><prodnum></prodnum><airdate>1989-05-16</airdate><link>http://www.tvrage.com/shows/id-102/episodes/330232</link><title>Episode 37</title></episode>
<episode><epnum>38</epnum><seasonnum>38</seasonnum><prodnum></prodnum><airdate>1989-05-17</airdate><link>http://www.tvrage.com/shows/id-102/episodes/330233</link><title>Episode 38</title></episode>
<episode><epnum>39</epnum><seasonnum>39</seasonnum><prodnum></prodnum><airdate>1989-05-18</airdate><link>http://www.tvrage.com/shows/id-102/episodes/330234</link><title>Episode 39</title></episode>
<episode><epnum>40</epnum><seasonnum>40</seasonnum><prodnum></prodnum><airdate>1989-05-19</airdate><link>http://www.tvrage.com/shows/id-102/episodes/330235</link><title>Episode 40</title></episode>
<episode><epnum>41</epnum><seasonnum>41</seasonnum><prodnum></prodnum><airdate>1989-05-22</airdate><link>http://www.tvrage.com/shows/id-102/episodes/330236</link><title>Episode 41</title></episode>
<episode><epnum>42</epnum><seasonnum>42</seasonnum><prodnum></prodnum><airdate>1989-05-23</airdate><link>http://www.tvrage.com/shows/id-102/episodes/330237</link><title>Episode 42</title></episode>
<episode><epnum>43</epnum><seasonnum>43</seasonnum><prodnum></prodnum><airdate>1989-05-24</airdate><link>http://www.tvrage.com/shows/id-102/episodes/330238</link><title>Episode 43</title></episode>
<episode><epnum>44</epnum><seasonnum>44</seasonnum><prodnum></prodnum><airdate>1989-05-25</airdate><link>http://www.tvrage.com/shows/id-102/episodes/330239</link><title>Episode 44</title></episode>
<episode><epnum>45</epnum><seasonnum>45</seasonnum><prodnum></prodnum><airdate>1989-05-26</airdate><link>http://www.tvrage.com/shows/id-102/episodes/330240</link><title>Episode 45</title></episode>
<episode><epnum>46</epnum><seasonnum>46</seasonnum><prodnum></prodnum><airdate>1989-05-29</airdate><link>http://www.tvrage.com/shows/id-102/episodes/330241</link><title>Episode 46</title></episode>
<episode><epnum>47</epnum><seasonnum>47</seasonnum><prodnum></prodnum><airdate>1989-05-30</airdate><link>http://www.tvrage.com/shows/id-102/episodes/330242</link><title>Episode 47</title></episode>
<episode><epnum>48</epnum><seasonnum>48</seasonnum><prodnum></prodnum><airdate>1989-05-31</airdate><link>http://www.tvrage.com/shows/id-102/episodes/330243</link><title>Episode 48</title></episode>
<episode><epnum>49</epnum><seasonnum>49</seasonnum><prodnum></prodnum><airdate>1989-06-01</airdate><link>http://www.tvrage.com/shows/id-102/episodes/330244</link><title>Episode 49</title></episode>
<episode><epnum>50</epnum><seasonnum>50</seasonnum><prodnum></prodnum><airdate>1989-06-02</airdate><link>http://www.tvrage.com/shows/id-102/episodes/330245</link><title>Episode 50</title></episode>
<episode><epnum>51</epnum><seasonnum>51</seasonnum><prodnum></prodnum><airdate>1989-06-05</airdate><link>http://www.tvrage.com/shows/id-102/episodes/330247</link><title>Episode 51</title></episode>
<episode><epnum>52</epnum><seasonnum>52</seasonnum><prodnum></prodnum><airdate>1989-06-06</airdate><link>http://www.tvrage.com/shows/id-102/episodes/330248</link><title>Episode 52</title></episode>
<episode><epnum>53</epnum><seasonnum>53</seasonnum><prodnum></prodnum><airdate>1989-06-07</airdate><link>http://www.tvrage.com/shows/id-102/episodes/330249</link><title>Episode 53</title></episode>
<episode><epnum>54</epnum><seasonnum>54</seasonnum><prodnum></prodnum><airdate>1989-06-08</airdate><link>http://www.tvrage.com/shows/id-102/episodes/330250</link><title>Episode 54</title></episode>
<episode><epnum>55</epnum><seasonnum>55</seasonnum><prodnum></prodnum><airdate>1989-06-09</airdate><link>http://www.tvrage.com/shows/id-102/episodes/330251</link><title>Episode 55</title></episode>
<episode><epnum>56</epnum><seasonnum>56</seasonnum><prodnum></prodnum><airdate>1989-06-12</airdate><link>http://www.tvrage.com/shows/id-102/episodes/330252</link><title>Episode 56</title></episode>
<episode><epnum>57</epnum><seasonnum>57</seasonnum><prodnum></prodnum><airdate>1989-06-13</airdate><link>http://www.tvrage.com/shows/id-102/episodes/330253</link><title>Episode 57</title></episode>
<episode><epnum>58</epnum><seasonnum>58</seasonnum><prodnum></prodnum><airdate>1989-06-14</airdate><link>http://www.tvrage.com/shows/id-102/episodes/330254</link><title>Episode 58</title></episode>
<episode><epnum>59</epnum><seasonnum>59</seasonnum><prodnum></prodnum><airdate>1989-06-15</airdate><link>http://www.tvrage.com/shows/id-102/episodes/330255</link><title>Episode 59</title></episode>
<episode><epnum>60</epnum><seasonnum>60</seasonnum><prodnum></prodnum><airdate>1989-06-16</airdate><link>http://www.tvrage.com/shows/id-102/episodes/330256</link><title>Episode 60</title></episode>
<episode><epnum>61</epnum><seasonnum>61</seasonnum><prodnum></prodnum><airdate>1989-06-19</airdate><link>http://www.tvrage.com/shows/id-102/episodes/330257</link><title>Episode 61</title></episode>
<episode><epnum>62</epnum><seasonnum>62</seasonnum><prodnum></prodnum><airdate>1989-06-20</airdate><link>http://www.tvrage.com/shows/id-102/episodes/330258</link><title>Episode 62</title></episode>
<episode><epnum>63</epnum><seasonnum>63</seasonnum><prodnum></prodnum><airdate>1989-06-21</airdate><link>http://www.tvrage.com/shows/id-102/episodes/330259</link><title>Episode 63</title></episode>
<episode><epnum>64</epnum><seasonnum>64</seasonnum><prodnum></prodnum><airdate>1989-06-22</airdate><link>http://www.tvrage.com/shows/id-102/episodes/330260</link><title>Episode 64</title></episode>
<episode><epnum>65</epnum><seasonnum>65</seasonnum><prodnum></prodnum><airdate>1989-06-23</airdate><link>http://www.tvrage.com/shows/id-102/episodes/330261</link><title>Episode 65</title></episode>
<episode><epnum>66</epnum><seasonnum>66</seasonnum><prodnum></prodnum><airdate>1989-06-26</airdate><link>http://www.tvrage.com/shows/id-102/episodes/330262</link><title>Episode 66</title></episode>
<episode><epnum>67</epnum><seasonnum>67</seasonnum><prodnum></prodnum><airdate>1989-06-27</airdate><link>http://www.tvrage.com/shows/id-102/episodes/330263</link><title>Episode 67</title></episode>
<episode><epnum>68</epnum><seasonnum>68</seasonnum><prodnum></prodnum><airdate>1989-06-28</airdate><link>http://www.tvrage.com/shows/id-102/episodes/330264</link><title>Episode 68</title></episode>
<episode><epnum>69</epnum><seasonnum>69</seasonnum><prodnum></prodnum><airdate>1989-06-29</airdate><link>http://www.tvrage.com/shows/id-102/episodes/330265</link><title>Episode 69</title></episode>
<episode><epnum>70</epnum><seasonnum>70</seasonnum><prodnum></prodnum><airdate>1989-06-30</airdate><link>http://www.tvrage.com/shows/id-102/episodes/330266</link><title>Episode 70</title></episode>
<episode><epnum>71</epnum><seasonnum>71</seasonnum><prodnum></prodnum><airdate>1989-07-03</airdate><link>http://www.tvrage.com/shows/id-102/episodes/744808</link><title>Episode 71</title></episode>
<episode><epnum>72</epnum><seasonnum>72</seasonnum><prodnum></prodnum><airdate>1989-07-04</airdate><link>http://www.tvrage.com/shows/id-102/episodes/744809</link><title>Episode 72</title></episode>
<episode><epnum>73</epnum><seasonnum>73</seasonnum><prodnum></prodnum><airdate>1989-07-05</airdate><link>http://www.tvrage.com/shows/id-102/episodes/744810</link><title>Episode 73</title></episode>
<episode><epnum>74</epnum><seasonnum>74</seasonnum><prodnum></prodnum><airdate>1989-07-06</airdate><link>http://www.tvrage.com/shows/id-102/episodes/744811</link><title>Episode 74</title></episode>
<episode><epnum>75</epnum><seasonnum>75</seasonnum><prodnum></prodnum><airdate>1989-07-07</airdate><link>http://www.tvrage.com/shows/id-102/episodes/744812</link><title>Episode 75</title></episode>
<episode><epnum>76</epnum><seasonnum>76</seasonnum><prodnum></prodnum><airdate>1989-07-12</airdate><link>http://www.tvrage.com/shows/id-102/episodes/744813</link><title>Episode 76</title></episode>
<episode><epnum>77</epnum><seasonnum>77</seasonnum><prodnum></prodnum><airdate>1989-07-13</airdate><link>http://www.tvrage.com/shows/id-102/episodes/744814</link><title>Episode 77</title></episode>
<episode><epnum>78</epnum><seasonnum>78</seasonnum><prodnum></prodnum><airdate>1989-07-14</airdate><link>http://www.tvrage.com/shows/id-102/episodes/744815</link><title>Episode 78</title></episode>
<episode><epnum>79</epnum><seasonnum>79</seasonnum><prodnum></prodnum><airdate>1989-07-17</airdate><link>http://www.tvrage.com/shows/id-102/episodes/744816</link><title>Episode 79</title></episode>
<episode><epnum>80</epnum><seasonnum>80</seasonnum><prodnum></prodnum><airdate>1989-07-18</airdate><link>http://www.tvrage.com/shows/id-102/episodes/744817</link><title>Episode 80</title></episode>
<episode><epnum>81</epnum><seasonnum>81</seasonnum><prodnum></prodnum><airdate>1989-07-19</airdate><link>http://www.tvrage.com/shows/id-102/episodes/744818</link><title>Episode 81</title></episode>
<episode><epnum>82</epnum><seasonnum>82</seasonnum><prodnum></prodnum><airdate>1989-07-20</airdate><link>http://www.tvrage.com/shows/id-102/episodes/744819</link><title>Episode 82</title></episode>
<episode><epnum>83</epnum><seasonnum>83</seasonnum><prodnum></prodnum><airdate>1989-07-21</airdate><link>http://www.tvrage.com/shows/id-102/episodes/744820</link><title>Episode 83</title></episode>
<episode><epnum>84</epnum><seasonnum>84</seasonnum><prodnum></prodnum><airdate>1989-07-24</airdate><link>http://www.tvrage.com/shows/id-102/episodes/744821</link><title>Episode 84</title></episode>
<episode><epnum>85</epnum><seasonnum>85</seasonnum><prodnum></prodnum><airdate>1989-07-25</airdate><link>http://www.tvrage.com/shows/id-102/episodes/744822</link><title>Episode 85</title></episode>
<episode><epnum>86</epnum><seasonnum>86</seasonnum><prodnum></prodnum><airdate>1989-07-26</airdate><link>http://www.tvrage.com/shows/id-102/episodes/744823</link><title>Episode 86</title></episode>
<episode><epnum>87</epnum><seasonnum>87</seasonnum><prodnum></prodnum><airdate>1989-07-27</airdate><link>http://www.tvrage.com/shows/id-102/episodes/744824</link><title>Episode 87</title></episode>
<episode><epnum>88</epnum><seasonnum>88</seasonnum><prodnum></prodnum><airdate>1989-07-28</airdate><link>http://www.tvrage.com/shows/id-102/episodes/744825</link><title>Episode 88</title></episode>
<episode><epnum>89</epnum><seasonnum>89</seasonnum><prodnum></prodnum><airdate>1989-07-31</airdate><link>http://www.tvrage.com/shows/id-102/episodes/744826</link><title>Episode 89</title></episode>
<episode><epnum>90</epnum><seasonnum>90</seasonnum><prodnum></prodnum><airdate>1989-08-01</airdate><link>http://www.tvrage.com/shows/id-102/episodes/744827</link><title>Episode 90</title></episode>
<episode><epnum>91</epnum><seasonnum>91</seasonnum><prodnum></prodnum><airdate>1989-08-02</airdate><link>http://www.tvrage.com/shows/id-102/episodes/744828</link><title>Episode 91</title></episode>
<episode><epnum>92</epnum><seasonnum>92</seasonnum><prodnum></prodnum><airdate>1989-08-03</airdate><link>http://www.tvrage.com/shows/id-102/episodes/744829</link><title>Episode 92</title></episode>
<episode><epnum>93</epnum><seasonnum>93</seasonnum><prodnum></prodnum><airdate>1989-08-04</airdate><link>http://www.tvrage.com/shows/id-102/episodes/744830</link><title>Episode 93</title></episode>
<episode><epnum>94</epnum><seasonnum>94</seasonnum><prodnum></prodnum><airdate>1989-08-07</airdate><link>http://www.tvrage.com/shows/id-102/episodes/744831</link><title>Episode 94</title></episode>
<episode><epnum>95</epnum><seasonnum>95</seasonnum><prodnum></prodnum><airdate>1989-08-08</airdate><link>http://www.tvrage.com/shows/id-102/episodes/744832</link><title>Episode 95</title></episode>
<episode><epnum>96</epnum><seasonnum>96</seasonnum><prodnum></prodnum><airdate>1989-08-09</airdate><link>http://www.tvrage.com/shows/id-102/episodes/744833</link><title>Episode 96</title></episode>
<episode><epnum>97</epnum><seasonnum>97</seasonnum><prodnum></prodnum><airdate>1989-08-10</airdate><link>http://www.tvrage.com/shows/id-102/episodes/744834</link><title>Episode 97</title></episode>
<episode><epnum>98</epnum><seasonnum>98</seasonnum><prodnum></prodnum><airdate>1989-08-11</airdate><link>http://www.tvrage.com/shows/id-102/episodes/744835</link><title>Episode 98</title></episode>
<episode><epnum>99</epnum><seasonnum>99</seasonnum><prodnum></prodnum><airdate>1989-08-14</airdate><link>http://www.tvrage.com/shows/id-102/episodes/744836</link><title>Episode 99</title></episode>
<episode><epnum>100</epnum><seasonnum>100</seasonnum><prodnum></prodnum><airdate>1989-08-15</airdate><link>http://www.tvrage.com/shows/id-102/episodes/744837</link><title>Episode 100</title></episode>
<episode><epnum>101</epnum><seasonnum>101</seasonnum><prodnum></prodnum><airdate>1989-08-16</airdate><link>http://www.tvrage.com/shows/id-102/episodes/744838</link><title>Episode 101</title></episode>
<episode><epnum>102</epnum><seasonnum>102</seasonnum><prodnum></prodnum><airdate>1989-08-17</airdate><link>http://www.tvrage.com/shows/id-102/episodes/744839</link><title>Episode 102</title></episode>
<episode><epnum>103</epnum><seasonnum>103</seasonnum><prodnum></prodnum><airdate>1989-08-18</airdate><link>http://www.tvrage.com/shows/id-102/episodes/744840</link><title>Episode 103</title></episode>
<episode><epnum>104</epnum><seasonnum>104</seasonnum><prodnum></prodnum><airdate>1989-08-21</airdate><link>http://www.tvrage.com/shows/id-102/episodes/744842</link><title>Episode 104</title></episode>
<episode><epnum>105</epnum><seasonnum>105</seasonnum><prodnum></prodnum><airdate>1989-08-22</airdate><link>http://www.tvrage.com/shows/id-102/episodes/744844</link><title>Episode 105</title></episode>
<episode><epnum>106</epnum><seasonnum>106</seasonnum><prodnum></prodnum><airdate>1989-08-23</airdate><link>http://www.tvrage.com/shows/id-102/episodes/744845</link><title>Episode 106</title></episode>
<episode><epnum>107</epnum><seasonnum>107</seasonnum><prodnum></prodnum><airdate>1989-08-24</airdate><link>http://www.tvrage.com/shows/id-102/episodes/744846</link><title>Episode 107</title></episode>
<episode><epnum>108</epnum><seasonnum>108</seasonnum><prodnum></prodnum><airdate>1989-08-25</airdate><link>http://www.tvrage.com/shows/id-102/episodes/744847</link><title>Episode 108</title></episode>
<episode><epnum>109</epnum><seasonnum>109</seasonnum><prodnum></prodnum><airdate>1989-08-28</airdate><link>http://www.tvrage.com/shows/id-102/episodes/744848</link><title>Episode 109</title></episode>
<episode><epnum>110</epnum><seasonnum>110</seasonnum><prodnum></prodnum><airdate>1989-08-29</airdate><link>http://www.tvrage.com/shows/id-102/episodes/744849</link><title>Episode 110</title></episode>
<episode><epnum>111</epnum><seasonnum>111</seasonnum><prodnum></prodnum><airdate>1989-08-30</airdate><link>http://www.tvrage.com/shows/id-102/episodes/744850</link><title>Episode 111</title></episode>
<episode><epnum>112</epnum><seasonnum>112</seasonnum><prodnum></prodnum><airdate>1989-08-31</airdate><link>http://www.tvrage.com/shows/id-102/episodes/744851</link><title>Episode 112</title></episode>
<episode><epnum>113</epnum><seasonnum>113</seasonnum><prodnum></prodnum><airdate>1989-09-01</airdate><link>http://www.tvrage.com/shows/id-102/episodes/744852</link><title>Episode 113</title></episode>
<episode><epnum>114</epnum><seasonnum>114</seasonnum><prodnum></prodnum><airdate>1989-09-04</airdate><link>http://www.tvrage.com/shows/id-102/episodes/744853</link><title>Episode 114</title></episode>
<episode><epnum>115</epnum><seasonnum>115</seasonnum><prodnum></prodnum><airdate>1989-09-05</airdate><link>http://www.tvrage.com/shows/id-102/episodes/744854</link><title>Episode 115</title></episode>
<episode><epnum>116</epnum><seasonnum>116</seasonnum><prodnum></prodnum><airdate>1989-09-06</airdate><link>http://www.tvrage.com/shows/id-102/episodes/744855</link><title>Episode 116</title></episode>
<episode><epnum>117</epnum><seasonnum>117</seasonnum><prodnum></prodnum><airdate>1989-09-07</airdate><link>http://www.tvrage.com/shows/id-102/episodes/744856</link><title>Episode 117</title></episode>
<episode><epnum>118</epnum><seasonnum>118</seasonnum><prodnum></prodnum><airdate>1989-09-08</airdate><link>http://www.tvrage.com/shows/id-102/episodes/744857</link><title>Episode 118</title></episode>
<episode><epnum>119</epnum><seasonnum>119</seasonnum><prodnum></prodnum><airdate>1989-09-11</airdate><link>http://www.tvrage.com/shows/id-102/episodes/745103</link><title>Episode 119</title></episode>
<episode><epnum>120</epnum><seasonnum>120</seasonnum><prodnum></prodnum><airdate>1989-09-12</airdate><link>http://www.tvrage.com/shows/id-102/episodes/745104</link><title>Episode 120</title></episode>
<episode><epnum>121</epnum><seasonnum>121</seasonnum><prodnum></prodnum><airdate>1989-09-13</airdate><link>http://www.tvrage.com/shows/id-102/episodes/745105</link><title>Episode 121</title></episode>
<episode><epnum>122</epnum><seasonnum>122</seasonnum><prodnum></prodnum><airdate>1989-09-14</airdate><link>http://www.tvrage.com/shows/id-102/episodes/745106</link><title>Episode 122</title></episode>
<episode><epnum>123</epnum><seasonnum>123</seasonnum><prodnum></prodnum><airdate>1989-09-15</airdate><link>http://www.tvrage.com/shows/id-102/episodes/745107</link><title>Episode 123</title></episode>
<episode><epnum>124</epnum><seasonnum>124</seasonnum><prodnum></prodnum><airdate>1989-09-18</airdate><link>http://www.tvrage.com/shows/id-102/episodes/745108</link><title>Episode 124</title></episode>
<episode><epnum>125</epnum><seasonnum>125</seasonnum><prodnum></prodnum><airdate>1989-09-19</airdate><link>http://www.tvrage.com/shows/id-102/episodes/745109</link><title>Episode 125</title></episode>
<episode><epnum>126</epnum><seasonnum>126</seasonnum><prodnum></prodnum><airdate>1989-09-20</airdate><link>http://www.tvrage.com/shows/id-102/episodes/745111</link><title>Episode 126</title></episode>
<episode><epnum>127</epnum><seasonnum>127</seasonnum><prodnum></prodnum><airdate>1989-09-21</airdate><link>http://www.tvrage.com/shows/id-102/episodes/745112</link><title>Episode 127</title></episode>
<episode><epnum>128</epnum><seasonnum>128</seasonnum><prodnum></prodnum><airdate>1989-09-22</airdate><link>http://www.tvrage.com/shows/id-102/episodes/745113</link><title>Episode 128</title></episode>
<episode><epnum>129</epnum><seasonnum>129</seasonnum><prodnum></prodnum><airdate>1989-09-25</airdate><link>http://www.tvrage.com/shows/id-102/episodes/745114</link><title>Episode 129</title></episode>
<episode><epnum>130</epnum><seasonnum>130</seasonnum><prodnum></prodnum><airdate>1989-09-26</airdate><link>http://www.tvrage.com/shows/id-102/episodes/745115</link><title>Episode 130</title></episode>
<episode><epnum>131</epnum><seasonnum>131</seasonnum><prodnum></prodnum><airdate>1989-09-27</airdate><link>http://www.tvrage.com/shows/id-102/episodes/745116</link><title>Episode 131</title></episode>
<episode><epnum>132</epnum><seasonnum>132</seasonnum><prodnum></prodnum><airdate>1989-09-28</airdate><link>http://www.tvrage.com/shows/id-102/episodes/745117</link><title>Episode 132</title></episode>
<episode><epnum>133</epnum><seasonnum>133</seasonnum><prodnum></prodnum><airdate>1989-09-29</airdate><link>http://www.tvrage.com/shows/id-102/episodes/745118</link><title>Episode 133</title></episode>
<episode><epnum>134</epnum><seasonnum>134</seasonnum><prodnum></prodnum><airdate>1989-10-02</airdate><link>http://www.tvrage.com/shows/id-102/episodes/745119</link><title>Episode 134</title></episode>
<episode><epnum>135</epnum><seasonnum>135</seasonnum><prodnum></prodnum><airdate>1989-10-03</airdate><link>http://www.tvrage.com/shows/id-102/episodes/745120</link><title>Episode 135</title></episode>
<episode><epnum>136</epnum><seasonnum>136</seasonnum><prodnum></prodnum><airdate>1989-10-04</airdate><link>http://www.tvrage.com/shows/id-102/episodes/745121</link><title>Episode 136</title></episode>
<episode><epnum>137</epnum><seasonnum>137</seasonnum><prodnum></prodnum><airdate>1989-10-05</airdate><link>http://www.tvrage.com/shows/id-102/episodes/745122</link><title>Episode 137</title></episode>
<episode><epnum>138</epnum><seasonnum>138</seasonnum><prodnum></prodnum><airdate>1989-10-06</airdate><link>http://www.tvrage.com/shows/id-102/episodes/745123</link><title>Episode 138</title></episode>
<episode><epnum>139</epnum><seasonnum>139</seasonnum><prodnum></prodnum><airdate>1989-10-09</airdate><link>http://www.tvrage.com/shows/id-102/episodes/745124</link><title>Episode 139</title></episode>
<episode><epnum>140</epnum><seasonnum>140</seasonnum><prodnum></prodnum><airdate>1989-10-10</airdate><link>http://www.tvrage.com/shows/id-102/episodes/745125</link><title>Episode 140</title></episode>
<episode><epnum>141</epnum><seasonnum>141</seasonnum><prodnum></prodnum><airdate>1989-10-11</airdate><link>http://www.tvrage.com/shows/id-102/episodes/745126</link><title>Episode 141</title></episode>
<episode><epnum>142</epnum><seasonnum>142</seasonnum><prodnum></prodnum><airdate>1989-10-12</airdate><link>http://www.tvrage.com/shows/id-102/episodes/745127</link><title>Episode 142</title></episode>
<episode><epnum>143</epnum><seasonnum>143</seasonnum><prodnum></prodnum><airdate>1989-10-13</airdate><link>http://www.tvrage.com/shows/id-102/episodes/745128</link><title>Episode 143</title></episode>
<episode><epnum>144</epnum><seasonnum>144</seasonnum><prodnum></prodnum><airdate>1989-10-16</airdate><link>http://www.tvrage.com/shows/id-102/episodes/745129</link><title>Episode 144</title></episode>
<episode><epnum>145</epnum><seasonnum>145</seasonnum><prodnum></prodnum><airdate>1989-10-17</airdate><link>http://www.tvrage.com/shows/id-102/episodes/745130</link><title>Episode 145</title></episode>
<episode><epnum>146</epnum><seasonnum>146</seasonnum><prodnum></prodnum><airdate>1989-10-18</airdate><link>http://www.tvrage.com/shows/id-102/episodes/745131</link><title>Episode 146</title></episode>
<episode><epnum>147</epnum><seasonnum>147</seasonnum><prodnum></prodnum><airdate>1989-10-19</airdate><link>http://www.tvrage.com/shows/id-102/episodes/745132</link><title>Episode 147</title></episode>
<episode><epnum>148</epnum><seasonnum>148</seasonnum><prodnum></prodnum><airdate>1989-10-20</airdate><link>http://www.tvrage.com/shows/id-102/episodes/745133</link><title>Episode 148</title></episode>
<episode><epnum>149</epnum><seasonnum>149</seasonnum><prodnum></prodnum><airdate>1989-10-23</airdate><link>http://www.tvrage.com/shows/id-102/episodes/745134</link><title>Episode 149</title></episode>
<episode><epnum>150</epnum><seasonnum>150</seasonnum><prodnum></prodnum><airdate>1989-10-24</airdate><link>http://www.tvrage.com/shows/id-102/episodes/745135</link><title>Episode 150</title></episode>
<episode><epnum>151</epnum><seasonnum>151</seasonnum><prodnum></prodnum><airdate>1989-10-25</airdate><link>http://www.tvrage.com/shows/id-102/episodes/745136</link><title>Episode 151</title></episode>
<episode><epnum>152</epnum><seasonnum>152</seasonnum><prodnum></prodnum><airdate>1989-10-26</airdate><link>http://www.tvrage.com/shows/id-102/episodes/745137</link><title>Episode 152</title></episode>
<episode><epnum>153</epnum><seasonnum>153</seasonnum><prodnum></prodnum><airdate>1989-10-27</airdate><link>http://www.tvrage.com/shows/id-102/episodes/745138</link><title>Episode 153</title></episode>
<episode><epnum>154</epnum><seasonnum>154</seasonnum><prodnum></prodnum><airdate>1989-10-30</airdate><link>http://www.tvrage.com/shows/id-102/episodes/745139</link><title>Episode 154</title></episode>
<episode><epnum>155</epnum><seasonnum>155</seasonnum><prodnum></prodnum><airdate>1989-10-31</airdate><link>http://www.tvrage.com/shows/id-102/episodes/745140</link><title>Episode 155</title></episode>
<episode><epnum>156</epnum><seasonnum>156</seasonnum><prodnum></prodnum><airdate>1989-11-01</airdate><link>http://www.tvrage.com/shows/id-102/episodes/745141</link><title>Episode 156</title></episode>
<episode><epnum>157</epnum><seasonnum>157</seasonnum><prodnum></prodnum><airdate>1989-11-02</airdate><link>http://www.tvrage.com/shows/id-102/episodes/745142</link><title>Episode 157</title></episode>
<episode><epnum>158</epnum><seasonnum>158</seasonnum><prodnum></prodnum><airdate>1989-11-03</airdate><link>http://www.tvrage.com/shows/id-102/episodes/745143</link><title>Episode 158</title></episode>
<episode><epnum>159</epnum><seasonnum>159</seasonnum><prodnum></prodnum><airdate>1989-11-06</airdate><link>http://www.tvrage.com/shows/id-102/episodes/745144</link><title>Episode 159</title></episode>
<episode><epnum>160</epnum><seasonnum>160</seasonnum><prodnum></prodnum><airdate>1989-11-07</airdate><link>http://www.tvrage.com/shows/id-102/episodes/745145</link><title>Episode 160</title></episode>
<episode><epnum>161</epnum><seasonnum>161</seasonnum><prodnum></prodnum><airdate>1989-11-08</airdate><link>http://www.tvrage.com/shows/id-102/episodes/745146</link><title>Episode 161</title></episode>
<episode><epnum>162</epnum><seasonnum>162</seasonnum><prodnum></prodnum><airdate>1989-11-09</airdate><link>http://www.tvrage.com/shows/id-102/episodes/745147</link><title>Episode 162</title></episode>
<episode><epnum>163</epnum><seasonnum>163</seasonnum><prodnum></prodnum><airdate>1989-11-10</airdate><link>http://www.tvrage.com/shows/id-102/episodes/745148</link><title>Episode 163</title></episode>
<episode><epnum>164</epnum><seasonnum>164</seasonnum><prodnum></prodnum><airdate>1989-11-13</airdate><link>http://www.tvrage.com/shows/id-102/episodes/745149</link><title>Episode 164</title></episode>
<episode><epnum>165</epnum><seasonnum>165</seasonnum><prodnum></prodnum><airdate>1989-11-14</airdate><link>http://www.tvrage.com/shows/id-102/episodes/745150</link><title>Episode 165</title></episode>
<episode><epnum>166</epnum><seasonnum>166</seasonnum><prodnum></prodnum><airdate>1989-11-15</airdate><link>http://www.tvrage.com/shows/id-102/episodes/745151</link><title>Episode 166</title></episode>
<episode><epnum>167</epnum><seasonnum>167</seasonnum><prodnum></prodnum><airdate>1989-11-16</airdate><link>http://www.tvrage.com/shows/id-102/episodes/745152</link><title>Episode 167</title></episode>
<episode><epnum>168</epnum><seasonnum>168</seasonnum><prodnum></prodnum><airdate>1989-11-17</airdate><link>http://www.tvrage.com/shows/id-102/episodes/745153</link><title>Episode 168</title></episode>
<episode><epnum>169</epnum><seasonnum>169</seasonnum><prodnum></prodnum><airdate>1989-11-20</airdate><link>http://www.tvrage.com/shows/id-102/episodes/745154</link><title>Episode 169</title></episode>
<episode><epnum>170</epnum><seasonnum>170</seasonnum><prodnum></prodnum><airdate>1989-11-21</airdate><link>http://www.tvrage.com/shows/id-102/episodes/745155</link><title>Episode 170</title></episode>
<episode><epnum>171</epnum><seasonnum>171</seasonnum><prodnum></prodnum><airdate>1989-11-22</airdate><link>http://www.tvrage.com/shows/id-102/episodes/745156</link><title>Episode 171</title></episode>
<episode><epnum>172</epnum><seasonnum>172</seasonnum><prodnum></prodnum><airdate>1989-11-24</airdate><link>http://www.tvrage.com/shows/id-102/episodes/745157</link><title>Episode 172</title></episode>
<episode><epnum>173</epnum><seasonnum>173</seasonnum><prodnum></prodnum><airdate>1989-11-27</airdate><link>http://www.tvrage.com/shows/id-102/episodes/745158</link><title>Episode 173</title></episode>
<episode><epnum>174</epnum><seasonnum>174</seasonnum><prodnum></prodnum><airdate>1989-11-28</airdate><link>http://www.tvrage.com/shows/id-102/episodes/745159</link><title>Episode 174</title></episode>
<episode><epnum>175</epnum><seasonnum>175</seasonnum><prodnum></prodnum><airdate>1989-11-29</airdate><link>http://www.tvrage.com/shows/id-102/episodes/745160</link><title>Episode 175</title></episode>
<episode><epnum>176</epnum><seasonnum>176</seasonnum><prodnum></prodnum><airdate>1989-11-30</airdate><link>http://www.tvrage.com/shows/id-102/episodes/745161</link><title>Episode 176</title></episode>
<episode><epnum>177</epnum><seasonnum>177</seasonnum><prodnum></prodnum><airdate>1989-12-01</airdate><link>http://www.tvrage.com/shows/id-102/episodes/745162</link><title>Episode 177</title></episode>
<episode><epnum>178</epnum><seasonnum>178</seasonnum><prodnum></prodnum><airdate>1989-12-04</airdate><link>http://www.tvrage.com/shows/id-102/episodes/745163</link><title>Episode 178</title></episode>
<episode><epnum>179</epnum><seasonnum>179</seasonnum><prodnum></prodnum><airdate>1989-12-05</airdate><link>http://www.tvrage.com/shows/id-102/episodes/745164</link><title>Episode 179</title></episode>
<episode><epnum>180</epnum><seasonnum>180</seasonnum><prodnum></prodnum><airdate>1989-12-06</airdate><link>http://www.tvrage.com/shows/id-102/episodes/745165</link><title>Episode 180</title></episode>
<episode><epnum>181</epnum><seasonnum>181</seasonnum><prodnum></prodnum><airdate>1989-12-07</airdate><link>http://www.tvrage.com/shows/id-102/episodes/745166</link><title>Episode 181</title></episode>
<episode><epnum>182</epnum><seasonnum>182</seasonnum><prodnum></prodnum><airdate>1989-12-08</airdate><link>http://www.tvrage.com/shows/id-102/episodes/745167</link><title>Episode 182</title></episode>
<episode><epnum>183</epnum><seasonnum>183</seasonnum><prodnum></prodnum><airdate>1989-12-11</airdate><link>http://www.tvrage.com/shows/id-102/episodes/745168</link><title>Episode 183</title></episode>
<episode><epnum>184</epnum><seasonnum>184</seasonnum><prodnum></prodnum><airdate>1989-12-12</airdate><link>http://www.tvrage.com/shows/id-102/episodes/745169</link><title>Episode 184</title></episode>
<episode><epnum>185</epnum><seasonnum>185</seasonnum><prodnum></prodnum><airdate>1989-12-13</airdate><link>http://www.tvrage.com/shows/id-102/episodes/745170</link><title>Episode 185</title></episode>
<episode><epnum>186</epnum><seasonnum>186</seasonnum><prodnum></prodnum><airdate>1989-12-14</airdate><link>http://www.tvrage.com/shows/id-102/episodes/745171</link><title>Episode 186</title></episode>
<episode><epnum>187</epnum><seasonnum>187</seasonnum><prodnum></prodnum><airdate>1989-12-15</airdate><link>http://www.tvrage.com/shows/id-102/episodes/745172</link><title>Episode 187</title></episode>
<episode><epnum>188</epnum><seasonnum>188</seasonnum><prodnum></prodnum><airdate>1989-12-18</airdate><link>http://www.tvrage.com/shows/id-102/episodes/745173</link><title>Episode 188</title></episode>
<episode><epnum>189</epnum><seasonnum>189</seasonnum><prodnum></prodnum><airdate>1989-12-19</airdate><link>http://www.tvrage.com/shows/id-102/episodes/745174</link><title>Episode 189</title></episode>
<episode><epnum>190</epnum><seasonnum>190</seasonnum><prodnum></prodnum><airdate>1989-12-20</airdate><link>http://www.tvrage.com/shows/id-102/episodes/745175</link><title>Episode 190</title></episode>
<episode><epnum>191</epnum><seasonnum>191</seasonnum><prodnum></prodnum><airdate>1989-12-21</airdate><link>http://www.tvrage.com/shows/id-102/episodes/745176</link><title>Episode 191</title></episode>
<episode><epnum>192</epnum><seasonnum>192</seasonnum><prodnum></prodnum><airdate>1989-12-22</airdate><link>http://www.tvrage.com/shows/id-102/episodes/745177</link><title>Episode 192</title></episode>
<episode><epnum>193</epnum><seasonnum>193</seasonnum><prodnum></prodnum><airdate>1989-12-25</airdate><link>http://www.tvrage.com/shows/id-102/episodes/745178</link><title>Episode 193</title></episode>
<episode><epnum>194</epnum><seasonnum>194</seasonnum><prodnum></prodnum><airdate>1989-12-26</airdate><link>http://www.tvrage.com/shows/id-102/episodes/745179</link><title>Episode 194</title></episode>
<episode><epnum>195</epnum><seasonnum>195</seasonnum><prodnum></prodnum><airdate>1989-12-27</airdate><link>http://www.tvrage.com/shows/id-102/episodes/745180</link><title>Episode 195</title></episode>
<episode><epnum>196</epnum><seasonnum>196</seasonnum><prodnum></prodnum><airdate>1989-12-28</airdate><link>http://www.tvrage.com/shows/id-102/episodes/745181</link><title>Episode 196</title></episode>
<episode><epnum>197</epnum><seasonnum>197</seasonnum><prodnum></prodnum><airdate>1989-12-29</airdate><link>http://www.tvrage.com/shows/id-102/episodes/745182</link><title>Episode 197</title></episode>
<episode><epnum>198</epnum><seasonnum>198</seasonnum><prodnum></prodnum><airdate>1990-01-02</airdate><link>http://www.tvrage.com/shows/id-102/episodes/745183</link><title>Episode 198</title></episode>
<episode><epnum>199</epnum><seasonnum>199</seasonnum><prodnum></prodnum><airdate>1990-01-03</airdate><link>http://www.tvrage.com/shows/id-102/episodes/745184</link><title>Episode 199</title></episode>
<episode><epnum>200</epnum><seasonnum>200</seasonnum><prodnum></prodnum><airdate>1990-01-04</airdate><link>http://www.tvrage.com/shows/id-102/episodes/745185</link><title>Episode 200</title></episode>
<episode><epnum>201</epnum><seasonnum>201</seasonnum><prodnum></prodnum><airdate>1990-01-05</airdate><link>http://www.tvrage.com/shows/id-102/episodes/745186</link><title>Episode 201</title></episode>
<episode><epnum>202</epnum><seasonnum>202</seasonnum><prodnum></prodnum><airdate>1990-01-08</airdate><link>http://www.tvrage.com/shows/id-102/episodes/745187</link><title>Episode 202</title></episode>
<episode><epnum>203</epnum><seasonnum>203</seasonnum><prodnum></prodnum><airdate>1990-01-09</airdate><link>http://www.tvrage.com/shows/id-102/episodes/745188</link><title>Episode 203</title></episode>
<episode><epnum>204</epnum><seasonnum>204</seasonnum><prodnum></prodnum><airdate>1990-01-10</airdate><link>http://www.tvrage.com/shows/id-102/episodes/745189</link><title>Episode 204</title></episode>
<episode><epnum>205</epnum><seasonnum>205</seasonnum><prodnum></prodnum><airdate>1990-01-11</airdate><link>http://www.tvrage.com/shows/id-102/episodes/745190</link><title>Episode 205</title></episode>
<episode><epnum>206</epnum><seasonnum>206</seasonnum><prodnum></prodnum><airdate>1990-01-12</airdate><link>http://www.tvrage.com/shows/id-102/episodes/745191</link><title>Episode 206</title></episode>
<episode><epnum>207</epnum><seasonnum>207</seasonnum><prodnum></prodnum><airdate>1990-01-15</airdate><link>http://www.tvrage.com/shows/id-102/episodes/745192</link><title>Episode 207</title></episode>
<episode><epnum>208</epnum><seasonnum>208</seasonnum><prodnum></prodnum><airdate>1990-01-16</airdate><link>http://www.tvrage.com/shows/id-102/episodes/745193</link><title>Episode 208</title></episode>
<episode><epnum>209</epnum><seasonnum>209</seasonnum><prodnum></prodnum><airdate>1990-01-17</airdate><link>http://www.tvrage.com/shows/id-102/episodes/745194</link><title>Episode 209</title></episode>
<episode><epnum>210</epnum><seasonnum>210</seasonnum><prodnum></prodnum><airdate>1990-01-18</airdate><link>http://www.tvrage.com/shows/id-102/episodes/745195</link><title>Episode 210</title></episode>
<episode><epnum>211</epnum><seasonnum>211</seasonnum><prodnum></prodnum><airdate>1990-01-19</airdate><link>http://www.tvrage.com/shows/id-102/episodes/745196</link><title>Episode 211</title></episode>
<episode><epnum>212</epnum><seasonnum>212</seasonnum><prodnum></prodnum><airdate>1990-01-22</airdate><link>http://www.tvrage.com/shows/id-102/episodes/745197</link><title>Episode 212</title></episode>
<episode><epnum>213</epnum><seasonnum>213</seasonnum><prodnum></prodnum><airdate>1990-01-23</airdate><link>http://www.tvrage.com/shows/id-102/episodes/745198</link><title>Episode 213</title></episode>
<episode><epnum>214</epnum><seasonnum>214</seasonnum><prodnum></prodnum><airdate>1990-01-24</airdate><link>http://www.tvrage.com/shows/id-102/episodes/745199</link><title>Episode 214</title></episode>
<episode><epnum>215</epnum><seasonnum>215</seasonnum><prodnum></prodnum><airdate>1990-01-25</airdate><link>http://www.tvrage.com/shows/id-102/episodes/745200</link><title>Episode 215</title></episode>
<episode><epnum>216</epnum><seasonnum>216</seasonnum><prodnum></prodnum><airdate>1990-01-26</airdate><link>http://www.tvrage.com/shows/id-102/episodes/745201</link><title>Episode 216</title></episode>
<episode><epnum>217</epnum><seasonnum>217</seasonnum><prodnum></prodnum><airdate>1990-01-29</airdate><link>http://www.tvrage.com/shows/id-102/episodes/745202</link><title>Episode 217</title></episode>
<episode><epnum>218</epnum><seasonnum>218</seasonnum><prodnum></prodnum><airdate>1990-01-30</airdate><link>http://www.tvrage.com/shows/id-102/episodes/745203</link><title>Episode 218</title></episode>
<episode><epnum>219</epnum><seasonnum>219</seasonnum><prodnum></prodnum><airdate>1990-01-31</airdate><link>http://www.tvrage.com/shows/id-102/episodes/745204</link><title>Episode 219</title></episode>
<episode><epnum>220</epnum><seasonnum>220</seasonnum><prodnum></prodnum><airdate>1990-02-01</airdate><link>http://www.tvrage.com/shows/id-102/episodes/745205</link><title>Episode 220</title></episode>
<episode><epnum>221</epnum><seasonnum>221</seasonnum><prodnum></prodnum><airdate>1990-02-02</airdate><link>http://www.tvrage.com/shows/id-102/episodes/745206</link><title>Episode 221</title></episode>
<episode><epnum>222</epnum><seasonnum>222</seasonnum><prodnum></prodnum><airdate>1990-02-05</airdate><link>http://www.tvrage.com/shows/id-102/episodes/745207</link><title>Episode 222</title></episode>
<episode><epnum>223</epnum><seasonnum>223</seasonnum><prodnum></prodnum><airdate>1990-02-06</airdate><link>http://www.tvrage.com/shows/id-102/episodes/745208</link><title>Episode 223</title></episode>
<episode><epnum>224</epnum><seasonnum>224</seasonnum><prodnum></prodnum><airdate>1990-02-07</airdate><link>http://www.tvrage.com/shows/id-102/episodes/745209</link><title>Episode 224</title></episode>
<episode><epnum>225</epnum><seasonnum>225</seasonnum><prodnum></prodnum><airdate>1990-02-08</airdate><link>http://www.tvrage.com/shows/id-102/episodes/745210</link><title>Episode 225</title></episode>
<episode><epnum>226</epnum><seasonnum>226</seasonnum><prodnum></prodnum><airdate>1990-02-09</airdate><link>http://www.tvrage.com/shows/id-102/episodes/745211</link><title>Episode 226</title></episode>
<episode><epnum>227</epnum><seasonnum>227</seasonnum><prodnum></prodnum><airdate>1990-02-12</airdate><link>http://www.tvrage.com/shows/id-102/episodes/745212</link><title>Episode 227</title></episode>
<episode><epnum>228</epnum><seasonnum>228</seasonnum><prodnum></prodnum><airdate>1990-02-13</airdate><link>http://www.tvrage.com/shows/id-102/episodes/745213</link><title>Episode 228</title></episode>
<episode><epnum>229</epnum><seasonnum>229</seasonnum><prodnum></prodnum><airdate>1990-02-14</airdate><link>http://www.tvrage.com/shows/id-102/episodes/745214</link><title>Episode 229</title></episode>
<episode><epnum>230</epnum><seasonnum>230</seasonnum><prodnum></prodnum><airdate>1990-02-15</airdate><link>http://www.tvrage.com/shows/id-102/episodes/745215</link><title>Episode 230</title></episode>
<episode><epnum>231</epnum><seasonnum>231</seasonnum><prodnum></prodnum><airdate>1990-02-16</airdate><link>http://www.tvrage.com/shows/id-102/episodes/745216</link><title>Episode 231</title></episode>
<episode><epnum>232</epnum><seasonnum>232</seasonnum><prodnum></prodnum><airdate>1990-02-19</airdate><link>http://www.tvrage.com/shows/id-102/episodes/745217</link><title>Episode 232</title></episode>
<episode><epnum>233</epnum><seasonnum>233</seasonnum><prodnum></prodnum><airdate>1990-02-20</airdate><link>http://www.tvrage.com/shows/id-102/episodes/745218</link><title>Episode 233</title></episode>
<episode><epnum>234</epnum><seasonnum>234</seasonnum><prodnum></prodnum><airdate>1990-02-21</airdate><link>http://www.tvrage.com/shows/id-102/episodes/745219</link><title>Episode 234</title></episode>
<episode><epnum>235</epnum><seasonnum>235</seasonnum><prodnum></prodnum><airdate>1990-02-22</airdate><link>http://www.tvrage.com/shows/id-102/episodes/745220</link><title>Episode 235</title></episode>
<episode><epnum>236</epnum><seasonnum>236</seasonnum><prodnum></prodnum><airdate>1990-02-23</airdate><link>http://www.tvrage.com/shows/id-102/episodes/745221</link><title>Episode 236</title></episode>
<episode><epnum>237</epnum><seasonnum>237</seasonnum><prodnum></prodnum><airdate>1990-02-26</airdate><link>http://www.tvrage.com/shows/id-102/episodes/745222</link><title>Episode 237</title></episode>
<episode><epnum>238</epnum><seasonnum>238</seasonnum><prodnum></prodnum><airdate>1990-02-27</airdate><link>http://www.tvrage.com/shows/id-102/episodes/745223</link><title>Episode 238</title></episode>
<episode><epnum>239</epnum><seasonnum>239</seasonnum><prodnum></prodnum><airdate>1990-02-28</airdate><link>http://www.tvrage.com/shows/id-102/episodes/745224</link><title>Episode 239</title></episode>
<episode><epnum>240</epnum><seasonnum>240</seasonnum><prodnum></prodnum><airdate>1990-03-01</airdate><link>http://www.tvrage.com/shows/id-102/episodes/745225</link><title>Episode 240</title></episode>
<episode><epnum>241</epnum><seasonnum>241</seasonnum><prodnum></prodnum><airdate>1990-03-02</airdate><link>http://www.tvrage.com/shows/id-102/episodes/745226</link><title>Episode 241</title></episode>
<episode><epnum>242</epnum><seasonnum>242</seasonnum><prodnum></prodnum><airdate>1990-03-05</airdate><link>http://www.tvrage.com/shows/id-102/episodes/745227</link><title>Episode 242</title></episode>
<episode><epnum>243</epnum><seasonnum>243</seasonnum><prodnum></prodnum><airdate>1990-03-06</airdate><link>http://www.tvrage.com/shows/id-102/episodes/745228</link><title>Episode 243</title></episode>
<episode><epnum>244</epnum><seasonnum>244</seasonnum><prodnum></prodnum><airdate>1990-03-07</airdate><link>http://www.tvrage.com/shows/id-102/episodes/745229</link><title>Episode 244</title></episode>
<episode><epnum>245</epnum><seasonnum>245</seasonnum><prodnum></prodnum><airdate>1990-03-08</airdate><link>http://www.tvrage.com/shows/id-102/episodes/745230</link><title>Episode 245</title></episode>
<episode><epnum>246</epnum><seasonnum>246</seasonnum><prodnum></prodnum><airdate>1990-03-09</airdate><link>http://www.tvrage.com/shows/id-102/episodes/745231</link><title>Episode 246</title></episode>
<episode><epnum>247</epnum><seasonnum>247</seasonnum><prodnum></prodnum><airdate>1990-03-12</airdate><link>http://www.tvrage.com/shows/id-102/episodes/745232</link><title>Episode 247</title></episode>
<episode><epnum>248</epnum><seasonnum>248</seasonnum><prodnum></prodnum><airdate>1990-03-13</airdate><link>http://www.tvrage.com/shows/id-102/episodes/745233</link><title>Episode 248</title></episode>
<episode><epnum>249</epnum><seasonnum>249</seasonnum><prodnum></prodnum><airdate>1990-03-14</airdate><link>http://www.tvrage.com/shows/id-102/episodes/745234</link><title>Episode 249</title></episode>
<episode><epnum>250</epnum><seasonnum>250</seasonnum><prodnum></prodnum><airdate>1990-03-15</airdate><link>http://www.tvrage.com/shows/id-102/episodes/745235</link><title>Episode 250</title></episode>
<episode><epnum>251</epnum><seasonnum>251</seasonnum><prodnum></prodnum><airdate>1990-03-16</airdate><link>http://www.tvrage.com/shows/id-102/episodes/745236</link><title>Episode 251</title></episode>
<episode><epnum>252</epnum><seasonnum>252</seasonnum><prodnum></prodnum><airdate>1990-03-19</airdate><link>http://www.tvrage.com/shows/id-102/episodes/745237</link><title>Episode 252</title></episode>
<episode><epnum>253</epnum><seasonnum>253</seasonnum><prodnum></prodnum><airdate>1990-03-20</airdate><link>http://www.tvrage.com/shows/id-102/episodes/745238</link><title>Episode 253</title></episode>
<episode><epnum>254</epnum><seasonnum>254</seasonnum><prodnum></prodnum><airdate>1990-03-21</airdate><link>http://www.tvrage.com/shows/id-102/episodes/745239</link><title>Episode 254</title></episode>
<episode><epnum>255</epnum><seasonnum>255</seasonnum><prodnum></prodnum><airdate>1990-03-22</airdate><link>http://www.tvrage.com/shows/id-102/episodes/745240</link><title>Episode 255</title></episode>
<episode><epnum>256</epnum><seasonnum>256</seasonnum><prodnum></prodnum><airdate>1990-03-23</airdate><link>http://www.tvrage.com/shows/id-102/episodes/745241</link><title>Episode 256</title></episode>
<episode><epnum>257</epnum><seasonnum>257</seasonnum><prodnum></prodnum><airdate>1990-03-26</airdate><link>http://www.tvrage.com/shows/id-102/episodes/745242</link><title>Episode 257</title></episode>
</Season>

<Season no="2">
<episode><epnum>258</epnum><seasonnum>01</seasonnum><prodnum></prodnum><airdate>1990-03-27</airdate><link>http://www.tvrage.com/shows/id-102/episodes/745243</link><title>Episode 258</title></episode>
<episode><epnum>259</epnum><seasonnum>02</seasonnum><prodnum></prodnum><airdate>1990-03-28</airdate><link>http://www.tvrage.com/shows/id-102/episodes/745244</link><title>Episode 259</title></episode>
<episode><epnum>260</epnum><seasonnum>03</seasonnum><prodnum></prodnum><airdate>1990-03-29</airdate><link>http://www.tvrage.com/shows/id-102/episodes/745245</link><title>Episode 260</title></episode>
<episode><epnum>261</epnum><seasonnum>04</seasonnum><prodnum></prodnum><airdate>1990-03-30</airdate><link>http://www.tvrage.com/shows/id-102/episodes/745246</link><title>Episode 261</title></episode>
<episode><epnum>262</epnum><seasonnum>05</seasonnum><prodnum></prodnum><airdate>1990-04-02</airdate><link>http://www.tvrage.com/shows/id-102/episodes/745247</link><title>Episode 262</title></episode>
<episode><epnum>263</epnum><seasonnum>06</seasonnum><prodnum></prodnum><airdate>1990-04-03</airdate><link>http://www.tvrage.com/shows/id-102/episodes/745248</link><title>Episode 263</title></episode>
<episode><epnum>264</epnum><seasonnum>07</seasonnum><prodnum></prodnum><airdate>1990-04-04</airdate><link>http://www.tvrage.com/shows/id-102/episodes/745249</link><title>Episode 264</title></episode>
<episode><epnum>265</epnum><seasonnum>08</seasonnum><prodnum></prodnum><airdate>1990-04-05</airdate><link>http://www.tvrage.com/shows/id-102/episodes/745250</link><title>Episode 265</title></episode>
<episode><epnum>266</epnum><seasonnum>09</seasonnum><prodnum></prodnum><airdate>1990-04-06</airdate><link>http://www.tvrage.com/shows/id-102/episodes/745251</link><title>Episode 266</title></episode>
<episode><epnum>267</epnum><seasonnum>10</seasonnum><prodnum></prodnum><airdate>1990-04-09</airdate><link>http://www.tvrage.com/shows/id-102/episodes/745252</link><title>Episode 267</title></episode>
<episode><epnum>268</epnum><seasonnum>11</seasonnum><prodnum></prodnum><airdate>1990-04-10</airdate><link>http://www.tvrage.com/shows/id-102/episodes/745253</link><title>Episode 268</title></episode>
<episode><epnum>269</epnum><seasonnum>12</seasonnum><prodnum></prodnum><airdate>1990-04-11</airdate><link>http://www.tvrage.com/shows/id-102/episodes/745254</link><title>Episode 269</title></episode>
<episode><epnum>270</epnum><seasonnum>13</seasonnum><prodnum></prodnum><airdate>1990-04-12</airdate><link>http://www.tvrage.com/shows/id-102/episodes/745255</link><title>Episode 270</title></episode>
<episode><epnum>271</epnum><seasonnum>14</seasonnum><prodnum></prodnum><airdate>1990-04-13</airdate><link>http://www.tvrage.com/shows/id-102/episodes/745256</link><title>Episode 271</title></episode>
<episode><epnum>272</epnum><seasonnum>15</seasonnum><prodnum></prodnum><airdate>1990-04-16</airdate><link>http://www.tvrage.com/shows/id-102/episodes/745257</link><title>Episode 272</title></episode>
<episode><epnum>273</epnum><seasonnum>16</seasonnum><prodnum></prodnum><airdate>1990-04-17</airdate><link>http://www.tvrage.com/shows/id-102/episodes/745258</link><title>Episode 273</title></episode>
<episode><epnum>274</epnum><seasonnum>17</seasonnum><prodnum></prodnum><airdate>1990-04-18</airdate><link>http://www.tvrage.com/shows/id-102/episodes/745259</link><title>Episode 274</title></episode>
<episode><epnum>275</epnum><seasonnum>18</seasonnum><prodnum></prodnum><airdate>1990-04-19</airdate><link>http://www.tvrage.com/shows/id-102/episodes/745260</link><title>Episode 275</title></episode>
<episode><epnum>276</epnum><seasonnum>19</seasonnum><prodnum></prodnum><airdate>1990-04-20</airdate><link>http://www.tvrage.com/shows/id-102/episodes/745261</link><title>Episode 276</title></episode>
<episode><epnum>277</epnum><seasonnum>20</seasonnum><prodnum></prodnum><airdate>1990-04-23</airdate><link>http://www.tvrage.com/shows/id-102/episodes/745262</link><title>Episode 277</title></episode>
<episode><epnum>278</epnum><seasonnum>21</seasonnum><prodnum></prodnum><airdate>1990-04-24</airdate><link>http://www.tvrage.com/shows/id-102/episodes/745263</link><title>Episode 278</title></episode>
<episode><epnum>279</epnum><seasonnum>22</seasonnum><prodnum></prodnum><airdate>1990-04-25</airdate><link>http://www.tvrage.com/shows/id-102/episodes/745264</link><title>Episode 279</title></episode>
<episode><epnum>280</epnum><seasonnum>23</seasonnum><prodnum></prodnum><airdate>1990-04-26</airdate><link>http://www.tvrage.com/shows/id-102/episodes/745265</link><title>Episode 280</title></episode>
<episode><epnum>281</epnum><seasonnum>24</seasonnum><prodnum></prodnum><airdate>1990-04-27</airdate><link>http://www.tvrage.com/shows/id-102/episodes/745266</link><title>Episode 281</title></episode>
<episode><epnum>282</epnum><seasonnum>25</seasonnum><prodnum></prodnum><airdate>1990-04-30</airdate><link>http://www.tvrage.com/shows/id-102/episodes/745270</link><title>Episode 282</title></episode>
<episode><epnum>283</epnum><seasonnum>26</seasonnum><prodnum></prodnum><airdate>1990-05-01</airdate><link>http://www.tvrage.com/shows/id-102/episodes/745271</link><title>Episode 283</title></episode>
<episode><epnum>284</epnum><seasonnum>27</seasonnum><prodnum></prodnum><airdate>1990-05-02</airdate><link>http://www.tvrage.com/shows/id-102/episodes/745272</link><title>Episode 284</title></episode>
<episode><epnum>285</epnum><seasonnum>28</seasonnum><prodnum></prodnum><airdate>1990-05-03</airdate><link>http://www.tvrage.com/shows/id-102/episodes/745273</link><title>Episode 285</title></episode>
<episode><epnum>286</epnum><seasonnum>29</seasonnum><prodnum></prodnum><airdate>1990-05-04</airdate><link>http://www.tvrage.com/shows/id-102/episodes/745274</link><title>Episode 286</title></episode>
<episode><epnum>287</epnum><seasonnum>30</seasonnum><prodnum></prodnum><airdate>1990-05-07</airdate><link>http://www.tvrage.com/shows/id-102/episodes/745275</link><title>Episode 287</title></episode>
<episode><epnum>288</epnum><seasonnum>31</seasonnum><prodnum></prodnum><airdate>1990-05-08</airdate><link>http://www.tvrage.com/shows/id-102/episodes/745276</link><title>Episode 288</title></episode>
<episode><epnum>289</epnum><seasonnum>32</seasonnum><prodnum></prodnum><airdate>1990-05-09</airdate><link>http://www.tvrage.com/shows/id-102/episodes/745277</link><title>Episode 289</title></episode>
<episode><epnum>290</epnum><seasonnum>33</seasonnum><prodnum></prodnum><airdate>1990-05-10</airdate><link>http://www.tvrage.com/shows/id-102/episodes/745278</link><title>Episode 290</title></episode>
<episode><epnum>291</epnum><seasonnum>34</seasonnum><prodnum></prodnum><airdate>1990-05-11</airdate><link>http://www.tvrage.com/shows/id-102/episodes/745279</link><title>Episode 291</title></episode>
<episode><epnum>292</epnum><seasonnum>35</seasonnum><prodnum></prodnum><airdate>1990-05-14</airdate><link>http://www.tvrage.com/shows/id-102/episodes/745280</link><title>Episode 292</title></episode>
<episode><epnum>293</epnum><seasonnum>36</seasonnum><prodnum></prodnum><airdate>1990-05-15</airdate><link>http://www.tvrage.com/shows/id-102/episodes/745281</link><title>Episode 293</title></episode>
<episode><epnum>294</epnum><seasonnum>37</seasonnum><prodnum></prodnum><airdate>1990-05-16</airdate><link>http://www.tvrage.com/shows/id-102/episodes/745282</link><title>Episode 294</title></episode>
<episode><epnum>295</epnum><seasonnum>38</seasonnum><prodnum></prodnum><airdate>1990-05-17</airdate><link>http://www.tvrage.com/shows/id-102/episodes/745283</link><title>Episode 295</title></episode>
<episode><epnum>296</epnum><seasonnum>39</seasonnum><prodnum></prodnum><airdate>1990-05-18</airdate><link>http://www.tvrage.com/shows/id-102/episodes/745284</link><title>Episode 296</title></episode>
<episode><epnum>297</epnum><seasonnum>40</seasonnum><prodnum></prodnum><airdate>1990-05-21</airdate><link>http://www.tvrage.com/shows/id-102/episodes/745285</link><title>Episode 297</title></episode>
<episode><epnum>298</epnum><seasonnum>41</seasonnum><prodnum></prodnum><airdate>1990-05-22</airdate><link>http://www.tvrage.com/shows/id-102/episodes/745286</link><title>Episode 298</title></episode>
<episode><epnum>299</epnum><seasonnum>42</seasonnum><prodnum></prodnum><airdate>1990-05-23</airdate><link>http://www.tvrage.com/shows/id-102/episodes/745287</link><title>Episode 299</title></episode>
<episode><epnum>300</epnum><seasonnum>43</seasonnum><prodnum></prodnum><airdate>1990-05-24</airdate><link>http://www.tvrage.com/shows/id-102/episodes/745288</link><title>Episode 300</title></episode>
<episode><epnum>301</epnum><seasonnum>44</seasonnum><prodnum></prodnum><airdate>1990-05-25</airdate><link>http://www.tvrage.com/shows/id-102/episodes/745289</link><title>Episode 301</title></episode>
<episode><epnum>302</epnum><seasonnum>45</seasonnum><prodnum></prodnum><airdate>1990-05-28</airdate><link>http://www.tvrage.com/shows/id-102/episodes/745290</link><title>Episode 302</title></episode>
<episode><epnum>303</epnum><seasonnum>46</seasonnum><prodnum></prodnum><airdate>1990-05-29</airdate><link>http://www.tvrage.com/shows/id-102/episodes/745291</link><title>Episode 303</title></episode>
<episode><epnum>304</epnum><seasonnum>47</seasonnum><prodnum></prodnum><airdate>1990-05-30</airdate><link>http://www.tvrage.com/shows/id-102/episodes/745292</link><title>Episode 304</title></episode>
<episode><epnum>305</epnum><seasonnum>48</seasonnum><prodnum></prodnum><airdate>1990-05-31</airdate><link>http://www.tvrage.com/shows/id-102/episodes/745293</link><title>Episode 305</title></episode>
<episode><epnum>306</epnum><seasonnum>49</seasonnum><prodnum></prodnum><airdate>1990-06-01</airdate><link>http://www.tvrage.com/shows/id-102/episodes/745294</link><title>Episode 306</title></episode>
<episode><epnum>307</epnum><seasonnum>50</seasonnum><prodnum></prodnum><airdate>1990-06-04</airdate><link>http://www.tvrage.com/shows/id-102/episodes/745295</link><title>Episode 307</title></episode>
<episode><epnum>308</epnum><seasonnum>51</seasonnum><prodnum></prodnum><airdate>1990-06-05</airdate><link>http://www.tvrage.com/shows/id-102/episodes/745296</link><title>Episode 308</title></episode>
<episode><epnum>309</epnum><seasonnum>52</seasonnum><prodnum></prodnum><airdate>1990-06-06</airdate><link>http://www.tvrage.com/shows/id-102/episodes/745297</link><title>Episode 309</title></episode>
<episode><epnum>310</epnum><seasonnum>53</seasonnum><prodnum></prodnum><airdate>1990-06-07</airdate><link>http://www.tvrage.com/shows/id-102/episodes/745298</link><title>Episode 310</title></episode>
<episode><epnum>311</epnum><seasonnum>54</seasonnum><prodnum></prodnum><airdate>1990-06-08</airdate><link>http://www.tvrage.com/shows/id-102/episodes/745299</link><title>Episode 311</title></episode>
<episode><epnum>312</epnum><seasonnum>55</seasonnum><prodnum></prodnum><airdate>1990-06-11</airdate><link>http://www.tvrage.com/shows/id-102/episodes/745300</link><title>Episode 312</title></episode>
<episode><epnum>313</epnum><seasonnum>56</seasonnum><prodnum></prodnum><airdate>1990-06-12</airdate><link>http://www.tvrage.com/shows/id-102/episodes/745301</link><title>Episode 313</title></episode>
<episode><epnum>314</epnum><seasonnum>57</seasonnum><prodnum></prodnum><airdate>1990-06-13</airdate><link>http://www.tvrage.com/shows/id-102/episodes/745302</link><title>Episode 314</title></episode>
<episode><epnum>315</epnum><seasonnum>58</seasonnum><prodnum></prodnum><airdate>1990-06-14</airdate><link>http://www.tvrage.com/shows/id-102/episodes/745303</link><title>Episode 315</title></episode>
<episode><epnum>316</epnum><seasonnum>59</seasonnum><prodnum></prodnum><airdate>1990-06-15</airdate><link>http://www.tvrage.com/shows/id-102/episodes/745304</link><title>Episode 316</title></episode>
<episode><epnum>317</epnum><seasonnum>60</seasonnum><prodnum></prodnum><airdate>1990-06-18</airdate><link>http://www.tvrage.com/shows/id-102/episodes/745305</link><title>Episode 317</title></episode>
<episode><epnum>318</epnum><seasonnum>61</seasonnum><prodnum></prodnum><airdate>1990-06-19</airdate><link>http://www.tvrage.com/shows/id-102/episodes/745306</link><title>Episode 318</title></episode>
<episode><epnum>319</epnum><seasonnum>62</seasonnum><prodnum></prodnum><airdate>1990-06-20</airdate><link>http://www.tvrage.com/shows/id-102/episodes/745307</link><title>Episode 319</title></episode>
<episode><epnum>320</epnum><seasonnum>63</seasonnum><prodnum></prodnum><airdate>1990-06-21</airdate><link>http://www.tvrage.com/shows/id-102/episodes/745308</link><title>Episode 320</title></episode>
<episode><epnum>321</epnum><seasonnum>64</seasonnum><prodnum></prodnum><airdate>1990-06-22</airdate><link>http://www.tvrage.com/shows/id-102/episodes/745309</link><title>Episode 321</title></episode>
<episode><epnum>322</epnum><seasonnum>65</seasonnum><prodnum></prodnum><airdate>1990-06-25</airdate><link>http://www.tvrage.com/shows/id-102/episodes/745310</link><title>Episode 322</title></episode>
<episode><epnum>323</epnum><seasonnum>66</seasonnum><prodnum></prodnum><airdate>1990-06-26</airdate><link>http://www.tvrage.com/shows/id-102/episodes/745311</link><title>Episode 323</title></episode>
<episode><epnum>324</epnum><seasonnum>67</seasonnum><prodnum></prodnum><airdate>1990-06-27</airdate><link>http://www.tvrage.com/shows/id-102/episodes/745312</link><title>Episode 324</title></episode>
<episode><epnum>325</epnum><seasonnum>68</seasonnum><prodnum></prodnum><airdate>1990-06-28</airdate><link>http://www.tvrage.com/shows/id-102/episodes/745313</link><title>Episode 325</title></episode>
<episode><epnum>326</epnum><seasonnum>69</seasonnum><prodnum></prodnum><airdate>1990-06-29</airdate><link>http://www.tvrage.com/shows/id-102/episodes/745314</link><title>Episode 326</title></episode>
<episode><epnum>327</epnum><seasonnum>70</seasonnum><prodnum></prodnum><airdate>1990-07-02</airdate><link>http://www.tvrage.com/shows/id-102/episodes/745315</link><title>Episode 327</title></episode>
<episode><epnum>328</epnum><seasonnum>71</seasonnum><prodnum></prodnum><airdate>1990-07-03</airdate><link>http://www.tvrage.com/shows/id-102/episodes/745316</link><title>Episode 328</title></episode>
<episode><epnum>329</epnum><seasonnum>72</seasonnum><prodnum></prodnum><airdate>1990-07-05</airdate><link>http://www.tvrage.com/shows/id-102/episodes/745317</link><title>Episode 329</title></episode>
<episode><epnum>330</epnum><seasonnum>73</seasonnum><prodnum></prodnum><airdate>1990-07-09</airdate><link>http://www.tvrage.com/shows/id-102/episodes/745318</link><title>Episode 330</title></episode>
<episode><epnum>331</epnum><seasonnum>74</seasonnum><prodnum></prodnum><airdate>1990-07-10</airdate><link>http://www.tvrage.com/shows/id-102/episodes/745319</link><title>Episode 331</title></episode>
<episode><epnum>332</epnum><seasonnum>75</seasonnum><prodnum></prodnum><airdate>1990-07-11</airdate><link>http://www.tvrage.com/shows/id-102/episodes/745320</link><title>Episode 332</title></episode>
<episode><epnum>333</epnum><seasonnum>76</seasonnum><prodnum></prodnum><airdate>1990-07-12</airdate><link>http://www.tvrage.com/shows/id-102/episodes/745321</link><title>Episode 333</title></episode>
<episode><epnum>334</epnum><seasonnum>77</seasonnum><prodnum></prodnum><airdate>1990-07-13</airdate><link>http://www.tvrage.com/shows/id-102/episodes/745322</link><title>Episode 334</title></episode>
<episode><epnum>335</epnum><seasonnum>78</seasonnum><prodnum></prodnum><airdate>1990-07-16</airdate><link>http://www.tvrage.com/shows/id-102/episodes/745323</link><title>Episode 335</title></episode>
<episode><epnum>336</epnum><seasonnum>79</seasonnum><prodnum></prodnum><airdate>1990-07-17</airdate><link>http://www.tvrage.com/shows/id-102/episodes/745324</link><title>Episode 336</title></episode>
<episode><epnum>337</epnum><seasonnum>80</seasonnum><prodnum></prodnum><airdate>1990-07-18</airdate><link>http://www.tvrage.com/shows/id-102/episodes/745325</link><title>Episode 337</title></episode>
<episode><epnum>338</epnum><seasonnum>81</seasonnum><prodnum></prodnum><airdate>1990-07-19</airdate><link>http://www.tvrage.com/shows/id-102/episodes/745326</link><title>Episode 338</title></episode>
<episode><epnum>339</epnum><seasonnum>82</seasonnum><prodnum></prodnum><airdate>1990-07-20</airdate><link>http://www.tvrage.com/shows/id-102/episodes/745327</link><title>Episode 339</title></episode>
<episode><epnum>340</epnum><seasonnum>83</seasonnum><prodnum></prodnum><airdate>1990-07-23</airdate><link>http://www.tvrage.com/shows/id-102/episodes/745328</link><title>Episode 340</title></episode>
<episode><epnum>341</epnum><seasonnum>84</seasonnum><prodnum></prodnum><airdate>1990-07-24</airdate><link>http://www.tvrage.com/shows/id-102/episodes/745329</link><title>Episode 341</title></episode>
<episode><epnum>342</epnum><seasonnum>85</seasonnum><prodnum></prodnum><airdate>1990-07-25</airdate><link>http://www.tvrage.com/shows/id-102/episodes/745330</link><title>Episode 342</title></episode>
<episode><epnum>343</epnum><seasonnum>86</seasonnum><prodnum></prodnum><airdate>1990-07-26</airdate><link>http://www.tvrage.com/shows/id-102/episodes/745331</link><title>Episode 343</title></episode>
<episode><epnum>344</epnum><seasonnum>87</seasonnum><prodnum></prodnum><airdate>1990-07-27</airdate><link>http://www.tvrage.com/shows/id-102/episodes/745332</link><title>Episode 344</title></episode>
<episode><epnum>345</epnum><seasonnum>88</seasonnum><prodnum></prodnum><airdate>1990-07-30</airdate><link>http://www.tvrage.com/shows/id-102/episodes/745333</link><title>Episode 345</title></episode>
<episode><epnum>346</epnum><seasonnum>89</seasonnum><prodnum></prodnum><airdate>1990-07-31</airdate><link>http://www.tvrage.com/shows/id-102/episodes/745334</link><title>Episode 346</title></episode>
<episode><epnum>347</epnum><seasonnum>90</seasonnum><prodnum></prodnum><airdate>1990-08-01</airdate><link>http://www.tvrage.com/shows/id-102/episodes/745335</link><title>Episode 347</title></episode>
<episode><epnum>348</epnum><seasonnum>91</seasonnum><prodnum></prodnum><airdate>1990-08-02</airdate><link>http://www.tvrage.com/shows/id-102/episodes/745336</link><title>Episode 348</title></episode>
<episode><epnum>349</epnum><seasonnum>92</seasonnum><prodnum></prodnum><airdate>1990-08-03</airdate><link>http://www.tvrage.com/shows/id-102/episodes/745337</link><title>Episode 349</title></episode>
<episode><epnum>350</epnum><seasonnum>93</seasonnum><prodnum></prodnum><airdate>1990-08-06</airdate><link>http://www.tvrage.com/shows/id-102/episodes/745341</link><title>Episode 350</title></episode>
<episode><epnum>351</epnum><seasonnum>94</seasonnum><prodnum></prodnum><airdate>1990-08-07</airdate><link>http://www.tvrage.com/shows/id-102/episodes/745342</link><title>Episode 351</title></episode>
<episode><epnum>352</epnum><seasonnum>95</seasonnum><prodnum></prodnum><airdate>1990-08-08</airdate><link>http://www.tvrage.com/shows/id-102/episodes/745343</link><title>Episode 352</title></episode>
<episode><epnum>353</epnum><seasonnum>96</seasonnum><prodnum></prodnum><airdate>1990-08-09</airdate><link>http://www.tvrage.com/shows/id-102/episodes/745344</link><title>Episode 353</title></episode>
<episode><epnum>354</epnum><seasonnum>97</seasonnum><prodnum></prodnum><airdate>1990-08-10</airdate><link>http://www.tvrage.com/shows/id-102/episodes/745345</link><title>Episode 354</title></episode>
<episode><epnum>355</epnum><seasonnum>98</seasonnum><prodnum></prodnum><airdate>1990-08-11</airdate><link>http://www.tvrage.com/shows/id-102/episodes/745346</link><title>Episode 355</title></episode>
<episode><epnum>356</epnum><seasonnum>99</seasonnum><prodnum></prodnum><airdate>1990-08-14</airdate><link>http://www.tvrage.com/shows/id-102/episodes/745347</link><title>Episode 356</title></episode>
<episode><epnum>357</epnum><seasonnum>100</seasonnum><prodnum></prodnum><airdate>1990-08-15</airdate><link>http://www.tvrage.com/shows/id-102/episodes/745348</link><title>Episode 357</title></episode>
<episode><epnum>358</epnum><seasonnum>101</seasonnum><prodnum></prodnum><airdate>1990-08-16</airdate><link>http://www.tvrage.com/shows/id-102/episodes/745349</link><title>Episode 358</title></episode>
<episode><epnum>359</epnum><seasonnum>102</seasonnum><prodnum></prodnum><airdate>1990-08-17</airdate><link>http://www.tvrage.com/shows/id-102/episodes/745350</link><title>Episode 359</title></episode>
<episode><epnum>360</epnum><seasonnum>103</seasonnum><prodnum></prodnum><airdate>1990-08-20</airdate><link>http://www.tvrage.com/shows/id-102/episodes/745351</link><title>Episode 360</title></episode>
<episode><epnum>361</epnum><seasonnum>104</seasonnum><prodnum></prodnum><airdate>1990-08-21</airdate><link>http://www.tvrage.com/shows/id-102/episodes/745352</link><title>Episode 361</title></episode>
<episode><epnum>362</epnum><seasonnum>105</seasonnum><prodnum></prodnum><airdate>1990-08-22</airdate><link>http://www.tvrage.com/shows/id-102/episodes/745353</link><title>Episode 362</title></episode>
<episode><epnum>363</epnum><seasonnum>106</seasonnum><prodnum></prodnum><airdate>1990-08-23</airdate><link>http://www.tvrage.com/shows/id-102/episodes/745354</link><title>Episode 363</title></episode>
<episode><epnum>364</epnum><seasonnum>107</seasonnum><prodnum></prodnum><airdate>1990-08-24</airdate><link>http://www.tvrage.com/shows/id-102/episodes/745355</link><title>Episode 364</title></episode>
<episode><epnum>365</epnum><seasonnum>108</seasonnum><prodnum></prodnum><airdate>1990-08-27</airdate><link>http://www.tvrage.com/shows/id-102/episodes/745356</link><title>Episode 365</title></episode>
<episode><epnum>366</epnum><seasonnum>109</seasonnum><prodnum></prodnum><airdate>1990-08-28</airdate><link>http://www.tvrage.com/shows/id-102/episodes/745357</link><title>Episode 366</title></episode>
<episode><epnum>367</epnum><seasonnum>110</seasonnum><prodnum></prodnum><airdate>1990-08-29</airdate><link>http://www.tvrage.com/shows/id-102/episodes/745358</link><title>Episode 367</title></episode>
<episode><epnum>368</epnum><seasonnum>111</seasonnum><prodnum></prodnum><airdate>1990-08-30</airdate><link>http://www.tvrage.com/shows/id-102/episodes/745359</link><title>Episode 368</title></episode>
<episode><epnum>369</epnum><seasonnum>112</seasonnum><prodnum></prodnum><airdate>1990-08-31</airdate><link>http://www.tvrage.com/shows/id-102/episodes/745360</link><title>Episode 369</title></episode>
<episode><epnum>370</epnum><seasonnum>113</seasonnum><prodnum></prodnum><airdate>1990-09-03</airdate><link>http://www.tvrage.com/shows/id-102/episodes/745361</link><title>Episode 370</title></episode>
<episode><epnum>371</epnum><seasonnum>114</seasonnum><prodnum></prodnum><airdate>1990-09-04</airdate><link>http://www.tvrage.com/shows/id-102/episodes/745362</link><title>Episode 371</title></episode>
<episode><epnum>372</epnum><seasonnum>115</seasonnum><prodnum></prodnum><airdate>1990-09-05</airdate><link>http://www.tvrage.com/shows/id-102/episodes/745363</link><title>Episode 372</title></episode>
<episode><epnum>373</epnum><seasonnum>116</seasonnum><prodnum></prodnum><airdate>1990-09-06</airdate><link>http://www.tvrage.com/shows/id-102/episodes/745364</link><title>Episode 373</title></episode>
<episode><epnum>374</epnum><seasonnum>117</seasonnum><prodnum></prodnum><airdate>1990-09-07</airdate><link>http://www.tvrage.com/shows/id-102/episodes/745365</link><title>Episode 374</title></episode>
<episode><epnum>375</epnum><seasonnum>118</seasonnum><prodnum></prodnum><airdate>1990-09-10</airdate><link>http://www.tvrage.com/shows/id-102/episodes/745366</link><title>Episode 375</title></episode>
<episode><epnum>376</epnum><seasonnum>119</seasonnum><prodnum></prodnum><airdate>1990-09-11</airdate><link>http://www.tvrage.com/shows/id-102/episodes/745367</link><title>Episode 376</title></episode>
<episode><epnum>377</epnum><seasonnum>120</seasonnum><prodnum></prodnum><airdate>1990-09-12</airdate><link>http://www.tvrage.com/shows/id-102/episodes/745368</link><title>Episode 377</title></episode>
<episode><epnum>378</epnum><seasonnum>121</seasonnum><prodnum></prodnum><airdate>1990-09-13</airdate><link>http://www.tvrage.com/shows/id-102/episodes/745369</link><title>Episode 378</title></episode>
<episode><epnum>379</epnum><seasonnum>122</seasonnum><prodnum></prodnum><airdate>1990-09-14</airdate><link>http://www.tvrage.com/shows/id-102/episodes/745370</link><title>Episode 379</title></episode>
<episode><epnum>380</epnum><seasonnum>123</seasonnum><prodnum></prodnum><airdate>1990-09-17</airdate><link>http://www.tvrage.com/shows/id-102/episodes/745371</link><title>Episode 380</title></episode>
<episode><epnum>381</epnum><seasonnum>124</seasonnum><prodnum></prodnum><airdate>1990-09-18</airdate><link>http://www.tvrage.com/shows/id-102/episodes/745372</link><title>Episode 381</title></episode>
<episode><epnum>382</epnum><seasonnum>125</seasonnum><prodnum></prodnum><airdate>1990-09-19</airdate><link>http://www.tvrage.com/shows/id-102/episodes/745373</link><title>Episode 382</title></episode>
<episode><epnum>383</epnum><seasonnum>126</seasonnum><prodnum></prodnum><airdate>1990-09-20</airdate><link>http://www.tvrage.com/shows/id-102/episodes/745374</link><title>Episode 383</title></episode>
<episode><epnum>384</epnum><seasonnum>127</seasonnum><prodnum></prodnum><airdate>1990-09-21</airdate><link>http://www.tvrage.com/shows/id-102/episodes/745375</link><title>Episode 384</title></episode>
<episode><epnum>385</epnum><seasonnum>128</seasonnum><prodnum></prodnum><airdate>1990-09-24</airdate><link>http://www.tvrage.com/shows/id-102/episodes/745376</link><title>Episode 385</title></episode>
<episode><epnum>386</epnum><seasonnum>129</seasonnum><prodnum></prodnum><airdate>1990-09-25</airdate><link>http://www.tvrage.com/shows/id-102/episodes/745377</link><title>Episode 386</title></episode>
<episode><epnum>387</epnum><seasonnum>130</seasonnum><prodnum></prodnum><airdate>1990-09-26</airdate><link>http://www.tvrage.com/shows/id-102/episodes/745378</link><title>Episode 387</title></episode>
<episode><epnum>388</epnum><seasonnum>131</seasonnum><prodnum></prodnum><airdate>1990-09-27</airdate><link>http://www.tvrage.com/shows/id-102/episodes/745379</link><title>Episode 388</title></episode>
<episode><epnum>389</epnum><seasonnum>132</seasonnum><prodnum></prodnum><airdate>1990-09-28</airdate><link>http://www.tvrage.com/shows/id-102/episodes/745380</link><title>Episode 389</title></episode>
<episode><epnum>390</epnum><seasonnum>133</seasonnum><prodnum></prodnum><airdate>1990-10-01</airdate><link>http://www.tvrage.com/shows/id-102/episodes/745381</link><title>Episode 390</title></episode>
<episode><epnum>391</epnum><seasonnum>134</seasonnum><prodnum></prodnum><airdate>1990-10-02</airdate><link>http://www.tvrage.com/shows/id-102/episodes/745382</link><title>Episode 391</title></episode>
<episode><epnum>392</epnum><seasonnum>135</seasonnum><prodnum></prodnum><airdate>1990-10-03</airdate><link>http://www.tvrage.com/shows/id-102/episodes/745383</link><title>Episode 392</title></episode>
<episode><epnum>393</epnum><seasonnum>136</seasonnum><prodnum></prodnum><airdate>1990-10-04</airdate><link>http://www.tvrage.com/shows/id-102/episodes/745384</link><title>Episode 393</title></episode>
<episode><epnum>394</epnum><seasonnum>137</seasonnum><prodnum></prodnum><airdate>1990-10-05</airdate><link>http://www.tvrage.com/shows/id-102/episodes/745385</link><title>Episode 394</title></episode>
<episode><epnum>395</epnum><seasonnum>138</seasonnum><prodnum></prodnum><airdate>1990-10-08</airdate><link>http://www.tvrage.com/shows/id-102/episodes/745386</link><title>Episode 395</title></episode>
<episode><epnum>396</epnum><seasonnum>139</seasonnum><prodnum></prodnum><airdate>1990-10-09</airdate><link>http://www.tvrage.com/shows/id-102/episodes/745387</link><title>Episode 396</title></episode>
<episode><epnum>397</epnum><seasonnum>140</seasonnum><prodnum></prodnum><airdate>1990-10-10</airdate><link>http://www.tvrage.com/shows/id-102/episodes/745388</link><title>Episode 397</title></episode>
<episode><epnum>398</epnum><seasonnum>141</seasonnum><prodnum></prodnum><airdate>1990-10-11</airdate><link>http://www.tvrage.com/shows/id-102/episodes/745389</link><title>Episode 398</title></episode>
<episode><epnum>399</epnum><seasonnum>142</seasonnum><prodnum></prodnum><airdate>1990-10-12</airdate><link>http://www.tvrage.com/shows/id-102/episodes/745390</link><title>Episode 399</title></episode>
<episode><epnum>400</epnum><seasonnum>143</seasonnum><prodnum></prodnum><airdate>1990-10-15</airdate><link>http://www.tvrage.com/shows/id-102/episodes/745391</link><title>Episode 400</title></episode>
<episode><epnum>401</epnum><seasonnum>144</seasonnum><prodnum></prodnum><airdate>1990-10-16</airdate><link>http://www.tvrage.com/shows/id-102/episodes/745392</link><title>Episode 401</title></episode>
<episode><epnum>402</epnum><seasonnum>145</seasonnum><prodnum></prodnum><airdate>1990-10-17</airdate><link>http://www.tvrage.com/shows/id-102/episodes/745393</link><title>Episode 402</title></episode>
<episode><epnum>403</epnum><seasonnum>146</seasonnum><prodnum></prodnum><airdate>1990-10-18</airdate><link>http://www.tvrage.com/shows/id-102/episodes/745394</link><title>Episode 403</title></episode>
<episode><epnum>404</epnum><seasonnum>147</seasonnum><prodnum></prodnum><airdate>1990-10-19</airdate><link>http://www.tvrage.com/shows/id-102/episodes/745395</link><title>Episode 404</title></episode>
<episode><epnum>405</epnum><seasonnum>148</seasonnum><prodnum></prodnum><airdate>1990-10-22</airdate><link>http://www.tvrage.com/shows/id-102/episodes/745396</link><title>Episode 405</title></episode>
<episode><epnum>406</epnum><seasonnum>149</seasonnum><prodnum></prodnum><airdate>1990-10-23</airdate><link>http://www.tvrage.com/shows/id-102/episodes/745397</link><title>Episode 406</title></episode>
<episode><epnum>407</epnum><seasonnum>150</seasonnum><prodnum></prodnum><airdate>1990-10-24</airdate><link>http://www.tvrage.com/shows/id-102/episodes/745398</link><title>Episode 407</title></episode>
<episode><epnum>408</epnum><seasonnum>151</seasonnum><prodnum></prodnum><airdate>1990-10-25</airdate><link>http://www.tvrage.com/shows/id-102/episodes/745399</link><title>Episode 408</title></episode>
<episode><epnum>409</epnum><seasonnum>152</seasonnum><prodnum></prodnum><airdate>1990-10-26</airdate><link>http://www.tvrage.com/shows/id-102/episodes/745400</link><title>Episode 409</title></episode>
<episode><epnum>410</epnum><seasonnum>153</seasonnum><prodnum></prodnum><airdate>1990-10-29</airdate><link>http://www.tvrage.com/shows/id-102/episodes/745401</link><title>Episode 410</title></episode>
<episode><epnum>411</epnum><seasonnum>154</seasonnum><prodnum></prodnum><airdate>1990-10-30</airdate><link>http://www.tvrage.com/shows/id-102/episodes/745402</link><title>Episode 411</title></episode>
<episode><epnum>412</epnum><seasonnum>155</seasonnum><prodnum></prodnum><airdate>1990-10-31</airdate><link>http://www.tvrage.com/shows/id-102/episodes/745403</link><title>Episode 412</title></episode>
<episode><epnum>413</epnum><seasonnum>156</seasonnum><prodnum></prodnum><airdate>1990-11-01</airdate><link>http://www.tvrage.com/shows/id-102/episodes/745404</link><title>Episode 413</title></episode>
<episode><epnum>414</epnum><seasonnum>157</seasonnum><prodnum></prodnum><airdate>1990-11-02</airdate><link>http://www.tvrage.com/shows/id-102/episodes/745405</link><title>Episode 414</title></episode>
<episode><epnum>415</epnum><seasonnum>158</seasonnum><prodnum></prodnum><airdate>1990-11-05</airdate><link>http://www.tvrage.com/shows/id-102/episodes/745406</link><title>Episode 415</title></episode>
<episode><epnum>416</epnum><seasonnum>159</seasonnum><prodnum></prodnum><airdate>1990-11-06</airdate><link>http://www.tvrage.com/shows/id-102/episodes/745407</link><title>Episode 416</title></episode>
<episode><epnum>417</epnum><seasonnum>160</seasonnum><prodnum></prodnum><airdate>1990-11-07</airdate><link>http://www.tvrage.com/shows/id-102/episodes/745408</link><title>Episode 417</title></episode>
<episode><epnum>418</epnum><seasonnum>161</seasonnum><prodnum></prodnum><airdate>1990-11-08</airdate><link>http://www.tvrage.com/shows/id-102/episodes/745409</link><title>Episode 418</title></episode>
<episode><epnum>419</epnum><seasonnum>162</seasonnum><prodnum></prodnum><airdate>1990-11-09</airdate><link>http://www.tvrage.com/shows/id-102/episodes/745410</link><title>Episode 419</title></episode>
<episode><epnum>420</epnum><seasonnum>163</seasonnum><prodnum></prodnum><airdate>1990-11-12</airdate><link>http://www.tvrage.com/shows/id-102/episodes/745411</link><title>Episode 420</title></episode>
<episode><epnum>421</epnum><seasonnum>164</seasonnum><prodnum></prodnum><airdate>1990-11-13</airdate><link>http://www.tvrage.com/shows/id-102/episodes/745412</link><title>Episode 421</title></episode>
<episode><epnum>422</epnum><seasonnum>165</seasonnum><prodnum></prodnum><airdate>1990-11-14</airdate><link>http://www.tvrage.com/shows/id-102/episodes/745413</link><title>Episode 422</title></episode>
<episode><epnum>423</epnum><seasonnum>166</seasonnum><prodnum></prodnum><airdate>1990-11-15</airdate><link>http://www.tvrage.com/shows/id-102/episodes/745414</link><title>Episode 423</title></episode>
<episode><epnum>424</epnum><seasonnum>167</seasonnum><prodnum></prodnum><airdate>1990-11-16</airdate><link>http://www.tvrage.com/shows/id-102/episodes/745415</link><title>Episode 424</title></episode>
<episode><epnum>425</epnum><seasonnum>168</seasonnum><prodnum></prodnum><airdate>1990-11-19</airdate><link>http://www.tvrage.com/shows/id-102/episodes/745416</link><title>Episode 425</title></episode>
<episode><epnum>426</epnum><seasonnum>169</seasonnum><prodnum></prodnum><airdate>1990-11-20</airdate><link>http://www.tvrage.com/shows/id-102/episodes/745417</link><title>Episode 426</title></episode>
<episode><epnum>427</epnum><seasonnum>170</seasonnum><prodnum></prodnum><airdate>1990-11-21</airdate><link>http://www.tvrage.com/shows/id-102/episodes/745418</link><title>Episode 427</title></episode>
<episode><epnum>428</epnum><seasonnum>171</seasonnum><prodnum></prodnum><airdate>1990-11-23</airdate><link>http://www.tvrage.com/shows/id-102/episodes/745419</link><title>Episode 428</title></episode>
<episode><epnum>429</epnum><seasonnum>172</seasonnum><prodnum></prodnum><airdate>1990-11-26</airdate><link>http://www.tvrage.com/shows/id-102/episodes/745420</link><title>Episode 429</title></episode>
<episode><epnum>430</epnum><seasonnum>173</seasonnum><prodnum></prodnum><airdate>1990-11-27</airdate><link>http://www.tvrage.com/shows/id-102/episodes/745421</link><title>Episode 430</title></episode>
<episode><epnum>431</epnum><seasonnum>174</seasonnum><prodnum></prodnum><airdate>1990-11-28</airdate><link>http://www.tvrage.com/shows/id-102/episodes/745422</link><title>Episode 431</title></episode>
<episode><epnum>432</epnum><seasonnum>175</seasonnum><prodnum></prodnum><airdate>1990-11-29</airdate><link>http://www.tvrage.com/shows/id-102/episodes/745423</link><title>Episode 432</title></episode>
<episode><epnum>433</epnum><seasonnum>176</seasonnum><prodnum></prodnum><airdate>1990-11-30</airdate><link>http://www.tvrage.com/shows/id-102/episodes/745424</link><title>Episode 433</title></episode>
<episode><epnum>434</epnum><seasonnum>177</seasonnum><prodnum></prodnum><airdate>1990-12-03</airdate><link>http://www.tvrage.com/shows/id-102/episodes/745425</link><title>Episode 434</title></episode>
<episode><epnum>435</epnum><seasonnum>178</seasonnum><prodnum></prodnum><airdate>1990-12-04</airdate><link>http://www.tvrage.com/shows/id-102/episodes/745426</link><title>Episode 435</title></episode>
<episode><epnum>436</epnum><seasonnum>179</seasonnum><prodnum></prodnum><airdate>1990-12-05</airdate><link>http://www.tvrage.com/shows/id-102/episodes/745427</link><title>Episode 436</title></episode>
<episode><epnum>437</epnum><seasonnum>180</seasonnum><prodnum></prodnum><airdate>1990-12-06</airdate><link>http://www.tvrage.com/shows/id-102/episodes/745428</link><title>Episode 437</title></episode>
<episode><epnum>438</epnum><seasonnum>181</seasonnum><prodnum></prodnum><airdate>1990-12-07</airdate><link>http://www.tvrage.com/shows/id-102/episodes/745429</link><title>Episode 438</title></episode>
<episode><epnum>439</epnum><seasonnum>182</seasonnum><prodnum></prodnum><airdate>1990-12-10</airdate><link>http://www.tvrage.com/shows/id-102/episodes/745430</link><title>Episode 439</title></episode>
<episode><epnum>440</epnum><seasonnum>183</seasonnum><prodnum></prodnum><airdate>1990-12-11</airdate><link>http://www.tvrage.com/shows/id-102/episodes/745431</link><title>Episode 440</title></episode>
<episode><epnum>441</epnum><seasonnum>184</seasonnum><prodnum></prodnum><airdate>1990-12-12</airdate><link>http://www.tvrage.com/shows/id-102/episodes/745432</link><title>Episode 441</title></episode>
<episode><epnum>442</epnum><seasonnum>185</seasonnum><prodnum></prodnum><airdate>1990-12-13</airdate><link>http://www.tvrage.com/shows/id-102/episodes/745433</link><title>Episode 442</title></episode>
<episode><epnum>443</epnum><seasonnum>186</seasonnum><prodnum></prodnum><airdate>1990-12-14</airdate><link>http://www.tvrage.com/shows/id-102/episodes/745434</link><title>Episode 443</title></episode>
<episode><epnum>444</epnum><seasonnum>187</seasonnum><prodnum></prodnum><airdate>1990-12-17</airdate><link>http://www.tvrage.com/shows/id-102/episodes/745435</link><title>Episode 444</title></episode>
<episode><epnum>445</epnum><seasonnum>188</seasonnum><prodnum></prodnum><airdate>1990-12-18</airdate><link>http://www.tvrage.com/shows/id-102/episodes/745436</link><title>Episode 445</title></episode>
<episode><epnum>446</epnum><seasonnum>189</seasonnum><prodnum></prodnum><airdate>1990-12-19</airdate><link>http://www.tvrage.com/shows/id-102/episodes/745437</link><title>Episode 446</title></episode>
<episode><epnum>447</epnum><seasonnum>190</seasonnum><prodnum></prodnum><airdate>1990-12-20</airdate><link>http://www.tvrage.com/shows/id-102/episodes/745438</link><title>Episode 447</title></episode>
<episode><epnum>448</epnum><seasonnum>191</seasonnum><prodnum></prodnum><airdate>1990-12-21</airdate><link>http://www.tvrage.com/shows/id-102/episodes/745439</link><title>Episode 448</title></episode>
<episode><epnum>449</epnum><seasonnum>192</seasonnum><prodnum></prodnum><airdate>1990-12-24</airdate><link>http://www.tvrage.com/shows/id-102/episodes/745440</link><title>Episode 449</title></episode>
<episode><epnum>450</epnum><seasonnum>193</seasonnum><prodnum></prodnum><airdate>1990-12-25</airdate><link>http://www.tvrage.com/shows/id-102/episodes/745441</link><title>Episode 450</title></episode>
<episode><epnum>451</epnum><seasonnum>194</seasonnum><prodnum></prodnum><airdate>1990-12-26</airdate><link>http://www.tvrage.com/shows/id-102/episodes/745442</link><title>Episode 451</title></episode>
<episode><epnum>452</epnum><seasonnum>195</seasonnum><prodnum></prodnum><airdate>1990-12-27</airdate><link>http://www.tvrage.com/shows/id-102/episodes/745443</link><title>Episode 452</title></episode>
<episode><epnum>453</epnum><seasonnum>196</seasonnum><prodnum></prodnum><airdate>1990-12-28</airdate><link>http://www.tvrage.com/shows/id-102/episodes/745444</link><title>Episode 453</title></episode>
<episode><epnum>454</epnum><seasonnum>197</seasonnum><prodnum></prodnum><airdate>1990-12-31</airdate><link>http://www.tvrage.com/shows/id-102/episodes/745445</link><title>Episode 454</title></episode>
<episode><epnum>455</epnum><seasonnum>198</seasonnum><prodnum></prodnum><airdate>1991-01-02</airdate><link>http://www.tvrage.com/shows/id-102/episodes/745446</link><title>Episode 455</title></episode>
<episode><epnum>456</epnum><seasonnum>199</seasonnum><prodnum></prodnum><airdate>1991-01-03</airdate><link>http://www.tvrage.com/shows/id-102/episodes/745447</link><title>Episode 456</title></episode>
<episode><epnum>457</epnum><seasonnum>200</seasonnum><prodnum></prodnum><airdate>1991-01-04</airdate><link>http://www.tvrage.com/shows/id-102/episodes/745448</link><title>Episode 457</title></episode>
<episode><epnum>458</epnum><seasonnum>201</seasonnum><prodnum></prodnum><airdate>1991-01-07</airdate><link>http://www.tvrage.com/shows/id-102/episodes/745449</link><title>Episode 458</title></episode>
<episode><epnum>459</epnum><seasonnum>202</seasonnum><prodnum></prodnum><airdate>1991-01-08</airdate><link>http://www.tvrage.com/shows/id-102/episodes/745450</link><title>Episode 459</title></episode>
<episode><epnum>460</epnum><seasonnum>203</seasonnum><prodnum></prodnum><airdate>1991-01-09</airdate><link>http://www.tvrage.com/shows/id-102/episodes/745451</link><title>Episode 460</title></episode>
<episode><epnum>461</epnum><seasonnum>204</seasonnum><prodnum></prodnum><airdate>1991-01-10</airdate><link>http://www.tvrage.com/shows/id-102/episodes/745452</link><title>Episode 461</title></episode>
<episode><epnum>462</epnum><seasonnum>205</seasonnum><prodnum></prodnum><airdate>1991-01-11</airdate><link>http://www.tvrage.com/shows/id-102/episodes/745453</link><title>Episode 462</title></episode>
<episode><epnum>463</epnum><seasonnum>206</seasonnum><prodnum></prodnum><airdate>1991-01-15</airdate><link>http://www.tvrage.com/shows/id-102/episodes/745454</link><title>Episode 463</title></episode>
<episode><epnum>464</epnum><seasonnum>207</seasonnum><prodnum></prodnum><airdate>1991-01-16</airdate><link>http://www.tvrage.com/shows/id-102/episodes/745455</link><title>Episode 464</title></episode>
<episode><epnum>465</epnum><seasonnum>208</seasonnum><prodnum></prodnum><airdate>1991-01-17</airdate><link>http://www.tvrage.com/shows/id-102/episodes/745456</link><title>Episode 465</title></episode>
<episode><epnum>466</epnum><seasonnum>209</seasonnum><prodnum></prodnum><airdate>1991-01-21</airdate><link>http://www.tvrage.com/shows/id-102/episodes/745457</link><title>Episode 466</title></episode>
<episode><epnum>467</epnum><seasonnum>210</seasonnum><prodnum></prodnum><airdate>1991-01-22</airdate><link>http://www.tvrage.com/shows/id-102/episodes/745458</link><title>Episode 467</title></episode>
<episode><epnum>468</epnum><seasonnum>211</seasonnum><prodnum></prodnum><airdate>1991-01-23</airdate><link>http://www.tvrage.com/shows/id-102/episodes/745459</link><title>Episode 468</title></episode>
<episode><epnum>469</epnum><seasonnum>212</seasonnum><prodnum></prodnum><airdate>1991-01-24</airdate><link>http://www.tvrage.com/shows/id-102/episodes/745460</link><title>Episode 469</title></episode>
<episode><epnum>470</epnum><seasonnum>213</seasonnum><prodnum></prodnum><airdate>1991-01-25</airdate><link>http://www.tvrage.com/shows/id-102/episodes/745461</link><title>Episode 470</title></episode>
</Season>

</Episodelist>

</Show>