<?xml version="1.0" encoding="UTF-8" ?>


<Show>
<name>SoapTalk</name>
<totalseasons>5</totalseasons>
<showid>10205</showid>
<showlink>http://tvrage.com/shows/id-10205</showlink>
<started>Jun/10/2002</started>
<ended>2006</ended>
<image>http://images.tvrage.com/shows/11/10205.jpg</image>
<origin_country>US</origin_country>
<status>Canceled/Ended</status>
<classification>Talk Shows</classification>
<genres><genre>Family</genre></genres>
<runtime>60</runtime>
<network country="US">SOAPNet</network>
<airtime>23:00</airtime>
<airday>Weekdays</airday>
<timezone>GMT-5 -DST</timezone>
<Episodelist>

<Season no="1">
<episode><epnum>1</epnum><seasonnum>01</seasonnum><prodnum>01.113</prodnum><airdate>2002-06-10</airdate><link>http://www.tvrage.com/shows/id-10205/episodes/358166</link><title>Episode dated 10 June 2002 (Premier)</title></episode>
</Season>

<Season no="2">
<episode><epnum>1</epnum><seasonnum>01</seasonnum><prodnum></prodnum><airdate>2003-08-23</airdate><link>http://www.tvrage.com/shows/id-10205/episodes/359134</link><title>8/23/03</title></episode>
</Season>

<Season no="3">
<episode><epnum>41</epnum><seasonnum>11</seasonnum><prodnum>41.113</prodnum><airdate>2004-03-10</airdate><link>http://www.tvrage.com/shows/id-10205/episodes/349320</link><title>Episode dated 10 March 2004</title></episode>
</Season>

</Episodelist>

</Show>