<?xml version="1.0" encoding="UTF-8" ?>


<Show>
<name>XPW Wrestling</name>
<totalseasons>5</totalseasons>
<showid>10204</showid>
<showlink>http://tvrage.com/shows/id-10204</showlink>
<started>Dec/21/1999</started>
<ended>Mar/2003</ended>
<image>http://images.tvrage.com/shows/11/10204.jpg</image>
<origin_country>US</origin_country>
<status>Canceled/Ended</status>
<classification>Sports</classification>
<genres><genre>Action</genre><genre>Drama</genre><genre>Family</genre></genres>
<runtime>120</runtime>
<network country="US">Pay-Per-View</network>
<airtime>21:00</airtime>
<airday>Saturday</airday>
<timezone>GMT-5 -DST</timezone>
<Episodelist>

<Season no="1">
<episode><epnum>1</epnum><seasonnum>01</seasonnum><prodnum></prodnum><airdate>1999-09-24</airdate><link>http://www.tvrage.com/shows/id-10204/episodes/350212</link><title>Reseda, California</title></episode>
<episode><epnum>2</epnum><seasonnum>02</seasonnum><prodnum></prodnum><airdate>1999-09-25</airdate><link>http://www.tvrage.com/shows/id-10204/episodes/350213</link><title>Ventura, California</title></episode>
<episode><epnum>3</epnum><seasonnum>03</seasonnum><prodnum></prodnum><airdate>1999-10-29</airdate><link>http://www.tvrage.com/shows/id-10204/episodes/350214</link><title>Reseda, California</title></episode>
<episode><epnum>4</epnum><seasonnum>04</seasonnum><prodnum></prodnum><airdate>1999-11-20</airdate><link>http://www.tvrage.com/shows/id-10204/episodes/350215</link><title>Ventura, California</title></episode>
<episode><epnum>5</epnum><seasonnum>05</seasonnum><prodnum></prodnum><airdate>1999-11-27</airdate><link>http://www.tvrage.com/shows/id-10204/episodes/350216</link><title>Reseda, California</title></episode>
<episode><epnum>6</epnum><seasonnum>06</seasonnum><prodnum></prodnum><airdate>1999-12-18</airdate><link>http://www.tvrage.com/shows/id-10204/episodes/350217</link><title>Hollywood, California</title></episode>
<episode><epnum>7</epnum><seasonnum>07</seasonnum><prodnum></prodnum><airdate>1999-12-21</airdate><link>http://www.tvrage.com/shows/id-10204/episodes/350218</link><title>Reseda, California</title></episode>
<episode><epnum>8</epnum><seasonnum>08</seasonnum><prodnum></prodnum><airdate>2000-01-29</airdate><link>http://www.tvrage.com/shows/id-10204/episodes/350220</link><title> Hollywood, California</title></episode>
<episode><epnum>9</epnum><seasonnum>09</seasonnum><prodnum></prodnum><airdate>2000-02-25</airdate><link>http://www.tvrage.com/shows/id-10204/episodes/350221</link><title>Ventura, California</title></episode>
<episode><epnum>10</epnum><seasonnum>10</seasonnum><prodnum></prodnum><airdate>2000-02-26</airdate><link>http://www.tvrage.com/shows/id-10204/episodes/350222</link><title>Hollywood, California: (King of the Death Match Tournament)</title></episode>
<episode><epnum>11</epnum><seasonnum>11</seasonnum><prodnum></prodnum><airdate>2000-03-24</airdate><link>http://www.tvrage.com/shows/id-10204/episodes/350223</link><title>Bakersfield, California</title></episode>
<episode><epnum>12</epnum><seasonnum>12</seasonnum><prodnum></prodnum><airdate>2000-03-25</airdate><link>http://www.tvrage.com/shows/id-10204/episodes/350224</link><title>Hollywood, California</title></episode>
<episode><epnum>13</epnum><seasonnum>13</seasonnum><prodnum></prodnum><airdate>2000-04-16</airdate><link>http://www.tvrage.com/shows/id-10204/episodes/350225</link><title>Los Angeles, California</title></episode>
<episode><epnum>14</epnum><seasonnum>14</seasonnum><prodnum></prodnum><airdate>2000-04-28</airdate><link>http://www.tvrage.com/shows/id-10204/episodes/350226</link><title>Ventura, California</title></episode>
<episode><epnum>15</epnum><seasonnum>15</seasonnum><prodnum></prodnum><airdate>2000-04-29</airdate><link>http://www.tvrage.com/shows/id-10204/episodes/350227</link><title> Los Angeles, California: (XPW World Title Tournament)</title></episode>
<episode><epnum>16</epnum><seasonnum>16</seasonnum><prodnum></prodnum><airdate>2000-05-26</airdate><link>http://www.tvrage.com/shows/id-10204/episodes/350228</link><title>Los Angeles, California</title></episode>
<episode><epnum>17</epnum><seasonnum>17</seasonnum><prodnum></prodnum><airdate>2000-05-27</airdate><link>http://www.tvrage.com/shows/id-10204/episodes/350229</link><title>Bakersfield, California</title></episode>
<episode><epnum>18</epnum><seasonnum>18</seasonnum><prodnum></prodnum><airdate>2000-05-28</airdate><link>http://www.tvrage.com/shows/id-10204/episodes/350230</link><title>Ventura, California</title></episode>
<episode><epnum>19</epnum><seasonnum>19</seasonnum><prodnum></prodnum><airdate>2000-06-17</airdate><link>http://www.tvrage.com/shows/id-10204/episodes/350231</link><title> Los Angeles, California</title></episode>
<episode><epnum>20</epnum><seasonnum>20</seasonnum><prodnum></prodnum><airdate>2000-07-22</airdate><link>http://www.tvrage.com/shows/id-10204/episodes/350232</link><title>Los Angeles, California</title></episode>
<episode><epnum>21</epnum><seasonnum>21</seasonnum><prodnum></prodnum><airdate>2000-11-11</airdate><link>http://www.tvrage.com/shows/id-10204/episodes/350233</link><title>Los Angeles, California</title></episode>
<episode><epnum>22</epnum><seasonnum>22</seasonnum><prodnum></prodnum><airdate>2001-01-13</airdate><link>http://www.tvrage.com/shows/id-10204/episodes/350234</link><title>Los Angeles, California</title></episode>
<episode><epnum>23</epnum><seasonnum>23</seasonnum><prodnum></prodnum><airdate>2001-02-03</airdate><link>http://www.tvrage.com/shows/id-10204/episodes/350235</link><title>Los Angeles, California</title></episode>
<episode><epnum>24</epnum><seasonnum>24</seasonnum><prodnum></prodnum><airdate>2001-02-24</airdate><link>http://www.tvrage.com/shows/id-10204/episodes/350236</link><title>Reseda, California</title></episode>
<episode><epnum>25</epnum><seasonnum>25</seasonnum><prodnum></prodnum><airdate>2001-03-17</airdate><link>http://www.tvrage.com/shows/id-10204/episodes/350237</link><title>Van Nuys, California</title></episode>
<episode><epnum>26</epnum><seasonnum>26</seasonnum><prodnum></prodnum><airdate>2001-04-21</airdate><link>http://www.tvrage.com/shows/id-10204/episodes/350238</link><title>Los Angeles, California</title></episode>
<episode><epnum>27</epnum><seasonnum>27</seasonnum><prodnum></prodnum><airdate>2001-05-26</airdate><link>http://www.tvrage.com/shows/id-10204/episodes/350239</link><title>Los Angeles, California</title></episode>
<episode><epnum>28</epnum><seasonnum>28</seasonnum><prodnum></prodnum><airdate>2001-07-07</airdate><link>http://www.tvrage.com/shows/id-10204/episodes/350240</link><title>Los Angeles, California</title></episode>
<episode><epnum>29</epnum><seasonnum>29</seasonnum><prodnum></prodnum><airdate>2001-08-25</airdate><link>http://www.tvrage.com/shows/id-10204/episodes/350241</link><title>Los Angeles, California</title></episode>
<episode><epnum>30</epnum><seasonnum>30</seasonnum><prodnum></prodnum><airdate>2001-10-13</airdate><link>http://www.tvrage.com/shows/id-10204/episodes/350242</link><title>Pico Rivera, California</title></episode>
<episode><epnum>31</epnum><seasonnum>31</seasonnum><prodnum></prodnum><airdate>2001-11-24</airdate><link>http://www.tvrage.com/shows/id-10204/episodes/350243</link><title>Los Angeles, California</title></episode>
<episode><epnum>32</epnum><seasonnum>32</seasonnum><prodnum></prodnum><airdate>2002-01-11</airdate><link>http://www.tvrage.com/shows/id-10204/episodes/350244</link><title>Los Angeles, California</title></episode>
<episode><epnum>33</epnum><seasonnum>33</seasonnum><prodnum></prodnum><airdate>2002-02-23</airdate><link>http://www.tvrage.com/shows/id-10204/episodes/350245</link><title>Los Angeles, California</title></episode>
<episode><epnum>34</epnum><seasonnum>34</seasonnum><prodnum></prodnum><airdate>2002-04-27</airdate><link>http://www.tvrage.com/shows/id-10204/episodes/350246</link><title>Los Angeles, California</title></episode>
<episode><epnum>35</epnum><seasonnum>35</seasonnum><prodnum></prodnum><airdate>2002-06-29</airdate><link>http://www.tvrage.com/shows/id-10204/episodes/350247</link><title>Pico Rivera, California</title></episode>
<episode><epnum>36</epnum><seasonnum>36</seasonnum><prodnum></prodnum><airdate>2002-07-20</airdate><link>http://www.tvrage.com/shows/id-10204/episodes/350248</link><title>Pico Rivera, California</title></episode>
<episode><epnum>37</epnum><seasonnum>37</seasonnum><prodnum></prodnum><airdate>2002-08-31</airdate><link>http://www.tvrage.com/shows/id-10204/episodes/350249</link><title>Philadelphia, Pennsylvania</title></episode>
<episode><epnum>38</epnum><seasonnum>38</seasonnum><prodnum></prodnum><airdate>2002-10-05</airdate><link>http://www.tvrage.com/shows/id-10204/episodes/350250</link><title>Philadelphia, Pennsylvania</title></episode>
<episode><epnum>39</epnum><seasonnum>39</seasonnum><prodnum></prodnum><airdate>2002-11-16</airdate><link>http://www.tvrage.com/shows/id-10204/episodes/350251</link><title>Philadelphia, Pennsylvania</title></episode>
<episode><epnum>40</epnum><seasonnum>40</seasonnum><prodnum></prodnum><airdate>2002-12-21</airdate><link>http://www.tvrage.com/shows/id-10204/episodes/350252</link><title>Philadelphia, Pennsylvania</title></episode>
<episode><epnum>41</epnum><seasonnum>41</seasonnum><prodnum></prodnum><airdate>2003-01-17</airdate><link>http://www.tvrage.com/shows/id-10204/episodes/350253</link><title>Philadelphia, Pennsylvania</title></episode>
<episode><epnum>42</epnum><seasonnum>42</seasonnum><prodnum></prodnum><airdate>2003-01-18</airdate><link>http://www.tvrage.com/shows/id-10204/episodes/350254</link><title>Philadelphia, Pennsylvania</title></episode>
<episode><epnum>43</epnum><seasonnum>43</seasonnum><prodnum></prodnum><airdate>2003-02-14</airdate><link>http://www.tvrage.com/shows/id-10204/episodes/350255</link><title>Philadelphia, Pennsylvania</title></episode>
<episode><epnum>44</epnum><seasonnum>44</seasonnum><prodnum></prodnum><airdate>2003-02-28</airdate><link>http://www.tvrage.com/shows/id-10204/episodes/350256</link><title>Los Angeles, California</title></episode>
<episode><epnum>45</epnum><seasonnum>45</seasonnum><prodnum></prodnum><airdate>2003-03-01</airdate><link>http://www.tvrage.com/shows/id-10204/episodes/350257</link><title> Los Angeles, California</title></episode>
<episode><epnum>46</epnum><seasonnum>46</seasonnum><prodnum></prodnum><airdate>2003-03-08</airdate><link>http://www.tvrage.com/shows/id-10204/episodes/350258</link><title>Pittsburgh, Pennsylvania</title></episode>
</Season>

</Episodelist>

</Show>