<?xml version="1.0" encoding="UTF-8" ?>


<Show>
<name>British Book Awards</name>
<totalseasons>1</totalseasons>
<showid>10209</showid>
<showlink>http://tvrage.com/shows/id-10209</showlink>
<started>1990</started>
<ended></ended>
<image>http://images.tvrage.com/shows/11/10209.jpg</image>
<origin_country>UK</origin_country>
<status>TBD/On The Bubble</status>
<classification>Award Show</classification>
<genres><genre>Family</genre></genres>
<runtime>120</runtime>
<network country="UK">Channel 4</network>
<airtime>18:00</airtime>
<airday>Saturday</airday>
<timezone>GMT+0 -DST</timezone>

</Show>