<?xml version="1.0" encoding="UTF-8" ?>


<Show>
<name>The Cosmopolitan Prayers</name>
<totalseasons>1</totalseasons>
<showid>10207</showid>
<showlink>http://tvrage.com/shows/id-10207</showlink>
<started>Jan/12/2004</started>
<ended>Mar/01/2004</ended>
<image>http://images.tvrage.com/shows/11/10207.jpg</image>
<origin_country>JP</origin_country>
<status>Canceled/Ended</status>
<classification>Animation</classification>
<genres><genre>Anime</genre><genre>Adventure</genre><genre>Comedy</genre><genre>Sci-Fi</genre></genres>
<runtime>15</runtime>
<network country="JP">Unknown</network>
<airtime>12:00</airtime>
<airday>Monday</airday>
<timezone>GMT+9 -DST</timezone>
<Episodelist>

<Season no="1">
<episode><epnum>1</epnum><seasonnum>01</seasonnum><prodnum></prodnum><airdate>2004-01-12</airdate><link>http://www.tvrage.com/shows/id-10207/episodes/349488</link><title>Red Impact/Rebirth of the Dark</title></episode>
<episode><epnum>2</epnum><seasonnum>02</seasonnum><prodnum></prodnum><airdate>2004-01-19</airdate><link>http://www.tvrage.com/shows/id-10207/episodes/349489</link><title>Purple Beam/The Clear-headed Green</title></episode>
<episode><epnum>3</epnum><seasonnum>03</seasonnum><prodnum></prodnum><airdate>2004-01-26</airdate><link>http://www.tvrage.com/shows/id-10207/episodes/349490</link><title>Yellows Explosion/Pale Blue Teardrop</title></episode>
<episode><epnum>4</epnum><seasonnum>04</seasonnum><prodnum></prodnum><airdate>2004-02-02</airdate><link>http://www.tvrage.com/shows/id-10207/episodes/349491</link><title>Yellow's Crisis / Five Colors Again</title></episode>
<episode><epnum>5</epnum><seasonnum>05</seasonnum><prodnum></prodnum><airdate>2004-02-09</airdate><link>http://www.tvrage.com/shows/id-10207/episodes/349492</link><title>Dark Sensation / Grayism Truth</title></episode>
<episode><epnum>6</epnum><seasonnum>06</seasonnum><prodnum></prodnum><airdate>2004-02-16</airdate><link>http://www.tvrage.com/shows/id-10207/episodes/349493</link><title>Behind the Crimson Solitude / Mystic Tremble in Silver</title></episode>
<episode><epnum>7</epnum><seasonnum>07</seasonnum><prodnum></prodnum><airdate>2004-02-23</airdate><link>http://www.tvrage.com/shows/id-10207/episodes/349494</link><title>Pale Light of Decision / Brown Field of Battle</title></episode>
<episode><epnum>8</epnum><seasonnum>08</seasonnum><prodnum></prodnum><airdate>2004-03-01</airdate><link>http://www.tvrage.com/shows/id-10207/episodes/349495</link><title>Flaming Wills / In Shining White</title></episode>
</Season>

</Episodelist>

</Show>