<?xml version="1.0" encoding="UTF-8" ?>


<Show>
<name>Denim Blues</name>
<totalseasons>1</totalseasons>
<showid>10202</showid>
<showlink>http://tvrage.com/shows/id-10202</showlink>
<started>1989</started>
<ended>1989</ended>
<origin_country>CA</origin_country>
<status>Canceled/Ended</status>
<classification>Scripted</classification>
<genres><genre>Drama</genre><genre>Family</genre></genres>
<runtime>60</runtime>
<network country="CA">Unknown</network>
<airtime>12:00</airtime>
<timezone>GMT-5 -DST</timezone>
<Episodelist>

<Season no="1">
<episode><epnum>1</epnum><seasonnum>01</seasonnum><prodnum></prodnum><airdate>1989-00-00</airdate><link>http://www.tvrage.com/shows/id-10202/episodes/348736</link><title>Pilot</title></episode>
</Season>

</Episodelist>

</Show>