<?xml version="1.0" encoding="UTF-8" ?>


<Show>
<name>Halfway Home</name>
<totalseasons>1</totalseasons>
<showid>10200</showid>
<showlink>http://tvrage.com/Halfway_Home</showlink>
<started>Mar/14/2007</started>
<ended>May/16/2007</ended>
<image>http://images.tvrage.com/shows/11/10200.jpg</image>
<origin_country>US</origin_country>
<status>Canceled/Ended</status>
<classification>Scripted</classification>
<genres><genre>Comedy</genre></genres>
<runtime>30</runtime>
<network country="US">Comedy Central</network>
<airtime>22:30</airtime>
<airday>Wednesday</airday>
<timezone>GMT-5 -DST</timezone>
<Episodelist>

<Season no="1">
<episode><epnum>1</epnum><seasonnum>01</seasonnum><prodnum>101</prodnum><airdate>2007-03-14</airdate><link>http://www.tvrage.com/Halfway_Home/episodes/522006</link><title>Halfway Narc</title></episode>
<episode><epnum>2</epnum><seasonnum>02</seasonnum><prodnum>103</prodnum><airdate>2007-03-21</airdate><link>http://www.tvrage.com/Halfway_Home/episodes/522007</link><title>Halfway Impotent</title></episode>
<episode><epnum>3</epnum><seasonnum>03</seasonnum><prodnum>102</prodnum><airdate>2007-03-28</airdate><link>http://www.tvrage.com/Halfway_Home/episodes/524055</link><title>Halfway Hot</title></episode>
<episode><epnum>4</epnum><seasonnum>04</seasonnum><prodnum>108</prodnum><airdate>2007-04-04</airdate><link>http://www.tvrage.com/Halfway_Home/episodes/530206</link><title>Halfway Parent's Day</title></episode>
<episode><epnum>5</epnum><seasonnum>05</seasonnum><prodnum>110</prodnum><airdate>2007-04-11</airdate><link>http://www.tvrage.com/Halfway_Home/episodes/530207</link><title>Halfway Camping</title></episode>
<episode><epnum>6</epnum><seasonnum>06</seasonnum><prodnum>104</prodnum><airdate>2007-04-18</airdate><link>http://www.tvrage.com/Halfway_Home/episodes/533889</link><title>Halfway New Guy</title></episode>
<episode><epnum>7</epnum><seasonnum>07</seasonnum><prodnum>106</prodnum><airdate>2007-04-25</airdate><link>http://www.tvrage.com/Halfway_Home/episodes/536941</link><title>Halfway Scared</title></episode>
<episode><epnum>8</epnum><seasonnum>08</seasonnum><prodnum>105</prodnum><airdate>2007-05-02</airdate><link>http://www.tvrage.com/Halfway_Home/episodes/536942</link><title>Halfway High School</title></episode>
<episode><epnum>9</epnum><seasonnum>09</seasonnum><prodnum>107</prodnum><airdate>2007-05-09</airdate><link>http://www.tvrage.com/Halfway_Home/episodes/536943</link><title>Halfway Working</title></episode>
<episode><epnum>10</epnum><seasonnum>10</seasonnum><prodnum>109</prodnum><airdate>2007-05-16</airdate><link>http://www.tvrage.com/Halfway_Home/episodes/536944</link><title>Halfway Innocent</title></episode>
</Season>

</Episodelist>

</Show>