<?xml version="1.0" encoding="UTF-8" ?>


<Show>
<name>The British Academy Film and Television Arts Awards</name>
<totalseasons>66</totalseasons>
<showid>10206</showid>
<showlink>http://tvrage.com/The_BAFTA_Awards</showlink>
<started>Apr/1947</started>
<ended></ended>
<image>http://images.tvrage.com/shows/11/10206.jpg</image>
<origin_country>UK</origin_country>
<status>Returning Series</status>
<classification>Award Show</classification>
<genres><genre>Family</genre></genres>
<runtime>120</runtime>
<network country="UK">BBC One</network>
<airtime>20:00</airtime>
<airday>Sunday</airday>
<timezone>GMT+0 -DST</timezone>
<akas><aka attr="Alternate Title" country="UK">The BAFTA Awards</aka></akas>
<Episodelist>

<Season no="1">
<episode><epnum>1</epnum><seasonnum>01</seasonnum><prodnum></prodnum><airdate>1948-00-00</airdate><link>http://www.tvrage.com/The_BAFTA_Awards/episodes/357209</link><title>The 1st BAFTA Film Awards</title></episode>
</Season>

<Season no="2">
<episode><epnum>2</epnum><seasonnum>01</seasonnum><prodnum></prodnum><airdate>1949-00-00</airdate><link>http://www.tvrage.com/The_BAFTA_Awards/episodes/357210</link><title>The 2nd BAFTA Film Awards</title></episode>
</Season>

<Season no="3">
<episode><epnum>3</epnum><seasonnum>01</seasonnum><prodnum></prodnum><airdate>1950-00-00</airdate><link>http://www.tvrage.com/The_BAFTA_Awards/episodes/357211</link><title>The 3rd BAFTA Film Awards</title></episode>
</Season>

<Season no="4">
<episode><epnum>4</epnum><seasonnum>01</seasonnum><prodnum></prodnum><airdate>1951-00-00</airdate><link>http://www.tvrage.com/The_BAFTA_Awards/episodes/357212</link><title>The 4th BAFTA Film Awards</title></episode>
</Season>

<Season no="5">
<episode><epnum>5</epnum><seasonnum>01</seasonnum><prodnum></prodnum><airdate>1952-00-00</airdate><link>http://www.tvrage.com/The_BAFTA_Awards/episodes/357213</link><title>The 5th BAFTA Film Awards</title></episode>
</Season>

<Season no="6">
<episode><epnum>6</epnum><seasonnum>01</seasonnum><prodnum></prodnum><airdate>1953-00-00</airdate><link>http://www.tvrage.com/The_BAFTA_Awards/episodes/357214</link><title>The 6th BAFTA Film Awards</title></episode>
</Season>

<Season no="7">
<episode><epnum>7</epnum><seasonnum>01</seasonnum><prodnum></prodnum><airdate>1954-00-00</airdate><link>http://www.tvrage.com/The_BAFTA_Awards/episodes/357215</link><title>The 7th BAFTA Film Awards</title></episode>
<episode><epnum>7</epnum><seasonnum>02</seasonnum><prodnum></prodnum><airdate>1954-00-00</airdate><link>http://www.tvrage.com/The_BAFTA_Awards/episodes/357217</link><title>The 1st BAFTA Television Awards</title></episode>
</Season>

<Season no="8">
<episode><epnum>8</epnum><seasonnum>01</seasonnum><prodnum></prodnum><airdate>1955-00-00</airdate><link>http://www.tvrage.com/The_BAFTA_Awards/episodes/357216</link><title>The 8th BAFTA Film Awards</title></episode>
<episode><epnum>8</epnum><seasonnum>02</seasonnum><prodnum></prodnum><airdate>1955-00-00</airdate><link>http://www.tvrage.com/The_BAFTA_Awards/episodes/357219</link><title>The 2nd BAFTA Television Awards</title></episode>
</Season>

<Season no="9">
<episode><epnum>9</epnum><seasonnum>01</seasonnum><prodnum></prodnum><airdate>1956-00-00</airdate><link>http://www.tvrage.com/The_BAFTA_Awards/episodes/357218</link><title>The 9th BAFTA Film Awards</title></episode>
<episode><epnum>9</epnum><seasonnum>02</seasonnum><prodnum></prodnum><airdate>1956-00-00</airdate><link>http://www.tvrage.com/The_BAFTA_Awards/episodes/357292</link><title>The 3rd BAFTA Television Awards</title></episode>
</Season>

<Season no="10">
<episode><epnum>10</epnum><seasonnum>01</seasonnum><prodnum></prodnum><airdate>1957-00-00</airdate><link>http://www.tvrage.com/The_BAFTA_Awards/episodes/357220</link><title>The 10th BAFTA Film Awards</title></episode>
<episode><epnum>10</epnum><seasonnum>02</seasonnum><prodnum></prodnum><airdate>1957-00-00</airdate><link>http://www.tvrage.com/The_BAFTA_Awards/episodes/357293</link><title>The 4th BAFTA Television Awards</title></episode>
</Season>

<Season no="11">
<episode><epnum>11</epnum><seasonnum>01</seasonnum><prodnum></prodnum><airdate>1958-00-00</airdate><link>http://www.tvrage.com/The_BAFTA_Awards/episodes/357221</link><title>The 11th BAFTA Film Awards</title></episode>
<episode><epnum>11</epnum><seasonnum>02</seasonnum><prodnum></prodnum><airdate>1958-00-00</airdate><link>http://www.tvrage.com/The_BAFTA_Awards/episodes/357294</link><title>The 5th BAFTA Television Awards</title></episode>
</Season>

<Season no="12">
<episode><epnum>12</epnum><seasonnum>01</seasonnum><prodnum></prodnum><airdate>1959-00-00</airdate><link>http://www.tvrage.com/The_BAFTA_Awards/episodes/357222</link><title>The 12th BAFTA Film Awards</title></episode>
<episode><epnum>12</epnum><seasonnum>02</seasonnum><prodnum></prodnum><airdate>1959-00-00</airdate><link>http://www.tvrage.com/The_BAFTA_Awards/episodes/357295</link><title>The 6th BAFTA Television Awards</title></episode>
</Season>

<Season no="13">
<episode><epnum>13</epnum><seasonnum>01</seasonnum><prodnum></prodnum><airdate>1960-00-00</airdate><link>http://www.tvrage.com/The_BAFTA_Awards/episodes/357223</link><title>The 13th BAFTA Film Awards</title></episode>
<episode><epnum>13</epnum><seasonnum>02</seasonnum><prodnum></prodnum><airdate>1960-00-00</airdate><link>http://www.tvrage.com/The_BAFTA_Awards/episodes/357296</link><title>The 7th BAFTA Television Awards</title></episode>
</Season>

<Season no="14">
<episode><epnum>14</epnum><seasonnum>01</seasonnum><prodnum></prodnum><airdate>1961-00-00</airdate><link>http://www.tvrage.com/The_BAFTA_Awards/episodes/357224</link><title>The 14th BAFTA Film Awards</title></episode>
<episode><epnum>14</epnum><seasonnum>02</seasonnum><prodnum></prodnum><airdate>1961-00-00</airdate><link>http://www.tvrage.com/The_BAFTA_Awards/episodes/357297</link><title>The 8th BAFTA Television Awards</title></episode>
</Season>

<Season no="15">
<episode><epnum>15</epnum><seasonnum>01</seasonnum><prodnum></prodnum><airdate>1962-00-00</airdate><link>http://www.tvrage.com/The_BAFTA_Awards/episodes/357225</link><title>The 15th BAFTA Film Awards</title></episode>
<episode><epnum>15</epnum><seasonnum>02</seasonnum><prodnum></prodnum><airdate>1962-00-00</airdate><link>http://www.tvrage.com/The_BAFTA_Awards/episodes/357298</link><title>The 9th BAFTA Television Awards</title></episode>
</Season>

<Season no="16">
<episode><epnum>16</epnum><seasonnum>01</seasonnum><prodnum></prodnum><airdate>1963-00-00</airdate><link>http://www.tvrage.com/The_BAFTA_Awards/episodes/357226</link><title>The 16th BAFTA Film Awards</title></episode>
<episode><epnum>16</epnum><seasonnum>02</seasonnum><prodnum></prodnum><airdate>1963-00-00</airdate><link>http://www.tvrage.com/The_BAFTA_Awards/episodes/357299</link><title>The 10th BAFTA Television Awards</title></episode>
</Season>

<Season no="17">
<episode><epnum>17</epnum><seasonnum>01</seasonnum><prodnum></prodnum><airdate>1964-00-00</airdate><link>http://www.tvrage.com/The_BAFTA_Awards/episodes/357227</link><title>The 17th BAFTA Film Awards</title></episode>
<episode><epnum>17</epnum><seasonnum>02</seasonnum><prodnum></prodnum><airdate>1964-00-00</airdate><link>http://www.tvrage.com/The_BAFTA_Awards/episodes/357300</link><title>The 11th BAFTA Television Awards</title></episode>
</Season>

<Season no="18">
<episode><epnum>18</epnum><seasonnum>01</seasonnum><prodnum></prodnum><airdate>1965-00-00</airdate><link>http://www.tvrage.com/The_BAFTA_Awards/episodes/357228</link><title>The 18th BAFTA Film Awards</title></episode>
<episode><epnum>18</epnum><seasonnum>02</seasonnum><prodnum></prodnum><airdate>1965-00-00</airdate><link>http://www.tvrage.com/The_BAFTA_Awards/episodes/357301</link><title>The 12th BAFTA Television Awards</title></episode>
</Season>

<Season no="19">
<episode><epnum>19</epnum><seasonnum>01</seasonnum><prodnum></prodnum><airdate>1966-00-00</airdate><link>http://www.tvrage.com/The_BAFTA_Awards/episodes/357229</link><title>The 19th BAFTA Film Awards</title></episode>
<episode><epnum>19</epnum><seasonnum>02</seasonnum><prodnum></prodnum><airdate>1966-00-00</airdate><link>http://www.tvrage.com/The_BAFTA_Awards/episodes/357302</link><title>The 13th BAFTA Television Awards</title></episode>
</Season>

<Season no="20">
<episode><epnum>20</epnum><seasonnum>01</seasonnum><prodnum></prodnum><airdate>1967-00-00</airdate><link>http://www.tvrage.com/The_BAFTA_Awards/episodes/357230</link><title>The 20th BAFTA Film Awards</title></episode>
<episode><epnum>20</epnum><seasonnum>02</seasonnum><prodnum></prodnum><airdate>1967-00-00</airdate><link>http://www.tvrage.com/The_BAFTA_Awards/episodes/357303</link><title>The 14th BAFTA Television Awards</title></episode>
</Season>

<Season no="21">
<episode><epnum>21</epnum><seasonnum>01</seasonnum><prodnum></prodnum><airdate>1968-00-00</airdate><link>http://www.tvrage.com/The_BAFTA_Awards/episodes/357231</link><title>The 21st BAFTA Film Awards</title></episode>
<episode><epnum>21</epnum><seasonnum>02</seasonnum><prodnum></prodnum><airdate>1968-00-00</airdate><link>http://www.tvrage.com/The_BAFTA_Awards/episodes/357304</link><title>The 15th BAFTA Television Awards</title></episode>
</Season>

<Season no="22">
<episode><epnum>22</epnum><seasonnum>01</seasonnum><prodnum></prodnum><airdate>1969-00-00</airdate><link>http://www.tvrage.com/The_BAFTA_Awards/episodes/357232</link><title>The 22nd BAFTA Film Awards</title></episode>
<episode><epnum>22</epnum><seasonnum>02</seasonnum><prodnum></prodnum><airdate>1969-00-00</airdate><link>http://www.tvrage.com/The_BAFTA_Awards/episodes/357305</link><title>The 16th BAFTA Television Awards</title></episode>
</Season>

<Season no="23">
<episode><epnum>23</epnum><seasonnum>01</seasonnum><prodnum></prodnum><airdate>1970-00-00</airdate><link>http://www.tvrage.com/The_BAFTA_Awards/episodes/357233</link><title>The 23rd BAFTA Film Awards</title></episode>
<episode><epnum>23</epnum><seasonnum>02</seasonnum><prodnum></prodnum><airdate>1970-00-00</airdate><link>http://www.tvrage.com/The_BAFTA_Awards/episodes/357306</link><title>The 17th BAFTA Television Awards</title></episode>
</Season>

<Season no="24">
<episode><epnum>24</epnum><seasonnum>01</seasonnum><prodnum></prodnum><airdate>1971-00-00</airdate><link>http://www.tvrage.com/The_BAFTA_Awards/episodes/357234</link><title>The 24th BAFTA Film Awards</title></episode>
<episode><epnum>24</epnum><seasonnum>02</seasonnum><prodnum></prodnum><airdate>1971-00-00</airdate><link>http://www.tvrage.com/The_BAFTA_Awards/episodes/357307</link><title>The 18th BAFTA Television Awards</title></episode>
</Season>

<Season no="25">
<episode><epnum>25</epnum><seasonnum>01</seasonnum><prodnum></prodnum><airdate>1972-00-00</airdate><link>http://www.tvrage.com/The_BAFTA_Awards/episodes/357235</link><title>The 25th BAFTA Film Awards</title></episode>
<episode><epnum>25</epnum><seasonnum>02</seasonnum><prodnum></prodnum><airdate>1972-00-00</airdate><link>http://www.tvrage.com/The_BAFTA_Awards/episodes/357308</link><title>The 19th BAFTA Television Awards</title></episode>
</Season>

<Season no="26">
<episode><epnum>26</epnum><seasonnum>01</seasonnum><prodnum></prodnum><airdate>1973-00-00</airdate><link>http://www.tvrage.com/The_BAFTA_Awards/episodes/357236</link><title>The 26th BAFTA Film Awards</title></episode>
<episode><epnum>26</epnum><seasonnum>02</seasonnum><prodnum></prodnum><airdate>1973-00-00</airdate><link>http://www.tvrage.com/The_BAFTA_Awards/episodes/357309</link><title>The 20th BAFTA Television Awards</title></episode>
</Season>

<Season no="27">
<episode><epnum>27</epnum><seasonnum>01</seasonnum><prodnum></prodnum><airdate>1974-00-00</airdate><link>http://www.tvrage.com/The_BAFTA_Awards/episodes/357237</link><title>The 27th BAFTA Film Awards</title></episode>
<episode><epnum>27</epnum><seasonnum>02</seasonnum><prodnum></prodnum><airdate>1974-00-00</airdate><link>http://www.tvrage.com/The_BAFTA_Awards/episodes/357310</link><title>The 21st BAFTA Television Awards</title></episode>
</Season>

<Season no="28">
<episode><epnum>28</epnum><seasonnum>01</seasonnum><prodnum></prodnum><airdate>1975-00-00</airdate><link>http://www.tvrage.com/The_BAFTA_Awards/episodes/357245</link><title>The 28th BAFTA Film Awards</title></episode>
<episode><epnum>28</epnum><seasonnum>02</seasonnum><prodnum></prodnum><airdate>1975-00-00</airdate><link>http://www.tvrage.com/The_BAFTA_Awards/episodes/357311</link><title>The 22nd BAFTA Television Awards</title></episode>
</Season>

<Season no="29">
<episode><epnum>29</epnum><seasonnum>01</seasonnum><prodnum></prodnum><airdate>1976-00-00</airdate><link>http://www.tvrage.com/The_BAFTA_Awards/episodes/357252</link><title>The 29th BAFTA Film Awards</title></episode>
<episode><epnum>29</epnum><seasonnum>02</seasonnum><prodnum></prodnum><airdate>1976-00-00</airdate><link>http://www.tvrage.com/The_BAFTA_Awards/episodes/357312</link><title>The 23rd BAFTA Television Awards</title></episode>
</Season>

<Season no="30">
<episode><epnum>30</epnum><seasonnum>01</seasonnum><prodnum></prodnum><airdate>1977-00-00</airdate><link>http://www.tvrage.com/The_BAFTA_Awards/episodes/357253</link><title>The 30th BAFTA Film Awards</title></episode>
<episode><epnum>30</epnum><seasonnum>02</seasonnum><prodnum></prodnum><airdate>1977-00-00</airdate><link>http://www.tvrage.com/The_BAFTA_Awards/episodes/357313</link><title>The 24th BAFTA Television Awards</title></episode>
</Season>

<Season no="31">
<episode><epnum>31</epnum><seasonnum>01</seasonnum><prodnum></prodnum><airdate>1978-00-00</airdate><link>http://www.tvrage.com/The_BAFTA_Awards/episodes/357254</link><title>The 31st BAFTA Film Awards</title></episode>
<episode><epnum>31</epnum><seasonnum>02</seasonnum><prodnum></prodnum><airdate>1978-00-00</airdate><link>http://www.tvrage.com/The_BAFTA_Awards/episodes/357314</link><title>The 25th BAFTA Television Awards</title></episode>
</Season>

<Season no="32">
<episode><epnum>32</epnum><seasonnum>01</seasonnum><prodnum></prodnum><airdate>1979-00-00</airdate><link>http://www.tvrage.com/The_BAFTA_Awards/episodes/357255</link><title>The 32nd BAFTA Film Awards</title></episode>
<episode><epnum>32</epnum><seasonnum>02</seasonnum><prodnum></prodnum><airdate>1979-00-00</airdate><link>http://www.tvrage.com/The_BAFTA_Awards/episodes/357315</link><title>The 26th BAFTA Television Awards</title></episode>
</Season>

<Season no="33">
<episode><epnum>33</epnum><seasonnum>01</seasonnum><prodnum></prodnum><airdate>1980-00-00</airdate><link>http://www.tvrage.com/The_BAFTA_Awards/episodes/357256</link><title>The 33rd BAFTA Film Awards</title></episode>
<episode><epnum>33</epnum><seasonnum>02</seasonnum><prodnum></prodnum><airdate>1980-00-00</airdate><link>http://www.tvrage.com/The_BAFTA_Awards/episodes/357316</link><title>The 27th BAFTA Television Awards</title></episode>
</Season>

<Season no="34">
<episode><epnum>34</epnum><seasonnum>01</seasonnum><prodnum></prodnum><airdate>1981-00-00</airdate><link>http://www.tvrage.com/The_BAFTA_Awards/episodes/357257</link><title>The 34th BAFTA Film Awards</title></episode>
<episode><epnum>34</epnum><seasonnum>02</seasonnum><prodnum></prodnum><airdate>1981-00-00</airdate><link>http://www.tvrage.com/The_BAFTA_Awards/episodes/357317</link><title>The 28th BAFTA Television Awards</title></episode>
</Season>

<Season no="35">
<episode><epnum>35</epnum><seasonnum>01</seasonnum><prodnum></prodnum><airdate>1982-00-00</airdate><link>http://www.tvrage.com/The_BAFTA_Awards/episodes/357258</link><title>The 35th BAFTA Film Awards</title></episode>
<episode><epnum>35</epnum><seasonnum>02</seasonnum><prodnum></prodnum><airdate>1982-00-00</airdate><link>http://www.tvrage.com/The_BAFTA_Awards/episodes/357318</link><title>The 29th BAFTA Television Awards</title></episode>
</Season>

<Season no="36">
<episode><epnum>36</epnum><seasonnum>01</seasonnum><prodnum></prodnum><airdate>1983-00-00</airdate><link>http://www.tvrage.com/The_BAFTA_Awards/episodes/357259</link><title>The 36th BAFTA Film Awards</title></episode>
<episode><epnum>36</epnum><seasonnum>02</seasonnum><prodnum></prodnum><airdate>1983-00-00</airdate><link>http://www.tvrage.com/The_BAFTA_Awards/episodes/357319</link><title>The 30th BAFTA Television Awards</title></episode>
</Season>

<Season no="37">
<episode><epnum>37</epnum><seasonnum>01</seasonnum><prodnum></prodnum><airdate>1984-00-00</airdate><link>http://www.tvrage.com/The_BAFTA_Awards/episodes/357260</link><title>The 37th BAFTA Film Awards</title></episode>
<episode><epnum>37</epnum><seasonnum>02</seasonnum><prodnum></prodnum><airdate>1984-00-00</airdate><link>http://www.tvrage.com/The_BAFTA_Awards/episodes/357320</link><title>The 31st BAFTA Television Awards</title></episode>
</Season>

<Season no="38">
<episode><epnum>38</epnum><seasonnum>01</seasonnum><prodnum></prodnum><airdate>1985-00-00</airdate><link>http://www.tvrage.com/The_BAFTA_Awards/episodes/357261</link><title>The 38th BAFTA Film Awards</title></episode>
<episode><epnum>38</epnum><seasonnum>02</seasonnum><prodnum></prodnum><airdate>1985-00-00</airdate><link>http://www.tvrage.com/The_BAFTA_Awards/episodes/357321</link><title>The 32nd BAFTA Television Awards</title></episode>
</Season>

<Season no="39">
<episode><epnum>39</epnum><seasonnum>01</seasonnum><prodnum></prodnum><airdate>1986-00-00</airdate><link>http://www.tvrage.com/The_BAFTA_Awards/episodes/357262</link><title>The 39th BAFTA Film Awards</title></episode>
<episode><epnum>39</epnum><seasonnum>02</seasonnum><prodnum></prodnum><airdate>1986-00-00</airdate><link>http://www.tvrage.com/The_BAFTA_Awards/episodes/357322</link><title>The 33rd BAFTA Television Awards</title></episode>
</Season>

<Season no="40">
<episode><epnum>40</epnum><seasonnum>01</seasonnum><prodnum></prodnum><airdate>1987-00-00</airdate><link>http://www.tvrage.com/The_BAFTA_Awards/episodes/357263</link><title>The 40th BAFTA Film Awards</title></episode>
<episode><epnum>40</epnum><seasonnum>02</seasonnum><prodnum></prodnum><airdate>1987-00-00</airdate><link>http://www.tvrage.com/The_BAFTA_Awards/episodes/357323</link><title>The 34th BAFTA Television Awards</title></episode>
</Season>

<Season no="41">
<episode><epnum>41</epnum><seasonnum>01</seasonnum><prodnum></prodnum><airdate>1988-00-00</airdate><link>http://www.tvrage.com/The_BAFTA_Awards/episodes/357264</link><title>The 41st BAFTA Film Awards</title></episode>
<episode><epnum>41</epnum><seasonnum>02</seasonnum><prodnum></prodnum><airdate>1988-00-00</airdate><link>http://www.tvrage.com/The_BAFTA_Awards/episodes/357324</link><title>The 35th BAFTA Television Awards</title></episode>
</Season>

<Season no="42">
<episode><epnum>42</epnum><seasonnum>01</seasonnum><prodnum></prodnum><airdate>1989-00-00</airdate><link>http://www.tvrage.com/The_BAFTA_Awards/episodes/357265</link><title>The 42nd BAFTA Film Awards</title></episode>
<episode><epnum>42</epnum><seasonnum>02</seasonnum><prodnum></prodnum><airdate>1989-00-00</airdate><link>http://www.tvrage.com/The_BAFTA_Awards/episodes/357325</link><title>The 36th BAFTA Television Awards</title></episode>
</Season>

<Season no="43">
<episode><epnum>43</epnum><seasonnum>01</seasonnum><prodnum></prodnum><airdate>1990-00-00</airdate><link>http://www.tvrage.com/The_BAFTA_Awards/episodes/357266</link><title>The 43rd BAFTA Film Awards</title></episode>
<episode><epnum>43</epnum><seasonnum>02</seasonnum><prodnum></prodnum><airdate>1990-00-00</airdate><link>http://www.tvrage.com/The_BAFTA_Awards/episodes/357326</link><title>The 37th BAFTA Television Awards</title></episode>
</Season>

<Season no="44">
<episode><epnum>44</epnum><seasonnum>01</seasonnum><prodnum></prodnum><airdate>1991-00-00</airdate><link>http://www.tvrage.com/The_BAFTA_Awards/episodes/357270</link><title>The 44th BAFTA Film Awards</title></episode>
<episode><epnum>44</epnum><seasonnum>02</seasonnum><prodnum></prodnum><airdate>1991-00-00</airdate><link>http://www.tvrage.com/The_BAFTA_Awards/episodes/357327</link><title>The 38th BAFTA Television Awards</title></episode>
<episode><epnum>44</epnum><seasonnum>03</seasonnum><prodnum></prodnum><airdate>1991-00-00</airdate><link>http://www.tvrage.com/The_BAFTA_Awards/episodes/1065232491</link><title>The 1st BAFTA Britannia Awards</title></episode>
</Season>

<Season no="45">
<episode><epnum>45</epnum><seasonnum>01</seasonnum><prodnum></prodnum><airdate>1992-00-00</airdate><link>http://www.tvrage.com/The_BAFTA_Awards/episodes/357273</link><title>The 45th BAFTA Film Awards</title></episode>
<episode><epnum>45</epnum><seasonnum>02</seasonnum><prodnum></prodnum><airdate>1992-00-00</airdate><link>http://www.tvrage.com/The_BAFTA_Awards/episodes/357328</link><title>The 39th BAFTA Television Awards</title></episode>
<episode><epnum>45</epnum><seasonnum>03</seasonnum><prodnum></prodnum><airdate>1992-00-00</airdate><link>http://www.tvrage.com/The_BAFTA_Awards/episodes/357376</link><title>The 2nd BAFTA Britannia Awards</title></episode>
<episode><epnum>45</epnum><seasonnum>04</seasonnum><prodnum></prodnum><airdate>1992-00-00</airdate><link>http://www.tvrage.com/The_BAFTA_Awards/episodes/357353</link><title>The 1st BAFTA Cymru Awards</title></episode>
</Season>

<Season no="46">
<episode><epnum>46</epnum><seasonnum>01</seasonnum><prodnum></prodnum><airdate>1993-00-00</airdate><link>http://www.tvrage.com/The_BAFTA_Awards/episodes/357274</link><title>The 46th BAFTA Film Awards</title></episode>
<episode><epnum>46</epnum><seasonnum>02</seasonnum><prodnum></prodnum><airdate>1993-00-00</airdate><link>http://www.tvrage.com/The_BAFTA_Awards/episodes/357329</link><title>The 40th BAFTA Television Awards</title></episode>
<episode><epnum>46</epnum><seasonnum>03</seasonnum><prodnum></prodnum><airdate>1993-00-00</airdate><link>http://www.tvrage.com/The_BAFTA_Awards/episodes/357377</link><title>The 3rd BAFTA Britannia Awards</title></episode>
<episode><epnum>46</epnum><seasonnum>04</seasonnum><prodnum></prodnum><airdate>1993-00-00</airdate><link>http://www.tvrage.com/The_BAFTA_Awards/episodes/357354</link><title>The 2nd BAFTA Cymru Awards</title></episode>
</Season>

<Season no="47">
<episode><epnum>47</epnum><seasonnum>01</seasonnum><prodnum></prodnum><airdate>1994-00-00</airdate><link>http://www.tvrage.com/The_BAFTA_Awards/episodes/357276</link><title>The 47th BAFTA Film Awards</title></episode>
<episode><epnum>47</epnum><seasonnum>02</seasonnum><prodnum></prodnum><airdate>1994-00-00</airdate><link>http://www.tvrage.com/The_BAFTA_Awards/episodes/357330</link><title>The 41st BAFTA Television Awards</title></episode>
<episode><epnum>47</epnum><seasonnum>03</seasonnum><prodnum></prodnum><airdate>1994-00-00</airdate><link>http://www.tvrage.com/The_BAFTA_Awards/episodes/1065232492</link><title>The 4th BAFTA Britannia Awards</title></episode>
<episode><epnum>47</epnum><seasonnum>04</seasonnum><prodnum></prodnum><airdate>1994-00-00</airdate><link>http://www.tvrage.com/The_BAFTA_Awards/episodes/357355</link><title>The 3rd BAFTA Cymru Awards</title></episode>
</Season>

<Season no="48">
<episode><epnum>48</epnum><seasonnum>01</seasonnum><prodnum></prodnum><airdate>1995-00-00</airdate><link>http://www.tvrage.com/The_BAFTA_Awards/episodes/357278</link><title>The 48th BAFTA Film Awards</title></episode>
<episode><epnum>48</epnum><seasonnum>02</seasonnum><prodnum></prodnum><airdate>1995-00-00</airdate><link>http://www.tvrage.com/The_BAFTA_Awards/episodes/357331</link><title>The 42nd BAFTA Television Awards</title></episode>
<episode><epnum>48</epnum><seasonnum>03</seasonnum><prodnum></prodnum><airdate>1995-00-00</airdate><link>http://www.tvrage.com/The_BAFTA_Awards/episodes/357378</link><title>The 5th BAFTA Britannia Awards</title></episode>
<episode><epnum>48</epnum><seasonnum>04</seasonnum><prodnum></prodnum><airdate>1995-00-00</airdate><link>http://www.tvrage.com/The_BAFTA_Awards/episodes/357356</link><title>The 4th BAFTA Cymru Awards</title></episode>
</Season>

<Season no="49">
<episode><epnum>49</epnum><seasonnum>01</seasonnum><prodnum></prodnum><airdate>1996-04-23</airdate><link>http://www.tvrage.com/The_BAFTA_Awards/episodes/357279</link><title>The 49th BAFTA Film Awards</title></episode>
<episode><epnum>49</epnum><seasonnum>02</seasonnum><prodnum></prodnum><airdate>1996-04-23</airdate><link>http://www.tvrage.com/The_BAFTA_Awards/episodes/357332</link><title>The 43rd BAFTA Television Awards</title></episode>
<episode><epnum>49</epnum><seasonnum>03</seasonnum><prodnum></prodnum><airdate>1996-00-00</airdate><link>http://www.tvrage.com/The_BAFTA_Awards/episodes/357379</link><title>The 6th BAFTA Britannia Awards</title></episode>
<episode><epnum>49</epnum><seasonnum>04</seasonnum><prodnum></prodnum><airdate>1996-00-00</airdate><link>http://www.tvrage.com/The_BAFTA_Awards/episodes/357357</link><title>The 5th BAFTA Cymru Awards</title></episode>
<episode><epnum>49</epnum><seasonnum>05</seasonnum><prodnum></prodnum><airdate>1996-11-00</airdate><link>http://www.tvrage.com/The_BAFTA_Awards/episodes/357389</link><title>The 1st BAFTA Children's Awards</title></episode>
</Season>

<Season no="50">
<episode><epnum>50</epnum><seasonnum>01</seasonnum><prodnum></prodnum><airdate>1997-04-29</airdate><link>http://www.tvrage.com/The_BAFTA_Awards/episodes/357280</link><title>The 50th BAFTA Film Awards</title></episode>
<episode><epnum>50</epnum><seasonnum>02</seasonnum><prodnum></prodnum><airdate>1997-00-00</airdate><link>http://www.tvrage.com/The_BAFTA_Awards/episodes/357343</link><title>The 1st BAFTA Television Craft Awards</title></episode>
<episode><epnum>50</epnum><seasonnum>03</seasonnum><prodnum></prodnum><airdate>1997-04-29</airdate><link>http://www.tvrage.com/The_BAFTA_Awards/episodes/357333</link><title>The 44th BAFTA Television Awards</title></episode>
<episode><epnum>50</epnum><seasonnum>04</seasonnum><prodnum></prodnum><airdate>1997-09-24</airdate><link>http://www.tvrage.com/The_BAFTA_Awards/episodes/357380</link><title>The 7th BAFTA Britannia Awards</title></episode>
<episode><epnum>50</epnum><seasonnum>05</seasonnum><prodnum></prodnum><airdate>1997-00-00</airdate><link>http://www.tvrage.com/The_BAFTA_Awards/episodes/357358</link><title>The 6th BAFTA Cymru Awards</title></episode>
<episode><epnum>50</epnum><seasonnum>06</seasonnum><prodnum></prodnum><airdate>1997-11-00</airdate><link>http://www.tvrage.com/The_BAFTA_Awards/episodes/357390</link><title>The 2nd BAFTA Children's Awards</title></episode>
<episode><epnum>50</epnum><seasonnum>07</seasonnum><prodnum></prodnum><airdate>1997-11-30</airdate><link>http://www.tvrage.com/The_BAFTA_Awards/episodes/357368</link><title>The 1st BAFTA Scotland Awards</title></episode>
</Season>

<Season no="51">
<episode><epnum>51</epnum><seasonnum>01</seasonnum><prodnum></prodnum><airdate>1998-04-19</airdate><link>http://www.tvrage.com/The_BAFTA_Awards/episodes/357281</link><title>The 51st BAFTA Film Awards</title></episode>
<episode><epnum>51</epnum><seasonnum>02</seasonnum><prodnum></prodnum><airdate>1998-00-00</airdate><link>http://www.tvrage.com/The_BAFTA_Awards/episodes/357399</link><title>The 1st BAFTA Interactive Awards</title></episode>
<episode><epnum>51</epnum><seasonnum>03</seasonnum><prodnum></prodnum><airdate>1998-00-00</airdate><link>http://www.tvrage.com/The_BAFTA_Awards/episodes/357344</link><title>The 2nd BAFTA Television Craft Awards</title></episode>
<episode><epnum>51</epnum><seasonnum>04</seasonnum><prodnum></prodnum><airdate>1998-05-18</airdate><link>http://www.tvrage.com/The_BAFTA_Awards/episodes/357334</link><title>The 45th BAFTA Television Awards</title></episode>
<episode><epnum>51</epnum><seasonnum>05</seasonnum><prodnum></prodnum><airdate>1998-10-15</airdate><link>http://www.tvrage.com/The_BAFTA_Awards/episodes/357381</link><title>The 8th BAFTA Britannia Awards</title></episode>
<episode><epnum>51</epnum><seasonnum>06</seasonnum><prodnum></prodnum><airdate>1998-00-00</airdate><link>http://www.tvrage.com/The_BAFTA_Awards/episodes/357359</link><title>The 7th BAFTA Cymru Awards</title></episode>
<episode><epnum>51</epnum><seasonnum>07</seasonnum><prodnum></prodnum><airdate>1998-11-00</airdate><link>http://www.tvrage.com/The_BAFTA_Awards/episodes/357391</link><title>The 3rd BAFTA Children's Awards</title></episode>
<episode><epnum>51</epnum><seasonnum>08</seasonnum><prodnum></prodnum><airdate>1998-12-06</airdate><link>http://www.tvrage.com/The_BAFTA_Awards/episodes/357369</link><title>The 1st BAFTA Scotland New Talent Awards</title></episode>
</Season>

<Season no="52">
<episode><epnum>52</epnum><seasonnum>01</seasonnum><prodnum></prodnum><airdate>1999-04-11</airdate><link>http://www.tvrage.com/The_BAFTA_Awards/episodes/357283</link><title>The 52nd BAFTA Film Awards</title></episode>
<episode><epnum>52</epnum><seasonnum>02</seasonnum><prodnum></prodnum><airdate>1999-00-00</airdate><link>http://www.tvrage.com/The_BAFTA_Awards/episodes/357400</link><title>The 2nd BAFTA Interactive Awards</title></episode>
<episode><epnum>52</epnum><seasonnum>03</seasonnum><prodnum></prodnum><airdate>1999-00-00</airdate><link>http://www.tvrage.com/The_BAFTA_Awards/episodes/357345</link><title>The 3rd BAFTA Television Craft Awards</title></episode>
<episode><epnum>52</epnum><seasonnum>04</seasonnum><prodnum></prodnum><airdate>1999-05-09</airdate><link>http://www.tvrage.com/The_BAFTA_Awards/episodes/357335</link><title>The 46th BAFTA Television Awards</title></episode>
<episode><epnum>52</epnum><seasonnum>05</seasonnum><prodnum></prodnum><airdate>1999-09-00</airdate><link>http://www.tvrage.com/The_BAFTA_Awards/episodes/357382</link><title>The 9th BAFTA Britannia Awards</title></episode>
<episode><epnum>52</epnum><seasonnum>06</seasonnum><prodnum></prodnum><airdate>1999-00-00</airdate><link>http://www.tvrage.com/The_BAFTA_Awards/episodes/357360</link><title>The 8th BAFTA Cymru Awards</title></episode>
<episode><epnum>52</epnum><seasonnum>07</seasonnum><prodnum></prodnum><airdate>1999-11-00</airdate><link>http://www.tvrage.com/The_BAFTA_Awards/episodes/357392</link><title>The 4th BAFTA Children's Awards</title></episode>
</Season>

<Season no="53">
<episode><epnum>53</epnum><seasonnum>01</seasonnum><prodnum></prodnum><airdate>2000-04-09</airdate><link>http://www.tvrage.com/The_BAFTA_Awards/episodes/357284</link><title>The 53rd BAFTA Film Awards</title></episode>
<episode><epnum>53</epnum><seasonnum>02</seasonnum><prodnum></prodnum><airdate>2000-00-00</airdate><link>http://www.tvrage.com/The_BAFTA_Awards/episodes/357401</link><title>The 3rd BAFTA Interactive Awards</title></episode>
<episode><epnum>53</epnum><seasonnum>03</seasonnum><prodnum></prodnum><airdate>2000-00-00</airdate><link>http://www.tvrage.com/The_BAFTA_Awards/episodes/357346</link><title>The 4th BAFTA Television Craft Awards</title></episode>
<episode><epnum>53</epnum><seasonnum>04</seasonnum><prodnum></prodnum><airdate>2000-05-14</airdate><link>http://www.tvrage.com/The_BAFTA_Awards/episodes/357336</link><title>The 47th BAFTA Television Awards</title></episode>
<episode><epnum>53</epnum><seasonnum>05</seasonnum><prodnum></prodnum><airdate>2000-11-04</airdate><link>http://www.tvrage.com/The_BAFTA_Awards/episodes/357383</link><title>The 10th BAFTA Britannia Awards</title></episode>
<episode><epnum>53</epnum><seasonnum>06</seasonnum><prodnum></prodnum><airdate>2000-00-00</airdate><link>http://www.tvrage.com/The_BAFTA_Awards/episodes/357361</link><title>The 9th BAFTA Cymru Awards</title></episode>
<episode><epnum>53</epnum><seasonnum>07</seasonnum><prodnum></prodnum><airdate>2000-11-00</airdate><link>http://www.tvrage.com/The_BAFTA_Awards/episodes/357393</link><title>The 5th BAFTA Children's Awards</title></episode>
<episode><epnum>53</epnum><seasonnum>08</seasonnum><prodnum></prodnum><airdate>2000-00-00</airdate><link>http://www.tvrage.com/The_BAFTA_Awards/episodes/357370</link><title>The 2nd BAFTA Scotland New Talent Awards</title></episode>
</Season>

<Season no="54">
<episode><epnum>54</epnum><seasonnum>01</seasonnum><prodnum></prodnum><airdate>2001-02-25</airdate><link>http://www.tvrage.com/The_BAFTA_Awards/episodes/357286</link><title>The 54th BAFTA Film Awards</title></episode>
<episode><epnum>54</epnum><seasonnum>02</seasonnum><prodnum></prodnum><airdate>2001-00-00</airdate><link>http://www.tvrage.com/The_BAFTA_Awards/episodes/357402</link><title>The 4th BAFTA Interactive Awards</title></episode>
<episode><epnum>54</epnum><seasonnum>03</seasonnum><prodnum></prodnum><airdate>2001-00-00</airdate><link>http://www.tvrage.com/The_BAFTA_Awards/episodes/357347</link><title>The 5th BAFTA Television Craft Awards</title></episode>
<episode><epnum>54</epnum><seasonnum>04</seasonnum><prodnum></prodnum><airdate>2001-05-13</airdate><link>http://www.tvrage.com/The_BAFTA_Awards/episodes/357337</link><title>The 48th BAFTA Television Awards</title></episode>
<episode><epnum>54</epnum><seasonnum>05</seasonnum><prodnum></prodnum><airdate>2001-00-00</airdate><link>http://www.tvrage.com/The_BAFTA_Awards/episodes/357362</link><title>The 10th BAFTA Cymru Awards</title></episode>
<episode><epnum>54</epnum><seasonnum>06</seasonnum><prodnum></prodnum><airdate>2001-11-00</airdate><link>http://www.tvrage.com/The_BAFTA_Awards/episodes/357394</link><title>The 6th BAFTA Children's Awards</title></episode>
</Season>

<Season no="55">
<episode><epnum>55</epnum><seasonnum>01</seasonnum><prodnum></prodnum><airdate>2002-02-24</airdate><link>http://www.tvrage.com/The_BAFTA_Awards/episodes/357287</link><title>The 55th BAFTA Film Awards</title></episode>
<episode><epnum>55</epnum><seasonnum>02</seasonnum><prodnum></prodnum><airdate>2002-00-00</airdate><link>http://www.tvrage.com/The_BAFTA_Awards/episodes/357403</link><title>The 5th BAFTA Interactive Awards</title></episode>
<episode><epnum>55</epnum><seasonnum>03</seasonnum><prodnum></prodnum><airdate>2002-00-00</airdate><link>http://www.tvrage.com/The_BAFTA_Awards/episodes/357348</link><title>The 6th BAFTA Television Craft Awards</title></episode>
<episode><epnum>55</epnum><seasonnum>04</seasonnum><prodnum></prodnum><airdate>2002-04-12</airdate><link>http://www.tvrage.com/The_BAFTA_Awards/episodes/357384</link><title>The 11th BAFTA Britannia Awards</title></episode>
<episode><epnum>55</epnum><seasonnum>05</seasonnum><prodnum></prodnum><airdate>2002-04-21</airdate><link>http://www.tvrage.com/The_BAFTA_Awards/episodes/357338</link><title>The 49th BAFTA Television Awards</title></episode>
<episode><epnum>55</epnum><seasonnum>06</seasonnum><prodnum></prodnum><airdate>2002-00-00</airdate><link>http://www.tvrage.com/The_BAFTA_Awards/episodes/357363</link><title>The 11th BAFTA Cymru Awards</title></episode>
<episode><epnum>55</epnum><seasonnum>07</seasonnum><prodnum></prodnum><airdate>2002-11-00</airdate><link>http://www.tvrage.com/The_BAFTA_Awards/episodes/357395</link><title>The 7th BAFTA Children's Awards</title></episode>
<episode><epnum>55</epnum><seasonnum>08</seasonnum><prodnum></prodnum><airdate>2002-11-24</airdate><link>http://www.tvrage.com/The_BAFTA_Awards/episodes/357371</link><title>The 3rd BAFTA Scotland New Talent Awards</title></episode>
</Season>

<Season no="56">
<episode><epnum>56</epnum><seasonnum>01</seasonnum><prodnum></prodnum><airdate>2003-02-23</airdate><link>http://www.tvrage.com/The_BAFTA_Awards/episodes/357288</link><title>The 56th BAFTA Film Awards</title></episode>
<episode><epnum>56</epnum><seasonnum>02</seasonnum><prodnum></prodnum><airdate>2003-00-00</airdate><link>http://www.tvrage.com/The_BAFTA_Awards/episodes/357404</link><title>The 6th BAFTA Interactive Awards</title></episode>
<episode><epnum>56</epnum><seasonnum>03</seasonnum><prodnum></prodnum><airdate>2003-00-00</airdate><link>http://www.tvrage.com/The_BAFTA_Awards/episodes/357349</link><title>The 7th BAFTA Television Craft Awards</title></episode>
<episode><epnum>56</epnum><seasonnum>04</seasonnum><prodnum></prodnum><airdate>2003-04-13</airdate><link>http://www.tvrage.com/The_BAFTA_Awards/episodes/357339</link><title>The 50th BAFTA Television Awards</title></episode>
<episode><epnum>56</epnum><seasonnum>05</seasonnum><prodnum></prodnum><airdate>2003-11-08</airdate><link>http://www.tvrage.com/The_BAFTA_Awards/episodes/357385</link><title>The 12th BAFTA Britannia Awards</title></episode>
<episode><epnum>56</epnum><seasonnum>06</seasonnum><prodnum></prodnum><airdate>2003-00-00</airdate><link>http://www.tvrage.com/The_BAFTA_Awards/episodes/357364</link><title>The 12th BAFTA Cymru Awards</title></episode>
<episode><epnum>56</epnum><seasonnum>07</seasonnum><prodnum></prodnum><airdate>2003-11-00</airdate><link>http://www.tvrage.com/The_BAFTA_Awards/episodes/357396</link><title>The 8th BAFTA Children's Awards</title></episode>
<episode><epnum>56</epnum><seasonnum>08</seasonnum><prodnum></prodnum><airdate>2003-00-00</airdate><link>http://www.tvrage.com/The_BAFTA_Awards/episodes/1065188145</link><title>The 4th BAFTA Scotland New Talent Awards</title></episode>
</Season>

<Season no="57">
<episode><epnum>57</epnum><seasonnum>01</seasonnum><prodnum></prodnum><airdate>2004-02-15</airdate><link>http://www.tvrage.com/The_BAFTA_Awards/episodes/357289</link><title>The 57th BAFTA Film Awards</title></episode>
<episode><epnum>57</epnum><seasonnum>02</seasonnum><prodnum></prodnum><airdate>2004-00-00</airdate><link>http://www.tvrage.com/The_BAFTA_Awards/episodes/357405</link><title>The 7th BAFTA Interactive Awards</title></episode>
<episode><epnum>57</epnum><seasonnum>03</seasonnum><prodnum></prodnum><airdate>2004-02-25</airdate><link>http://www.tvrage.com/The_BAFTA_Awards/episodes/357407</link><title>The 1st BAFTA Games Awards</title></episode>
<episode><epnum>57</epnum><seasonnum>04</seasonnum><prodnum></prodnum><airdate>2004-00-00</airdate><link>http://www.tvrage.com/The_BAFTA_Awards/episodes/357350</link><title>The 8th BAFTA Television Craft Awards</title></episode>
<episode><epnum>57</epnum><seasonnum>05</seasonnum><prodnum></prodnum><airdate>2004-04-18</airdate><link>http://www.tvrage.com/The_BAFTA_Awards/episodes/357340</link><title>The 51st BAFTA Television Awards</title></episode>
<episode><epnum>57</epnum><seasonnum>06</seasonnum><prodnum></prodnum><airdate>2004-11-04</airdate><link>http://www.tvrage.com/The_BAFTA_Awards/episodes/357386</link><title>The 13th BAFTA Britannia Awards</title></episode>
<episode><epnum>57</epnum><seasonnum>07</seasonnum><prodnum></prodnum><airdate>2004-00-00</airdate><link>http://www.tvrage.com/The_BAFTA_Awards/episodes/357365</link><title>The 13th BAFTA Cymru Awards</title></episode>
<episode><epnum>57</epnum><seasonnum>08</seasonnum><prodnum></prodnum><airdate>2004-00-00</airdate><link>http://www.tvrage.com/The_BAFTA_Awards/episodes/357372</link><title>The 2nd BAFTA Scotland Awards</title></episode>
<episode><epnum>57</epnum><seasonnum>09</seasonnum><prodnum></prodnum><airdate>2004-11-00</airdate><link>http://www.tvrage.com/The_BAFTA_Awards/episodes/357397</link><title>The 9th BAFTA Children's Awards</title></episode>
<episode><epnum>57</epnum><seasonnum>10</seasonnum><prodnum></prodnum><airdate>2004-00-00</airdate><link>http://www.tvrage.com/The_BAFTA_Awards/episodes/1065188146</link><title>The 5th BAFTA Scotland New Talent Awards</title></episode>
</Season>

<Season no="58">
<episode><epnum>58</epnum><seasonnum>01</seasonnum><prodnum></prodnum><airdate>2005-02-12</airdate><link>http://www.tvrage.com/The_BAFTA_Awards/episodes/357290</link><title>The 58th BAFTA Film Awards</title></episode>
<episode><epnum>58</epnum><seasonnum>02</seasonnum><prodnum></prodnum><airdate>2005-03-01</airdate><link>http://www.tvrage.com/The_BAFTA_Awards/episodes/357406</link><title>The 8th BAFTA Interactive Awards</title></episode>
<episode><epnum>58</epnum><seasonnum>03</seasonnum><prodnum></prodnum><airdate>2005-03-02</airdate><link>http://www.tvrage.com/The_BAFTA_Awards/episodes/357408</link><title>The 2nd BAFTA Games Awards</title></episode>
<episode><epnum>58</epnum><seasonnum>04</seasonnum><prodnum></prodnum><airdate>2005-00-00</airdate><link>http://www.tvrage.com/The_BAFTA_Awards/episodes/357351</link><title>The 9th BAFTA Television Craft Awards</title></episode>
<episode><epnum>58</epnum><seasonnum>05</seasonnum><prodnum></prodnum><airdate>2005-04-17</airdate><link>http://www.tvrage.com/The_BAFTA_Awards/episodes/357341</link><title>The 52nd BAFTA Television Awards</title></episode>
<episode><epnum>58</epnum><seasonnum>06</seasonnum><prodnum></prodnum><airdate>2005-11-10</airdate><link>http://www.tvrage.com/The_BAFTA_Awards/episodes/357387</link><title>The 14th BAFTA Britannia Awards</title></episode>
<episode><epnum>58</epnum><seasonnum>07</seasonnum><prodnum></prodnum><airdate>2005-00-00</airdate><link>http://www.tvrage.com/The_BAFTA_Awards/episodes/357366</link><title>The 14th BAFTA Cymru Awards</title></episode>
<episode><epnum>58</epnum><seasonnum>08</seasonnum><prodnum></prodnum><airdate>2005-11-13</airdate><link>http://www.tvrage.com/The_BAFTA_Awards/episodes/357373</link><title>The 3rd BAFTA Scotland Awards</title></episode>
<episode><epnum>58</epnum><seasonnum>09</seasonnum><prodnum></prodnum><airdate>2005-11-27</airdate><link>http://www.tvrage.com/The_BAFTA_Awards/episodes/357398</link><title>The 10th BAFTA Children's Awards</title></episode>
<episode><epnum>58</epnum><seasonnum>10</seasonnum><prodnum></prodnum><airdate>2005-00-00</airdate><link>http://www.tvrage.com/The_BAFTA_Awards/episodes/1065188147</link><title>The 6th BAFTA Scotland New Talent Awards</title></episode>
</Season>

<Season no="59">
<episode><epnum>59</epnum><seasonnum>01</seasonnum><prodnum></prodnum><airdate>2006-02-19</airdate><link>http://www.tvrage.com/The_BAFTA_Awards/episodes/357291</link><title>The 59th BAFTA Film Awards</title></episode>
<episode><epnum>59</epnum><seasonnum>02</seasonnum><prodnum></prodnum><airdate>2006-00-00</airdate><link>http://www.tvrage.com/The_BAFTA_Awards/episodes/1065188148</link><title>The 7th BAFTA Scotland New Talent Awards</title></episode>
<episode><epnum>59</epnum><seasonnum>03</seasonnum><prodnum></prodnum><airdate>2006-04-22</airdate><link>http://www.tvrage.com/The_BAFTA_Awards/episodes/357367</link><title>The 15th BAFTA Cymru Awards</title></episode>
<episode><epnum>59</epnum><seasonnum>04</seasonnum><prodnum></prodnum><airdate>2006-05-08</airdate><link>http://www.tvrage.com/The_BAFTA_Awards/episodes/357342</link><title>The 53rd BAFTA Television Awards</title></episode>
<episode><epnum>59</epnum><seasonnum>05</seasonnum><prodnum></prodnum><airdate>2006-05-19</airdate><link>http://www.tvrage.com/The_BAFTA_Awards/episodes/357352</link><title>The 10th BAFTA Television Craft Awards</title></episode>
<episode><epnum>59</epnum><seasonnum>06</seasonnum><prodnum></prodnum><airdate>2006-10-05</airdate><link>http://www.tvrage.com/The_BAFTA_Awards/episodes/1065232500</link><title>The 3rd BAFTA Games Awards</title></episode>
<episode><epnum>59</epnum><seasonnum>07</seasonnum><prodnum></prodnum><airdate>2006-11-02</airdate><link>http://www.tvrage.com/The_BAFTA_Awards/episodes/1065232493</link><title>The 15th BAFTA Britannia Awards</title></episode>
<episode><epnum>59</epnum><seasonnum>08</seasonnum><prodnum></prodnum><airdate>2006-00-00</airdate><link>http://www.tvrage.com/The_BAFTA_Awards/episodes/1065261316</link><title>The 11th BAFTA Children's Awards</title></episode>
</Season>

<Season no="60">
<episode><epnum>60</epnum><seasonnum>01</seasonnum><prodnum></prodnum><airdate>2007-02-00</airdate><link>http://www.tvrage.com/The_BAFTA_Awards/episodes/1065188149</link><title>The 60th BAFTA Film Awards</title></episode>
<episode><epnum>60</epnum><seasonnum>02</seasonnum><prodnum></prodnum><airdate>2007-00-00</airdate><link>http://www.tvrage.com/The_BAFTA_Awards/episodes/1065261317</link><title>The 8th BAFTA Scotland New Talent Awards</title></episode>
<episode><epnum>60</epnum><seasonnum>03</seasonnum><prodnum></prodnum><airdate>2007-00-00</airdate><link>http://www.tvrage.com/The_BAFTA_Awards/episodes/1065261318</link><title>The 11th BAFTA Television Craft Awards</title></episode>
<episode><epnum>60</epnum><seasonnum>04</seasonnum><prodnum></prodnum><airdate>2007-00-00</airdate><link>http://www.tvrage.com/The_BAFTA_Awards/episodes/1065188153</link><title>The 54th BAFTA Television Awards</title></episode>
<episode><epnum>60</epnum><seasonnum>05</seasonnum><prodnum></prodnum><airdate>2007-10-23</airdate><link>http://www.tvrage.com/The_BAFTA_Awards/episodes/1065232501</link><title>The 4th BAFTA Games Awards</title></episode>
<episode><epnum>60</epnum><seasonnum>06</seasonnum><prodnum></prodnum><airdate>2007-11-01</airdate><link>http://www.tvrage.com/The_BAFTA_Awards/episodes/1065232494</link><title>The 16th BAFTA Britannia Awards</title></episode>
<episode><epnum>60</epnum><seasonnum>07</seasonnum><prodnum></prodnum><airdate>2007-00-00</airdate><link>http://www.tvrage.com/The_BAFTA_Awards/episodes/1065261319</link><title>The 16th BAFTA Cymru Awards</title></episode>
<episode><epnum>60</epnum><seasonnum>08</seasonnum><prodnum></prodnum><airdate>2007-00-00</airdate><link>http://www.tvrage.com/The_BAFTA_Awards/episodes/1065261320</link><title>The 12th BAFTA Children's Awards</title></episode>
</Season>

<Season no="61">
<episode><epnum>61</epnum><seasonnum>01</seasonnum><prodnum></prodnum><airdate>2008-02-00</airdate><link>http://www.tvrage.com/The_BAFTA_Awards/episodes/1065188150</link><title>The 61st BAFTA Film Awards</title></episode>
<episode><epnum>61</epnum><seasonnum>02</seasonnum><prodnum></prodnum><airdate>2008-00-00</airdate><link>http://www.tvrage.com/The_BAFTA_Awards/episodes/1065261321</link><title>The 9th BAFTA Scotland New Talent Awards</title></episode>
<episode><epnum>61</epnum><seasonnum>03</seasonnum><prodnum></prodnum><airdate>2008-00-00</airdate><link>http://www.tvrage.com/The_BAFTA_Awards/episodes/1065261322</link><title>The 12th BAFTA Television Craft Awards</title></episode>
<episode><epnum>61</epnum><seasonnum>04</seasonnum><prodnum></prodnum><airdate>2008-00-00</airdate><link>http://www.tvrage.com/The_BAFTA_Awards/episodes/1065188154</link><title>The 55th BAFTA Television Awards</title></episode>
<episode><epnum>61</epnum><seasonnum>05</seasonnum><prodnum></prodnum><airdate>2008-11-06</airdate><link>http://www.tvrage.com/The_BAFTA_Awards/episodes/1065232495</link><title>The 17th BAFTA Britannia Awards</title></episode>
<episode><epnum>61</epnum><seasonnum>06</seasonnum><prodnum></prodnum><airdate>2008-00-00</airdate><link>http://www.tvrage.com/The_BAFTA_Awards/episodes/1065261323</link><title>The 17th BAFTA Cymru Awards</title></episode>
<episode><epnum>61</epnum><seasonnum>07</seasonnum><prodnum></prodnum><airdate>2008-00-00</airdate><link>http://www.tvrage.com/The_BAFTA_Awards/episodes/1065261324</link><title>The 13th BAFTA Children's Awards</title></episode>
</Season>

<Season no="62">
<episode><epnum>62</epnum><seasonnum>01</seasonnum><prodnum></prodnum><airdate>2009-02-00</airdate><link>http://www.tvrage.com/The_BAFTA_Awards/episodes/1065188151</link><title>The 62nd BAFTA Film Awards</title></episode>
<episode><epnum>62</epnum><seasonnum>02</seasonnum><prodnum></prodnum><airdate>2009-03-10</airdate><link>http://www.tvrage.com/The_BAFTA_Awards/episodes/1065232502</link><title>The 5th BAFTA Games Awards</title></episode>
<episode><epnum>62</epnum><seasonnum>03</seasonnum><prodnum></prodnum><airdate>2009-00-00</airdate><link>http://www.tvrage.com/The_BAFTA_Awards/episodes/1065261328</link><title>The 10th BAFTA Scotland New Talent Awards</title></episode>
<episode><epnum>62</epnum><seasonnum>04</seasonnum><prodnum></prodnum><airdate>2009-00-00</airdate><link>http://www.tvrage.com/The_BAFTA_Awards/episodes/1065261330</link><title>The 13th BAFTA Television Craft Awards</title></episode>
<episode><epnum>62</epnum><seasonnum>05</seasonnum><prodnum></prodnum><airdate>2009-00-00</airdate><link>http://www.tvrage.com/The_BAFTA_Awards/episodes/1065188155</link><title>The 56th BAFTA Television Awards</title></episode>
<episode><epnum>62</epnum><seasonnum>06</seasonnum><prodnum></prodnum><airdate>2009-11-05</airdate><link>http://www.tvrage.com/The_BAFTA_Awards/episodes/1065232496</link><title>The 18th BAFTA Britannia Awards</title></episode>
<episode><epnum>62</epnum><seasonnum>07</seasonnum><prodnum></prodnum><airdate>2009-00-00</airdate><link>http://www.tvrage.com/The_BAFTA_Awards/episodes/1065261333</link><title>The 18th BAFTA Cymru Awards</title></episode>
<episode><epnum>62</epnum><seasonnum>08</seasonnum><prodnum></prodnum><airdate>2009-00-00</airdate><link>http://www.tvrage.com/The_BAFTA_Awards/episodes/1065261335</link><title>The 14th BAFTA Children's Awards</title></episode>
</Season>

<Season no="63">
<episode><epnum>63</epnum><seasonnum>01</seasonnum><prodnum></prodnum><airdate>2010-02-00</airdate><link>http://www.tvrage.com/The_BAFTA_Awards/episodes/1065188152</link><title>The 63rd BAFTA Film Awards</title></episode>
<episode><epnum>63</epnum><seasonnum>02</seasonnum><prodnum></prodnum><airdate>2010-03-19</airdate><link>http://www.tvrage.com/The_BAFTA_Awards/episodes/1065232503</link><title>The 6th BAFTA Games Awards</title></episode>
<episode><epnum>63</epnum><seasonnum>03</seasonnum><prodnum></prodnum><airdate>2010-00-00</airdate><link>http://www.tvrage.com/The_BAFTA_Awards/episodes/1065261343</link><title>The 11th BAFTA Scotland New Talent Awards</title></episode>
<episode><epnum>63</epnum><seasonnum>04</seasonnum><prodnum></prodnum><airdate>2010-05-23</airdate><link>http://www.tvrage.com/The_BAFTA_Awards/episodes/1065232499</link><title>The 14th BAFTA Television Craft Awards</title></episode>
<episode><epnum>63</epnum><seasonnum>05</seasonnum><prodnum></prodnum><airdate>2010-06-06</airdate><link>http://www.tvrage.com/The_BAFTA_Awards/episodes/1064940927</link><title>The 57th BAFTA Television Awards</title></episode>
<episode><epnum>63</epnum><seasonnum>06</seasonnum><prodnum></prodnum><airdate>2010-11-12</airdate><link>http://www.tvrage.com/The_BAFTA_Awards/episodes/1065232497</link><title>The 19th BAFTA Britannia Awards</title></episode>
<episode><epnum>63</epnum><seasonnum>07</seasonnum><prodnum></prodnum><airdate>2010-00-00</airdate><link>http://www.tvrage.com/The_BAFTA_Awards/episodes/1065261353</link><title>The 19th BAFTA Cymru Awards</title></episode>
<episode><epnum>63</epnum><seasonnum>08</seasonnum><prodnum></prodnum><airdate>2010-00-00</airdate><link>http://www.tvrage.com/The_BAFTA_Awards/episodes/1065261355</link><title>The 15th BAFTA Children's Awards</title></episode>
</Season>

<Season no="64">
<episode><epnum>64</epnum><seasonnum>01</seasonnum><prodnum></prodnum><airdate>2011-02-13</airdate><link>http://www.tvrage.com/The_BAFTA_Awards/episodes/1065017434</link><title>The 64th BAFTA Film Awards</title></episode>
<episode><epnum>64</epnum><seasonnum>02</seasonnum><prodnum></prodnum><airdate>2011-03-16</airdate><link>http://www.tvrage.com/The_BAFTA_Awards/episodes/1065232504</link><title>The 7th BAFTA Games Awards</title></episode>
<episode><epnum>64</epnum><seasonnum>03</seasonnum><prodnum></prodnum><airdate>2011-00-00</airdate><link>http://www.tvrage.com/The_BAFTA_Awards/episodes/1065261363</link><title>The 12th BAFTA Scotland New Talent Awards</title></episode>
<episode><epnum>64</epnum><seasonnum>04</seasonnum><prodnum></prodnum><airdate>2011-00-00</airdate><link>http://www.tvrage.com/The_BAFTA_Awards/episodes/1065261365</link><title>The 15th BAFTA Television Craft Awards</title></episode>
<episode><epnum>64</epnum><seasonnum>05</seasonnum><prodnum></prodnum><airdate>2011-05-22</airdate><link>http://www.tvrage.com/The_BAFTA_Awards/episodes/1065043032</link><title>The 58th BAFTA Television Awards</title></episode>
<episode><epnum>64</epnum><seasonnum>06</seasonnum><prodnum></prodnum><airdate>2011-11-30</airdate><link>http://www.tvrage.com/The_BAFTA_Awards/episodes/1065232498</link><title>The 20th BAFTA Britannia Awards</title></episode>
<episode><epnum>64</epnum><seasonnum>07</seasonnum><prodnum></prodnum><airdate>2011-00-00</airdate><link>http://www.tvrage.com/The_BAFTA_Awards/episodes/1065261370</link><title>The 20th BAFTA Cymru Awards</title></episode>
<episode><epnum>64</epnum><seasonnum>08</seasonnum><prodnum></prodnum><airdate>2011-00-00</airdate><link>http://www.tvrage.com/The_BAFTA_Awards/episodes/1065261375</link><title>The 16th BAFTA Children's Awards</title></episode>
</Season>

<Season no="65">
<episode><epnum>65</epnum><seasonnum>01</seasonnum><prodnum></prodnum><airdate>2012-02-12</airdate><link>http://www.tvrage.com/The_BAFTA_Awards/episodes/1065143583</link><title>The 65th BAFTA Film Awards</title></episode>
<episode><epnum>65</epnum><seasonnum>02</seasonnum><prodnum></prodnum><airdate>2012-00-00</airdate><link>http://www.tvrage.com/The_BAFTA_Awards/episodes/1065261388</link><title>The 8th BAFTA Games Awards</title></episode>
<episode><epnum>65</epnum><seasonnum>03</seasonnum><prodnum></prodnum><airdate>2012-03-22</airdate><link>http://www.tvrage.com/The_BAFTA_Awards/episodes/1065232508</link><title>The 13th BAFTA Scotland New Talent Awards</title></episode>
<episode><epnum>65</epnum><seasonnum>04</seasonnum><prodnum></prodnum><airdate>2012-05-13</airdate><link>http://www.tvrage.com/The_BAFTA_Awards/episodes/1065232507</link><title>The 16th BAFTA Television Craft Awards</title></episode>
<episode><epnum>65</epnum><seasonnum>05</seasonnum><prodnum></prodnum><airdate>2012-05-27</airdate><link>http://www.tvrage.com/The_BAFTA_Awards/episodes/1065182013</link><title>The 59th BAFTA Television Awards</title></episode>
<episode><epnum>65</epnum><seasonnum>06</seasonnum><prodnum></prodnum><airdate>2012-09-21</airdate><link>http://www.tvrage.com/The_BAFTA_Awards/episodes/1065232505</link><title>The 21st BAFTA Britannia Awards</title></episode>
<episode><epnum>65</epnum><seasonnum>07</seasonnum><prodnum></prodnum><airdate>2012-09-30</airdate><link>http://www.tvrage.com/The_BAFTA_Awards/episodes/1065232506</link><title>The 21st BAFTA Cymru Awards</title></episode>
<episode><epnum>65</epnum><seasonnum>08</seasonnum><prodnum></prodnum><airdate>2012-11-25</airdate><link>http://www.tvrage.com/The_BAFTA_Awards/episodes/1065261133</link><title>The 17th BAFTA Children's Awards</title></episode>
</Season>

<Season no="66">
<episode><epnum>66</epnum><seasonnum>01</seasonnum><prodnum></prodnum><airdate>2013-02-10</airdate><link>http://www.tvrage.com/The_BAFTA_Awards/episodes/1065232509</link><title>The 66th BAFTA Film Awards</title></episode>
<episode><epnum>66</epnum><seasonnum>02</seasonnum><prodnum></prodnum><airdate>2013-03-05</airdate><link>http://www.tvrage.com/The_BAFTA_Awards/episodes/1065261134</link><title>The 9th BAFTA Games Awards</title></episode>
<episode><epnum>66</epnum><seasonnum>03</seasonnum><prodnum></prodnum><airdate>2013-03-21</airdate><link>http://www.tvrage.com/The_BAFTA_Awards/episodes/1065261389</link><title>The 14th BAFTA Scotland New Talent Awards</title></episode>
<episode><epnum>66</epnum><seasonnum>04</seasonnum><prodnum></prodnum><airdate>2013-04-28</airdate><link>http://www.tvrage.com/The_BAFTA_Awards/episodes/1065232511</link><title>The 17th BAFTA Television Craft Awards</title></episode>
<episode><epnum>66</epnum><seasonnum>05</seasonnum><prodnum></prodnum><airdate>2013-05-12</airdate><link>http://www.tvrage.com/The_BAFTA_Awards/episodes/1065232510</link><title>The 60th BAFTA Television Awards</title></episode>
</Season>

</Episodelist>

</Show>