<?xml version="1.0" encoding="UTF-8" ?>


<Show>
<name>Kodocha (US)</name>
<totalseasons>1</totalseasons>
<showid>10201</showid>
<showlink>http://tvrage.com/Kodocha_US</showlink>
<started></started>
<ended></ended>
<image>http://images.tvrage.com/shows/11/10201.jpg</image>
<origin_country>AJ</origin_country>
<status>Canceled/Ended</status>
<classification>Animation</classification>
<genres><genre>Anime</genre><genre>Comedy</genre><genre>Drama</genre></genres>
<runtime>25</runtime>
<airtime>12:00</airtime>
<Episodelist>

<Season no="1">
<episode><epnum>1</epnum><seasonnum>01</seasonnum><prodnum></prodnum><airdate>0000-00-00</airdate><link>http://www.tvrage.com/Kodocha_US/episodes/348607</link><title>I'm an Elementary School Student, With an Agent!</title></episode>
<episode><epnum>2</epnum><seasonnum>02</seasonnum><prodnum></prodnum><airdate>0000-00-00</airdate><link>http://www.tvrage.com/Kodocha_US/episodes/348608</link><title>The Whole Classroom is a Monkey Mountain</title></episode>
<episode><epnum>3</epnum><seasonnum>03</seasonnum><prodnum></prodnum><airdate>0000-00-00</airdate><link>http://www.tvrage.com/Kodocha_US/episodes/348609</link><title>Operation Eyeball, Toothball</title></episode>
<episode><epnum>4</epnum><seasonnum>04</seasonnum><prodnum></prodnum><airdate>0000-00-00</airdate><link>http://www.tvrage.com/Kodocha_US/episodes/348610</link><title>Lone Wolf, Awooo!</title></episode>
<episode><epnum>5</epnum><seasonnum>05</seasonnum><prodnum></prodnum><airdate>0000-00-00</airdate><link>http://www.tvrage.com/Kodocha_US/episodes/348612</link><title>Where are you going Mr. Dark and Gloomy?</title></episode>
<episode><epnum>6</epnum><seasonnum>06</seasonnum><prodnum></prodnum><airdate>0000-00-00</airdate><link>http://www.tvrage.com/Kodocha_US/episodes/348613</link><title>Crazy Stew Family Crisis</title></episode>
<episode><epnum>7</epnum><seasonnum>07</seasonnum><prodnum></prodnum><airdate>0000-00-00</airdate><link>http://www.tvrage.com/Kodocha_US/episodes/348614</link><title>Asako Kurumi... Rival in Love!</title></episode>
<episode><epnum>8</epnum><seasonnum>08</seasonnum><prodnum></prodnum><airdate>0000-00-00</airdate><link>http://www.tvrage.com/Kodocha_US/episodes/348615</link><title>A Fruit Juice Soaked First Kiss!</title></episode>
<episode><epnum>9</epnum><seasonnum>09</seasonnum><prodnum></prodnum><airdate>0000-00-00</airdate><link>http://www.tvrage.com/Kodocha_US/episodes/348616</link><title>Double Double Sana's Love Trouble</title></episode>
<episode><epnum>10</epnum><seasonnum>10</seasonnum><prodnum></prodnum><airdate>0000-00-00</airdate><link>http://www.tvrage.com/Kodocha_US/episodes/348617</link><title>Love Flew Out the Window Like a Chicken!</title></episode>
<episode><epnum>11</epnum><seasonnum>11</seasonnum><prodnum></prodnum><airdate>0000-00-00</airdate><link>http://www.tvrage.com/Kodocha_US/episodes/348618</link><title>Mr. Hayama, You're a Real Dad</title></episode>
<episode><epnum>12</epnum><seasonnum>12</seasonnum><prodnum></prodnum><airdate>0000-00-00</airdate><link>http://www.tvrage.com/Kodocha_US/episodes/348619</link><title>This Time, Sana is the Lone Wolf</title></episode>
<episode><epnum>13</epnum><seasonnum>13</seasonnum><prodnum></prodnum><airdate>0000-00-00</airdate><link>http://www.tvrage.com/Kodocha_US/episodes/348620</link><title>My name's going to change</title></episode>
<episode><epnum>14</epnum><seasonnum>14</seasonnum><prodnum></prodnum><airdate>0000-00-00</airdate><link>http://www.tvrage.com/Kodocha_US/episodes/348621</link><title>A summer promise - first part</title></episode>
<episode><epnum>15</epnum><seasonnum>15</seasonnum><prodnum></prodnum><airdate>0000-00-00</airdate><link>http://www.tvrage.com/Kodocha_US/episodes/348622</link><title>A summer promise - continuation</title></episode>
<episode><epnum>16</epnum><seasonnum>16</seasonnum><prodnum></prodnum><airdate>0000-00-00</airdate><link>http://www.tvrage.com/Kodocha_US/episodes/348623</link><title>Meeting of two beating hearts</title></episode>
<episode><epnum>17</epnum><seasonnum>17</seasonnum><prodnum></prodnum><airdate>0000-00-00</airdate><link>http://www.tvrage.com/Kodocha_US/episodes/348624</link><title>Mother's book of surprises</title></episode>
<episode><epnum>18</epnum><seasonnum>18</seasonnum><prodnum></prodnum><airdate>0000-00-00</airdate><link>http://www.tvrage.com/Kodocha_US/episodes/348625</link><title>The hungry couple playing hide-and-seek</title></episode>
<episode><epnum>19</epnum><seasonnum>19</seasonnum><prodnum></prodnum><airdate>0000-00-00</airdate><link>http://www.tvrage.com/Kodocha_US/episodes/348626</link><title>Crying crying daughter, mother is also crying</title></episode>
<episode><epnum>20</epnum><seasonnum>20</seasonnum><prodnum></prodnum><airdate>0000-00-00</airdate><link>http://www.tvrage.com/Kodocha_US/episodes/348627</link><title>Feeling good at the Sana-chan quiz</title></episode>
<episode><epnum>21</epnum><seasonnum>21</seasonnum><prodnum></prodnum><airdate>0000-00-00</airdate><link>http://www.tvrage.com/Kodocha_US/episodes/348628</link><title>Karate mind and retirement declaration</title></episode>
<episode><epnum>22</epnum><seasonnum>22</seasonnum><prodnum></prodnum><airdate>0000-00-00</airdate><link>http://www.tvrage.com/Kodocha_US/episodes/348630</link><title>It's a small-sized Hayama?</title></episode>
<episode><epnum>23</epnum><seasonnum>23</seasonnum><prodnum></prodnum><airdate>0000-00-00</airdate><link>http://www.tvrage.com/Kodocha_US/episodes/348631</link><title>Clear skies with occasional disappearing</title></episode>
<episode><epnum>24</epnum><seasonnum>24</seasonnum><prodnum></prodnum><airdate>0000-00-00</airdate><link>http://www.tvrage.com/Kodocha_US/episodes/348632</link><title>Math life makes me crazy</title></episode>
<episode><epnum>25</epnum><seasonnum>25</seasonnum><prodnum></prodnum><airdate>0000-00-00</airdate><link>http://www.tvrage.com/Kodocha_US/episodes/348635</link><title>A band-aid for wounded feelings?</title></episode>
<episode><epnum>26</epnum><seasonnum>26</seasonnum><prodnum></prodnum><airdate>0000-00-00</airdate><link>http://www.tvrage.com/Kodocha_US/episodes/348636</link><title>Morning's cock-a-doodle-doo comes</title></episode>
<episode><epnum>27</epnum><seasonnum>27</seasonnum><prodnum></prodnum><airdate>1970-07-01</airdate><link>http://www.tvrage.com/Kodocha_US/episodes/348637</link><title>Give me sympathy &amp; loan me money</title></episode>
<episode><epnum>28</epnum><seasonnum>28</seasonnum><prodnum></prodnum><airdate>1970-07-08</airdate><link>http://www.tvrage.com/Kodocha_US/episodes/348638</link><title>Romantic Father Hayama's song</title></episode>
<episode><epnum>29</epnum><seasonnum>29</seasonnum><prodnum></prodnum><airdate>1970-07-15</airdate><link>http://www.tvrage.com/Kodocha_US/episodes/348639</link><title>Here comes Mama's mama</title></episode>
<episode><epnum>30</epnum><seasonnum>30</seasonnum><prodnum></prodnum><airdate>1970-07-22</airdate><link>http://www.tvrage.com/Kodocha_US/episodes/348640</link><title>My boyfriend has endurance</title></episode>
<episode><epnum>31</epnum><seasonnum>31</seasonnum><prodnum></prodnum><airdate>1970-07-29</airdate><link>http://www.tvrage.com/Kodocha_US/episodes/348641</link><title>The snake barges in</title></episode>
<episode><epnum>32</epnum><seasonnum>32</seasonnum><prodnum></prodnum><airdate>1970-08-05</airdate><link>http://www.tvrage.com/Kodocha_US/episodes/348642</link><title>Dad, you're arrested</title></episode>
<episode><epnum>33</epnum><seasonnum>33</seasonnum><prodnum></prodnum><airdate>1970-08-12</airdate><link>http://www.tvrage.com/Kodocha_US/episodes/348643</link><title>Love has curry's taste</title></episode>
<episode><epnum>34</epnum><seasonnum>34</seasonnum><prodnum></prodnum><airdate>1970-08-19</airdate><link>http://www.tvrage.com/Kodocha_US/episodes/348644</link><title>Heart singing 3-2-1</title></episode>
<episode><epnum>35</epnum><seasonnum>35</seasonnum><prodnum></prodnum><airdate>1970-08-26</airdate><link>http://www.tvrage.com/Kodocha_US/episodes/348645</link><title>The reason for the present</title></episode>
<episode><epnum>36</epnum><seasonnum>36</seasonnum><prodnum></prodnum><airdate>1970-09-02</airdate><link>http://www.tvrage.com/Kodocha_US/episodes/348646</link><title>Take me to Kusatsu</title></episode>
<episode><epnum>37</epnum><seasonnum>37</seasonnum><prodnum></prodnum><airdate>1970-09-09</airdate><link>http://www.tvrage.com/Kodocha_US/episodes/348647</link><title>Kiss! Karate &amp; trumpet fight</title></episode>
<episode><epnum>38</epnum><seasonnum>38</seasonnum><prodnum></prodnum><airdate>1970-09-16</airdate><link>http://www.tvrage.com/Kodocha_US/episodes/348648</link><title>Pounding-heart kiss for Christmas</title></episode>
<episode><epnum>39</epnum><seasonnum>39</seasonnum><prodnum></prodnum><airdate>1970-09-23</airdate><link>http://www.tvrage.com/Kodocha_US/episodes/348649</link><title>100 Haya-moths buzzing around</title></episode>
<episode><epnum>40</epnum><seasonnum>40</seasonnum><prodnum></prodnum><airdate>1970-09-30</airdate><link>http://www.tvrage.com/Kodocha_US/episodes/348650</link><title>Suddenly homeless one day</title></episode>
<episode><epnum>41</epnum><seasonnum>41</seasonnum><prodnum></prodnum><airdate>1970-10-07</airdate><link>http://www.tvrage.com/Kodocha_US/episodes/348651</link><title>That person forced me out</title></episode>
<episode><epnum>42</epnum><seasonnum>42</seasonnum><prodnum></prodnum><airdate>1970-10-14</airdate><link>http://www.tvrage.com/Kodocha_US/episodes/348652</link><title>Frantic just before the deadline</title></episode>
<episode><epnum>43</epnum><seasonnum>43</seasonnum><prodnum></prodnum><airdate>1970-10-21</airdate><link>http://www.tvrage.com/Kodocha_US/episodes/348653</link><title>He's like my father</title></episode>
<episode><epnum>44</epnum><seasonnum>44</seasonnum><prodnum></prodnum><airdate>1970-10-28</airdate><link>http://www.tvrage.com/Kodocha_US/episodes/348654</link><title>Gomi-kun, Gomi-kun, where are you going?</title></episode>
<episode><epnum>45</epnum><seasonnum>45</seasonnum><prodnum></prodnum><airdate>1970-11-04</airdate><link>http://www.tvrage.com/Kodocha_US/episodes/348655</link><title>Bittersweet Valentine's Day</title></episode>
<episode><epnum>46</epnum><seasonnum>46</seasonnum><prodnum></prodnum><airdate>1970-11-11</airdate><link>http://www.tvrage.com/Kodocha_US/episodes/348656</link><title>Am I wrong to run away?</title></episode>
<episode><epnum>47</epnum><seasonnum>47</seasonnum><prodnum></prodnum><airdate>1970-11-18</airdate><link>http://www.tvrage.com/Kodocha_US/episodes/348657</link><title>Me &amp; you together under one roof</title></episode>
<episode><epnum>48</epnum><seasonnum>48</seasonnum><prodnum></prodnum><airdate>1970-11-25</airdate><link>http://www.tvrage.com/Kodocha_US/episodes/348658</link><title>Father, you are my father</title></episode>
<episode><epnum>49</epnum><seasonnum>49</seasonnum><prodnum></prodnum><airdate>1970-12-02</airdate><link>http://www.tvrage.com/Kodocha_US/episodes/348659</link><title>This is our last scene</title></episode>
<episode><epnum>50</epnum><seasonnum>50</seasonnum><prodnum></prodnum><airdate>1970-12-09</airdate><link>http://www.tvrage.com/Kodocha_US/episodes/348660</link><title>Spring comes after a torrent of tears</title></episode>
<episode><epnum>51</epnum><seasonnum>51</seasonnum><prodnum></prodnum><airdate>1970-12-16</airdate><link>http://www.tvrage.com/Kodocha_US/episodes/348661</link><title>Until today &amp; starting tomorrow</title></episode>
</Season>

</Episodelist>

</Show>