<?xml version="1.0" encoding="UTF-8" ?>


<Show>
<name>Golden Windows</name>
<totalseasons>1</totalseasons>
<showid>10208</showid>
<showlink>http://tvrage.com/shows/id-10208</showlink>
<started>Jul/05/1954</started>
<ended>Apr/01/1955</ended>
<origin_country>US</origin_country>
<status>Canceled/Ended</status>
<classification>Scripted</classification>
<genres><genre>Soaps</genre></genres>
<runtime>15</runtime>
<network country="US">NBC</network>
<airtime>15:15</airtime>
<airday>Weekdays</airday>
<timezone>GMT-5 -DST</timezone>
<Episodelist>

<Season no="1">
<episode><epnum>1</epnum><seasonnum>01</seasonnum><prodnum></prodnum><airdate>1954-07-05</airdate><link>http://www.tvrage.com/shows/id-10208/episodes/349573</link><title>Episode 1</title></episode>
<episode><epnum>2</epnum><seasonnum>02</seasonnum><prodnum></prodnum><airdate>1954-07-06</airdate><link>http://www.tvrage.com/shows/id-10208/episodes/349574</link><title>Episode 2</title></episode>
<episode><epnum>3</epnum><seasonnum>03</seasonnum><prodnum></prodnum><airdate>1954-07-07</airdate><link>http://www.tvrage.com/shows/id-10208/episodes/349576</link><title>Episode 3</title></episode>
<episode><epnum>4</epnum><seasonnum>04</seasonnum><prodnum></prodnum><airdate>1954-07-08</airdate><link>http://www.tvrage.com/shows/id-10208/episodes/349577</link><title>Episode 4</title></episode>
<episode><epnum>5</epnum><seasonnum>05</seasonnum><prodnum></prodnum><airdate>1954-07-09</airdate><link>http://www.tvrage.com/shows/id-10208/episodes/349580</link><title>Episode 5</title></episode>
<episode><epnum>6</epnum><seasonnum>06</seasonnum><prodnum></prodnum><airdate>1954-07-12</airdate><link>http://www.tvrage.com/shows/id-10208/episodes/349581</link><title>Episode 6</title></episode>
<episode><epnum>7</epnum><seasonnum>07</seasonnum><prodnum></prodnum><airdate>1954-07-13</airdate><link>http://www.tvrage.com/shows/id-10208/episodes/349584</link><title>Episode 7</title></episode>
<episode><epnum>8</epnum><seasonnum>08</seasonnum><prodnum></prodnum><airdate>1954-07-14</airdate><link>http://www.tvrage.com/shows/id-10208/episodes/349585</link><title>Episode 8</title></episode>
<episode><epnum>9</epnum><seasonnum>09</seasonnum><prodnum></prodnum><airdate>1954-07-15</airdate><link>http://www.tvrage.com/shows/id-10208/episodes/349586</link><title>Episode 9</title></episode>
<episode><epnum>10</epnum><seasonnum>10</seasonnum><prodnum></prodnum><airdate>1954-07-16</airdate><link>http://www.tvrage.com/shows/id-10208/episodes/349589</link><title>Episode 10</title></episode>
<episode><epnum>11</epnum><seasonnum>11</seasonnum><prodnum></prodnum><airdate>1954-07-19</airdate><link>http://www.tvrage.com/shows/id-10208/episodes/349591</link><title>Episode 11</title></episode>
<episode><epnum>12</epnum><seasonnum>12</seasonnum><prodnum></prodnum><airdate>1954-07-20</airdate><link>http://www.tvrage.com/shows/id-10208/episodes/349594</link><title>Episode 12</title></episode>
<episode><epnum>13</epnum><seasonnum>13</seasonnum><prodnum></prodnum><airdate>1954-07-21</airdate><link>http://www.tvrage.com/shows/id-10208/episodes/349595</link><title>Episode 13</title></episode>
<episode><epnum>14</epnum><seasonnum>14</seasonnum><prodnum></prodnum><airdate>1954-07-22</airdate><link>http://www.tvrage.com/shows/id-10208/episodes/349598</link><title>Episode 14</title></episode>
<episode><epnum>15</epnum><seasonnum>15</seasonnum><prodnum></prodnum><airdate>1954-07-23</airdate><link>http://www.tvrage.com/shows/id-10208/episodes/349600</link><title>Episode 15</title></episode>
<episode><epnum>16</epnum><seasonnum>16</seasonnum><prodnum></prodnum><airdate>1954-07-26</airdate><link>http://www.tvrage.com/shows/id-10208/episodes/349602</link><title>Episode 16</title></episode>
<episode><epnum>17</epnum><seasonnum>17</seasonnum><prodnum></prodnum><airdate>1954-07-27</airdate><link>http://www.tvrage.com/shows/id-10208/episodes/349605</link><title>Episode 17</title></episode>
<episode><epnum>18</epnum><seasonnum>18</seasonnum><prodnum></prodnum><airdate>1954-07-28</airdate><link>http://www.tvrage.com/shows/id-10208/episodes/349607</link><title>Episode 18</title></episode>
<episode><epnum>19</epnum><seasonnum>19</seasonnum><prodnum></prodnum><airdate>1954-07-29</airdate><link>http://www.tvrage.com/shows/id-10208/episodes/349609</link><title>Episode 19</title></episode>
<episode><epnum>20</epnum><seasonnum>20</seasonnum><prodnum></prodnum><airdate>1954-07-30</airdate><link>http://www.tvrage.com/shows/id-10208/episodes/349611</link><title>Episode 20</title></episode>
<episode><epnum>21</epnum><seasonnum>21</seasonnum><prodnum></prodnum><airdate>1954-08-02</airdate><link>http://www.tvrage.com/shows/id-10208/episodes/349613</link><title>Episode 21</title></episode>
<episode><epnum>22</epnum><seasonnum>22</seasonnum><prodnum></prodnum><airdate>1954-08-03</airdate><link>http://www.tvrage.com/shows/id-10208/episodes/349615</link><title>Episode 22</title></episode>
<episode><epnum>23</epnum><seasonnum>23</seasonnum><prodnum></prodnum><airdate>1954-08-04</airdate><link>http://www.tvrage.com/shows/id-10208/episodes/349617</link><title>Episode 23</title></episode>
<episode><epnum>24</epnum><seasonnum>24</seasonnum><prodnum></prodnum><airdate>1954-08-05</airdate><link>http://www.tvrage.com/shows/id-10208/episodes/349619</link><title>Episode 24</title></episode>
<episode><epnum>25</epnum><seasonnum>25</seasonnum><prodnum></prodnum><airdate>1954-08-06</airdate><link>http://www.tvrage.com/shows/id-10208/episodes/349620</link><title>Episode 25</title></episode>
<episode><epnum>26</epnum><seasonnum>26</seasonnum><prodnum></prodnum><airdate>1954-08-09</airdate><link>http://www.tvrage.com/shows/id-10208/episodes/349623</link><title>Episode 26</title></episode>
<episode><epnum>27</epnum><seasonnum>27</seasonnum><prodnum></prodnum><airdate>1954-08-10</airdate><link>http://www.tvrage.com/shows/id-10208/episodes/349625</link><title>Episode 27</title></episode>
<episode><epnum>28</epnum><seasonnum>28</seasonnum><prodnum></prodnum><airdate>1954-08-11</airdate><link>http://www.tvrage.com/shows/id-10208/episodes/349628</link><title>Episode 28</title></episode>
<episode><epnum>29</epnum><seasonnum>29</seasonnum><prodnum></prodnum><airdate>1954-08-12</airdate><link>http://www.tvrage.com/shows/id-10208/episodes/349630</link><title>Episode 29</title></episode>
<episode><epnum>30</epnum><seasonnum>30</seasonnum><prodnum></prodnum><airdate>1954-08-13</airdate><link>http://www.tvrage.com/shows/id-10208/episodes/349632</link><title>Episode 30</title></episode>
<episode><epnum>31</epnum><seasonnum>31</seasonnum><prodnum></prodnum><airdate>1954-08-16</airdate><link>http://www.tvrage.com/shows/id-10208/episodes/349635</link><title>Episode 31</title></episode>
<episode><epnum>32</epnum><seasonnum>32</seasonnum><prodnum></prodnum><airdate>1954-08-17</airdate><link>http://www.tvrage.com/shows/id-10208/episodes/349638</link><title>Episode 32</title></episode>
<episode><epnum>33</epnum><seasonnum>33</seasonnum><prodnum></prodnum><airdate>1954-08-18</airdate><link>http://www.tvrage.com/shows/id-10208/episodes/349640</link><title>Episode 33</title></episode>
<episode><epnum>34</epnum><seasonnum>34</seasonnum><prodnum></prodnum><airdate>1954-08-19</airdate><link>http://www.tvrage.com/shows/id-10208/episodes/349641</link><title>Episode 34</title></episode>
<episode><epnum>35</epnum><seasonnum>35</seasonnum><prodnum></prodnum><airdate>1954-08-20</airdate><link>http://www.tvrage.com/shows/id-10208/episodes/349643</link><title>Episode 35</title></episode>
<episode><epnum>36</epnum><seasonnum>36</seasonnum><prodnum></prodnum><airdate>1954-08-23</airdate><link>http://www.tvrage.com/shows/id-10208/episodes/349646</link><title>Episode 36</title></episode>
<episode><epnum>37</epnum><seasonnum>37</seasonnum><prodnum></prodnum><airdate>1954-08-24</airdate><link>http://www.tvrage.com/shows/id-10208/episodes/349648</link><title>Episode 37</title></episode>
<episode><epnum>38</epnum><seasonnum>38</seasonnum><prodnum></prodnum><airdate>1954-08-25</airdate><link>http://www.tvrage.com/shows/id-10208/episodes/349650</link><title>Episode 38</title></episode>
<episode><epnum>39</epnum><seasonnum>39</seasonnum><prodnum></prodnum><airdate>1954-08-26</airdate><link>http://www.tvrage.com/shows/id-10208/episodes/349652</link><title>Episode 39</title></episode>
<episode><epnum>40</epnum><seasonnum>40</seasonnum><prodnum></prodnum><airdate>1954-08-27</airdate><link>http://www.tvrage.com/shows/id-10208/episodes/349654</link><title>Episode 40</title></episode>
<episode><epnum>41</epnum><seasonnum>41</seasonnum><prodnum></prodnum><airdate>1954-08-30</airdate><link>http://www.tvrage.com/shows/id-10208/episodes/349656</link><title>Episode 41</title></episode>
<episode><epnum>42</epnum><seasonnum>42</seasonnum><prodnum></prodnum><airdate>1954-08-31</airdate><link>http://www.tvrage.com/shows/id-10208/episodes/349659</link><title>Episode 42</title></episode>
<episode><epnum>43</epnum><seasonnum>43</seasonnum><prodnum></prodnum><airdate>1954-09-01</airdate><link>http://www.tvrage.com/shows/id-10208/episodes/349660</link><title>Episode 43</title></episode>
<episode><epnum>44</epnum><seasonnum>44</seasonnum><prodnum></prodnum><airdate>1954-09-02</airdate><link>http://www.tvrage.com/shows/id-10208/episodes/349663</link><title>Episode 44</title></episode>
<episode><epnum>45</epnum><seasonnum>45</seasonnum><prodnum></prodnum><airdate>1954-09-03</airdate><link>http://www.tvrage.com/shows/id-10208/episodes/349666</link><title>Episode 45</title></episode>
<episode><epnum>46</epnum><seasonnum>46</seasonnum><prodnum></prodnum><airdate>1954-09-06</airdate><link>http://www.tvrage.com/shows/id-10208/episodes/349669</link><title>Episode 46</title></episode>
<episode><epnum>47</epnum><seasonnum>47</seasonnum><prodnum></prodnum><airdate>1954-09-07</airdate><link>http://www.tvrage.com/shows/id-10208/episodes/349671</link><title>Episode 47</title></episode>
<episode><epnum>48</epnum><seasonnum>48</seasonnum><prodnum></prodnum><airdate>1954-09-08</airdate><link>http://www.tvrage.com/shows/id-10208/episodes/349673</link><title>Episode 48</title></episode>
<episode><epnum>49</epnum><seasonnum>49</seasonnum><prodnum></prodnum><airdate>1954-09-09</airdate><link>http://www.tvrage.com/shows/id-10208/episodes/349674</link><title>Episode 49</title></episode>
<episode><epnum>50</epnum><seasonnum>50</seasonnum><prodnum></prodnum><airdate>1954-09-10</airdate><link>http://www.tvrage.com/shows/id-10208/episodes/349676</link><title>Episode 50</title></episode>
<episode><epnum>51</epnum><seasonnum>51</seasonnum><prodnum></prodnum><airdate>1954-09-13</airdate><link>http://www.tvrage.com/shows/id-10208/episodes/349678</link><title>Episode 51</title></episode>
<episode><epnum>52</epnum><seasonnum>52</seasonnum><prodnum></prodnum><airdate>1954-09-14</airdate><link>http://www.tvrage.com/shows/id-10208/episodes/349680</link><title>Episode 52</title></episode>
<episode><epnum>53</epnum><seasonnum>53</seasonnum><prodnum></prodnum><airdate>1954-09-15</airdate><link>http://www.tvrage.com/shows/id-10208/episodes/349683</link><title>Episode 53</title></episode>
<episode><epnum>54</epnum><seasonnum>54</seasonnum><prodnum></prodnum><airdate>1954-09-16</airdate><link>http://www.tvrage.com/shows/id-10208/episodes/349686</link><title>Episode 54</title></episode>
<episode><epnum>55</epnum><seasonnum>55</seasonnum><prodnum></prodnum><airdate>1954-09-17</airdate><link>http://www.tvrage.com/shows/id-10208/episodes/349688</link><title>Episode 55</title></episode>
<episode><epnum>56</epnum><seasonnum>56</seasonnum><prodnum></prodnum><airdate>1954-09-20</airdate><link>http://www.tvrage.com/shows/id-10208/episodes/349690</link><title>Episode 56</title></episode>
<episode><epnum>57</epnum><seasonnum>57</seasonnum><prodnum></prodnum><airdate>1954-09-21</airdate><link>http://www.tvrage.com/shows/id-10208/episodes/349692</link><title>Episode 57</title></episode>
<episode><epnum>58</epnum><seasonnum>58</seasonnum><prodnum></prodnum><airdate>1954-09-22</airdate><link>http://www.tvrage.com/shows/id-10208/episodes/349694</link><title>Episode 58</title></episode>
<episode><epnum>59</epnum><seasonnum>59</seasonnum><prodnum></prodnum><airdate>1954-09-23</airdate><link>http://www.tvrage.com/shows/id-10208/episodes/349695</link><title>Episode 59</title></episode>
<episode><epnum>60</epnum><seasonnum>60</seasonnum><prodnum></prodnum><airdate>1954-09-24</airdate><link>http://www.tvrage.com/shows/id-10208/episodes/349697</link><title>Episode 60</title></episode>
<episode><epnum>61</epnum><seasonnum>61</seasonnum><prodnum></prodnum><airdate>1954-09-27</airdate><link>http://www.tvrage.com/shows/id-10208/episodes/349700</link><title>Episode 61</title></episode>
<episode><epnum>62</epnum><seasonnum>62</seasonnum><prodnum></prodnum><airdate>1954-09-28</airdate><link>http://www.tvrage.com/shows/id-10208/episodes/349702</link><title>Episode 62</title></episode>
<episode><epnum>63</epnum><seasonnum>63</seasonnum><prodnum></prodnum><airdate>1954-09-29</airdate><link>http://www.tvrage.com/shows/id-10208/episodes/349704</link><title>Episode 63</title></episode>
<episode><epnum>64</epnum><seasonnum>64</seasonnum><prodnum></prodnum><airdate>1954-09-30</airdate><link>http://www.tvrage.com/shows/id-10208/episodes/349706</link><title>Episode 64</title></episode>
<episode><epnum>65</epnum><seasonnum>65</seasonnum><prodnum></prodnum><airdate>1954-10-01</airdate><link>http://www.tvrage.com/shows/id-10208/episodes/349708</link><title>Episode 65</title></episode>
<episode><epnum>66</epnum><seasonnum>66</seasonnum><prodnum></prodnum><airdate>1954-10-04</airdate><link>http://www.tvrage.com/shows/id-10208/episodes/349710</link><title>Episode 66</title></episode>
<episode><epnum>67</epnum><seasonnum>67</seasonnum><prodnum></prodnum><airdate>1954-10-05</airdate><link>http://www.tvrage.com/shows/id-10208/episodes/349712</link><title>Episode 67</title></episode>
<episode><epnum>68</epnum><seasonnum>68</seasonnum><prodnum></prodnum><airdate>1954-10-06</airdate><link>http://www.tvrage.com/shows/id-10208/episodes/349714</link><title>Episode 68</title></episode>
<episode><epnum>69</epnum><seasonnum>69</seasonnum><prodnum></prodnum><airdate>1954-10-07</airdate><link>http://www.tvrage.com/shows/id-10208/episodes/349716</link><title>Episode 69</title></episode>
<episode><epnum>70</epnum><seasonnum>70</seasonnum><prodnum></prodnum><airdate>1954-10-08</airdate><link>http://www.tvrage.com/shows/id-10208/episodes/349718</link><title>Episode 70</title></episode>
<episode><epnum>71</epnum><seasonnum>71</seasonnum><prodnum></prodnum><airdate>1954-10-11</airdate><link>http://www.tvrage.com/shows/id-10208/episodes/349720</link><title>Episode 71</title></episode>
<episode><epnum>72</epnum><seasonnum>72</seasonnum><prodnum></prodnum><airdate>1954-10-12</airdate><link>http://www.tvrage.com/shows/id-10208/episodes/349722</link><title>Episode 72</title></episode>
<episode><epnum>73</epnum><seasonnum>73</seasonnum><prodnum></prodnum><airdate>1954-10-13</airdate><link>http://www.tvrage.com/shows/id-10208/episodes/349724</link><title>Episode 73</title></episode>
<episode><epnum>74</epnum><seasonnum>74</seasonnum><prodnum></prodnum><airdate>1954-10-14</airdate><link>http://www.tvrage.com/shows/id-10208/episodes/349726</link><title>Episode 74</title></episode>
<episode><epnum>75</epnum><seasonnum>75</seasonnum><prodnum></prodnum><airdate>1954-10-15</airdate><link>http://www.tvrage.com/shows/id-10208/episodes/349728</link><title>Episode 75</title></episode>
<episode><epnum>76</epnum><seasonnum>76</seasonnum><prodnum></prodnum><airdate>1954-10-18</airdate><link>http://www.tvrage.com/shows/id-10208/episodes/349731</link><title>Episode 76</title></episode>
<episode><epnum>77</epnum><seasonnum>77</seasonnum><prodnum></prodnum><airdate>1954-10-19</airdate><link>http://www.tvrage.com/shows/id-10208/episodes/349733</link><title>Episode 77</title></episode>
<episode><epnum>78</epnum><seasonnum>78</seasonnum><prodnum></prodnum><airdate>1954-10-20</airdate><link>http://www.tvrage.com/shows/id-10208/episodes/349737</link><title>Episode 78</title></episode>
<episode><epnum>79</epnum><seasonnum>79</seasonnum><prodnum></prodnum><airdate>1954-10-21</airdate><link>http://www.tvrage.com/shows/id-10208/episodes/349738</link><title>Episode 79</title></episode>
<episode><epnum>80</epnum><seasonnum>80</seasonnum><prodnum></prodnum><airdate>1954-10-22</airdate><link>http://www.tvrage.com/shows/id-10208/episodes/349740</link><title>Episode 80</title></episode>
<episode><epnum>81</epnum><seasonnum>81</seasonnum><prodnum></prodnum><airdate>1954-10-25</airdate><link>http://www.tvrage.com/shows/id-10208/episodes/349742</link><title>Episode 81</title></episode>
<episode><epnum>82</epnum><seasonnum>82</seasonnum><prodnum></prodnum><airdate>1954-10-26</airdate><link>http://www.tvrage.com/shows/id-10208/episodes/349744</link><title>Episode 82</title></episode>
<episode><epnum>83</epnum><seasonnum>83</seasonnum><prodnum></prodnum><airdate>1954-10-27</airdate><link>http://www.tvrage.com/shows/id-10208/episodes/349746</link><title>Episode 83</title></episode>
<episode><epnum>84</epnum><seasonnum>84</seasonnum><prodnum></prodnum><airdate>1954-10-28</airdate><link>http://www.tvrage.com/shows/id-10208/episodes/349748</link><title>Episode 84</title></episode>
<episode><epnum>85</epnum><seasonnum>85</seasonnum><prodnum></prodnum><airdate>1954-10-29</airdate><link>http://www.tvrage.com/shows/id-10208/episodes/349750</link><title>Episode 85</title></episode>
<episode><epnum>86</epnum><seasonnum>86</seasonnum><prodnum></prodnum><airdate>1954-11-01</airdate><link>http://www.tvrage.com/shows/id-10208/episodes/349752</link><title>Episode 86</title></episode>
<episode><epnum>87</epnum><seasonnum>87</seasonnum><prodnum></prodnum><airdate>1954-11-02</airdate><link>http://www.tvrage.com/shows/id-10208/episodes/349754</link><title>Episode 87</title></episode>
<episode><epnum>88</epnum><seasonnum>88</seasonnum><prodnum></prodnum><airdate>1954-11-03</airdate><link>http://www.tvrage.com/shows/id-10208/episodes/349756</link><title>Episode 88</title></episode>
<episode><epnum>89</epnum><seasonnum>89</seasonnum><prodnum></prodnum><airdate>1954-11-04</airdate><link>http://www.tvrage.com/shows/id-10208/episodes/349758</link><title>Episode 89</title></episode>
<episode><epnum>90</epnum><seasonnum>90</seasonnum><prodnum></prodnum><airdate>1954-11-05</airdate><link>http://www.tvrage.com/shows/id-10208/episodes/349760</link><title>Episode 90</title></episode>
<episode><epnum>91</epnum><seasonnum>91</seasonnum><prodnum></prodnum><airdate>1954-11-08</airdate><link>http://www.tvrage.com/shows/id-10208/episodes/349762</link><title>Episode 91</title></episode>
<episode><epnum>92</epnum><seasonnum>92</seasonnum><prodnum></prodnum><airdate>1954-11-09</airdate><link>http://www.tvrage.com/shows/id-10208/episodes/349764</link><title>Episode 92</title></episode>
<episode><epnum>93</epnum><seasonnum>93</seasonnum><prodnum></prodnum><airdate>1954-11-10</airdate><link>http://www.tvrage.com/shows/id-10208/episodes/349766</link><title>Episode 93</title></episode>
<episode><epnum>94</epnum><seasonnum>94</seasonnum><prodnum></prodnum><airdate>1954-11-11</airdate><link>http://www.tvrage.com/shows/id-10208/episodes/349769</link><title>Episode 94</title></episode>
<episode><epnum>95</epnum><seasonnum>95</seasonnum><prodnum></prodnum><airdate>1954-11-12</airdate><link>http://www.tvrage.com/shows/id-10208/episodes/349771</link><title>Episode 95</title></episode>
<episode><epnum>96</epnum><seasonnum>96</seasonnum><prodnum></prodnum><airdate>1954-11-15</airdate><link>http://www.tvrage.com/shows/id-10208/episodes/349773</link><title>Episode 96</title></episode>
<episode><epnum>97</epnum><seasonnum>97</seasonnum><prodnum></prodnum><airdate>1954-11-16</airdate><link>http://www.tvrage.com/shows/id-10208/episodes/349775</link><title>Episode 97</title></episode>
<episode><epnum>98</epnum><seasonnum>98</seasonnum><prodnum></prodnum><airdate>1954-11-17</airdate><link>http://www.tvrage.com/shows/id-10208/episodes/349777</link><title>Episode 98</title></episode>
<episode><epnum>99</epnum><seasonnum>99</seasonnum><prodnum></prodnum><airdate>1954-11-18</airdate><link>http://www.tvrage.com/shows/id-10208/episodes/349778</link><title>Episode 99</title></episode>
<episode><epnum>100</epnum><seasonnum>100</seasonnum><prodnum></prodnum><airdate>1954-11-19</airdate><link>http://www.tvrage.com/shows/id-10208/episodes/349779</link><title>Episode 100</title></episode>
<episode><epnum>101</epnum><seasonnum>101</seasonnum><prodnum></prodnum><airdate>1954-11-22</airdate><link>http://www.tvrage.com/shows/id-10208/episodes/349852</link><title>Episode 101</title></episode>
<episode><epnum>102</epnum><seasonnum>102</seasonnum><prodnum></prodnum><airdate>1954-11-23</airdate><link>http://www.tvrage.com/shows/id-10208/episodes/349853</link><title>Episode 102</title></episode>
<episode><epnum>103</epnum><seasonnum>103</seasonnum><prodnum></prodnum><airdate>1954-11-24</airdate><link>http://www.tvrage.com/shows/id-10208/episodes/349854</link><title>Episode 103</title></episode>
<episode><epnum>104</epnum><seasonnum>104</seasonnum><prodnum></prodnum><airdate>1954-11-26</airdate><link>http://www.tvrage.com/shows/id-10208/episodes/349855</link><title>Episode 104</title></episode>
<episode><epnum>105</epnum><seasonnum>105</seasonnum><prodnum></prodnum><airdate>1954-11-29</airdate><link>http://www.tvrage.com/shows/id-10208/episodes/349856</link><title>Episode 105</title></episode>
<episode><epnum>106</epnum><seasonnum>106</seasonnum><prodnum></prodnum><airdate>1954-11-30</airdate><link>http://www.tvrage.com/shows/id-10208/episodes/349857</link><title>Episode 106</title></episode>
<episode><epnum>107</epnum><seasonnum>107</seasonnum><prodnum></prodnum><airdate>1954-12-01</airdate><link>http://www.tvrage.com/shows/id-10208/episodes/349858</link><title>Episode 107</title></episode>
<episode><epnum>108</epnum><seasonnum>108</seasonnum><prodnum></prodnum><airdate>1954-12-02</airdate><link>http://www.tvrage.com/shows/id-10208/episodes/349859</link><title>Episode 108</title></episode>
<episode><epnum>109</epnum><seasonnum>109</seasonnum><prodnum></prodnum><airdate>1954-12-03</airdate><link>http://www.tvrage.com/shows/id-10208/episodes/349860</link><title>Episode 109</title></episode>
<episode><epnum>110</epnum><seasonnum>110</seasonnum><prodnum></prodnum><airdate>1954-12-06</airdate><link>http://www.tvrage.com/shows/id-10208/episodes/349861</link><title>Episode 110</title></episode>
<episode><epnum>111</epnum><seasonnum>111</seasonnum><prodnum></prodnum><airdate>1954-12-07</airdate><link>http://www.tvrage.com/shows/id-10208/episodes/349862</link><title>Episode 111</title></episode>
<episode><epnum>112</epnum><seasonnum>112</seasonnum><prodnum></prodnum><airdate>1954-12-08</airdate><link>http://www.tvrage.com/shows/id-10208/episodes/349863</link><title>Episode 112</title></episode>
<episode><epnum>113</epnum><seasonnum>113</seasonnum><prodnum></prodnum><airdate>1954-12-09</airdate><link>http://www.tvrage.com/shows/id-10208/episodes/349864</link><title>Episode 113</title></episode>
<episode><epnum>114</epnum><seasonnum>114</seasonnum><prodnum></prodnum><airdate>1954-12-10</airdate><link>http://www.tvrage.com/shows/id-10208/episodes/349865</link><title>Episode 114</title></episode>
<episode><epnum>115</epnum><seasonnum>115</seasonnum><prodnum></prodnum><airdate>1954-12-13</airdate><link>http://www.tvrage.com/shows/id-10208/episodes/349866</link><title>Episode 115</title></episode>
<episode><epnum>116</epnum><seasonnum>116</seasonnum><prodnum></prodnum><airdate>1954-12-14</airdate><link>http://www.tvrage.com/shows/id-10208/episodes/349867</link><title>Episode 116</title></episode>
<episode><epnum>117</epnum><seasonnum>117</seasonnum><prodnum></prodnum><airdate>1954-12-15</airdate><link>http://www.tvrage.com/shows/id-10208/episodes/349868</link><title>Episode 117</title></episode>
<episode><epnum>118</epnum><seasonnum>118</seasonnum><prodnum></prodnum><airdate>1954-12-16</airdate><link>http://www.tvrage.com/shows/id-10208/episodes/349869</link><title>Episode 118</title></episode>
<episode><epnum>119</epnum><seasonnum>119</seasonnum><prodnum></prodnum><airdate>1954-12-17</airdate><link>http://www.tvrage.com/shows/id-10208/episodes/349870</link><title>Episode 119</title></episode>
<episode><epnum>120</epnum><seasonnum>120</seasonnum><prodnum></prodnum><airdate>1954-12-20</airdate><link>http://www.tvrage.com/shows/id-10208/episodes/349871</link><title>Episode 120</title></episode>
<episode><epnum>121</epnum><seasonnum>121</seasonnum><prodnum></prodnum><airdate>1954-12-21</airdate><link>http://www.tvrage.com/shows/id-10208/episodes/349872</link><title>Episode 121</title></episode>
<episode><epnum>122</epnum><seasonnum>122</seasonnum><prodnum></prodnum><airdate>1954-12-22</airdate><link>http://www.tvrage.com/shows/id-10208/episodes/349873</link><title>Episode 122</title></episode>
<episode><epnum>123</epnum><seasonnum>123</seasonnum><prodnum></prodnum><airdate>1954-12-23</airdate><link>http://www.tvrage.com/shows/id-10208/episodes/349874</link><title>Episode 123</title></episode>
<episode><epnum>124</epnum><seasonnum>124</seasonnum><prodnum></prodnum><airdate>1954-12-24</airdate><link>http://www.tvrage.com/shows/id-10208/episodes/349875</link><title>Episode 124</title></episode>
<episode><epnum>125</epnum><seasonnum>125</seasonnum><prodnum></prodnum><airdate>1954-12-27</airdate><link>http://www.tvrage.com/shows/id-10208/episodes/349876</link><title>Episode 125</title></episode>
<episode><epnum>126</epnum><seasonnum>126</seasonnum><prodnum></prodnum><airdate>1954-12-28</airdate><link>http://www.tvrage.com/shows/id-10208/episodes/349877</link><title>Episode 126</title></episode>
<episode><epnum>127</epnum><seasonnum>127</seasonnum><prodnum></prodnum><airdate>1954-12-29</airdate><link>http://www.tvrage.com/shows/id-10208/episodes/349878</link><title>Episode 127</title></episode>
<episode><epnum>128</epnum><seasonnum>128</seasonnum><prodnum></prodnum><airdate>1954-12-30</airdate><link>http://www.tvrage.com/shows/id-10208/episodes/349879</link><title>Episode 128</title></episode>
<episode><epnum>129</epnum><seasonnum>129</seasonnum><prodnum></prodnum><airdate>1954-12-31</airdate><link>http://www.tvrage.com/shows/id-10208/episodes/349880</link><title>Episode 129</title></episode>
<episode><epnum>130</epnum><seasonnum>130</seasonnum><prodnum></prodnum><airdate>1955-01-03</airdate><link>http://www.tvrage.com/shows/id-10208/episodes/349881</link><title>Episode 130</title></episode>
<episode><epnum>131</epnum><seasonnum>131</seasonnum><prodnum></prodnum><airdate>1955-01-04</airdate><link>http://www.tvrage.com/shows/id-10208/episodes/349882</link><title>Episode 131</title></episode>
<episode><epnum>132</epnum><seasonnum>132</seasonnum><prodnum></prodnum><airdate>1955-01-05</airdate><link>http://www.tvrage.com/shows/id-10208/episodes/349883</link><title>Episode 132</title></episode>
<episode><epnum>133</epnum><seasonnum>133</seasonnum><prodnum></prodnum><airdate>1955-01-06</airdate><link>http://www.tvrage.com/shows/id-10208/episodes/349884</link><title>Episode 133</title></episode>
<episode><epnum>134</epnum><seasonnum>134</seasonnum><prodnum></prodnum><airdate>1955-01-07</airdate><link>http://www.tvrage.com/shows/id-10208/episodes/349885</link><title>Episode 134</title></episode>
<episode><epnum>135</epnum><seasonnum>135</seasonnum><prodnum></prodnum><airdate>1955-01-10</airdate><link>http://www.tvrage.com/shows/id-10208/episodes/349886</link><title>Episode 135</title></episode>
<episode><epnum>136</epnum><seasonnum>136</seasonnum><prodnum></prodnum><airdate>1955-01-11</airdate><link>http://www.tvrage.com/shows/id-10208/episodes/349887</link><title>Episode 136</title></episode>
<episode><epnum>137</epnum><seasonnum>137</seasonnum><prodnum></prodnum><airdate>1955-01-12</airdate><link>http://www.tvrage.com/shows/id-10208/episodes/349888</link><title>Episode 137</title></episode>
<episode><epnum>138</epnum><seasonnum>138</seasonnum><prodnum></prodnum><airdate>1955-01-13</airdate><link>http://www.tvrage.com/shows/id-10208/episodes/349889</link><title>Episode 138</title></episode>
<episode><epnum>139</epnum><seasonnum>139</seasonnum><prodnum></prodnum><airdate>1955-01-14</airdate><link>http://www.tvrage.com/shows/id-10208/episodes/349890</link><title>Episode 139</title></episode>
<episode><epnum>140</epnum><seasonnum>140</seasonnum><prodnum></prodnum><airdate>1955-01-17</airdate><link>http://www.tvrage.com/shows/id-10208/episodes/349891</link><title>Episode 140</title></episode>
<episode><epnum>141</epnum><seasonnum>141</seasonnum><prodnum></prodnum><airdate>1955-01-18</airdate><link>http://www.tvrage.com/shows/id-10208/episodes/349892</link><title>Episode 141</title></episode>
<episode><epnum>142</epnum><seasonnum>142</seasonnum><prodnum></prodnum><airdate>1955-01-19</airdate><link>http://www.tvrage.com/shows/id-10208/episodes/349893</link><title>Episode 142</title></episode>
<episode><epnum>143</epnum><seasonnum>143</seasonnum><prodnum></prodnum><airdate>1955-01-20</airdate><link>http://www.tvrage.com/shows/id-10208/episodes/349894</link><title>Episode 143</title></episode>
<episode><epnum>144</epnum><seasonnum>144</seasonnum><prodnum></prodnum><airdate>1955-01-21</airdate><link>http://www.tvrage.com/shows/id-10208/episodes/349895</link><title>Episode 144</title></episode>
<episode><epnum>145</epnum><seasonnum>145</seasonnum><prodnum></prodnum><airdate>1955-01-24</airdate><link>http://www.tvrage.com/shows/id-10208/episodes/350156</link><title>Episode 145</title></episode>
<episode><epnum>146</epnum><seasonnum>146</seasonnum><prodnum></prodnum><airdate>1955-01-25</airdate><link>http://www.tvrage.com/shows/id-10208/episodes/350157</link><title>Episode 146</title></episode>
<episode><epnum>147</epnum><seasonnum>147</seasonnum><prodnum></prodnum><airdate>1955-01-26</airdate><link>http://www.tvrage.com/shows/id-10208/episodes/350158</link><title>Episode 147</title></episode>
<episode><epnum>148</epnum><seasonnum>148</seasonnum><prodnum></prodnum><airdate>1955-01-27</airdate><link>http://www.tvrage.com/shows/id-10208/episodes/350159</link><title>Episode 148</title></episode>
<episode><epnum>149</epnum><seasonnum>149</seasonnum><prodnum></prodnum><airdate>1955-01-28</airdate><link>http://www.tvrage.com/shows/id-10208/episodes/350160</link><title>Episode 149</title></episode>
<episode><epnum>150</epnum><seasonnum>150</seasonnum><prodnum></prodnum><airdate>1955-01-31</airdate><link>http://www.tvrage.com/shows/id-10208/episodes/350161</link><title>Episode 150</title></episode>
<episode><epnum>151</epnum><seasonnum>151</seasonnum><prodnum></prodnum><airdate>1955-02-01</airdate><link>http://www.tvrage.com/shows/id-10208/episodes/350162</link><title>Episode 151</title></episode>
<episode><epnum>152</epnum><seasonnum>152</seasonnum><prodnum></prodnum><airdate>1955-02-02</airdate><link>http://www.tvrage.com/shows/id-10208/episodes/350163</link><title>Episode 152</title></episode>
<episode><epnum>153</epnum><seasonnum>153</seasonnum><prodnum></prodnum><airdate>1955-02-03</airdate><link>http://www.tvrage.com/shows/id-10208/episodes/350164</link><title>Episode 153</title></episode>
<episode><epnum>154</epnum><seasonnum>154</seasonnum><prodnum></prodnum><airdate>1955-02-04</airdate><link>http://www.tvrage.com/shows/id-10208/episodes/350165</link><title>Episode 154</title></episode>
<episode><epnum>155</epnum><seasonnum>155</seasonnum><prodnum></prodnum><airdate>1955-02-07</airdate><link>http://www.tvrage.com/shows/id-10208/episodes/350166</link><title>Episode 155</title></episode>
<episode><epnum>156</epnum><seasonnum>156</seasonnum><prodnum></prodnum><airdate>1955-02-08</airdate><link>http://www.tvrage.com/shows/id-10208/episodes/350167</link><title>Episode 156</title></episode>
<episode><epnum>157</epnum><seasonnum>157</seasonnum><prodnum></prodnum><airdate>1955-02-09</airdate><link>http://www.tvrage.com/shows/id-10208/episodes/350168</link><title>Episode 157</title></episode>
<episode><epnum>158</epnum><seasonnum>158</seasonnum><prodnum></prodnum><airdate>1955-02-10</airdate><link>http://www.tvrage.com/shows/id-10208/episodes/350169</link><title>Episode 158</title></episode>
<episode><epnum>159</epnum><seasonnum>159</seasonnum><prodnum></prodnum><airdate>1955-02-11</airdate><link>http://www.tvrage.com/shows/id-10208/episodes/350170</link><title>Episode 159</title></episode>
<episode><epnum>160</epnum><seasonnum>160</seasonnum><prodnum></prodnum><airdate>1955-02-14</airdate><link>http://www.tvrage.com/shows/id-10208/episodes/350172</link><title>Episode 160</title></episode>
<episode><epnum>161</epnum><seasonnum>161</seasonnum><prodnum></prodnum><airdate>1955-02-15</airdate><link>http://www.tvrage.com/shows/id-10208/episodes/350173</link><title>Episode 161</title></episode>
<episode><epnum>162</epnum><seasonnum>162</seasonnum><prodnum></prodnum><airdate>1955-02-16</airdate><link>http://www.tvrage.com/shows/id-10208/episodes/350174</link><title>Episode 162</title></episode>
<episode><epnum>163</epnum><seasonnum>163</seasonnum><prodnum></prodnum><airdate>1955-02-17</airdate><link>http://www.tvrage.com/shows/id-10208/episodes/350175</link><title>Episode 163</title></episode>
<episode><epnum>164</epnum><seasonnum>164</seasonnum><prodnum></prodnum><airdate>1955-02-18</airdate><link>http://www.tvrage.com/shows/id-10208/episodes/350176</link><title>Episode 164</title></episode>
<episode><epnum>165</epnum><seasonnum>165</seasonnum><prodnum></prodnum><airdate>1955-02-21</airdate><link>http://www.tvrage.com/shows/id-10208/episodes/350177</link><title>Episode 165</title></episode>
<episode><epnum>166</epnum><seasonnum>166</seasonnum><prodnum></prodnum><airdate>1955-02-22</airdate><link>http://www.tvrage.com/shows/id-10208/episodes/350178</link><title>Episode 166</title></episode>
<episode><epnum>167</epnum><seasonnum>167</seasonnum><prodnum></prodnum><airdate>1955-02-23</airdate><link>http://www.tvrage.com/shows/id-10208/episodes/350179</link><title>Episode 167</title></episode>
<episode><epnum>168</epnum><seasonnum>168</seasonnum><prodnum></prodnum><airdate>1955-02-24</airdate><link>http://www.tvrage.com/shows/id-10208/episodes/350180</link><title>Episode 168</title></episode>
<episode><epnum>169</epnum><seasonnum>169</seasonnum><prodnum></prodnum><airdate>1955-02-25</airdate><link>http://www.tvrage.com/shows/id-10208/episodes/350181</link><title>Episode 169</title></episode>
<episode><epnum>170</epnum><seasonnum>170</seasonnum><prodnum></prodnum><airdate>1955-02-28</airdate><link>http://www.tvrage.com/shows/id-10208/episodes/350182</link><title>Episode 170</title></episode>
<episode><epnum>171</epnum><seasonnum>171</seasonnum><prodnum></prodnum><airdate>1955-03-01</airdate><link>http://www.tvrage.com/shows/id-10208/episodes/350183</link><title>Episode 171</title></episode>
<episode><epnum>172</epnum><seasonnum>172</seasonnum><prodnum></prodnum><airdate>1955-03-02</airdate><link>http://www.tvrage.com/shows/id-10208/episodes/350184</link><title>Episode 172</title></episode>
<episode><epnum>173</epnum><seasonnum>173</seasonnum><prodnum></prodnum><airdate>1955-03-03</airdate><link>http://www.tvrage.com/shows/id-10208/episodes/350185</link><title>Episode 173</title></episode>
<episode><epnum>174</epnum><seasonnum>174</seasonnum><prodnum></prodnum><airdate>1955-03-04</airdate><link>http://www.tvrage.com/shows/id-10208/episodes/350186</link><title>Episode 174</title></episode>
<episode><epnum>175</epnum><seasonnum>175</seasonnum><prodnum></prodnum><airdate>1955-03-07</airdate><link>http://www.tvrage.com/shows/id-10208/episodes/350187</link><title>Episode 175</title></episode>
<episode><epnum>176</epnum><seasonnum>176</seasonnum><prodnum></prodnum><airdate>1955-03-08</airdate><link>http://www.tvrage.com/shows/id-10208/episodes/350188</link><title>Episode 176</title></episode>
<episode><epnum>177</epnum><seasonnum>177</seasonnum><prodnum></prodnum><airdate>1955-03-09</airdate><link>http://www.tvrage.com/shows/id-10208/episodes/350189</link><title>Episode 177</title></episode>
<episode><epnum>178</epnum><seasonnum>178</seasonnum><prodnum></prodnum><airdate>1955-03-10</airdate><link>http://www.tvrage.com/shows/id-10208/episodes/350190</link><title>Episode 178</title></episode>
<episode><epnum>179</epnum><seasonnum>179</seasonnum><prodnum></prodnum><airdate>1955-03-11</airdate><link>http://www.tvrage.com/shows/id-10208/episodes/350191</link><title>Episode 179</title></episode>
<episode><epnum>180</epnum><seasonnum>180</seasonnum><prodnum></prodnum><airdate>1955-03-14</airdate><link>http://www.tvrage.com/shows/id-10208/episodes/350192</link><title>Episode 180</title></episode>
<episode><epnum>181</epnum><seasonnum>181</seasonnum><prodnum></prodnum><airdate>1955-03-15</airdate><link>http://www.tvrage.com/shows/id-10208/episodes/350193</link><title>Episode 181</title></episode>
<episode><epnum>182</epnum><seasonnum>182</seasonnum><prodnum></prodnum><airdate>1955-03-16</airdate><link>http://www.tvrage.com/shows/id-10208/episodes/350194</link><title>Episode 182</title></episode>
<episode><epnum>183</epnum><seasonnum>183</seasonnum><prodnum></prodnum><airdate>1955-03-17</airdate><link>http://www.tvrage.com/shows/id-10208/episodes/350195</link><title>Episode 183</title></episode>
<episode><epnum>184</epnum><seasonnum>184</seasonnum><prodnum></prodnum><airdate>1955-03-18</airdate><link>http://www.tvrage.com/shows/id-10208/episodes/350196</link><title>Episode 184</title></episode>
<episode><epnum>185</epnum><seasonnum>185</seasonnum><prodnum></prodnum><airdate>1955-03-21</airdate><link>http://www.tvrage.com/shows/id-10208/episodes/350197</link><title>Episode 185</title></episode>
<episode><epnum>186</epnum><seasonnum>186</seasonnum><prodnum></prodnum><airdate>1955-03-22</airdate><link>http://www.tvrage.com/shows/id-10208/episodes/350198</link><title>Episode 186</title></episode>
<episode><epnum>187</epnum><seasonnum>187</seasonnum><prodnum></prodnum><airdate>1955-03-23</airdate><link>http://www.tvrage.com/shows/id-10208/episodes/350199</link><title>Episode 187</title></episode>
<episode><epnum>188</epnum><seasonnum>188</seasonnum><prodnum></prodnum><airdate>1955-03-24</airdate><link>http://www.tvrage.com/shows/id-10208/episodes/350200</link><title>Episode 188</title></episode>
<episode><epnum>189</epnum><seasonnum>189</seasonnum><prodnum></prodnum><airdate>1955-03-25</airdate><link>http://www.tvrage.com/shows/id-10208/episodes/350201</link><title>Episode 189</title></episode>
<episode><epnum>190</epnum><seasonnum>190</seasonnum><prodnum></prodnum><airdate>1955-03-28</airdate><link>http://www.tvrage.com/shows/id-10208/episodes/350202</link><title>Episode 190</title></episode>
<episode><epnum>191</epnum><seasonnum>191</seasonnum><prodnum></prodnum><airdate>1955-03-29</airdate><link>http://www.tvrage.com/shows/id-10208/episodes/350203</link><title>Episode 191</title></episode>
<episode><epnum>192</epnum><seasonnum>192</seasonnum><prodnum></prodnum><airdate>1955-03-30</airdate><link>http://www.tvrage.com/shows/id-10208/episodes/350204</link><title>Episode 192</title></episode>
<episode><epnum>193</epnum><seasonnum>193</seasonnum><prodnum></prodnum><airdate>1955-03-31</airdate><link>http://www.tvrage.com/shows/id-10208/episodes/350205</link><title>Episode 193</title></episode>
<episode><epnum>194</epnum><seasonnum>194</seasonnum><prodnum></prodnum><airdate>1955-04-01</airdate><link>http://www.tvrage.com/shows/id-10208/episodes/350206</link><title>Episode 194</title></episode>
<episode><epnum>195</epnum><seasonnum>195</seasonnum><prodnum></prodnum><airdate>1955-04-04</airdate><link>http://www.tvrage.com/shows/id-10208/episodes/350207</link><title>Episode 195</title></episode>
<episode><epnum>196</epnum><seasonnum>196</seasonnum><prodnum></prodnum><airdate>1955-04-05</airdate><link>http://www.tvrage.com/shows/id-10208/episodes/350208</link><title>Episode 196</title></episode>
<episode><epnum>197</epnum><seasonnum>197</seasonnum><prodnum></prodnum><airdate>1955-04-06</airdate><link>http://www.tvrage.com/shows/id-10208/episodes/350209</link><title>Episode 197</title></episode>
<episode><epnum>198</epnum><seasonnum>198</seasonnum><prodnum></prodnum><airdate>1955-04-07</airdate><link>http://www.tvrage.com/shows/id-10208/episodes/350210</link><title>Episode 198</title></episode>
<episode><epnum>199</epnum><seasonnum>199</seasonnum><prodnum></prodnum><airdate>1955-04-08</airdate><link>http://www.tvrage.com/shows/id-10208/episodes/350211</link><title>The Final Episode</title></episode>
</Season>

</Episodelist>

</Show>