<?xml version="1.0" encoding="UTF-8" ?>


<Show>
<name>Pyramid (2002)</name>
<totalseasons>2</totalseasons>
<showid>10216</showid>
<showlink>http://tvrage.com/shows/id-10216</showlink>
<started>Sep/16/2002</started>
<ended>May/2004</ended>
<image>http://images.tvrage.com/shows/11/10216.jpg</image>
<origin_country>US</origin_country>
<status>Canceled/Ended</status>
<classification>Game Show</classification>
<genres><genre>Tech/Gaming</genre></genres>
<runtime>30</runtime>
<network country="US">Syndicated</network>
<airtime>12:00</airtime>
<airday>Weekdays</airday>
<timezone>GMT-5 -DST</timezone>

</Show>