<?xml version="1.0" encoding="UTF-8" ?>


<Show>
<name>César Awards</name>
<totalseasons>1</totalseasons>
<showid>10210</showid>
<showlink>http://tvrage.com/shows/id-10210</showlink>
<started>Apr/1976</started>
<ended></ended>
<image>http://images.tvrage.com/shows/11/10210.jpg</image>
<origin_country>FR</origin_country>
<status>Returning Series</status>
<classification>Award Show</classification>
<genres><genre>Family</genre></genres>
<runtime>120</runtime>
<network country="FR">Unknown</network>
<airtime>12:00</airtime>
<timezone>GMT+1 -DST</timezone>

</Show>