<?xml version="1.0" encoding="UTF-8" ?>


<Show>
<name>Football Night in America</name>
<totalseasons>7</totalseasons>
<showid>10212</showid>
<showlink>http://tvrage.com/Football_Night_in_America</showlink>
<started>Sep/10/2006</started>
<ended></ended>
<image>http://images.tvrage.com/shows/11/10212.jpg</image>
<origin_country>US</origin_country>
<status>Returning Series</status>
<classification>Sports</classification>
<genres><genre>Sports</genre></genres>
<runtime>75</runtime>
<network country="US">NBC</network>
<airtime>19:00</airtime>
<airday>Sunday</airday>
<timezone>GMT-5 -DST</timezone>
<Episodelist>

<Season no="1">
<episode><epnum>1</epnum><seasonnum>01</seasonnum><prodnum></prodnum><airdate>2006-09-10</airdate><link>http://www.tvrage.com/Football_Night_in_America/episodes/465949</link><title>Week 1</title></episode>
<episode><epnum>2</epnum><seasonnum>02</seasonnum><prodnum></prodnum><airdate>2006-09-17</airdate><link>http://www.tvrage.com/Football_Night_in_America/episodes/465950</link><title>Week 2</title></episode>
<episode><epnum>3</epnum><seasonnum>03</seasonnum><prodnum></prodnum><airdate>2006-09-24</airdate><link>http://www.tvrage.com/Football_Night_in_America/episodes/465951</link><title>Week 3</title></episode>
<episode><epnum>4</epnum><seasonnum>04</seasonnum><prodnum></prodnum><airdate>2006-10-01</airdate><link>http://www.tvrage.com/Football_Night_in_America/episodes/465952</link><title>Week 4</title></episode>
<episode><epnum>5</epnum><seasonnum>05</seasonnum><prodnum></prodnum><airdate>2006-10-08</airdate><link>http://www.tvrage.com/Football_Night_in_America/episodes/465953</link><title>Week 5</title></episode>
<episode><epnum>6</epnum><seasonnum>06</seasonnum><prodnum></prodnum><airdate>2006-10-15</airdate><link>http://www.tvrage.com/Football_Night_in_America/episodes/465954</link><title>Week 6</title></episode>
<episode><epnum>7</epnum><seasonnum>07</seasonnum><prodnum></prodnum><airdate>2006-10-22</airdate><link>http://www.tvrage.com/Football_Night_in_America/episodes/465955</link><title>Week 7</title></episode>
<episode><epnum>8</epnum><seasonnum>08</seasonnum><prodnum></prodnum><airdate>2006-10-29</airdate><link>http://www.tvrage.com/Football_Night_in_America/episodes/465956</link><title>Week 8</title></episode>
<episode><epnum>9</epnum><seasonnum>09</seasonnum><prodnum></prodnum><airdate>2006-11-05</airdate><link>http://www.tvrage.com/Football_Night_in_America/episodes/465957</link><title>Week 9</title></episode>
<episode><epnum>10</epnum><seasonnum>10</seasonnum><prodnum></prodnum><airdate>2006-11-12</airdate><link>http://www.tvrage.com/Football_Night_in_America/episodes/465958</link><title>Week 10</title></episode>
<episode><epnum>11</epnum><seasonnum>11</seasonnum><prodnum></prodnum><airdate>2006-11-19</airdate><link>http://www.tvrage.com/Football_Night_in_America/episodes/465959</link><title>Week 11</title></episode>
<episode><epnum>12</epnum><seasonnum>12</seasonnum><prodnum></prodnum><airdate>2006-11-26</airdate><link>http://www.tvrage.com/Football_Night_in_America/episodes/465960</link><title>Week 12</title></episode>
<episode><epnum>13</epnum><seasonnum>13</seasonnum><prodnum></prodnum><airdate>2006-12-03</airdate><link>http://www.tvrage.com/Football_Night_in_America/episodes/465961</link><title>Week 13</title></episode>
<episode><epnum>14</epnum><seasonnum>14</seasonnum><prodnum></prodnum><airdate>2006-12-10</airdate><link>http://www.tvrage.com/Football_Night_in_America/episodes/465962</link><title>Week 14</title></episode>
<episode><epnum>15</epnum><seasonnum>15</seasonnum><prodnum></prodnum><airdate>2006-12-17</airdate><link>http://www.tvrage.com/Football_Night_in_America/episodes/465963</link><title>Week 15</title></episode>
<episode><epnum>16</epnum><seasonnum>16</seasonnum><prodnum></prodnum><airdate>2006-12-24</airdate><link>http://www.tvrage.com/Football_Night_in_America/episodes/465964</link><title>Week 16</title></episode>
<episode><epnum>17</epnum><seasonnum>17</seasonnum><prodnum></prodnum><airdate>2006-12-31</airdate><link>http://www.tvrage.com/Football_Night_in_America/episodes/465965</link><title>Week 17</title></episode>
</Season>

<Season no="2">
<episode><epnum>20</epnum><seasonnum>01</seasonnum><prodnum></prodnum><airdate>2007-09-09</airdate><link>http://www.tvrage.com/Football_Night_in_America/episodes/604967</link><title>Week 1</title></episode>
<episode><epnum>21</epnum><seasonnum>02</seasonnum><prodnum></prodnum><airdate>2007-09-16</airdate><link>http://www.tvrage.com/Football_Night_in_America/episodes/604968</link><title>Week 2</title></episode>
<episode><epnum>22</epnum><seasonnum>03</seasonnum><prodnum></prodnum><airdate>2007-09-23</airdate><link>http://www.tvrage.com/Football_Night_in_America/episodes/604969</link><title>Week 3</title></episode>
<episode><epnum>23</epnum><seasonnum>04</seasonnum><prodnum></prodnum><airdate>2007-09-30</airdate><link>http://www.tvrage.com/Football_Night_in_America/episodes/604970</link><title>Week 4</title></episode>
<episode><epnum>24</epnum><seasonnum>05</seasonnum><prodnum></prodnum><airdate>2007-10-07</airdate><link>http://www.tvrage.com/Football_Night_in_America/episodes/604971</link><title>Week 5</title></episode>
<episode><epnum>25</epnum><seasonnum>06</seasonnum><prodnum></prodnum><airdate>2007-10-14</airdate><link>http://www.tvrage.com/Football_Night_in_America/episodes/604972</link><title>Week 6</title></episode>
<episode><epnum>26</epnum><seasonnum>07</seasonnum><prodnum></prodnum><airdate>2007-10-21</airdate><link>http://www.tvrage.com/Football_Night_in_America/episodes/604973</link><title>Week 7</title></episode>
<episode><epnum>27</epnum><seasonnum>08</seasonnum><prodnum></prodnum><airdate>2007-10-28</airdate><link>http://www.tvrage.com/Football_Night_in_America/episodes/604974</link><title>Week 8</title></episode>
<episode><epnum>28</epnum><seasonnum>09</seasonnum><prodnum></prodnum><airdate>2007-11-04</airdate><link>http://www.tvrage.com/Football_Night_in_America/episodes/604975</link><title>Week 9</title></episode>
<episode><epnum>29</epnum><seasonnum>10</seasonnum><prodnum></prodnum><airdate>2007-11-11</airdate><link>http://www.tvrage.com/Football_Night_in_America/episodes/604976</link><title>Week 10</title></episode>
<episode><epnum>30</epnum><seasonnum>11</seasonnum><prodnum></prodnum><airdate>2007-11-18</airdate><link>http://www.tvrage.com/Football_Night_in_America/episodes/604977</link><title>Week 11</title></episode>
<episode><epnum>31</epnum><seasonnum>12</seasonnum><prodnum></prodnum><airdate>2007-11-25</airdate><link>http://www.tvrage.com/Football_Night_in_America/episodes/604978</link><title>Week 12</title></episode>
<episode><epnum>32</epnum><seasonnum>13</seasonnum><prodnum></prodnum><airdate>2007-12-02</airdate><link>http://www.tvrage.com/Football_Night_in_America/episodes/604979</link><title>Week 13</title></episode>
<episode><epnum>33</epnum><seasonnum>14</seasonnum><prodnum></prodnum><airdate>2007-12-09</airdate><link>http://www.tvrage.com/Football_Night_in_America/episodes/604980</link><title>Week 14</title></episode>
<episode><epnum>34</epnum><seasonnum>15</seasonnum><prodnum></prodnum><airdate>2007-12-16</airdate><link>http://www.tvrage.com/Football_Night_in_America/episodes/604981</link><title>Week 15</title></episode>
<episode><epnum>35</epnum><seasonnum>16</seasonnum><prodnum></prodnum><airdate>2007-12-23</airdate><link>http://www.tvrage.com/Football_Night_in_America/episodes/604982</link><title>Week 16</title></episode>
<episode><epnum>36</epnum><seasonnum>17</seasonnum><prodnum></prodnum><airdate>2007-12-30</airdate><link>http://www.tvrage.com/Football_Night_in_America/episodes/605203</link><title>Week 17</title></episode>
</Season>

<Season no="3">
<episode><epnum>37</epnum><seasonnum>01</seasonnum><prodnum>301</prodnum><airdate>2008-09-07</airdate><link>http://www.tvrage.com/Football_Night_in_America/episodes/712717</link><title>Season 3, Episode 1</title></episode>
<episode><epnum>38</epnum><seasonnum>02</seasonnum><prodnum>302</prodnum><airdate>2008-09-14</airdate><link>http://www.tvrage.com/Football_Night_in_America/episodes/712718</link><title>Episode 2</title></episode>
<episode><epnum>39</epnum><seasonnum>03</seasonnum><prodnum>303</prodnum><airdate>2008-09-21</airdate><link>http://www.tvrage.com/Football_Night_in_America/episodes/712719</link><title>Episode 3</title></episode>
<episode><epnum>40</epnum><seasonnum>04</seasonnum><prodnum>304</prodnum><airdate>2008-09-28</airdate><link>http://www.tvrage.com/Football_Night_in_America/episodes/716821</link><title>Episode 4</title></episode>
<episode><epnum>41</epnum><seasonnum>05</seasonnum><prodnum>305</prodnum><airdate>2008-10-05</airdate><link>http://www.tvrage.com/Football_Night_in_America/episodes/716822</link><title>Episode 5</title></episode>
<episode><epnum>42</epnum><seasonnum>06</seasonnum><prodnum>3006</prodnum><airdate>2008-10-12</airdate><link>http://www.tvrage.com/Football_Night_in_America/episodes/716823</link><title>Episode 6</title></episode>
<episode><epnum>43</epnum><seasonnum>07</seasonnum><prodnum>307</prodnum><airdate>2008-10-19</airdate><link>http://www.tvrage.com/Football_Night_in_America/episodes/716824</link><title>Episode 7</title></episode>
<episode><epnum>44</epnum><seasonnum>08</seasonnum><prodnum>308</prodnum><airdate>2008-10-26</airdate><link>http://www.tvrage.com/Football_Night_in_America/episodes/716825</link><title>Episode 8</title></episode>
<episode><epnum>45</epnum><seasonnum>09</seasonnum><prodnum>309</prodnum><airdate>2008-11-02</airdate><link>http://www.tvrage.com/Football_Night_in_America/episodes/716826</link><title>Episode 9</title></episode>
<episode><epnum>46</epnum><seasonnum>10</seasonnum><prodnum>310</prodnum><airdate>2008-11-09</airdate><link>http://www.tvrage.com/Football_Night_in_America/episodes/716827</link><title>Episode 10</title></episode>
<episode><epnum>47</epnum><seasonnum>11</seasonnum><prodnum>311</prodnum><airdate>2008-11-16</airdate><link>http://www.tvrage.com/Football_Night_in_America/episodes/716828</link><title>Episode 11</title></episode>
<episode><epnum>48</epnum><seasonnum>12</seasonnum><prodnum>312</prodnum><airdate>2008-11-23</airdate><link>http://www.tvrage.com/Football_Night_in_America/episodes/716829</link><title>Episode 12</title></episode>
<episode><epnum>49</epnum><seasonnum>13</seasonnum><prodnum>313</prodnum><airdate>2008-11-30</airdate><link>http://www.tvrage.com/Football_Night_in_America/episodes/716830</link><title>Episode 13</title></episode>
<episode><epnum>50</epnum><seasonnum>14</seasonnum><prodnum>314</prodnum><airdate>2008-12-07</airdate><link>http://www.tvrage.com/Football_Night_in_America/episodes/716831</link><title>Episode 14</title></episode>
<episode><epnum>51</epnum><seasonnum>15</seasonnum><prodnum>315</prodnum><airdate>2008-12-14</airdate><link>http://www.tvrage.com/Football_Night_in_America/episodes/716833</link><title>Episode 15</title></episode>
<episode><epnum>52</epnum><seasonnum>16</seasonnum><prodnum>316</prodnum><airdate>2008-12-21</airdate><link>http://www.tvrage.com/Football_Night_in_America/episodes/716834</link><title>Episode 16</title></episode>
<episode><epnum>53</epnum><seasonnum>17</seasonnum><prodnum>317</prodnum><airdate>2008-12-28</airdate><link>http://www.tvrage.com/Football_Night_in_America/episodes/716835</link><title>Episode 17</title></episode>
<episode><epnum>54</epnum><seasonnum>18</seasonnum><prodnum>318</prodnum><airdate>2009-01-03</airdate><link>http://www.tvrage.com/Football_Night_in_America/episodes/766804</link><title>Season 3, Episode 18</title></episode>
</Season>

<Season no="4">
<episode><epnum>55</epnum><seasonnum>01</seasonnum><prodnum>401</prodnum><airdate>2009-09-13</airdate><link>http://www.tvrage.com/Football_Night_in_America/episodes/1064811494</link><title>Season 4, Episode 1</title></episode>
<episode><epnum>56</epnum><seasonnum>02</seasonnum><prodnum>402</prodnum><airdate>2009-09-20</airdate><link>http://www.tvrage.com/Football_Night_in_America/episodes/1064811495</link><title>Season 4, Episode 2</title></episode>
<episode><epnum>57</epnum><seasonnum>03</seasonnum><prodnum>403</prodnum><airdate>2009-09-27</airdate><link>http://www.tvrage.com/Football_Night_in_America/episodes/1064811496</link><title>Season 4, Episode 3</title></episode>
<episode><epnum>58</epnum><seasonnum>04</seasonnum><prodnum>404</prodnum><airdate>2009-10-04</airdate><link>http://www.tvrage.com/Football_Night_in_America/episodes/1064811497</link><title>Season 4, Episode 4</title></episode>
<episode><epnum>59</epnum><seasonnum>05</seasonnum><prodnum>405</prodnum><airdate>2009-10-11</airdate><link>http://www.tvrage.com/Football_Night_in_America/episodes/1064811498</link><title>Season 4, Episode 5</title></episode>
<episode><epnum>60</epnum><seasonnum>06</seasonnum><prodnum>406</prodnum><airdate>2009-10-18</airdate><link>http://www.tvrage.com/Football_Night_in_America/episodes/1064811499</link><title>Season 4, Episode 6</title></episode>
<episode><epnum>61</epnum><seasonnum>07</seasonnum><prodnum>407</prodnum><airdate>2009-10-25</airdate><link>http://www.tvrage.com/Football_Night_in_America/episodes/1064811500</link><title>Season 4, Episode 7</title></episode>
<episode><epnum>62</epnum><seasonnum>08</seasonnum><prodnum>408</prodnum><airdate>2009-11-01</airdate><link>http://www.tvrage.com/Football_Night_in_America/episodes/1064877347</link><title>Season 4, Episode 8</title></episode>
<episode><epnum>63</epnum><seasonnum>09</seasonnum><prodnum>409</prodnum><airdate>2009-11-08</airdate><link>http://www.tvrage.com/Football_Night_in_America/episodes/1064877348</link><title>Season 4, Episode 9</title></episode>
<episode><epnum>64</epnum><seasonnum>10</seasonnum><prodnum>410</prodnum><airdate>2009-11-15</airdate><link>http://www.tvrage.com/Football_Night_in_America/episodes/1064877349</link><title>Season 4, Episode 10</title></episode>
<episode><epnum>65</epnum><seasonnum>11</seasonnum><prodnum>411</prodnum><airdate>2009-11-22</airdate><link>http://www.tvrage.com/Football_Night_in_America/episodes/1064877350</link><title>Season 4, Episode 11</title></episode>
<episode><epnum>66</epnum><seasonnum>12</seasonnum><prodnum>412</prodnum><airdate>2009-11-29</airdate><link>http://www.tvrage.com/Football_Night_in_America/episodes/1064877351</link><title>Season 4, Episode 12</title></episode>
<episode><epnum>67</epnum><seasonnum>13</seasonnum><prodnum>413</prodnum><airdate>2009-12-06</airdate><link>http://www.tvrage.com/Football_Night_in_America/episodes/1064877352</link><title>Season 4, Episode 13</title></episode>
<episode><epnum>68</epnum><seasonnum>14</seasonnum><prodnum>414</prodnum><airdate>2009-12-13</airdate><link>http://www.tvrage.com/Football_Night_in_America/episodes/1064877353</link><title>Season 4, Episode 14</title></episode>
<episode><epnum>69</epnum><seasonnum>15</seasonnum><prodnum>415</prodnum><airdate>2009-12-20</airdate><link>http://www.tvrage.com/Football_Night_in_America/episodes/1064877354</link><title>Season 4, Episode 15</title></episode>
<episode><epnum>70</epnum><seasonnum>16</seasonnum><prodnum>416</prodnum><airdate>2009-12-27</airdate><link>http://www.tvrage.com/Football_Night_in_America/episodes/1064877355</link><title>Season 4, Episode 16</title></episode>
<episode><epnum>71</epnum><seasonnum>17</seasonnum><prodnum>417</prodnum><airdate>2010-01-03</airdate><link>http://www.tvrage.com/Football_Night_in_America/episodes/1064877356</link><title>Season 4, Episode 17</title></episode>
</Season>

<Season no="5">
<episode><epnum>72</epnum><seasonnum>01</seasonnum><prodnum></prodnum><airdate>2010-09-12</airdate><link>http://www.tvrage.com/Football_Night_in_America/episodes/1064940539</link><title>Season 5, Episode 1</title></episode>
<episode><epnum>73</epnum><seasonnum>02</seasonnum><prodnum></prodnum><airdate>2010-09-19</airdate><link>http://www.tvrage.com/Football_Night_in_America/episodes/1064940540</link><title>Season 5, Episode 2</title></episode>
<episode><epnum>74</epnum><seasonnum>03</seasonnum><prodnum></prodnum><airdate>2010-09-26</airdate><link>http://www.tvrage.com/Football_Night_in_America/episodes/1064940541</link><title>Season 5, Episode 3</title></episode>
<episode><epnum>75</epnum><seasonnum>04</seasonnum><prodnum></prodnum><airdate>2010-10-03</airdate><link>http://www.tvrage.com/Football_Night_in_America/episodes/1064940542</link><title>Season 5, Episode 4</title></episode>
<episode><epnum>76</epnum><seasonnum>05</seasonnum><prodnum></prodnum><airdate>2010-10-10</airdate><link>http://www.tvrage.com/Football_Night_in_America/episodes/1064940543</link><title>Season 5, Episode 5</title></episode>
<episode><epnum>77</epnum><seasonnum>06</seasonnum><prodnum></prodnum><airdate>2010-10-17</airdate><link>http://www.tvrage.com/Football_Night_in_America/episodes/1064940544</link><title>Season 5, Episode 6</title></episode>
<episode><epnum>78</epnum><seasonnum>07</seasonnum><prodnum></prodnum><airdate>2010-10-24</airdate><link>http://www.tvrage.com/Football_Night_in_America/episodes/1064940545</link><title>Season 5, Episode 7</title></episode>
<episode><epnum>79</epnum><seasonnum>08</seasonnum><prodnum></prodnum><airdate>2010-10-31</airdate><link>http://www.tvrage.com/Football_Night_in_America/episodes/1064940546</link><title>Season 5, Episode 8</title></episode>
<episode><epnum>80</epnum><seasonnum>09</seasonnum><prodnum></prodnum><airdate>2010-11-07</airdate><link>http://www.tvrage.com/Football_Night_in_America/episodes/1064940547</link><title>Season 5, Episode 9</title></episode>
<episode><epnum>81</epnum><seasonnum>10</seasonnum><prodnum></prodnum><airdate>2010-11-14</airdate><link>http://www.tvrage.com/Football_Night_in_America/episodes/1064940548</link><title>Season 5, Episode 10</title></episode>
<episode><epnum>82</epnum><seasonnum>11</seasonnum><prodnum></prodnum><airdate>2010-11-21</airdate><link>http://www.tvrage.com/Football_Night_in_America/episodes/1064940549</link><title>Season 5, Episode 11</title></episode>
<episode><epnum>83</epnum><seasonnum>12</seasonnum><prodnum></prodnum><airdate>2010-11-28</airdate><link>http://www.tvrage.com/Football_Night_in_America/episodes/1064940550</link><title>Season 5, Episode 12</title></episode>
<episode><epnum>84</epnum><seasonnum>13</seasonnum><prodnum></prodnum><airdate>2010-12-05</airdate><link>http://www.tvrage.com/Football_Night_in_America/episodes/1064940551</link><title>Season 5, Episode 13</title></episode>
<episode><epnum>85</epnum><seasonnum>14</seasonnum><prodnum></prodnum><airdate>2010-12-12</airdate><link>http://www.tvrage.com/Football_Night_in_America/episodes/1064940552</link><title>Season 5, Episode 14</title></episode>
<episode><epnum>86</epnum><seasonnum>15</seasonnum><prodnum></prodnum><airdate>2010-12-19</airdate><link>http://www.tvrage.com/Football_Night_in_America/episodes/1064940553</link><title>Season 5, Episode 15</title></episode>
<episode><epnum>87</epnum><seasonnum>16</seasonnum><prodnum></prodnum><airdate>2010-12-26</airdate><link>http://www.tvrage.com/Football_Night_in_America/episodes/1064940554</link><title>Season 5, Episode 16</title></episode>
<episode><epnum>88</epnum><seasonnum>17</seasonnum><prodnum></prodnum><airdate>2011-01-02</airdate><link>http://www.tvrage.com/Football_Night_in_America/episodes/1064940555</link><title>Season 5, Episode 17</title></episode>
</Season>

<Season no="6">
<episode><epnum>89</epnum><seasonnum>01</seasonnum><prodnum></prodnum><airdate>2011-09-11</airdate><link>http://www.tvrage.com/Football_Night_in_America/episodes/1065068050</link><title>Week 1</title></episode>
<episode><epnum>90</epnum><seasonnum>02</seasonnum><prodnum></prodnum><airdate>2011-09-18</airdate><link>http://www.tvrage.com/Football_Night_in_America/episodes/1065068051</link><title>Week 2</title></episode>
<episode><epnum>91</epnum><seasonnum>03</seasonnum><prodnum></prodnum><airdate>2011-09-25</airdate><link>http://www.tvrage.com/Football_Night_in_America/episodes/1065068052</link><title>Week 3</title></episode>
<episode><epnum>92</epnum><seasonnum>04</seasonnum><prodnum></prodnum><airdate>2011-10-02</airdate><link>http://www.tvrage.com/Football_Night_in_America/episodes/1065068053</link><title>Week 4</title></episode>
<episode><epnum>93</epnum><seasonnum>05</seasonnum><prodnum></prodnum><airdate>2011-10-09</airdate><link>http://www.tvrage.com/Football_Night_in_America/episodes/1065068054</link><title>Week 5</title></episode>
<episode><epnum>94</epnum><seasonnum>06</seasonnum><prodnum></prodnum><airdate>2011-10-16</airdate><link>http://www.tvrage.com/Football_Night_in_America/episodes/1065068055</link><title>Week 6</title></episode>
<episode><epnum>95</epnum><seasonnum>07</seasonnum><prodnum></prodnum><airdate>2011-10-23</airdate><link>http://www.tvrage.com/Football_Night_in_America/episodes/1065075955</link><title>Week 7</title></episode>
<episode><epnum>96</epnum><seasonnum>08</seasonnum><prodnum></prodnum><airdate>2011-10-30</airdate><link>http://www.tvrage.com/Football_Night_in_America/episodes/1065075956</link><title>Week 8</title></episode>
<episode><epnum>97</epnum><seasonnum>09</seasonnum><prodnum></prodnum><airdate>2011-11-06</airdate><link>http://www.tvrage.com/Football_Night_in_America/episodes/1065075957</link><title>Week 9</title></episode>
<episode><epnum>98</epnum><seasonnum>10</seasonnum><prodnum></prodnum><airdate>2011-11-13</airdate><link>http://www.tvrage.com/Football_Night_in_America/episodes/1065075958</link><title>Week 10</title></episode>
<episode><epnum>99</epnum><seasonnum>11</seasonnum><prodnum></prodnum><airdate>2011-11-20</airdate><link>http://www.tvrage.com/Football_Night_in_America/episodes/1065075959</link><title>Week 11</title></episode>
<episode><epnum>100</epnum><seasonnum>12</seasonnum><prodnum></prodnum><airdate>2011-11-27</airdate><link>http://www.tvrage.com/Football_Night_in_America/episodes/1065075960</link><title>Week 12 - 100th Episode</title></episode>
<episode><epnum>101</epnum><seasonnum>13</seasonnum><prodnum></prodnum><airdate>2011-12-04</airdate><link>http://www.tvrage.com/Football_Night_in_America/episodes/1065075961</link><title>Week 13</title></episode>
<episode><epnum>102</epnum><seasonnum>14</seasonnum><prodnum></prodnum><airdate>2011-12-11</airdate><link>http://www.tvrage.com/Football_Night_in_America/episodes/1065075962</link><title>Week 14</title></episode>
<episode><epnum>103</epnum><seasonnum>15</seasonnum><prodnum></prodnum><airdate>2011-12-18</airdate><link>http://www.tvrage.com/Football_Night_in_America/episodes/1065075963</link><title>Week 15</title></episode>
<episode><epnum>104</epnum><seasonnum>16</seasonnum><prodnum></prodnum><airdate>2011-12-25</airdate><link>http://www.tvrage.com/Football_Night_in_America/episodes/1065075964</link><title>Week 16 - CHRISTMAS Special Episode</title></episode>
<episode><epnum>105</epnum><seasonnum>17</seasonnum><prodnum></prodnum><airdate>2012-01-01</airdate><link>http://www.tvrage.com/Football_Night_in_America/episodes/1065075965</link><title>Week 16 - NEW YEAR's night Special Episode</title></episode>
</Season>

<Season no="7">
<episode><epnum>106</epnum><seasonnum>01</seasonnum><prodnum></prodnum><airdate>2012-09-09</airdate><link>http://www.tvrage.com/Football_Night_in_America/episodes/1065211562</link><title>Week 1</title></episode>
<episode><epnum>107</epnum><seasonnum>02</seasonnum><prodnum></prodnum><airdate>2012-09-16</airdate><link>http://www.tvrage.com/Football_Night_in_America/episodes/1065211563</link><title>Week 2</title></episode>
<episode><epnum>108</epnum><seasonnum>03</seasonnum><prodnum></prodnum><airdate>2012-09-23</airdate><link>http://www.tvrage.com/Football_Night_in_America/episodes/1065211564</link><title>Week 3</title></episode>
<episode><epnum>109</epnum><seasonnum>04</seasonnum><prodnum></prodnum><airdate>2012-09-30</airdate><link>http://www.tvrage.com/Football_Night_in_America/episodes/1065223823</link><title>Week 4</title></episode>
<episode><epnum>110</epnum><seasonnum>05</seasonnum><prodnum></prodnum><airdate>2012-10-07</airdate><link>http://www.tvrage.com/Football_Night_in_America/episodes/1065223824</link><title>Week 5</title></episode>
<episode><epnum>111</epnum><seasonnum>06</seasonnum><prodnum></prodnum><airdate>2012-10-14</airdate><link>http://www.tvrage.com/Football_Night_in_America/episodes/1065223825</link><title>Week 6</title></episode>
<episode><epnum>112</epnum><seasonnum>07</seasonnum><prodnum></prodnum><airdate>2012-10-21</airdate><link>http://www.tvrage.com/Football_Night_in_America/episodes/1065223826</link><title>Week 7</title></episode>
<episode><epnum>113</epnum><seasonnum>08</seasonnum><prodnum></prodnum><airdate>2012-10-28</airdate><link>http://www.tvrage.com/Football_Night_in_America/episodes/1065223827</link><title>Week 8</title></episode>
<episode><epnum>114</epnum><seasonnum>09</seasonnum><prodnum></prodnum><airdate>2012-11-04</airdate><link>http://www.tvrage.com/Football_Night_in_America/episodes/1065223828</link><title>Week 9</title></episode>
<episode><epnum>115</epnum><seasonnum>10</seasonnum><prodnum></prodnum><airdate>2012-11-11</airdate><link>http://www.tvrage.com/Football_Night_in_America/episodes/1065223829</link><title>Week 10</title></episode>
<episode><epnum>116</epnum><seasonnum>11</seasonnum><prodnum></prodnum><airdate>2012-11-18</airdate><link>http://www.tvrage.com/Football_Night_in_America/episodes/1065223830</link><title>Week 11</title></episode>
<episode><epnum>117</epnum><seasonnum>12</seasonnum><prodnum></prodnum><airdate>2012-11-25</airdate><link>http://www.tvrage.com/Football_Night_in_America/episodes/1065223831</link><title>Week 12</title></episode>
<episode><epnum>118</epnum><seasonnum>13</seasonnum><prodnum></prodnum><airdate>2012-12-02</airdate><link>http://www.tvrage.com/Football_Night_in_America/episodes/1065223832</link><title>Week 13</title></episode>
<episode><epnum>119</epnum><seasonnum>14</seasonnum><prodnum></prodnum><airdate>2012-12-09</airdate><link>http://www.tvrage.com/Football_Night_in_America/episodes/1065223833</link><title>Week 14</title></episode>
<episode><epnum>120</epnum><seasonnum>15</seasonnum><prodnum></prodnum><airdate>2012-12-16</airdate><link>http://www.tvrage.com/Football_Night_in_America/episodes/1065223834</link><title>Week 15</title></episode>
<episode><epnum>121</epnum><seasonnum>16</seasonnum><prodnum></prodnum><airdate>2012-12-23</airdate><link>http://www.tvrage.com/Football_Night_in_America/episodes/1065223835</link><title>Week 16</title></episode>
<episode><epnum>122</epnum><seasonnum>17</seasonnum><prodnum></prodnum><airdate>2012-12-30</airdate><link>http://www.tvrage.com/Football_Night_in_America/episodes/1065223836</link><title>Week 17</title></episode>
</Season>

<Special>
<episode><season>1</season><airdate>2006-12-25</airdate><link>http://www.tvrage.com/Football_Night_in_America/episodes/561837</link><title>Christmas Day</title><runtime>30</runtime></episode>
<episode><season>1</season><airdate>2007-01-06</airdate><link>http://www.tvrage.com/Football_Night_in_America/episodes/561828</link><title>Wildcard Saturday Doubleheader</title><runtime>30</runtime></episode>
<episode><season>5</season><airdate>2011-01-08</airdate><link>http://www.tvrage.com/Football_Night_in_America/episodes/1065007085</link><title>NFL ON NBC WILDCARD Special!</title></episode>
</Special>

</Episodelist>

</Show>