<?xml version="1.0" encoding="UTF-8" ?>


<Show>
<name>Sentimental Journey</name>
<totalseasons>1</totalseasons>
<showid>1021</showid>
<showlink>http://tvrage.com/shows/id-1021</showlink>
<started>Apr/08/1998</started>
<ended>Jul/01/1998</ended>
<image>http://images.tvrage.com/shows/2/1021.jpg</image>
<origin_country>JP</origin_country>
<status>Canceled/Ended</status>
<classification>Animation</classification>
<genres><genre>Anime</genre><genre>Drama</genre></genres>
<runtime>30</runtime>
<network country="JP">TV Tokyo</network>
<airtime>00:00</airtime>
<timezone>GMT+9 -DST</timezone>
<Episodelist>

<Season no="1">
<episode><epnum>1</epnum><seasonnum>01</seasonnum><prodnum></prodnum><airdate>1998-04-08</airdate><link>http://www.tvrage.com/shows/id-1021/episodes/420440</link><title>Endo Akira~A Violin Sonata for Girls~</title></episode>
<episode><epnum>2</epnum><seasonnum>02</seasonnum><prodnum></prodnum><airdate>1998-04-15</airdate><link>http://www.tvrage.com/shows/id-1021/episodes/420441</link><title>Matsuoka Chie~The Love Song which cannot be Written~</title></episode>
<episode><epnum>3</epnum><seasonnum>03</seasonnum><prodnum></prodnum><airdate>1998-04-22</airdate><link>http://www.tvrage.com/shows/id-1021/episodes/420442</link><title>Nanase Yuu~The Angel of the Falling Star Night~</title></episode>
<episode><epnum>4</epnum><seasonnum>04</seasonnum><prodnum></prodnum><airdate>1998-04-29</airdate><link>http://www.tvrage.com/shows/id-1021/episodes/420443</link><title>Sugihara Manami~The Enthusiastic Girl~</title></episode>
<episode><epnum>5</epnum><seasonnum>05</seasonnum><prodnum></prodnum><airdate>1998-05-06</airdate><link>http://www.tvrage.com/shows/id-1021/episodes/420444</link><title>Morii Kaho~Skyscraper of Friendship Special</title></episode>
<episode><epnum>6</epnum><seasonnum>06</seasonnum><prodnum></prodnum><airdate>1998-05-13</airdate><link>http://www.tvrage.com/shows/id-1021/episodes/420445</link><title>Ayasaki Wakana~Do not Fret~</title></episode>
<episode><epnum>7</epnum><seasonnum>07</seasonnum><prodnum></prodnum><airdate>1998-05-20</airdate><link>http://www.tvrage.com/shows/id-1021/episodes/420446</link><title>Yamamoto Rurika~Abnormalities at the Frontline!~</title></episode>
<episode><epnum>8</epnum><seasonnum>08</seasonnum><prodnum></prodnum><airdate>1998-05-27</airdate><link>http://www.tvrage.com/shows/id-1021/episodes/420447</link><title>Hoshino Asuka~Dreams will never die~</title></episode>
<episode><epnum>9</epnum><seasonnum>09</seasonnum><prodnum></prodnum><airdate>1998-06-10</airdate><link>http://www.tvrage.com/shows/id-1021/episodes/420448</link><title>Hosaka Miyuki~To my tomorrow~</title></episode>
<episode><epnum>10</epnum><seasonnum>10</seasonnum><prodnum></prodnum><airdate>1998-06-17</airdate><link>http://www.tvrage.com/shows/id-1021/episodes/420449</link><title>Nagakura Emiru~A Story that is not Told~</title></episode>
<episode><epnum>11</epnum><seasonnum>11</seasonnum><prodnum></prodnum><airdate>1998-06-24</airdate><link>http://www.tvrage.com/shows/id-1021/episodes/420450</link><title>Adachi Taeko~The Bitter Triangle~</title></episode>
<episode><epnum>12</epnum><seasonnum>12</seasonnum><prodnum></prodnum><airdate>1998-07-01</airdate><link>http://www.tvrage.com/shows/id-1021/episodes/420451</link><title>Sawatari Honoka~Honoka's Love Story</title></episode>
</Season>

</Episodelist>

</Show>