<?xml version="1.0" encoding="UTF-8" ?>


<Show>
<name>Hidden Faces</name>
<totalseasons>1</totalseasons>
<showid>10213</showid>
<showlink>http://tvrage.com/shows/id-10213</showlink>
<started>Dec/30/1968</started>
<ended>Jun/27/1969</ended>
<image>http://images.tvrage.com/shows/11/10213.gif</image>
<origin_country>US</origin_country>
<status>Canceled/Ended</status>
<classification>Scripted</classification>
<genres><genre>Soaps</genre></genres>
<runtime>30</runtime>
<network country="US">NBC</network>
<airtime>13:30</airtime>
<airday>Weekdays</airday>
<timezone>GMT-5 -DST</timezone>
<Episodelist>

<Season no="1">
<episode><epnum>1</epnum><seasonnum>01</seasonnum><prodnum></prodnum><airdate>1968-12-30</airdate><link>http://www.tvrage.com/shows/id-10213/episodes/349575</link><title>Episode 1</title></episode>
<episode><epnum>2</epnum><seasonnum>02</seasonnum><prodnum></prodnum><airdate>1968-12-31</airdate><link>http://www.tvrage.com/shows/id-10213/episodes/349578</link><title>Episode 2</title></episode>
<episode><epnum>3</epnum><seasonnum>03</seasonnum><prodnum></prodnum><airdate>1969-01-02</airdate><link>http://www.tvrage.com/shows/id-10213/episodes/349579</link><title>Episode 3</title></episode>
<episode><epnum>4</epnum><seasonnum>04</seasonnum><prodnum></prodnum><airdate>1969-01-03</airdate><link>http://www.tvrage.com/shows/id-10213/episodes/349582</link><title>Episode 4</title></episode>
<episode><epnum>5</epnum><seasonnum>05</seasonnum><prodnum></prodnum><airdate>1969-01-06</airdate><link>http://www.tvrage.com/shows/id-10213/episodes/349583</link><title>Episode 5</title></episode>
<episode><epnum>6</epnum><seasonnum>06</seasonnum><prodnum></prodnum><airdate>1969-01-07</airdate><link>http://www.tvrage.com/shows/id-10213/episodes/349587</link><title>Episode 6</title></episode>
<episode><epnum>7</epnum><seasonnum>07</seasonnum><prodnum></prodnum><airdate>1969-01-08</airdate><link>http://www.tvrage.com/shows/id-10213/episodes/349588</link><title>Episode 7</title></episode>
<episode><epnum>8</epnum><seasonnum>08</seasonnum><prodnum></prodnum><airdate>1969-01-09</airdate><link>http://www.tvrage.com/shows/id-10213/episodes/349590</link><title>Episode 8</title></episode>
<episode><epnum>9</epnum><seasonnum>09</seasonnum><prodnum></prodnum><airdate>1969-01-10</airdate><link>http://www.tvrage.com/shows/id-10213/episodes/349592</link><title>Episode 9</title></episode>
<episode><epnum>10</epnum><seasonnum>10</seasonnum><prodnum></prodnum><airdate>1969-01-13</airdate><link>http://www.tvrage.com/shows/id-10213/episodes/349593</link><title>Episode 10</title></episode>
<episode><epnum>11</epnum><seasonnum>11</seasonnum><prodnum></prodnum><airdate>1969-01-14</airdate><link>http://www.tvrage.com/shows/id-10213/episodes/349596</link><title>Episode 11</title></episode>
<episode><epnum>12</epnum><seasonnum>12</seasonnum><prodnum></prodnum><airdate>1969-01-15</airdate><link>http://www.tvrage.com/shows/id-10213/episodes/349597</link><title>Episode 12</title></episode>
<episode><epnum>13</epnum><seasonnum>13</seasonnum><prodnum></prodnum><airdate>1969-01-16</airdate><link>http://www.tvrage.com/shows/id-10213/episodes/349599</link><title>Episode 13</title></episode>
<episode><epnum>14</epnum><seasonnum>14</seasonnum><prodnum></prodnum><airdate>1969-01-17</airdate><link>http://www.tvrage.com/shows/id-10213/episodes/349601</link><title>Episode 14</title></episode>
<episode><epnum>15</epnum><seasonnum>15</seasonnum><prodnum></prodnum><airdate>1969-01-20</airdate><link>http://www.tvrage.com/shows/id-10213/episodes/349604</link><title>Episode 15</title></episode>
<episode><epnum>16</epnum><seasonnum>16</seasonnum><prodnum></prodnum><airdate>1969-01-21</airdate><link>http://www.tvrage.com/shows/id-10213/episodes/349606</link><title>Episode 16</title></episode>
<episode><epnum>17</epnum><seasonnum>17</seasonnum><prodnum></prodnum><airdate>1969-01-22</airdate><link>http://www.tvrage.com/shows/id-10213/episodes/349608</link><title>Episode 17</title></episode>
<episode><epnum>18</epnum><seasonnum>18</seasonnum><prodnum></prodnum><airdate>1969-01-23</airdate><link>http://www.tvrage.com/shows/id-10213/episodes/349610</link><title>Episode 18</title></episode>
<episode><epnum>19</epnum><seasonnum>19</seasonnum><prodnum></prodnum><airdate>1969-01-24</airdate><link>http://www.tvrage.com/shows/id-10213/episodes/349612</link><title>Episode 19</title></episode>
<episode><epnum>20</epnum><seasonnum>20</seasonnum><prodnum></prodnum><airdate>1969-01-27</airdate><link>http://www.tvrage.com/shows/id-10213/episodes/349614</link><title>Episode 20</title></episode>
<episode><epnum>21</epnum><seasonnum>21</seasonnum><prodnum></prodnum><airdate>1969-01-28</airdate><link>http://www.tvrage.com/shows/id-10213/episodes/349616</link><title>Episode 21</title></episode>
<episode><epnum>22</epnum><seasonnum>22</seasonnum><prodnum></prodnum><airdate>1969-01-29</airdate><link>http://www.tvrage.com/shows/id-10213/episodes/349618</link><title>Episode 22</title></episode>
<episode><epnum>23</epnum><seasonnum>23</seasonnum><prodnum></prodnum><airdate>1969-01-30</airdate><link>http://www.tvrage.com/shows/id-10213/episodes/349621</link><title>Episode 23</title></episode>
<episode><epnum>24</epnum><seasonnum>24</seasonnum><prodnum></prodnum><airdate>1969-01-31</airdate><link>http://www.tvrage.com/shows/id-10213/episodes/349622</link><title>Episode 24</title></episode>
<episode><epnum>25</epnum><seasonnum>25</seasonnum><prodnum></prodnum><airdate>1969-02-03</airdate><link>http://www.tvrage.com/shows/id-10213/episodes/349624</link><title>Episode 25</title></episode>
<episode><epnum>26</epnum><seasonnum>26</seasonnum><prodnum></prodnum><airdate>1969-02-04</airdate><link>http://www.tvrage.com/shows/id-10213/episodes/349626</link><title>Episode 26</title></episode>
<episode><epnum>27</epnum><seasonnum>27</seasonnum><prodnum></prodnum><airdate>1969-02-05</airdate><link>http://www.tvrage.com/shows/id-10213/episodes/349629</link><title>Episode 27</title></episode>
<episode><epnum>28</epnum><seasonnum>28</seasonnum><prodnum></prodnum><airdate>1969-02-06</airdate><link>http://www.tvrage.com/shows/id-10213/episodes/349631</link><title>Episode 28</title></episode>
<episode><epnum>29</epnum><seasonnum>29</seasonnum><prodnum></prodnum><airdate>1969-02-07</airdate><link>http://www.tvrage.com/shows/id-10213/episodes/349633</link><title>Episode 29</title></episode>
<episode><epnum>30</epnum><seasonnum>30</seasonnum><prodnum></prodnum><airdate>1969-02-10</airdate><link>http://www.tvrage.com/shows/id-10213/episodes/349636</link><title>Episode 30</title></episode>
<episode><epnum>31</epnum><seasonnum>31</seasonnum><prodnum></prodnum><airdate>1969-02-11</airdate><link>http://www.tvrage.com/shows/id-10213/episodes/349637</link><title>Episode 31</title></episode>
<episode><epnum>32</epnum><seasonnum>32</seasonnum><prodnum></prodnum><airdate>1969-02-12</airdate><link>http://www.tvrage.com/shows/id-10213/episodes/349639</link><title>Episode 32</title></episode>
<episode><epnum>33</epnum><seasonnum>33</seasonnum><prodnum></prodnum><airdate>1969-02-13</airdate><link>http://www.tvrage.com/shows/id-10213/episodes/349642</link><title>Episode 33</title></episode>
<episode><epnum>34</epnum><seasonnum>34</seasonnum><prodnum></prodnum><airdate>1969-02-14</airdate><link>http://www.tvrage.com/shows/id-10213/episodes/349645</link><title>Episode 34</title></episode>
<episode><epnum>35</epnum><seasonnum>35</seasonnum><prodnum></prodnum><airdate>1969-02-17</airdate><link>http://www.tvrage.com/shows/id-10213/episodes/349647</link><title>Episode 35</title></episode>
<episode><epnum>36</epnum><seasonnum>36</seasonnum><prodnum></prodnum><airdate>1969-02-18</airdate><link>http://www.tvrage.com/shows/id-10213/episodes/349649</link><title>Episode 36</title></episode>
<episode><epnum>37</epnum><seasonnum>37</seasonnum><prodnum></prodnum><airdate>1969-02-19</airdate><link>http://www.tvrage.com/shows/id-10213/episodes/349651</link><title>Episode 37</title></episode>
<episode><epnum>38</epnum><seasonnum>38</seasonnum><prodnum></prodnum><airdate>1969-02-20</airdate><link>http://www.tvrage.com/shows/id-10213/episodes/349653</link><title>Episode 38</title></episode>
<episode><epnum>39</epnum><seasonnum>39</seasonnum><prodnum></prodnum><airdate>1969-02-21</airdate><link>http://www.tvrage.com/shows/id-10213/episodes/349655</link><title>Episode 39</title></episode>
<episode><epnum>40</epnum><seasonnum>40</seasonnum><prodnum></prodnum><airdate>1969-02-24</airdate><link>http://www.tvrage.com/shows/id-10213/episodes/349658</link><title>Episode 40</title></episode>
<episode><epnum>41</epnum><seasonnum>41</seasonnum><prodnum></prodnum><airdate>1969-02-25</airdate><link>http://www.tvrage.com/shows/id-10213/episodes/349661</link><title>Episode 41</title></episode>
<episode><epnum>42</epnum><seasonnum>42</seasonnum><prodnum></prodnum><airdate>1969-02-26</airdate><link>http://www.tvrage.com/shows/id-10213/episodes/349664</link><title>Episode 42</title></episode>
<episode><epnum>43</epnum><seasonnum>43</seasonnum><prodnum></prodnum><airdate>1969-02-27</airdate><link>http://www.tvrage.com/shows/id-10213/episodes/349665</link><title>Episode 43</title></episode>
<episode><epnum>44</epnum><seasonnum>44</seasonnum><prodnum></prodnum><airdate>1969-02-28</airdate><link>http://www.tvrage.com/shows/id-10213/episodes/349667</link><title>Episode 44</title></episode>
<episode><epnum>45</epnum><seasonnum>45</seasonnum><prodnum></prodnum><airdate>1969-03-03</airdate><link>http://www.tvrage.com/shows/id-10213/episodes/349670</link><title>Episode 45</title></episode>
<episode><epnum>46</epnum><seasonnum>46</seasonnum><prodnum></prodnum><airdate>1969-03-04</airdate><link>http://www.tvrage.com/shows/id-10213/episodes/349672</link><title>Episode 46</title></episode>
<episode><epnum>47</epnum><seasonnum>47</seasonnum><prodnum></prodnum><airdate>1969-03-05</airdate><link>http://www.tvrage.com/shows/id-10213/episodes/349675</link><title>Episode 47</title></episode>
<episode><epnum>48</epnum><seasonnum>48</seasonnum><prodnum></prodnum><airdate>1969-03-06</airdate><link>http://www.tvrage.com/shows/id-10213/episodes/349677</link><title>Episode 48</title></episode>
<episode><epnum>49</epnum><seasonnum>49</seasonnum><prodnum></prodnum><airdate>1969-03-07</airdate><link>http://www.tvrage.com/shows/id-10213/episodes/349679</link><title>Episode 49</title></episode>
<episode><epnum>50</epnum><seasonnum>50</seasonnum><prodnum></prodnum><airdate>1969-03-10</airdate><link>http://www.tvrage.com/shows/id-10213/episodes/349681</link><title>Episode 50</title></episode>
<episode><epnum>51</epnum><seasonnum>51</seasonnum><prodnum></prodnum><airdate>1969-03-11</airdate><link>http://www.tvrage.com/shows/id-10213/episodes/349685</link><title>Episode 51</title></episode>
<episode><epnum>52</epnum><seasonnum>52</seasonnum><prodnum></prodnum><airdate>1969-03-12</airdate><link>http://www.tvrage.com/shows/id-10213/episodes/349687</link><title>Episode 52</title></episode>
<episode><epnum>53</epnum><seasonnum>53</seasonnum><prodnum></prodnum><airdate>1969-03-13</airdate><link>http://www.tvrage.com/shows/id-10213/episodes/349689</link><title>Episode 53</title></episode>
<episode><epnum>54</epnum><seasonnum>54</seasonnum><prodnum></prodnum><airdate>1969-03-14</airdate><link>http://www.tvrage.com/shows/id-10213/episodes/349691</link><title>Episode 54</title></episode>
<episode><epnum>55</epnum><seasonnum>55</seasonnum><prodnum></prodnum><airdate>1969-03-17</airdate><link>http://www.tvrage.com/shows/id-10213/episodes/349693</link><title>Episode 55</title></episode>
<episode><epnum>56</epnum><seasonnum>56</seasonnum><prodnum></prodnum><airdate>1969-03-18</airdate><link>http://www.tvrage.com/shows/id-10213/episodes/349696</link><title>Episode 56</title></episode>
<episode><epnum>57</epnum><seasonnum>57</seasonnum><prodnum></prodnum><airdate>1969-03-19</airdate><link>http://www.tvrage.com/shows/id-10213/episodes/349698</link><title>Episode 57</title></episode>
<episode><epnum>58</epnum><seasonnum>58</seasonnum><prodnum></prodnum><airdate>1969-03-20</airdate><link>http://www.tvrage.com/shows/id-10213/episodes/349701</link><title>Episode 58</title></episode>
<episode><epnum>59</epnum><seasonnum>59</seasonnum><prodnum></prodnum><airdate>1969-03-21</airdate><link>http://www.tvrage.com/shows/id-10213/episodes/349703</link><title>Episode 59</title></episode>
<episode><epnum>60</epnum><seasonnum>60</seasonnum><prodnum></prodnum><airdate>1969-03-24</airdate><link>http://www.tvrage.com/shows/id-10213/episodes/349705</link><title>Episode 60</title></episode>
<episode><epnum>61</epnum><seasonnum>61</seasonnum><prodnum></prodnum><airdate>1969-03-25</airdate><link>http://www.tvrage.com/shows/id-10213/episodes/349707</link><title>Episode 61</title></episode>
<episode><epnum>62</epnum><seasonnum>62</seasonnum><prodnum></prodnum><airdate>1969-03-26</airdate><link>http://www.tvrage.com/shows/id-10213/episodes/349709</link><title>Episode 62</title></episode>
<episode><epnum>63</epnum><seasonnum>63</seasonnum><prodnum></prodnum><airdate>1969-03-27</airdate><link>http://www.tvrage.com/shows/id-10213/episodes/349711</link><title>Episode 63</title></episode>
<episode><epnum>64</epnum><seasonnum>64</seasonnum><prodnum></prodnum><airdate>1969-03-28</airdate><link>http://www.tvrage.com/shows/id-10213/episodes/349713</link><title>Episode 64</title></episode>
<episode><epnum>65</epnum><seasonnum>65</seasonnum><prodnum></prodnum><airdate>1969-03-31</airdate><link>http://www.tvrage.com/shows/id-10213/episodes/349715</link><title>Episode 65</title></episode>
<episode><epnum>66</epnum><seasonnum>66</seasonnum><prodnum></prodnum><airdate>1969-04-01</airdate><link>http://www.tvrage.com/shows/id-10213/episodes/349717</link><title>Episode 66</title></episode>
<episode><epnum>67</epnum><seasonnum>67</seasonnum><prodnum></prodnum><airdate>1969-04-02</airdate><link>http://www.tvrage.com/shows/id-10213/episodes/349719</link><title>Episode 67</title></episode>
<episode><epnum>68</epnum><seasonnum>68</seasonnum><prodnum></prodnum><airdate>1969-04-03</airdate><link>http://www.tvrage.com/shows/id-10213/episodes/349721</link><title>Episode 68</title></episode>
<episode><epnum>69</epnum><seasonnum>69</seasonnum><prodnum></prodnum><airdate>1969-04-04</airdate><link>http://www.tvrage.com/shows/id-10213/episodes/349723</link><title>Episode 69</title></episode>
<episode><epnum>70</epnum><seasonnum>70</seasonnum><prodnum></prodnum><airdate>1969-04-07</airdate><link>http://www.tvrage.com/shows/id-10213/episodes/349725</link><title>Episode 70</title></episode>
<episode><epnum>71</epnum><seasonnum>71</seasonnum><prodnum></prodnum><airdate>1969-04-08</airdate><link>http://www.tvrage.com/shows/id-10213/episodes/349727</link><title>Episode 71</title></episode>
<episode><epnum>72</epnum><seasonnum>72</seasonnum><prodnum></prodnum><airdate>1969-04-09</airdate><link>http://www.tvrage.com/shows/id-10213/episodes/349729</link><title>Episode 72</title></episode>
<episode><epnum>73</epnum><seasonnum>73</seasonnum><prodnum></prodnum><airdate>1969-04-10</airdate><link>http://www.tvrage.com/shows/id-10213/episodes/349732</link><title>Episode 73</title></episode>
<episode><epnum>74</epnum><seasonnum>74</seasonnum><prodnum></prodnum><airdate>1969-04-11</airdate><link>http://www.tvrage.com/shows/id-10213/episodes/349734</link><title>Episode 74</title></episode>
<episode><epnum>75</epnum><seasonnum>75</seasonnum><prodnum></prodnum><airdate>1969-04-14</airdate><link>http://www.tvrage.com/shows/id-10213/episodes/349736</link><title>Episode 75</title></episode>
<episode><epnum>76</epnum><seasonnum>76</seasonnum><prodnum></prodnum><airdate>1969-04-15</airdate><link>http://www.tvrage.com/shows/id-10213/episodes/349739</link><title>Episode 76</title></episode>
<episode><epnum>77</epnum><seasonnum>77</seasonnum><prodnum></prodnum><airdate>1969-04-16</airdate><link>http://www.tvrage.com/shows/id-10213/episodes/349741</link><title>Episode 77</title></episode>
<episode><epnum>78</epnum><seasonnum>78</seasonnum><prodnum></prodnum><airdate>1969-04-17</airdate><link>http://www.tvrage.com/shows/id-10213/episodes/349743</link><title>Episode 78</title></episode>
<episode><epnum>79</epnum><seasonnum>79</seasonnum><prodnum></prodnum><airdate>1969-04-18</airdate><link>http://www.tvrage.com/shows/id-10213/episodes/349745</link><title>Episode 79</title></episode>
<episode><epnum>80</epnum><seasonnum>80</seasonnum><prodnum></prodnum><airdate>1969-04-21</airdate><link>http://www.tvrage.com/shows/id-10213/episodes/349747</link><title>Episode 80</title></episode>
<episode><epnum>81</epnum><seasonnum>81</seasonnum><prodnum></prodnum><airdate>1969-04-22</airdate><link>http://www.tvrage.com/shows/id-10213/episodes/349749</link><title>Episode 81</title></episode>
<episode><epnum>82</epnum><seasonnum>82</seasonnum><prodnum></prodnum><airdate>1969-04-23</airdate><link>http://www.tvrage.com/shows/id-10213/episodes/349751</link><title>Episode 82</title></episode>
<episode><epnum>83</epnum><seasonnum>83</seasonnum><prodnum></prodnum><airdate>1969-04-24</airdate><link>http://www.tvrage.com/shows/id-10213/episodes/349753</link><title>Episode 83</title></episode>
<episode><epnum>84</epnum><seasonnum>84</seasonnum><prodnum></prodnum><airdate>1969-04-25</airdate><link>http://www.tvrage.com/shows/id-10213/episodes/349755</link><title>Episode 84</title></episode>
<episode><epnum>85</epnum><seasonnum>85</seasonnum><prodnum></prodnum><airdate>1969-04-28</airdate><link>http://www.tvrage.com/shows/id-10213/episodes/349757</link><title>Episode 85</title></episode>
<episode><epnum>86</epnum><seasonnum>86</seasonnum><prodnum></prodnum><airdate>1969-04-29</airdate><link>http://www.tvrage.com/shows/id-10213/episodes/349759</link><title>Episode 86</title></episode>
<episode><epnum>87</epnum><seasonnum>87</seasonnum><prodnum></prodnum><airdate>1969-04-30</airdate><link>http://www.tvrage.com/shows/id-10213/episodes/349761</link><title>Episode 87</title></episode>
<episode><epnum>88</epnum><seasonnum>88</seasonnum><prodnum></prodnum><airdate>1969-05-01</airdate><link>http://www.tvrage.com/shows/id-10213/episodes/349763</link><title>Episode 88</title></episode>
<episode><epnum>89</epnum><seasonnum>89</seasonnum><prodnum></prodnum><airdate>1969-05-02</airdate><link>http://www.tvrage.com/shows/id-10213/episodes/349765</link><title>Episode 89</title></episode>
<episode><epnum>90</epnum><seasonnum>90</seasonnum><prodnum></prodnum><airdate>1969-05-05</airdate><link>http://www.tvrage.com/shows/id-10213/episodes/349767</link><title>Episode 90</title></episode>
<episode><epnum>91</epnum><seasonnum>91</seasonnum><prodnum></prodnum><airdate>1969-05-06</airdate><link>http://www.tvrage.com/shows/id-10213/episodes/349768</link><title>Episode 91</title></episode>
<episode><epnum>92</epnum><seasonnum>92</seasonnum><prodnum></prodnum><airdate>1969-05-07</airdate><link>http://www.tvrage.com/shows/id-10213/episodes/349770</link><title>Episode 92</title></episode>
<episode><epnum>93</epnum><seasonnum>93</seasonnum><prodnum></prodnum><airdate>1969-05-08</airdate><link>http://www.tvrage.com/shows/id-10213/episodes/349772</link><title>Episode 93</title></episode>
<episode><epnum>94</epnum><seasonnum>94</seasonnum><prodnum></prodnum><airdate>1969-05-09</airdate><link>http://www.tvrage.com/shows/id-10213/episodes/349774</link><title>Episode 94</title></episode>
<episode><epnum>95</epnum><seasonnum>95</seasonnum><prodnum></prodnum><airdate>1969-05-12</airdate><link>http://www.tvrage.com/shows/id-10213/episodes/349776</link><title>Episode 95</title></episode>
<episode><epnum>96</epnum><seasonnum>96</seasonnum><prodnum></prodnum><airdate>1969-05-13</airdate><link>http://www.tvrage.com/shows/id-10213/episodes/349780</link><title>Episode 96</title></episode>
<episode><epnum>97</epnum><seasonnum>97</seasonnum><prodnum></prodnum><airdate>1969-05-14</airdate><link>http://www.tvrage.com/shows/id-10213/episodes/349781</link><title>Episode 97</title></episode>
<episode><epnum>98</epnum><seasonnum>98</seasonnum><prodnum></prodnum><airdate>1969-05-15</airdate><link>http://www.tvrage.com/shows/id-10213/episodes/349782</link><title>Episode 98</title></episode>
<episode><epnum>99</epnum><seasonnum>99</seasonnum><prodnum></prodnum><airdate>1969-05-16</airdate><link>http://www.tvrage.com/shows/id-10213/episodes/349783</link><title>Episode 99</title></episode>
<episode><epnum>100</epnum><seasonnum>100</seasonnum><prodnum></prodnum><airdate>1969-05-19</airdate><link>http://www.tvrage.com/shows/id-10213/episodes/349784</link><title>Episode 100</title></episode>
<episode><epnum>101</epnum><seasonnum>101</seasonnum><prodnum></prodnum><airdate>1969-05-20</airdate><link>http://www.tvrage.com/shows/id-10213/episodes/349785</link><title>Episode 101</title></episode>
<episode><epnum>102</epnum><seasonnum>102</seasonnum><prodnum></prodnum><airdate>1969-05-21</airdate><link>http://www.tvrage.com/shows/id-10213/episodes/349794</link><title>Episode 102</title></episode>
<episode><epnum>103</epnum><seasonnum>103</seasonnum><prodnum></prodnum><airdate>1969-05-22</airdate><link>http://www.tvrage.com/shows/id-10213/episodes/349795</link><title>Episode 103</title></episode>
<episode><epnum>104</epnum><seasonnum>104</seasonnum><prodnum></prodnum><airdate>1969-05-23</airdate><link>http://www.tvrage.com/shows/id-10213/episodes/349796</link><title>Episode 104</title></episode>
<episode><epnum>105</epnum><seasonnum>105</seasonnum><prodnum></prodnum><airdate>1969-05-26</airdate><link>http://www.tvrage.com/shows/id-10213/episodes/349797</link><title>Episode 105</title></episode>
<episode><epnum>106</epnum><seasonnum>106</seasonnum><prodnum></prodnum><airdate>1969-05-27</airdate><link>http://www.tvrage.com/shows/id-10213/episodes/349798</link><title>Episode 106</title></episode>
<episode><epnum>107</epnum><seasonnum>107</seasonnum><prodnum></prodnum><airdate>1969-05-28</airdate><link>http://www.tvrage.com/shows/id-10213/episodes/349799</link><title>Episode 107</title></episode>
<episode><epnum>108</epnum><seasonnum>108</seasonnum><prodnum></prodnum><airdate>1969-05-29</airdate><link>http://www.tvrage.com/shows/id-10213/episodes/349800</link><title>Episode 108</title></episode>
<episode><epnum>109</epnum><seasonnum>109</seasonnum><prodnum></prodnum><airdate>1969-05-30</airdate><link>http://www.tvrage.com/shows/id-10213/episodes/349801</link><title>Episode 109</title></episode>
<episode><epnum>110</epnum><seasonnum>110</seasonnum><prodnum></prodnum><airdate>1969-06-02</airdate><link>http://www.tvrage.com/shows/id-10213/episodes/349802</link><title>Episode 110</title></episode>
<episode><epnum>111</epnum><seasonnum>111</seasonnum><prodnum></prodnum><airdate>1969-06-03</airdate><link>http://www.tvrage.com/shows/id-10213/episodes/349803</link><title>Episode 111</title></episode>
<episode><epnum>112</epnum><seasonnum>112</seasonnum><prodnum></prodnum><airdate>1969-06-04</airdate><link>http://www.tvrage.com/shows/id-10213/episodes/349804</link><title>Episode 112</title></episode>
<episode><epnum>113</epnum><seasonnum>113</seasonnum><prodnum></prodnum><airdate>1969-06-05</airdate><link>http://www.tvrage.com/shows/id-10213/episodes/349805</link><title>Episode 113</title></episode>
<episode><epnum>114</epnum><seasonnum>114</seasonnum><prodnum></prodnum><airdate>1969-06-06</airdate><link>http://www.tvrage.com/shows/id-10213/episodes/349806</link><title>Episode 114</title></episode>
<episode><epnum>115</epnum><seasonnum>115</seasonnum><prodnum></prodnum><airdate>1969-06-07</airdate><link>http://www.tvrage.com/shows/id-10213/episodes/349807</link><title>Episode 115</title></episode>
<episode><epnum>116</epnum><seasonnum>116</seasonnum><prodnum></prodnum><airdate>1969-06-10</airdate><link>http://www.tvrage.com/shows/id-10213/episodes/349808</link><title>Episode 116</title></episode>
<episode><epnum>117</epnum><seasonnum>117</seasonnum><prodnum></prodnum><airdate>1969-06-11</airdate><link>http://www.tvrage.com/shows/id-10213/episodes/349809</link><title>Episode 117</title></episode>
<episode><epnum>118</epnum><seasonnum>118</seasonnum><prodnum></prodnum><airdate>1969-06-12</airdate><link>http://www.tvrage.com/shows/id-10213/episodes/349810</link><title>Episode 118</title></episode>
<episode><epnum>119</epnum><seasonnum>119</seasonnum><prodnum></prodnum><airdate>1969-06-13</airdate><link>http://www.tvrage.com/shows/id-10213/episodes/349811</link><title>Episode 119</title></episode>
<episode><epnum>120</epnum><seasonnum>120</seasonnum><prodnum></prodnum><airdate>1969-06-16</airdate><link>http://www.tvrage.com/shows/id-10213/episodes/349812</link><title>Episode 120</title></episode>
<episode><epnum>121</epnum><seasonnum>121</seasonnum><prodnum></prodnum><airdate>1969-06-17</airdate><link>http://www.tvrage.com/shows/id-10213/episodes/349813</link><title>Episode 121</title></episode>
<episode><epnum>122</epnum><seasonnum>122</seasonnum><prodnum></prodnum><airdate>1969-06-18</airdate><link>http://www.tvrage.com/shows/id-10213/episodes/349814</link><title>Episode 122</title></episode>
<episode><epnum>123</epnum><seasonnum>123</seasonnum><prodnum></prodnum><airdate>1969-06-19</airdate><link>http://www.tvrage.com/shows/id-10213/episodes/349815</link><title>Episode 123</title></episode>
<episode><epnum>124</epnum><seasonnum>124</seasonnum><prodnum></prodnum><airdate>1969-06-20</airdate><link>http://www.tvrage.com/shows/id-10213/episodes/349816</link><title>Episode 124</title></episode>
<episode><epnum>125</epnum><seasonnum>125</seasonnum><prodnum></prodnum><airdate>1969-06-23</airdate><link>http://www.tvrage.com/shows/id-10213/episodes/349817</link><title>Episode 125</title></episode>
<episode><epnum>126</epnum><seasonnum>126</seasonnum><prodnum></prodnum><airdate>1969-06-24</airdate><link>http://www.tvrage.com/shows/id-10213/episodes/349818</link><title>Episode 126</title></episode>
<episode><epnum>127</epnum><seasonnum>127</seasonnum><prodnum></prodnum><airdate>1969-06-25</airdate><link>http://www.tvrage.com/shows/id-10213/episodes/349819</link><title>Episode 127</title></episode>
<episode><epnum>128</epnum><seasonnum>128</seasonnum><prodnum></prodnum><airdate>1969-06-26</airdate><link>http://www.tvrage.com/shows/id-10213/episodes/349820</link><title>Episode 128</title></episode>
<episode><epnum>129</epnum><seasonnum>129</seasonnum><prodnum></prodnum><airdate>1969-06-27</airdate><link>http://www.tvrage.com/shows/id-10213/episodes/349821</link><title>The Final Episode</title></episode>
</Season>

</Episodelist>

</Show>