<?xml version="1.0" encoding="UTF-8" ?>


<Show>
<name>Chuck Norris: Karate Kommandos</name>
<totalseasons>1</totalseasons>
<showid>10223</showid>
<showlink>http://tvrage.com/Chuck_Norris-Karate_Kommandos</showlink>
<started>1986</started>
<ended>1986</ended>
<image>http://images.tvrage.com/shows/11/10223.jpg</image>
<origin_country>US</origin_country>
<status>Canceled/Ended</status>
<classification>Animation</classification>
<genres><genre>Children Cartoons</genre><genre>Action</genre><genre>Adventure</genre></genres>
<runtime>30</runtime>
<network country="US">Syndicated</network>
<airtime>05:30</airtime>
<airday>Weekdays</airday>
<timezone>GMT-5 -DST</timezone>
<akas><aka attr="Short for the full title">Karate Kommandos</aka></akas>
<Episodelist>

<Season no="1">
<episode><epnum>1</epnum><seasonnum>01</seasonnum><prodnum></prodnum><airdate>1986-09-15</airdate><link>http://www.tvrage.com/Chuck_Norris-Karate_Kommandos/episodes/352166</link><title>Deadly Dolphin</title></episode>
<episode><epnum>2</epnum><seasonnum>02</seasonnum><prodnum></prodnum><airdate>1986-09-16</airdate><link>http://www.tvrage.com/Chuck_Norris-Karate_Kommandos/episodes/352167</link><title>Target: Chuck Norris</title></episode>
<episode><epnum>3</epnum><seasonnum>03</seasonnum><prodnum></prodnum><airdate>1986-09-17</airdate><link>http://www.tvrage.com/Chuck_Norris-Karate_Kommandos/episodes/352168</link><title>Terror Train</title></episode>
<episode><epnum>4</epnum><seasonnum>04</seasonnum><prodnum></prodnum><airdate>1986-09-18</airdate><link>http://www.tvrage.com/Chuck_Norris-Karate_Kommandos/episodes/352169</link><title>Menace From Space</title></episode>
<episode><epnum>5</epnum><seasonnum>05</seasonnum><prodnum></prodnum><airdate>1986-09-19</airdate><link>http://www.tvrage.com/Chuck_Norris-Karate_Kommandos/episodes/352170</link><title>Island of the Walking Dead</title></episode>
</Season>

</Episodelist>

</Show>