<?xml version="1.0" encoding="UTF-8" ?>


<Show>
<name>Lonesome Dove</name>
<totalseasons>1</totalseasons>
<showid>10225</showid>
<showlink>http://tvrage.com/shows/id-10225</showlink>
<started>Feb/05/1989</started>
<ended>Feb/08/1989</ended>
<image>http://images.tvrage.com/shows/11/10225.jpg</image>
<origin_country>US</origin_country>
<status>Canceled/Ended</status>
<classification>Mini-Series</classification>
<genres><genre>Adventure</genre><genre>Drama</genre><genre>Family</genre></genres>
<runtime>480</runtime>
<network country="US">CBS</network>
<airtime>12:00</airtime>
<timezone>GMT-5 -DST</timezone>
<Episodelist>

<Season no="1">
<episode><epnum>1</epnum><seasonnum>01</seasonnum><prodnum></prodnum><airdate>1989-02-05</airdate><link>http://www.tvrage.com/shows/id-10225/episodes/1064966302</link><title>Episode 1</title></episode>
<episode><epnum>2</epnum><seasonnum>02</seasonnum><prodnum></prodnum><airdate>1989-02-06</airdate><link>http://www.tvrage.com/shows/id-10225/episodes/1064966303</link><title>Episode 2</title></episode>
<episode><epnum>3</epnum><seasonnum>03</seasonnum><prodnum></prodnum><airdate>1989-02-07</airdate><link>http://www.tvrage.com/shows/id-10225/episodes/1064966304</link><title>Episode 3</title></episode>
<episode><epnum>4</epnum><seasonnum>04</seasonnum><prodnum></prodnum><airdate>1989-02-08</airdate><link>http://www.tvrage.com/shows/id-10225/episodes/1064966305</link><title>Episode 4</title></episode>
</Season>

</Episodelist>

</Show>