<?xml version="1.0" encoding="UTF-8" ?>


<Show>
<name>Comic Party</name>
<totalseasons>1</totalseasons>
<showid>1022</showid>
<showlink>http://tvrage.com/shows/id-1022</showlink>
<started>Apr/2001</started>
<ended>Jun/2001</ended>
<image>http://images.tvrage.com/shows/2/1022.jpg</image>
<origin_country>JP</origin_country>
<status>Canceled/Ended</status>
<classification>Animation</classification>
<genres><genre>Anime</genre><genre>Comedy</genre><genre>Drama</genre></genres>
<runtime>30</runtime>
<network country="JP">Chiba TV</network>
<airtime>00:00</airtime>
<timezone>GMT+9 -DST</timezone>
<Episodelist>

<Season no="1">
<episode><epnum>1</epnum><seasonnum>01</seasonnum><prodnum></prodnum><airdate>2001-04-02</airdate><link>http://www.tvrage.com/shows/id-1022/episodes/272546</link><title>Destined First Experience</title></episode>
<episode><epnum>2</epnum><seasonnum>02</seasonnum><prodnum></prodnum><airdate>2001-04-09</airdate><link>http://www.tvrage.com/shows/id-1022/episodes/272547</link><title>With all your Heart and Soul</title></episode>
<episode><epnum>3</epnum><seasonnum>03</seasonnum><prodnum></prodnum><airdate>2001-04-16</airdate><link>http://www.tvrage.com/shows/id-1022/episodes/272548</link><title>Sellers, Buyers, Doujinshi Convention</title></episode>
<episode><epnum>4</epnum><seasonnum>04</seasonnum><prodnum></prodnum><airdate>2001-04-23</airdate><link>http://www.tvrage.com/shows/id-1022/episodes/272549</link><title>I Really have NO Money</title></episode>
<episode><epnum>5</epnum><seasonnum>05</seasonnum><prodnum></prodnum><airdate>2001-04-30</airdate><link>http://www.tvrage.com/shows/id-1022/episodes/272550</link><title>That is the Question</title></episode>
<episode><epnum>6</epnum><seasonnum>06</seasonnum><prodnum></prodnum><airdate>2001-05-07</airdate><link>http://www.tvrage.com/shows/id-1022/episodes/272551</link><title>Aim for Comic Party</title></episode>
<episode><epnum>7</epnum><seasonnum>07</seasonnum><prodnum></prodnum><airdate>2001-05-14</airdate><link>http://www.tvrage.com/shows/id-1022/episodes/272552</link><title>Hope of the Festival</title></episode>
<episode><epnum>8</epnum><seasonnum>08</seasonnum><prodnum></prodnum><airdate>2001-05-21</airdate><link>http://www.tvrage.com/shows/id-1022/episodes/272553</link><title>On the beach</title></episode>
<episode><epnum>9</epnum><seasonnum>09</seasonnum><prodnum></prodnum><airdate>2001-05-28</airdate><link>http://www.tvrage.com/shows/id-1022/episodes/272554</link><title>I can't Throw away my dreams</title></episode>
<episode><epnum>10</epnum><seasonnum>10</seasonnum><prodnum></prodnum><airdate>2001-06-04</airdate><link>http://www.tvrage.com/shows/id-1022/episodes/272555</link><title>The Distance between the Two</title></episode>
<episode><epnum>11</epnum><seasonnum>11</seasonnum><prodnum></prodnum><airdate>2001-06-11</airdate><link>http://www.tvrage.com/shows/id-1022/episodes/272556</link><title>The Tomorrow we can't see</title></episode>
<episode><epnum>12</epnum><seasonnum>12</seasonnum><prodnum></prodnum><airdate>2001-06-18</airdate><link>http://www.tvrage.com/shows/id-1022/episodes/272557</link><title>Return of Brothers</title></episode>
<episode><epnum>13</epnum><seasonnum>13</seasonnum><prodnum></prodnum><airdate>2001-06-25</airdate><link>http://www.tvrage.com/shows/id-1022/episodes/272558</link><title>Our Big Party</title></episode>
</Season>

</Episodelist>

</Show>