<?xml version="1.0" encoding="UTF-8" ?>


<Show>
<name>The Road Of Life</name>
<totalseasons>1</totalseasons>
<showid>10224</showid>
<showlink>http://tvrage.com/shows/id-10224</showlink>
<started>Dec/13/1954</started>
<ended>Jul/01/1955</ended>
<origin_country>US</origin_country>
<status>Canceled/Ended</status>
<classification>Scripted</classification>
<genres><genre>Soaps</genre></genres>
<runtime>15</runtime>
<network country="US">CBS</network>
<airtime>13:15</airtime>
<airday>Weekdays</airday>
<timezone>GMT-5 -DST</timezone>
<Episodelist>

<Season no="1">
<episode><epnum>1</epnum><seasonnum>01</seasonnum><prodnum></prodnum><airdate>1954-12-13</airdate><link>http://www.tvrage.com/shows/id-10224/episodes/350587</link><title>Episode 1</title></episode>
<episode><epnum>2</epnum><seasonnum>02</seasonnum><prodnum></prodnum><airdate>1954-12-14</airdate><link>http://www.tvrage.com/shows/id-10224/episodes/350588</link><title>Episode 2</title></episode>
<episode><epnum>3</epnum><seasonnum>03</seasonnum><prodnum></prodnum><airdate>1954-12-15</airdate><link>http://www.tvrage.com/shows/id-10224/episodes/350589</link><title>Episode 3</title></episode>
<episode><epnum>4</epnum><seasonnum>04</seasonnum><prodnum></prodnum><airdate>1954-12-16</airdate><link>http://www.tvrage.com/shows/id-10224/episodes/350590</link><title>Episode 4</title></episode>
<episode><epnum>5</epnum><seasonnum>05</seasonnum><prodnum></prodnum><airdate>1954-12-17</airdate><link>http://www.tvrage.com/shows/id-10224/episodes/350591</link><title>Episode 5</title></episode>
<episode><epnum>6</epnum><seasonnum>06</seasonnum><prodnum></prodnum><airdate>1954-12-20</airdate><link>http://www.tvrage.com/shows/id-10224/episodes/350592</link><title>Episode 6</title></episode>
<episode><epnum>7</epnum><seasonnum>07</seasonnum><prodnum></prodnum><airdate>1954-12-21</airdate><link>http://www.tvrage.com/shows/id-10224/episodes/350594</link><title>Episode 7</title></episode>
<episode><epnum>8</epnum><seasonnum>08</seasonnum><prodnum></prodnum><airdate>1954-12-22</airdate><link>http://www.tvrage.com/shows/id-10224/episodes/350595</link><title>Episode 8</title></episode>
<episode><epnum>9</epnum><seasonnum>09</seasonnum><prodnum></prodnum><airdate>1954-12-23</airdate><link>http://www.tvrage.com/shows/id-10224/episodes/350596</link><title>Episode 9</title></episode>
<episode><epnum>10</epnum><seasonnum>10</seasonnum><prodnum></prodnum><airdate>1954-12-24</airdate><link>http://www.tvrage.com/shows/id-10224/episodes/350597</link><title>Episode 10</title></episode>
<episode><epnum>11</epnum><seasonnum>11</seasonnum><prodnum></prodnum><airdate>1954-12-27</airdate><link>http://www.tvrage.com/shows/id-10224/episodes/350598</link><title>Episode 11</title></episode>
<episode><epnum>12</epnum><seasonnum>12</seasonnum><prodnum></prodnum><airdate>1954-12-28</airdate><link>http://www.tvrage.com/shows/id-10224/episodes/350599</link><title>Episode 12</title></episode>
<episode><epnum>13</epnum><seasonnum>13</seasonnum><prodnum></prodnum><airdate>1954-12-29</airdate><link>http://www.tvrage.com/shows/id-10224/episodes/350600</link><title>Episode 13</title></episode>
<episode><epnum>14</epnum><seasonnum>14</seasonnum><prodnum></prodnum><airdate>1954-12-30</airdate><link>http://www.tvrage.com/shows/id-10224/episodes/350601</link><title>Episode 14</title></episode>
<episode><epnum>15</epnum><seasonnum>15</seasonnum><prodnum></prodnum><airdate>1954-12-31</airdate><link>http://www.tvrage.com/shows/id-10224/episodes/350602</link><title>Episode 15</title></episode>
<episode><epnum>16</epnum><seasonnum>16</seasonnum><prodnum></prodnum><airdate>1955-01-03</airdate><link>http://www.tvrage.com/shows/id-10224/episodes/350603</link><title>Episode 16</title></episode>
<episode><epnum>17</epnum><seasonnum>17</seasonnum><prodnum></prodnum><airdate>1955-01-04</airdate><link>http://www.tvrage.com/shows/id-10224/episodes/350604</link><title>Episode 17</title></episode>
<episode><epnum>18</epnum><seasonnum>18</seasonnum><prodnum></prodnum><airdate>1955-01-05</airdate><link>http://www.tvrage.com/shows/id-10224/episodes/350605</link><title>Episode 18</title></episode>
<episode><epnum>19</epnum><seasonnum>19</seasonnum><prodnum></prodnum><airdate>1955-01-06</airdate><link>http://www.tvrage.com/shows/id-10224/episodes/350606</link><title>Episode 19</title></episode>
<episode><epnum>20</epnum><seasonnum>20</seasonnum><prodnum></prodnum><airdate>1955-01-07</airdate><link>http://www.tvrage.com/shows/id-10224/episodes/350607</link><title>Episode 20</title></episode>
<episode><epnum>21</epnum><seasonnum>21</seasonnum><prodnum></prodnum><airdate>1955-01-10</airdate><link>http://www.tvrage.com/shows/id-10224/episodes/350608</link><title>Episode 21</title></episode>
<episode><epnum>22</epnum><seasonnum>22</seasonnum><prodnum></prodnum><airdate>1955-01-11</airdate><link>http://www.tvrage.com/shows/id-10224/episodes/350609</link><title>Episode 22</title></episode>
<episode><epnum>23</epnum><seasonnum>23</seasonnum><prodnum></prodnum><airdate>1955-01-12</airdate><link>http://www.tvrage.com/shows/id-10224/episodes/350610</link><title>Episode 23</title></episode>
<episode><epnum>24</epnum><seasonnum>24</seasonnum><prodnum></prodnum><airdate>1955-01-13</airdate><link>http://www.tvrage.com/shows/id-10224/episodes/350611</link><title>Episode 24</title></episode>
<episode><epnum>25</epnum><seasonnum>25</seasonnum><prodnum></prodnum><airdate>1955-01-14</airdate><link>http://www.tvrage.com/shows/id-10224/episodes/350612</link><title>Episode 25</title></episode>
<episode><epnum>26</epnum><seasonnum>26</seasonnum><prodnum></prodnum><airdate>1955-01-17</airdate><link>http://www.tvrage.com/shows/id-10224/episodes/350613</link><title>Episode 26</title></episode>
<episode><epnum>27</epnum><seasonnum>27</seasonnum><prodnum></prodnum><airdate>1955-01-18</airdate><link>http://www.tvrage.com/shows/id-10224/episodes/350614</link><title>Episode 27</title></episode>
<episode><epnum>28</epnum><seasonnum>28</seasonnum><prodnum></prodnum><airdate>1955-01-19</airdate><link>http://www.tvrage.com/shows/id-10224/episodes/350615</link><title>Episode 28</title></episode>
<episode><epnum>29</epnum><seasonnum>29</seasonnum><prodnum></prodnum><airdate>1955-01-20</airdate><link>http://www.tvrage.com/shows/id-10224/episodes/350616</link><title>Episode 29</title></episode>
<episode><epnum>30</epnum><seasonnum>30</seasonnum><prodnum></prodnum><airdate>1955-01-21</airdate><link>http://www.tvrage.com/shows/id-10224/episodes/350617</link><title>Episode 30</title></episode>
<episode><epnum>31</epnum><seasonnum>31</seasonnum><prodnum></prodnum><airdate>1955-01-24</airdate><link>http://www.tvrage.com/shows/id-10224/episodes/350618</link><title>Episode 31</title></episode>
<episode><epnum>32</epnum><seasonnum>32</seasonnum><prodnum></prodnum><airdate>1955-01-25</airdate><link>http://www.tvrage.com/shows/id-10224/episodes/350619</link><title>Episode 32</title></episode>
<episode><epnum>33</epnum><seasonnum>33</seasonnum><prodnum></prodnum><airdate>1955-01-26</airdate><link>http://www.tvrage.com/shows/id-10224/episodes/350620</link><title>Episode 33</title></episode>
<episode><epnum>34</epnum><seasonnum>34</seasonnum><prodnum></prodnum><airdate>1955-01-27</airdate><link>http://www.tvrage.com/shows/id-10224/episodes/350621</link><title>Episode 34</title></episode>
<episode><epnum>35</epnum><seasonnum>35</seasonnum><prodnum></prodnum><airdate>1955-01-28</airdate><link>http://www.tvrage.com/shows/id-10224/episodes/350622</link><title>Episode 35</title></episode>
<episode><epnum>36</epnum><seasonnum>36</seasonnum><prodnum></prodnum><airdate>1955-01-31</airdate><link>http://www.tvrage.com/shows/id-10224/episodes/350623</link><title>Episode 36</title></episode>
<episode><epnum>37</epnum><seasonnum>37</seasonnum><prodnum></prodnum><airdate>1955-02-01</airdate><link>http://www.tvrage.com/shows/id-10224/episodes/350624</link><title>Episode 37</title></episode>
<episode><epnum>38</epnum><seasonnum>38</seasonnum><prodnum></prodnum><airdate>1955-02-02</airdate><link>http://www.tvrage.com/shows/id-10224/episodes/350625</link><title>Episode 38</title></episode>
<episode><epnum>39</epnum><seasonnum>39</seasonnum><prodnum></prodnum><airdate>1955-02-03</airdate><link>http://www.tvrage.com/shows/id-10224/episodes/350626</link><title>Episode 39</title></episode>
<episode><epnum>40</epnum><seasonnum>40</seasonnum><prodnum></prodnum><airdate>1955-02-04</airdate><link>http://www.tvrage.com/shows/id-10224/episodes/350627</link><title>Episode 40</title></episode>
<episode><epnum>41</epnum><seasonnum>41</seasonnum><prodnum></prodnum><airdate>1955-02-07</airdate><link>http://www.tvrage.com/shows/id-10224/episodes/350628</link><title>Episode 41</title></episode>
<episode><epnum>42</epnum><seasonnum>42</seasonnum><prodnum></prodnum><airdate>1955-02-08</airdate><link>http://www.tvrage.com/shows/id-10224/episodes/350629</link><title>Episode 42</title></episode>
<episode><epnum>43</epnum><seasonnum>43</seasonnum><prodnum></prodnum><airdate>1955-02-09</airdate><link>http://www.tvrage.com/shows/id-10224/episodes/350630</link><title>Episode 43</title></episode>
<episode><epnum>44</epnum><seasonnum>44</seasonnum><prodnum></prodnum><airdate>1955-02-10</airdate><link>http://www.tvrage.com/shows/id-10224/episodes/350631</link><title>Episode 44</title></episode>
<episode><epnum>45</epnum><seasonnum>45</seasonnum><prodnum></prodnum><airdate>1955-02-11</airdate><link>http://www.tvrage.com/shows/id-10224/episodes/350632</link><title>Episode 45</title></episode>
<episode><epnum>46</epnum><seasonnum>46</seasonnum><prodnum></prodnum><airdate>1955-02-14</airdate><link>http://www.tvrage.com/shows/id-10224/episodes/350633</link><title>Episode 46</title></episode>
<episode><epnum>47</epnum><seasonnum>47</seasonnum><prodnum></prodnum><airdate>1955-02-15</airdate><link>http://www.tvrage.com/shows/id-10224/episodes/350634</link><title>Episode 47</title></episode>
<episode><epnum>48</epnum><seasonnum>48</seasonnum><prodnum></prodnum><airdate>1955-02-16</airdate><link>http://www.tvrage.com/shows/id-10224/episodes/350635</link><title>Episode 48</title></episode>
<episode><epnum>49</epnum><seasonnum>49</seasonnum><prodnum></prodnum><airdate>1955-02-17</airdate><link>http://www.tvrage.com/shows/id-10224/episodes/350636</link><title>Episode 49</title></episode>
<episode><epnum>50</epnum><seasonnum>50</seasonnum><prodnum></prodnum><airdate>1955-02-18</airdate><link>http://www.tvrage.com/shows/id-10224/episodes/350637</link><title>Episode 50</title></episode>
<episode><epnum>51</epnum><seasonnum>51</seasonnum><prodnum></prodnum><airdate>1955-02-21</airdate><link>http://www.tvrage.com/shows/id-10224/episodes/350638</link><title>Episode 51</title></episode>
<episode><epnum>52</epnum><seasonnum>52</seasonnum><prodnum></prodnum><airdate>1955-02-22</airdate><link>http://www.tvrage.com/shows/id-10224/episodes/350639</link><title>Episode 52</title></episode>
<episode><epnum>53</epnum><seasonnum>53</seasonnum><prodnum></prodnum><airdate>1955-02-23</airdate><link>http://www.tvrage.com/shows/id-10224/episodes/350640</link><title>Episode 53</title></episode>
<episode><epnum>54</epnum><seasonnum>54</seasonnum><prodnum></prodnum><airdate>1955-02-24</airdate><link>http://www.tvrage.com/shows/id-10224/episodes/350641</link><title>Episode 54</title></episode>
<episode><epnum>55</epnum><seasonnum>55</seasonnum><prodnum></prodnum><airdate>1955-02-25</airdate><link>http://www.tvrage.com/shows/id-10224/episodes/350642</link><title>Episode 55</title></episode>
<episode><epnum>56</epnum><seasonnum>56</seasonnum><prodnum></prodnum><airdate>1955-02-28</airdate><link>http://www.tvrage.com/shows/id-10224/episodes/350643</link><title>Episode 56</title></episode>
<episode><epnum>57</epnum><seasonnum>57</seasonnum><prodnum></prodnum><airdate>1955-03-01</airdate><link>http://www.tvrage.com/shows/id-10224/episodes/350644</link><title>Episode 57</title></episode>
<episode><epnum>58</epnum><seasonnum>58</seasonnum><prodnum></prodnum><airdate>1955-03-02</airdate><link>http://www.tvrage.com/shows/id-10224/episodes/350645</link><title>Episode 58</title></episode>
<episode><epnum>59</epnum><seasonnum>59</seasonnum><prodnum></prodnum><airdate>1955-03-03</airdate><link>http://www.tvrage.com/shows/id-10224/episodes/350646</link><title>Episode 59</title></episode>
<episode><epnum>60</epnum><seasonnum>60</seasonnum><prodnum></prodnum><airdate>1955-03-04</airdate><link>http://www.tvrage.com/shows/id-10224/episodes/350647</link><title>Episode 60</title></episode>
<episode><epnum>61</epnum><seasonnum>61</seasonnum><prodnum></prodnum><airdate>1955-03-07</airdate><link>http://www.tvrage.com/shows/id-10224/episodes/350648</link><title>Episode 61</title></episode>
<episode><epnum>62</epnum><seasonnum>62</seasonnum><prodnum></prodnum><airdate>1955-03-08</airdate><link>http://www.tvrage.com/shows/id-10224/episodes/350649</link><title>Episode 62</title></episode>
<episode><epnum>63</epnum><seasonnum>63</seasonnum><prodnum></prodnum><airdate>1955-03-09</airdate><link>http://www.tvrage.com/shows/id-10224/episodes/350650</link><title>Episode 63</title></episode>
<episode><epnum>64</epnum><seasonnum>64</seasonnum><prodnum></prodnum><airdate>1955-03-10</airdate><link>http://www.tvrage.com/shows/id-10224/episodes/350651</link><title>Episode 64</title></episode>
<episode><epnum>65</epnum><seasonnum>65</seasonnum><prodnum></prodnum><airdate>1955-03-11</airdate><link>http://www.tvrage.com/shows/id-10224/episodes/350652</link><title>Episode 65</title></episode>
<episode><epnum>66</epnum><seasonnum>66</seasonnum><prodnum></prodnum><airdate>1955-03-14</airdate><link>http://www.tvrage.com/shows/id-10224/episodes/350653</link><title>Episode 66</title></episode>
<episode><epnum>67</epnum><seasonnum>67</seasonnum><prodnum></prodnum><airdate>1955-03-15</airdate><link>http://www.tvrage.com/shows/id-10224/episodes/350654</link><title>Episode 67</title></episode>
<episode><epnum>68</epnum><seasonnum>68</seasonnum><prodnum></prodnum><airdate>1955-03-16</airdate><link>http://www.tvrage.com/shows/id-10224/episodes/350655</link><title>Episode 68</title></episode>
<episode><epnum>69</epnum><seasonnum>69</seasonnum><prodnum></prodnum><airdate>1955-03-17</airdate><link>http://www.tvrage.com/shows/id-10224/episodes/350656</link><title>Episode 69</title></episode>
<episode><epnum>70</epnum><seasonnum>70</seasonnum><prodnum></prodnum><airdate>1955-03-18</airdate><link>http://www.tvrage.com/shows/id-10224/episodes/350657</link><title>Episode 70</title></episode>
<episode><epnum>71</epnum><seasonnum>71</seasonnum><prodnum></prodnum><airdate>1955-03-21</airdate><link>http://www.tvrage.com/shows/id-10224/episodes/350658</link><title>Episode 71</title></episode>
<episode><epnum>72</epnum><seasonnum>72</seasonnum><prodnum></prodnum><airdate>1955-03-22</airdate><link>http://www.tvrage.com/shows/id-10224/episodes/350659</link><title>Episode 72</title></episode>
<episode><epnum>73</epnum><seasonnum>73</seasonnum><prodnum></prodnum><airdate>1955-03-23</airdate><link>http://www.tvrage.com/shows/id-10224/episodes/350660</link><title>Episode 73</title></episode>
<episode><epnum>74</epnum><seasonnum>74</seasonnum><prodnum></prodnum><airdate>1955-03-24</airdate><link>http://www.tvrage.com/shows/id-10224/episodes/350661</link><title>Episode 74</title></episode>
<episode><epnum>75</epnum><seasonnum>75</seasonnum><prodnum></prodnum><airdate>1955-03-25</airdate><link>http://www.tvrage.com/shows/id-10224/episodes/350662</link><title>Episode 75</title></episode>
<episode><epnum>76</epnum><seasonnum>76</seasonnum><prodnum></prodnum><airdate>1955-03-28</airdate><link>http://www.tvrage.com/shows/id-10224/episodes/350663</link><title>Episode 76</title></episode>
<episode><epnum>77</epnum><seasonnum>77</seasonnum><prodnum></prodnum><airdate>1955-03-29</airdate><link>http://www.tvrage.com/shows/id-10224/episodes/350664</link><title>Episode 77</title></episode>
<episode><epnum>78</epnum><seasonnum>78</seasonnum><prodnum></prodnum><airdate>1955-03-30</airdate><link>http://www.tvrage.com/shows/id-10224/episodes/350665</link><title>Episode 78</title></episode>
<episode><epnum>79</epnum><seasonnum>79</seasonnum><prodnum></prodnum><airdate>1955-03-31</airdate><link>http://www.tvrage.com/shows/id-10224/episodes/350666</link><title>Episode 79</title></episode>
<episode><epnum>80</epnum><seasonnum>80</seasonnum><prodnum></prodnum><airdate>1955-04-01</airdate><link>http://www.tvrage.com/shows/id-10224/episodes/350667</link><title>Episode 80</title></episode>
<episode><epnum>81</epnum><seasonnum>81</seasonnum><prodnum></prodnum><airdate>1955-04-04</airdate><link>http://www.tvrage.com/shows/id-10224/episodes/350668</link><title>Episode 81</title></episode>
<episode><epnum>82</epnum><seasonnum>82</seasonnum><prodnum></prodnum><airdate>1955-04-05</airdate><link>http://www.tvrage.com/shows/id-10224/episodes/350669</link><title>Episode 82</title></episode>
<episode><epnum>83</epnum><seasonnum>83</seasonnum><prodnum></prodnum><airdate>1955-04-06</airdate><link>http://www.tvrage.com/shows/id-10224/episodes/350670</link><title>Episode 83</title></episode>
<episode><epnum>84</epnum><seasonnum>84</seasonnum><prodnum></prodnum><airdate>1955-04-07</airdate><link>http://www.tvrage.com/shows/id-10224/episodes/350671</link><title>Episode 84</title></episode>
<episode><epnum>85</epnum><seasonnum>85</seasonnum><prodnum></prodnum><airdate>1955-04-08</airdate><link>http://www.tvrage.com/shows/id-10224/episodes/350672</link><title>Episode 85</title></episode>
<episode><epnum>86</epnum><seasonnum>86</seasonnum><prodnum></prodnum><airdate>1955-04-11</airdate><link>http://www.tvrage.com/shows/id-10224/episodes/350673</link><title>Episode 86</title></episode>
<episode><epnum>87</epnum><seasonnum>87</seasonnum><prodnum></prodnum><airdate>1955-04-12</airdate><link>http://www.tvrage.com/shows/id-10224/episodes/350674</link><title>Episode 87</title></episode>
<episode><epnum>88</epnum><seasonnum>88</seasonnum><prodnum></prodnum><airdate>1955-04-13</airdate><link>http://www.tvrage.com/shows/id-10224/episodes/350675</link><title>Episode 88</title></episode>
<episode><epnum>89</epnum><seasonnum>89</seasonnum><prodnum></prodnum><airdate>1955-04-14</airdate><link>http://www.tvrage.com/shows/id-10224/episodes/350676</link><title>Episode 89</title></episode>
<episode><epnum>90</epnum><seasonnum>90</seasonnum><prodnum></prodnum><airdate>1955-04-15</airdate><link>http://www.tvrage.com/shows/id-10224/episodes/350677</link><title>Episode 90</title></episode>
<episode><epnum>91</epnum><seasonnum>91</seasonnum><prodnum></prodnum><airdate>1955-04-18</airdate><link>http://www.tvrage.com/shows/id-10224/episodes/350678</link><title>Episode 91</title></episode>
<episode><epnum>92</epnum><seasonnum>92</seasonnum><prodnum></prodnum><airdate>1955-04-19</airdate><link>http://www.tvrage.com/shows/id-10224/episodes/350679</link><title>Episode 92</title></episode>
<episode><epnum>93</epnum><seasonnum>93</seasonnum><prodnum></prodnum><airdate>1955-04-20</airdate><link>http://www.tvrage.com/shows/id-10224/episodes/350680</link><title>Episode 93</title></episode>
<episode><epnum>94</epnum><seasonnum>94</seasonnum><prodnum></prodnum><airdate>1955-04-21</airdate><link>http://www.tvrage.com/shows/id-10224/episodes/350681</link><title>Episode 94</title></episode>
<episode><epnum>95</epnum><seasonnum>95</seasonnum><prodnum></prodnum><airdate>1955-04-22</airdate><link>http://www.tvrage.com/shows/id-10224/episodes/350682</link><title>Episode 95</title></episode>
<episode><epnum>96</epnum><seasonnum>96</seasonnum><prodnum></prodnum><airdate>1955-04-25</airdate><link>http://www.tvrage.com/shows/id-10224/episodes/350683</link><title>Episode 96</title></episode>
<episode><epnum>97</epnum><seasonnum>97</seasonnum><prodnum></prodnum><airdate>1955-04-26</airdate><link>http://www.tvrage.com/shows/id-10224/episodes/350684</link><title>Episode 97</title></episode>
<episode><epnum>98</epnum><seasonnum>98</seasonnum><prodnum></prodnum><airdate>1955-04-27</airdate><link>http://www.tvrage.com/shows/id-10224/episodes/350685</link><title>Episode 98</title></episode>
<episode><epnum>99</epnum><seasonnum>99</seasonnum><prodnum></prodnum><airdate>1955-04-28</airdate><link>http://www.tvrage.com/shows/id-10224/episodes/350686</link><title>Episode 99</title></episode>
<episode><epnum>100</epnum><seasonnum>100</seasonnum><prodnum></prodnum><airdate>1955-04-29</airdate><link>http://www.tvrage.com/shows/id-10224/episodes/350687</link><title>Episode 100</title></episode>
<episode><epnum>101</epnum><seasonnum>101</seasonnum><prodnum></prodnum><airdate>1955-05-02</airdate><link>http://www.tvrage.com/shows/id-10224/episodes/350689</link><title>Episode 101</title></episode>
<episode><epnum>102</epnum><seasonnum>102</seasonnum><prodnum></prodnum><airdate>1955-05-03</airdate><link>http://www.tvrage.com/shows/id-10224/episodes/350690</link><title>Episode 102</title></episode>
<episode><epnum>103</epnum><seasonnum>103</seasonnum><prodnum></prodnum><airdate>1955-05-04</airdate><link>http://www.tvrage.com/shows/id-10224/episodes/350691</link><title>Episode 103</title></episode>
<episode><epnum>104</epnum><seasonnum>104</seasonnum><prodnum></prodnum><airdate>1955-05-05</airdate><link>http://www.tvrage.com/shows/id-10224/episodes/350693</link><title>Episode 104</title></episode>
<episode><epnum>105</epnum><seasonnum>105</seasonnum><prodnum></prodnum><airdate>1955-05-06</airdate><link>http://www.tvrage.com/shows/id-10224/episodes/350694</link><title>Episode 105</title></episode>
<episode><epnum>106</epnum><seasonnum>106</seasonnum><prodnum></prodnum><airdate>1955-05-09</airdate><link>http://www.tvrage.com/shows/id-10224/episodes/350695</link><title>Episode 106</title></episode>
<episode><epnum>107</epnum><seasonnum>107</seasonnum><prodnum></prodnum><airdate>1955-05-10</airdate><link>http://www.tvrage.com/shows/id-10224/episodes/350696</link><title>Episode 107</title></episode>
<episode><epnum>108</epnum><seasonnum>108</seasonnum><prodnum></prodnum><airdate>1955-05-11</airdate><link>http://www.tvrage.com/shows/id-10224/episodes/350698</link><title>Episode 108</title></episode>
<episode><epnum>109</epnum><seasonnum>109</seasonnum><prodnum></prodnum><airdate>1955-05-12</airdate><link>http://www.tvrage.com/shows/id-10224/episodes/350699</link><title>Episode 109</title></episode>
<episode><epnum>110</epnum><seasonnum>110</seasonnum><prodnum></prodnum><airdate>1955-05-13</airdate><link>http://www.tvrage.com/shows/id-10224/episodes/350701</link><title>Episode 110</title></episode>
<episode><epnum>111</epnum><seasonnum>111</seasonnum><prodnum></prodnum><airdate>1955-05-16</airdate><link>http://www.tvrage.com/shows/id-10224/episodes/350704</link><title>Episode 111</title></episode>
<episode><epnum>112</epnum><seasonnum>112</seasonnum><prodnum></prodnum><airdate>1955-05-17</airdate><link>http://www.tvrage.com/shows/id-10224/episodes/350709</link><title>Episode 112</title></episode>
<episode><epnum>113</epnum><seasonnum>113</seasonnum><prodnum></prodnum><airdate>1955-05-18</airdate><link>http://www.tvrage.com/shows/id-10224/episodes/350712</link><title>Episode 113</title></episode>
<episode><epnum>114</epnum><seasonnum>114</seasonnum><prodnum></prodnum><airdate>1955-05-19</airdate><link>http://www.tvrage.com/shows/id-10224/episodes/350713</link><title>Episode 114</title></episode>
<episode><epnum>115</epnum><seasonnum>115</seasonnum><prodnum></prodnum><airdate>1955-05-20</airdate><link>http://www.tvrage.com/shows/id-10224/episodes/350716</link><title>Episode 115</title></episode>
<episode><epnum>116</epnum><seasonnum>116</seasonnum><prodnum></prodnum><airdate>1955-05-23</airdate><link>http://www.tvrage.com/shows/id-10224/episodes/350719</link><title>Episode 116</title></episode>
<episode><epnum>117</epnum><seasonnum>117</seasonnum><prodnum></prodnum><airdate>1955-05-24</airdate><link>http://www.tvrage.com/shows/id-10224/episodes/350721</link><title>Episode 117</title></episode>
<episode><epnum>118</epnum><seasonnum>118</seasonnum><prodnum></prodnum><airdate>1955-05-25</airdate><link>http://www.tvrage.com/shows/id-10224/episodes/350722</link><title>Episode 118</title></episode>
<episode><epnum>119</epnum><seasonnum>119</seasonnum><prodnum></prodnum><airdate>1955-05-26</airdate><link>http://www.tvrage.com/shows/id-10224/episodes/350723</link><title>Episode 119</title></episode>
<episode><epnum>120</epnum><seasonnum>120</seasonnum><prodnum></prodnum><airdate>1955-05-27</airdate><link>http://www.tvrage.com/shows/id-10224/episodes/350724</link><title>Episode 120</title></episode>
<episode><epnum>121</epnum><seasonnum>121</seasonnum><prodnum></prodnum><airdate>1955-05-30</airdate><link>http://www.tvrage.com/shows/id-10224/episodes/350725</link><title>Episode 121</title></episode>
<episode><epnum>122</epnum><seasonnum>122</seasonnum><prodnum></prodnum><airdate>1955-05-31</airdate><link>http://www.tvrage.com/shows/id-10224/episodes/350726</link><title>Episode 122</title></episode>
<episode><epnum>123</epnum><seasonnum>123</seasonnum><prodnum></prodnum><airdate>1955-06-01</airdate><link>http://www.tvrage.com/shows/id-10224/episodes/350727</link><title>Episode 123</title></episode>
<episode><epnum>124</epnum><seasonnum>124</seasonnum><prodnum></prodnum><airdate>1955-06-02</airdate><link>http://www.tvrage.com/shows/id-10224/episodes/350728</link><title>Episode 124</title></episode>
<episode><epnum>125</epnum><seasonnum>125</seasonnum><prodnum></prodnum><airdate>1955-06-03</airdate><link>http://www.tvrage.com/shows/id-10224/episodes/350729</link><title>Episode 125</title></episode>
<episode><epnum>126</epnum><seasonnum>126</seasonnum><prodnum></prodnum><airdate>1955-06-06</airdate><link>http://www.tvrage.com/shows/id-10224/episodes/350730</link><title>Episode 126</title></episode>
<episode><epnum>127</epnum><seasonnum>127</seasonnum><prodnum></prodnum><airdate>1955-06-07</airdate><link>http://www.tvrage.com/shows/id-10224/episodes/350731</link><title>Episode 127</title></episode>
<episode><epnum>128</epnum><seasonnum>128</seasonnum><prodnum></prodnum><airdate>1955-06-08</airdate><link>http://www.tvrage.com/shows/id-10224/episodes/350732</link><title>Episode 128</title></episode>
<episode><epnum>129</epnum><seasonnum>129</seasonnum><prodnum></prodnum><airdate>1955-06-09</airdate><link>http://www.tvrage.com/shows/id-10224/episodes/350733</link><title>Episode 129</title></episode>
<episode><epnum>130</epnum><seasonnum>130</seasonnum><prodnum></prodnum><airdate>1955-06-10</airdate><link>http://www.tvrage.com/shows/id-10224/episodes/350734</link><title>Episode 130</title></episode>
<episode><epnum>131</epnum><seasonnum>131</seasonnum><prodnum></prodnum><airdate>1955-06-13</airdate><link>http://www.tvrage.com/shows/id-10224/episodes/350735</link><title>Episode 131</title></episode>
<episode><epnum>132</epnum><seasonnum>132</seasonnum><prodnum></prodnum><airdate>1955-06-14</airdate><link>http://www.tvrage.com/shows/id-10224/episodes/350736</link><title>Episode 132</title></episode>
<episode><epnum>133</epnum><seasonnum>133</seasonnum><prodnum></prodnum><airdate>1955-06-15</airdate><link>http://www.tvrage.com/shows/id-10224/episodes/350737</link><title>Episode 133</title></episode>
<episode><epnum>134</epnum><seasonnum>134</seasonnum><prodnum></prodnum><airdate>1955-06-16</airdate><link>http://www.tvrage.com/shows/id-10224/episodes/350738</link><title>Episode 134</title></episode>
<episode><epnum>135</epnum><seasonnum>135</seasonnum><prodnum></prodnum><airdate>1955-06-17</airdate><link>http://www.tvrage.com/shows/id-10224/episodes/350739</link><title>Episode 135</title></episode>
<episode><epnum>136</epnum><seasonnum>136</seasonnum><prodnum></prodnum><airdate>1955-06-20</airdate><link>http://www.tvrage.com/shows/id-10224/episodes/350740</link><title>Episode 136</title></episode>
<episode><epnum>137</epnum><seasonnum>137</seasonnum><prodnum></prodnum><airdate>1955-06-21</airdate><link>http://www.tvrage.com/shows/id-10224/episodes/350741</link><title>Episode 137</title></episode>
<episode><epnum>138</epnum><seasonnum>138</seasonnum><prodnum></prodnum><airdate>1955-06-22</airdate><link>http://www.tvrage.com/shows/id-10224/episodes/350742</link><title>Episode 138</title></episode>
<episode><epnum>139</epnum><seasonnum>139</seasonnum><prodnum></prodnum><airdate>1955-06-23</airdate><link>http://www.tvrage.com/shows/id-10224/episodes/350743</link><title>Episode 139</title></episode>
<episode><epnum>140</epnum><seasonnum>140</seasonnum><prodnum></prodnum><airdate>1955-06-24</airdate><link>http://www.tvrage.com/shows/id-10224/episodes/350744</link><title>Episode 140</title></episode>
<episode><epnum>141</epnum><seasonnum>141</seasonnum><prodnum></prodnum><airdate>1955-06-27</airdate><link>http://www.tvrage.com/shows/id-10224/episodes/350745</link><title>Episode 141</title></episode>
<episode><epnum>142</epnum><seasonnum>142</seasonnum><prodnum></prodnum><airdate>1955-06-28</airdate><link>http://www.tvrage.com/shows/id-10224/episodes/350746</link><title>Episode 142</title></episode>
<episode><epnum>143</epnum><seasonnum>143</seasonnum><prodnum></prodnum><airdate>1955-06-29</airdate><link>http://www.tvrage.com/shows/id-10224/episodes/350747</link><title>Episode 143</title></episode>
<episode><epnum>144</epnum><seasonnum>144</seasonnum><prodnum></prodnum><airdate>1955-06-30</airdate><link>http://www.tvrage.com/shows/id-10224/episodes/350748</link><title>Episode 144</title></episode>
<episode><epnum>145</epnum><seasonnum>145</seasonnum><prodnum></prodnum><airdate>1955-07-01</airdate><link>http://www.tvrage.com/shows/id-10224/episodes/350749</link><title>The Final Episode</title></episode>
</Season>

</Episodelist>

</Show>