<?xml version="1.0" encoding="UTF-8" ?>


<Show>
<name>Cosmic Slop</name>
<totalseasons>1</totalseasons>
<showid>10229</showid>
<showlink>http://tvrage.com/shows/id-10229</showlink>
<started>1994</started>
<ended>1994</ended>
<image>http://images.tvrage.com/shows/11/10229.jpg</image>
<origin_country>US</origin_country>
<status>Canceled/Ended</status>
<classification>Scripted</classification>
<genres><genre>Fantasy</genre><genre>Sci-Fi</genre></genres>
<runtime>80</runtime>
<network country="US">HBO</network>
<airtime>12:00</airtime>
<timezone>GMT-5 -DST</timezone>

</Show>