<?xml version="1.0" encoding="UTF-8" ?>


<Show>
<name>NWA Pay-Per-View</name>
<totalseasons>1</totalseasons>
<showid>10228</showid>
<showlink>http://tvrage.com/shows/id-10228</showlink>
<started>Apr/1993</started>
<ended>Oct/2005</ended>
<image>http://images.tvrage.com/shows/11/10228.gif</image>
<origin_country>US</origin_country>
<status>Canceled/Ended</status>
<classification>Sports</classification>
<genres><genre>Action</genre></genres>
<runtime>120</runtime>
<network country="UK">Unknown</network>
<airtime>20:00</airtime>
<airday>Sunday</airday>
<timezone>GMT+0 -DST</timezone>

</Show>