<?xml version="1.0" encoding="UTF-8" ?>


<Show>
<name>Burn It</name>
<totalseasons>3</totalseasons>
<showid>1023</showid>
<showlink>http://tvrage.com/shows/id-1023</showlink>
<started>Feb/2003</started>
<ended>Nov/2003</ended>
<image>http://images.tvrage.com/shows/2/1023.jpg</image>
<origin_country>UK</origin_country>
<status>Canceled/Ended</status>
<classification>Scripted</classification>
<genres><genre>Comedy</genre><genre>Drama</genre></genres>
<runtime>30</runtime>
<network country="UK">BBC THREE</network>
<timezone>GMT+0 -DST</timezone>
<Episodelist>

<Season no="1">
<episode><epnum>1</epnum><seasonnum>01</seasonnum><prodnum></prodnum><airdate>2003-02-09</airdate><link>http://www.tvrage.com/shows/id-1023/episodes/272559</link><title>Episode 1</title></episode>
<episode><epnum>2</epnum><seasonnum>02</seasonnum><prodnum></prodnum><airdate>2003-02-11</airdate><link>http://www.tvrage.com/shows/id-1023/episodes/272560</link><title>Episode 2</title></episode>
<episode><epnum>3</epnum><seasonnum>03</seasonnum><prodnum></prodnum><airdate>2003-02-18</airdate><link>http://www.tvrage.com/shows/id-1023/episodes/272561</link><title>Episode 3</title></episode>
<episode><epnum>4</epnum><seasonnum>04</seasonnum><prodnum></prodnum><airdate>2003-02-25</airdate><link>http://www.tvrage.com/shows/id-1023/episodes/272562</link><title>Episode 4</title></episode>
<episode><epnum>5</epnum><seasonnum>05</seasonnum><prodnum></prodnum><airdate>2003-03-04</airdate><link>http://www.tvrage.com/shows/id-1023/episodes/272563</link><title>Episode 5</title></episode>
<episode><epnum>6</epnum><seasonnum>06</seasonnum><prodnum></prodnum><airdate>2003-03-11</airdate><link>http://www.tvrage.com/shows/id-1023/episodes/272564</link><title>Episode 6</title></episode>
<episode><epnum>7</epnum><seasonnum>07</seasonnum><prodnum></prodnum><airdate>2003-03-18</airdate><link>http://www.tvrage.com/shows/id-1023/episodes/272565</link><title>Episode 7</title></episode>
<episode><epnum>8</epnum><seasonnum>08</seasonnum><prodnum></prodnum><airdate>2003-03-25</airdate><link>http://www.tvrage.com/shows/id-1023/episodes/272566</link><title>Episode 8</title></episode>
<episode><epnum>9</epnum><seasonnum>09</seasonnum><prodnum></prodnum><airdate>2003-04-01</airdate><link>http://www.tvrage.com/shows/id-1023/episodes/272567</link><title>Episode 9</title></episode>
<episode><epnum>10</epnum><seasonnum>10</seasonnum><prodnum></prodnum><airdate>2003-04-08</airdate><link>http://www.tvrage.com/shows/id-1023/episodes/272568</link><title>Episode 10</title></episode>
</Season>

<Season no="2">
<episode><epnum>11</epnum><seasonnum>01</seasonnum><prodnum></prodnum><airdate>2003-09-08</airdate><link>http://www.tvrage.com/shows/id-1023/episodes/272569</link><title>Episode 1</title></episode>
<episode><epnum>12</epnum><seasonnum>02</seasonnum><prodnum></prodnum><airdate>2003-09-08</airdate><link>http://www.tvrage.com/shows/id-1023/episodes/272570</link><title>Episode 2</title></episode>
<episode><epnum>13</epnum><seasonnum>03</seasonnum><prodnum></prodnum><airdate>2003-09-15</airdate><link>http://www.tvrage.com/shows/id-1023/episodes/272571</link><title>Episode 3</title></episode>
<episode><epnum>14</epnum><seasonnum>04</seasonnum><prodnum></prodnum><airdate>2003-09-22</airdate><link>http://www.tvrage.com/shows/id-1023/episodes/272572</link><title>Episode 4</title></episode>
<episode><epnum>15</epnum><seasonnum>05</seasonnum><prodnum></prodnum><airdate>2003-09-29</airdate><link>http://www.tvrage.com/shows/id-1023/episodes/272573</link><title>Episode 5</title></episode>
<episode><epnum>16</epnum><seasonnum>06</seasonnum><prodnum></prodnum><airdate>2003-10-06</airdate><link>http://www.tvrage.com/shows/id-1023/episodes/272574</link><title>Episode 6</title></episode>
<episode><epnum>17</epnum><seasonnum>07</seasonnum><prodnum></prodnum><airdate>2003-10-13</airdate><link>http://www.tvrage.com/shows/id-1023/episodes/272575</link><title>Episode 7</title></episode>
<episode><epnum>18</epnum><seasonnum>08</seasonnum><prodnum></prodnum><airdate>2003-10-20</airdate><link>http://www.tvrage.com/shows/id-1023/episodes/272576</link><title>Episode 8</title></episode>
<episode><epnum>19</epnum><seasonnum>09</seasonnum><prodnum></prodnum><airdate>2003-10-27</airdate><link>http://www.tvrage.com/shows/id-1023/episodes/272577</link><title>Episode 9</title></episode>
<episode><epnum>20</epnum><seasonnum>10</seasonnum><prodnum></prodnum><airdate>2003-11-03</airdate><link>http://www.tvrage.com/shows/id-1023/episodes/272578</link><title>Episode 10</title></episode>
<episode><epnum>21</epnum><seasonnum>11</seasonnum><prodnum></prodnum><airdate>2003-11-10</airdate><link>http://www.tvrage.com/shows/id-1023/episodes/272579</link><title>Episode 11</title></episode>
</Season>

<Season no="3">
<episode><epnum>22</epnum><seasonnum>01</seasonnum><prodnum></prodnum><airdate>0000-00-00</airdate><link>http://www.tvrage.com/shows/id-1023/episodes/272580</link><title>Finally Growing Up</title></episode>
</Season>

</Episodelist>

</Show>