<?xml version="1.0" encoding="UTF-8" ?>


<Show>
<name>Property Ladder (US)</name>
<totalseasons>3</totalseasons>
<showid>10232</showid>
<showlink>http://tvrage.com/Property_Ladder_US</showlink>
<started>Jun/04/2005</started>
<ended>Oct/20/2007</ended>
<image>http://images.tvrage.com/shows/11/10232.jpg</image>
<origin_country>US</origin_country>
<status>Canceled/Ended</status>
<classification>Reality</classification>
<genres><genre>Buy, Sell &amp; Trade</genre><genre>Housing/Building</genre></genres>
<runtime>60</runtime>
<network country="US">TLC</network>
<airtime>22:00</airtime>
<airday>Saturday</airday>
<timezone>GMT-5 -DST</timezone>
<Episodelist>

<Season no="1">
<episode><epnum>1</epnum><seasonnum>01</seasonnum><prodnum></prodnum><airdate>2005-06-04</airdate><link>http://www.tvrage.com/Property_Ladder_US/episodes/408747</link><title>Father-Son Flip Fiasco</title></episode>
<episode><epnum>2</epnum><seasonnum>02</seasonnum><prodnum></prodnum><airdate>2005-06-11</airdate><link>http://www.tvrage.com/Property_Ladder_US/episodes/408748</link><title>Beach Babe Rehab Bungle</title></episode>
<episode><epnum>3</epnum><seasonnum>03</seasonnum><prodnum></prodnum><airdate>2005-06-18</airdate><link>http://www.tvrage.com/Property_Ladder_US/episodes/408749</link><title>Desert DIY Disaster</title></episode>
<episode><epnum>4</epnum><seasonnum>04</seasonnum><prodnum></prodnum><airdate>2005-06-23</airdate><link>http://www.tvrage.com/Property_Ladder_US/episodes/408750</link><title>Texas Tear-Down Turmoil</title></episode>
<episode><epnum>5</epnum><seasonnum>05</seasonnum><prodnum></prodnum><airdate>2005-07-02</airdate><link>http://www.tvrage.com/Property_Ladder_US/episodes/408751</link><title>Frat Boys' Rehab Hazing</title></episode>
<episode><epnum>6</epnum><seasonnum>06</seasonnum><prodnum></prodnum><airdate>2005-07-09</airdate><link>http://www.tvrage.com/Property_Ladder_US/episodes/408752</link><title>MBA Momma's DIY Drama</title></episode>
<episode><epnum>7</epnum><seasonnum>07</seasonnum><prodnum></prodnum><airdate>2005-07-16</airdate><link>http://www.tvrage.com/Property_Ladder_US/episodes/408753</link><title>Family DIY Dysfunction</title></episode>
<episode><epnum>8</epnum><seasonnum>08</seasonnum><prodnum></prodnum><airdate>2005-07-23</airdate><link>http://www.tvrage.com/Property_Ladder_US/episodes/408754</link><title>Restoration Twin Set</title></episode>
<episode><epnum>9</epnum><seasonnum>09</seasonnum><prodnum></prodnum><airdate>2005-08-27</airdate><link>http://www.tvrage.com/Property_Ladder_US/episodes/408755</link><title>Prodigal Pasadena Partners</title></episode>
<episode><epnum>10</epnum><seasonnum>10</seasonnum><prodnum></prodnum><airdate>2005-09-10</airdate><link>http://www.tvrage.com/Property_Ladder_US/episodes/408756</link><title>Demonic Duo Construction</title></episode>
<episode><epnum>11</epnum><seasonnum>11</seasonnum><prodnum></prodnum><airdate>2005-09-17</airdate><link>http://www.tvrage.com/Property_Ladder_US/episodes/408757</link><title>Teach's Teardown Trauma</title></episode>
<episode><epnum>12</epnum><seasonnum>12</seasonnum><prodnum></prodnum><airdate>2005-10-15</airdate><link>http://www.tvrage.com/Property_Ladder_US/episodes/408758</link><title>Wrong Turn Remodel</title></episode>
</Season>

<Season no="2">
<episode><epnum>13</epnum><seasonnum>01</seasonnum><prodnum></prodnum><airdate>2006-07-01</airdate><link>http://www.tvrage.com/Property_Ladder_US/episodes/408550</link><title>The Princess And the Contrary Contractors</title></episode>
<episode><epnum>14</epnum><seasonnum>02</seasonnum><prodnum></prodnum><airdate>2006-07-08</airdate><link>http://www.tvrage.com/Property_Ladder_US/episodes/408745</link><title>Java Jockey's Craftsman Catastrophe</title></episode>
<episode><epnum>15</epnum><seasonnum>03</seasonnum><prodnum></prodnum><airdate>2006-07-15</airdate><link>http://www.tvrage.com/Property_Ladder_US/episodes/408746</link><title>Renovation Rookie Baby</title></episode>
<episode><epnum>16</epnum><seasonnum>04</seasonnum><prodnum></prodnum><airdate>2006-07-22</airdate><link>http://www.tvrage.com/Property_Ladder_US/episodes/434049</link><title>Feuding Friends &amp; The Demo Debacle</title></episode>
<episode><epnum>17</epnum><seasonnum>05</seasonnum><prodnum></prodnum><airdate>2006-07-29</airdate><link>http://www.tvrage.com/Property_Ladder_US/episodes/434050</link><title>Eco-Flippers Hot Property</title></episode>
<episode><epnum>18</epnum><seasonnum>06</seasonnum><prodnum></prodnum><airdate>2006-08-05</airdate><link>http://www.tvrage.com/Property_Ladder_US/episodes/434051</link><title>The Moffett's Miniature Money Pit</title></episode>
<episode><epnum>19</epnum><seasonnum>07</seasonnum><prodnum></prodnum><airdate>2006-08-12</airdate><link>http://www.tvrage.com/Property_Ladder_US/episodes/434052</link><title>Flipping Foursome's High-End Hijinx</title></episode>
<episode><epnum>20</epnum><seasonnum>08</seasonnum><prodnum></prodnum><airdate>2006-08-19</airdate><link>http://www.tvrage.com/Property_Ladder_US/episodes/434053</link><title>DIY Babes In Demo-Land</title></episode>
<episode><epnum>21</epnum><seasonnum>09</seasonnum><prodnum></prodnum><airdate>2006-08-26</airdate><link>http://www.tvrage.com/Property_Ladder_US/episodes/434054</link><title>The Not-So-Talented Mr. Remodel</title></episode>
<episode><epnum>22</epnum><seasonnum>10</seasonnum><prodnum></prodnum><airdate>2006-09-02</airdate><link>http://www.tvrage.com/Property_Ladder_US/episodes/451678</link><title>New Age Momma's Home Healing</title></episode>
<episode><epnum>23</epnum><seasonnum>11</seasonnum><prodnum></prodnum><airdate>2006-09-10</airdate><link>http://www.tvrage.com/Property_Ladder_US/episodes/451679</link><title>La Familia DIY Drama</title></episode>
<episode><epnum>24</epnum><seasonnum>12</seasonnum><prodnum></prodnum><airdate>2006-09-17</airdate><link>http://www.tvrage.com/Property_Ladder_US/episodes/451680</link><title>Weekend Warriors' Home Wrecker</title></episode>
<episode><epnum>25</epnum><seasonnum>13</seasonnum><prodnum></prodnum><airdate>2006-09-23</airdate><link>http://www.tvrage.com/Property_Ladder_US/episodes/451681</link><title>The Bradford Bunch</title></episode>
</Season>

<Season no="3">
<episode><epnum>26</epnum><seasonnum>01</seasonnum><prodnum></prodnum><airdate>2007-07-14</airdate><link>http://www.tvrage.com/Property_Ladder_US/episodes/581173</link><title>The Picky Perfectionists' Fabulous Flip</title></episode>
<episode><epnum>27</epnum><seasonnum>02</seasonnum><prodnum></prodnum><airdate>2007-07-21</airdate><link>http://www.tvrage.com/Property_Ladder_US/episodes/581174</link><title>The Friendship Flip Fiasco</title></episode>
<episode><epnum>28</epnum><seasonnum>03</seasonnum><prodnum></prodnum><airdate>2007-07-28</airdate><link>http://www.tvrage.com/Property_Ladder_US/episodes/581175</link><title>The Not So Silent Partner</title></episode>
<episode><epnum>29</epnum><seasonnum>04</seasonnum><prodnum></prodnum><airdate>2007-08-04</airdate><link>http://www.tvrage.com/Property_Ladder_US/episodes/581176</link><title>I Am Woman...Watch Me Flip</title></episode>
<episode><epnum>30</epnum><seasonnum>05</seasonnum><prodnum></prodnum><airdate>2007-08-11</airdate><link>http://www.tvrage.com/Property_Ladder_US/episodes/590433</link><title>Show Me the Money</title></episode>
<episode><epnum>31</epnum><seasonnum>06</seasonnum><prodnum></prodnum><airdate>2007-08-18</airdate><link>http://www.tvrage.com/Property_Ladder_US/episodes/590434</link><title>The California Nightmare</title></episode>
<episode><epnum>32</epnum><seasonnum>07</seasonnum><prodnum></prodnum><airdate>2007-08-25</airdate><link>http://www.tvrage.com/Property_Ladder_US/episodes/590435</link><title>What Women Want</title></episode>
<episode><epnum>33</epnum><seasonnum>08</seasonnum><prodnum></prodnum><airdate>2007-09-01</airdate><link>http://www.tvrage.com/Property_Ladder_US/episodes/597112</link><title>The Feng Shui Flipper</title></episode>
<episode><epnum>34</epnum><seasonnum>09</seasonnum><prodnum></prodnum><airdate>2007-09-08</airdate><link>http://www.tvrage.com/Property_Ladder_US/episodes/597113</link><title>The Ghostbusters</title></episode>
<episode><epnum>35</epnum><seasonnum>10</seasonnum><prodnum></prodnum><airdate>2007-09-22</airdate><link>http://www.tvrage.com/Property_Ladder_US/episodes/597114</link><title>Sweet Candy and Her Flippin' Ex's</title></episode>
<episode><epnum>36</epnum><seasonnum>11</seasonnum><prodnum></prodnum><airdate>2007-09-29</airdate><link>http://www.tvrage.com/Property_Ladder_US/episodes/606617</link><title>Million Dollar Buddies</title></episode>
<episode><epnum>37</epnum><seasonnum>12</seasonnum><prodnum></prodnum><airdate>2007-10-13</airdate><link>http://www.tvrage.com/Property_Ladder_US/episodes/606618</link><title>A Hairy Situation</title></episode>
<episode><epnum>38</epnum><seasonnum>13</seasonnum><prodnum></prodnum><airdate>2007-10-20</airdate><link>http://www.tvrage.com/Property_Ladder_US/episodes/606619</link><title>The Not So Desperate Housewife</title></episode>
</Season>

</Episodelist>

</Show>