<?xml version="1.0" encoding="UTF-8" ?>


<Show>
<name>Who Wants to Be a Millionaire (PH)</name>
<totalseasons>3</totalseasons>
<showid>10235</showid>
<showlink>http://tvrage.com/Who_Wants_to_Be_a_Millionaire_PH</showlink>
<started>Nov/20/2000</started>
<ended></ended>
<image>http://images.tvrage.com/shows/11/10235.jpg</image>
<origin_country>PH</origin_country>
<status>Returning Series</status>
<classification>Game Show</classification>
<genres><genre>Family</genre></genres>
<runtime>60</runtime>
<network country="PH">TV5</network>
<airtime>18:00</airtime>
<airday>Saturday</airday>
<timezone>GMT+8 -DST</timezone>
<akas><aka attr="Abbreviated title" country="PH">WW2BAM</aka></akas>
<Episodelist>

<Season no="1">
<episode><epnum>1</epnum><seasonnum>01</seasonnum><prodnum></prodnum><airdate>2000-11-20</airdate><link>http://www.tvrage.com/Who_Wants_to_Be_a_Millionaire_PH/episodes/1064862698</link><title>Pilot</title></episode>
</Season>

</Episodelist>

</Show>