<?xml version="1.0" encoding="UTF-8" ?>


<Show>
<name>Viltu vinna milljón?</name>
<totalseasons>5</totalseasons>
<showid>10234</showid>
<showlink>http://tvrage.com/Who_Wants_to_Be_a_Millionaire_IS</showlink>
<started>Dec/26/2000</started>
<ended></ended>
<origin_country>IS</origin_country>
<status>Returning Series</status>
<classification>Game Show</classification>
<genres><genre>Family</genre></genres>
<runtime>60</runtime>
<network country="IS">Stöð 2</network>
<airtime>12:00</airtime>
<timezone>GMT+0 -DST</timezone>
<akas><aka attr="English Translation" country="US">Do you want to win a million?</aka><aka attr="International Title">Who Wants to Be a Millionaire</aka></akas>
<Episodelist>

<Season no="5">
<episode><epnum>1</epnum><seasonnum>22</seasonnum><prodnum></prodnum><airdate>2005-03-17</airdate><link>http://www.tvrage.com/Who_Wants_to_Be_a_Millionaire_IS/episodes/580410</link><title>Season 5, Episode 1</title></episode>
</Season>

</Episodelist>

</Show>