<?xml version="1.0" encoding="UTF-8" ?>


<Show>
<name>Cocktail Kings</name>
<totalseasons>1</totalseasons>
<showid>10237</showid>
<showlink>http://tvrage.com/Cocktail_Kings</showlink>
<started>Apr/2006</started>
<ended></ended>
<image>http://images.tvrage.com/shows/11/10237.jpg</image>
<origin_country>US</origin_country>
<status>Canceled/Ended</status>
<classification>Reality</classification>
<genres><genre>Cooking/Food</genre></genres>
<runtime>30</runtime>
<network country="US">Travel Channel</network>
<airtime>22:00</airtime>
<airday>Saturday</airday>
<timezone>GMT-5 -DST</timezone>
<Episodelist>

<Season no="1">
<episode><epnum>1</epnum><seasonnum>01</seasonnum><prodnum></prodnum><airdate>2006-04-08</airdate><link>http://www.tvrage.com/Cocktail_Kings/episodes/350432</link><title>Paris</title></episode>
<episode><epnum>2</epnum><seasonnum>02</seasonnum><prodnum></prodnum><airdate>2006-04-08</airdate><link>http://www.tvrage.com/Cocktail_Kings/episodes/350433</link><title>New York City</title></episode>
<episode><epnum>3</epnum><seasonnum>03</seasonnum><prodnum></prodnum><airdate>2006-04-15</airdate><link>http://www.tvrage.com/Cocktail_Kings/episodes/354533</link><title>Helsinki</title></episode>
<episode><epnum>4</epnum><seasonnum>04</seasonnum><prodnum></prodnum><airdate>2006-04-15</airdate><link>http://www.tvrage.com/Cocktail_Kings/episodes/354534</link><title>Miami</title></episode>
<episode><epnum>5</epnum><seasonnum>05</seasonnum><prodnum></prodnum><airdate>2006-04-22</airdate><link>http://www.tvrage.com/Cocktail_Kings/episodes/358878</link><title>Barcelona</title></episode>
<episode><epnum>6</epnum><seasonnum>06</seasonnum><prodnum></prodnum><airdate>2006-04-22</airdate><link>http://www.tvrage.com/Cocktail_Kings/episodes/358879</link><title>Reykjavik</title></episode>
</Season>

</Episodelist>

</Show>