<?xml version="1.0" encoding="UTF-8" ?>


<Show>
<name>Iketeru Futari</name>
<totalseasons>1</totalseasons>
<showid>10249</showid>
<showlink>http://tvrage.com/shows/id-10249</showlink>
<started>1999</started>
<ended></ended>
<image>http://images.tvrage.com/shows/11/10249.jpg</image>
<origin_country>JP</origin_country>
<status>Canceled/Ended</status>
<classification>Animation</classification>
<genres><genre>Anime</genre><genre>Comedy</genre></genres>
<runtime>10</runtime>
<network country="JP">TBS</network>
<airtime>12:00</airtime>
<timezone>GMT+9 -DST</timezone>
<akas><aka>Cool Couple</aka></akas>
<Episodelist>

<Season no="1">
<episode><epnum>1</epnum><seasonnum>01</seasonnum><prodnum></prodnum><airdate>1999-00-00</airdate><link>http://www.tvrage.com/shows/id-10249/episodes/351095</link><title>SOS! Alice in Shibuya</title></episode>
<episode><epnum>2</epnum><seasonnum>02</seasonnum><prodnum></prodnum><airdate>1999-00-00</airdate><link>http://www.tvrage.com/shows/id-10249/episodes/351096</link><title>Throb to the Beat, Wobbling Breasts</title></episode>
<episode><epnum>3</epnum><seasonnum>03</seasonnum><prodnum></prodnum><airdate>1999-00-00</airdate><link>http://www.tvrage.com/shows/id-10249/episodes/351097</link><title>Squishy Squishy and Wobble Wobble</title></episode>
<episode><epnum>4</epnum><seasonnum>04</seasonnum><prodnum></prodnum><airdate>1999-00-00</airdate><link>http://www.tvrage.com/shows/id-10249/episodes/351098</link><title>At Last, The Bed..</title></episode>
<episode><epnum>5</epnum><seasonnum>05</seasonnum><prodnum></prodnum><airdate>1999-00-00</airdate><link>http://www.tvrage.com/shows/id-10249/episodes/351099</link><title>Watch Out for the Lovers' Sudden Kiss</title></episode>
<episode><epnum>6</epnum><seasonnum>06</seasonnum><prodnum></prodnum><airdate>1999-00-00</airdate><link>http://www.tvrage.com/shows/id-10249/episodes/351100</link><title>Can't Feel Any Worse- Get More Panties!</title></episode>
<episode><epnum>7</epnum><seasonnum>07</seasonnum><prodnum></prodnum><airdate>1999-00-00</airdate><link>http://www.tvrage.com/shows/id-10249/episodes/351101</link><title>Broke Up! A Prickling Attack Helps...Right-</title></episode>
<episode><epnum>8</epnum><seasonnum>08</seasonnum><prodnum></prodnum><airdate>1999-00-00</airdate><link>http://www.tvrage.com/shows/id-10249/episodes/351102</link><title>Sweet Heart Valentine Special</title></episode>
<episode><epnum>9</epnum><seasonnum>09</seasonnum><prodnum></prodnum><airdate>1999-00-00</airdate><link>http://www.tvrage.com/shows/id-10249/episodes/351103</link><title>Intiative! Koizumi Akira's Night of Burning Passion!</title></episode>
<episode><epnum>10</epnum><seasonnum>10</seasonnum><prodnum></prodnum><airdate>1999-00-00</airdate><link>http://www.tvrage.com/shows/id-10249/episodes/351104</link><title>Everyone's Idol, Sakurai-Kun</title></episode>
<episode><epnum>11</epnum><seasonnum>11</seasonnum><prodnum></prodnum><airdate>1999-00-00</airdate><link>http://www.tvrage.com/shows/id-10249/episodes/351105</link><title>Good Times with the Kotatsu, the Night of Kitty Print</title></episode>
<episode><epnum>12</epnum><seasonnum>12</seasonnum><prodnum></prodnum><airdate>1999-00-00</airdate><link>http://www.tvrage.com/shows/id-10249/episodes/351106</link><title>Pajama Party, Fly Into Outer Space!</title></episode>
<episode><epnum>13</epnum><seasonnum>13</seasonnum><prodnum></prodnum><airdate>1999-00-00</airdate><link>http://www.tvrage.com/shows/id-10249/episodes/351107</link><title>Wet Hunt, Amakasu's Tale</title></episode>
<episode><epnum>14</epnum><seasonnum>14</seasonnum><prodnum></prodnum><airdate>1999-00-00</airdate><link>http://www.tvrage.com/shows/id-10249/episodes/351108</link><title>Memories, Punyo Punyo. A Challenge from the Unknown!</title></episode>
<episode><epnum>15</epnum><seasonnum>15</seasonnum><prodnum></prodnum><airdate>1999-00-00</airdate><link>http://www.tvrage.com/shows/id-10249/episodes/351109</link><title>The World's Greatest Kidnapping, Where to Koizumi-</title></episode>
<episode><epnum>16</epnum><seasonnum>16</seasonnum><prodnum></prodnum><airdate>1999-00-00</airdate><link>http://www.tvrage.com/shows/id-10249/episodes/351110</link><title>Cheers to the Good Couple!</title></episode>
</Season>

</Episodelist>

</Show>