<?xml version="1.0" encoding="UTF-8" ?>


<Show>
<name>Video Soul</name>
<totalseasons>19</totalseasons>
<showid>10242</showid>
<showlink>http://tvrage.com/shows/id-10242</showlink>
<started>Jun/01/1981</started>
<ended>Sep/06/1996</ended>
<origin_country>US</origin_country>
<status>Canceled/Ended</status>
<classification>Variety</classification>
<genres><genre>Music</genre></genres>
<runtime>120</runtime>
<network country="US">BET</network>
<airtime>20:00</airtime>
<airday>Weekdays</airday>
<timezone>GMT-5 -DST</timezone>

</Show>