<?xml version="1.0" encoding="UTF-8" ?>


<Show>
<name>10 Days That Unexpectedly Changed America</name>
<totalseasons>1</totalseasons>
<showid>10246</showid>
<showlink>http://tvrage.com/shows/id-10246</showlink>
<started>Apr/09/2006</started>
<ended>Apr/13/2006</ended>
<image>http://images.tvrage.com/shows/11/10246.jpg</image>
<origin_country>US</origin_country>
<status>Canceled/Ended</status>
<classification>Documentary</classification>
<genres><genre>History</genre></genres>
<runtime>60</runtime>
<network country="US">History Channel</network>
<airtime>21:00</airtime>
<airday>Sunday</airday>
<timezone>GMT-5 -DST</timezone>
<Episodelist>

<Season no="1">
<episode><epnum>1</epnum><seasonnum>01</seasonnum><prodnum></prodnum><airdate>2006-04-09</airdate><link>http://www.tvrage.com/shows/id-10246/episodes/350919</link><title>Antietam</title></episode>
<episode><epnum>2</epnum><seasonnum>02</seasonnum><prodnum></prodnum><airdate>2006-04-09</airdate><link>http://www.tvrage.com/shows/id-10246/episodes/350920</link><title>Massacre at Mystic</title></episode>
<episode><epnum>3</epnum><seasonnum>03</seasonnum><prodnum></prodnum><airdate>2006-04-10</airdate><link>http://www.tvrage.com/shows/id-10246/episodes/351414</link><title>Einstein's Letter</title></episode>
<episode><epnum>4</epnum><seasonnum>04</seasonnum><prodnum></prodnum><airdate>2006-04-10</airdate><link>http://www.tvrage.com/shows/id-10246/episodes/351415</link><title>Murder at the Fair: the Assassination of President McKinley</title></episode>
<episode><epnum>5</epnum><seasonnum>05</seasonnum><prodnum></prodnum><airdate>2006-04-11</airdate><link>http://www.tvrage.com/shows/id-10246/episodes/351799</link><title>When America Was Rocked</title></episode>
<episode><epnum>6</epnum><seasonnum>06</seasonnum><prodnum></prodnum><airdate>2006-04-11</airdate><link>http://www.tvrage.com/shows/id-10246/episodes/351800</link><title>Gold Rush</title></episode>
<episode><epnum>7</epnum><seasonnum>07</seasonnum><prodnum></prodnum><airdate>2006-04-12</airdate><link>http://www.tvrage.com/shows/id-10246/episodes/354517</link><title>Scopes: the Battle over America's Soul</title></episode>
<episode><epnum>8</epnum><seasonnum>08</seasonnum><prodnum></prodnum><airdate>2006-04-12</airdate><link>http://www.tvrage.com/shows/id-10246/episodes/354518</link><title>The Homestead Strike</title></episode>
<episode><epnum>9</epnum><seasonnum>09</seasonnum><prodnum></prodnum><airdate>2006-04-13</airdate><link>http://www.tvrage.com/shows/id-10246/episodes/354522</link><title>Freedom Summer</title></episode>
<episode><epnum>10</epnum><seasonnum>10</seasonnum><prodnum></prodnum><airdate>2006-04-13</airdate><link>http://www.tvrage.com/shows/id-10246/episodes/354523</link><title>Shays' Rebellion: America's First Civil War</title></episode>
</Season>

</Episodelist>

</Show>