<?xml version="1.0" encoding="UTF-8" ?>


<Show>
<name>Rap City</name>
<totalseasons>18</totalseasons>
<showid>10241</showid>
<showlink>http://tvrage.com/shows/id-10241</showlink>
<started>1989</started>
<ended>Nov/08/2008</ended>
<image>http://images.tvrage.com/shows/11/10241.jpg</image>
<origin_country>US</origin_country>
<status>Canceled/Ended</status>
<classification>Variety</classification>
<genres><genre>Music</genre></genres>
<runtime>60</runtime>
<network country="US">BET</network>
<airtime>12:00</airtime>
<airday>Weekdays</airday>
<timezone>GMT-5 -DST</timezone>

</Show>