<?xml version="1.0" encoding="UTF-8" ?>


<Show>
<name>Cosmic Baton Girl Comet-san</name>
<totalseasons>1</totalseasons>
<showid>10250</showid>
<showlink>http://tvrage.com/shows/id-10250</showlink>
<started>Apr/2001</started>
<ended>Jan/2002</ended>
<image>http://images.tvrage.com/shows/11/10250.jpg</image>
<origin_country>JP</origin_country>
<status>Canceled/Ended</status>
<classification>Animation</classification>
<genres><genre>Anime</genre><genre>Comedy</genre><genre>Drama</genre><genre>Sci-Fi</genre></genres>
<runtime>25</runtime>
<network country="JP">TV Tokyo</network>
<airtime>12:00</airtime>
<timezone>GMT+9 -DST</timezone>
<akas><aka country="IT">Gira il mondo Principessa Stellare</aka><aka>Princess Comet</aka></akas>
<Episodelist>

<Season no="1">
<episode><epnum>1</epnum><seasonnum>01</seasonnum><prodnum></prodnum><airdate>2001-04-01</airdate><link>http://www.tvrage.com/shows/id-10250/episodes/351111</link><title>The One Who Carries the Shining of the Stars</title></episode>
<episode><epnum>2</epnum><seasonnum>02</seasonnum><prodnum></prodnum><airdate>2001-04-08</airdate><link>http://www.tvrage.com/shows/id-10250/episodes/351112</link><title>New House</title></episode>
<episode><epnum>3</epnum><seasonnum>03</seasonnum><prodnum></prodnum><airdate>2001-04-15</airdate><link>http://www.tvrage.com/shows/id-10250/episodes/351113</link><title>Tunnel of Stars</title></episode>
<episode><epnum>4</epnum><seasonnum>04</seasonnum><prodnum></prodnum><airdate>2001-04-22</airdate><link>http://www.tvrage.com/shows/id-10250/episodes/351114</link><title>Exciting Zoo Trip</title></episode>
<episode><epnum>5</epnum><seasonnum>05</seasonnum><prodnum></prodnum><airdate>2001-04-29</airdate><link>http://www.tvrage.com/shows/id-10250/episodes/351115</link><title>Slow and Steady Kingdom-Making</title></episode>
<episode><epnum>6</epnum><seasonnum>06</seasonnum><prodnum></prodnum><airdate>2001-05-06</airdate><link>http://www.tvrage.com/shows/id-10250/episodes/351116</link><title>Something to Put in the Store</title></episode>
<episode><epnum>7</epnum><seasonnum>07</seasonnum><prodnum></prodnum><airdate>2001-05-13</airdate><link>http://www.tvrage.com/shows/id-10250/episodes/351117</link><title>Faeries Living in Radiance</title></episode>
<episode><epnum>8</epnum><seasonnum>08</seasonnum><prodnum></prodnum><airdate>2001-05-20</airdate><link>http://www.tvrage.com/shows/id-10250/episodes/351118</link><title>Wonderful Dress-Making</title></episode>
<episode><epnum>9</epnum><seasonnum>09</seasonnum><prodnum></prodnum><airdate>2001-05-27</airdate><link>http://www.tvrage.com/shows/id-10250/episodes/351119</link><title>Cradle of Clouds</title></episode>
<episode><epnum>10</epnum><seasonnum>10</seasonnum><prodnum></prodnum><airdate>2001-06-03</airdate><link>http://www.tvrage.com/shows/id-10250/episodes/351120</link><title>First Affection</title></episode>
<episode><epnum>11</epnum><seasonnum>11</seasonnum><prodnum></prodnum><airdate>2001-06-10</airdate><link>http://www.tvrage.com/shows/id-10250/episodes/351121</link><title>The Power of the Baton</title></episode>
<episode><epnum>12</epnum><seasonnum>12</seasonnum><prodnum></prodnum><airdate>2001-06-17</airdate><link>http://www.tvrage.com/shows/id-10250/episodes/351122</link><title>Rababou's Kidnapping Incident</title></episode>
<episode><epnum>13</epnum><seasonnum>13</seasonnum><prodnum></prodnum><airdate>2001-06-24</airdate><link>http://www.tvrage.com/shows/id-10250/episodes/351123</link><title>Night of the Sewing People</title></episode>
<episode><epnum>14</epnum><seasonnum>14</seasonnum><prodnum></prodnum><airdate>2001-07-01</airdate><link>http://www.tvrage.com/shows/id-10250/episodes/351124</link><title>The Star-Worlds' Tanabata Legend</title></episode>
<episode><epnum>15</epnum><seasonnum>15</seasonnum><prodnum></prodnum><airdate>2001-07-08</airdate><link>http://www.tvrage.com/shows/id-10250/episodes/351125</link><title>The Shadow-Person's Challenge</title></episode>
<episode><epnum>16</epnum><seasonnum>16</seasonnum><prodnum></prodnum><airdate>2001-07-15</airdate><link>http://www.tvrage.com/shows/id-10250/episodes/351126</link><title>Let's Search for the Palace of the Dragon King</title></episode>
<episode><epnum>17</epnum><seasonnum>17</seasonnum><prodnum></prodnum><airdate>2001-07-22</airdate><link>http://www.tvrage.com/shows/id-10250/episodes/351127</link><title>Meteo-san's Tears</title></episode>
<episode><epnum>18</epnum><seasonnum>18</seasonnum><prodnum></prodnum><airdate>2001-07-29</airdate><link>http://www.tvrage.com/shows/id-10250/episodes/351128</link><title>The Fighting Robot</title></episode>
<episode><epnum>19</epnum><seasonnum>19</seasonnum><prodnum></prodnum><airdate>2001-08-05</airdate><link>http://www.tvrage.com/shows/id-10250/episodes/351129</link><title>Another Comet</title></episode>
<episode><epnum>20</epnum><seasonnum>20</seasonnum><prodnum></prodnum><airdate>2001-08-12</airdate><link>http://www.tvrage.com/shows/id-10250/episodes/351130</link><title>Rabapyon's Kiss</title></episode>
<episode><epnum>21</epnum><seasonnum>21</seasonnum><prodnum></prodnum><airdate>2001-08-19</airdate><link>http://www.tvrage.com/shows/id-10250/episodes/351131</link><title>The Magical Power of Love</title></episode>
<episode><epnum>22</epnum><seasonnum>22</seasonnum><prodnum></prodnum><airdate>2001-08-26</airdate><link>http://www.tvrage.com/shows/id-10250/episodes/351132</link><title>Rubbabou's desparation</title></episode>
<episode><epnum>23</epnum><seasonnum>23</seasonnum><prodnum></prodnum><airdate>2001-09-02</airdate><link>http://www.tvrage.com/shows/id-10250/episodes/351133</link><title>Glow of Higenoshita</title></episode>
<episode><epnum>24</epnum><seasonnum>24</seasonnum><prodnum></prodnum><airdate>2001-09-09</airdate><link>http://www.tvrage.com/shows/id-10250/episodes/351134</link><title>The Siblings from Tambourine Star Country</title></episode>
<episode><epnum>25</epnum><seasonnum>25</seasonnum><prodnum></prodnum><airdate>2001-09-16</airdate><link>http://www.tvrage.com/shows/id-10250/episodes/351135</link><title>The Forgotten Brilliance</title></episode>
<episode><epnum>26</epnum><seasonnum>26</seasonnum><prodnum></prodnum><airdate>2001-09-23</airdate><link>http://www.tvrage.com/shows/id-10250/episodes/351136</link><title>Please give me Star Power</title></episode>
<episode><epnum>27</epnum><seasonnum>27</seasonnum><prodnum></prodnum><airdate>2001-09-30</airdate><link>http://www.tvrage.com/shows/id-10250/episodes/351137</link><title>Can I help</title></episode>
<episode><epnum>28</epnum><seasonnum>28</seasonnum><prodnum></prodnum><airdate>2001-10-07</airdate><link>http://www.tvrage.com/shows/id-10250/episodes/351138</link><title>Episode 28</title></episode>
<episode><epnum>29</epnum><seasonnum>29</seasonnum><prodnum></prodnum><airdate>2001-10-14</airdate><link>http://www.tvrage.com/shows/id-10250/episodes/351139</link><title>The Storm of Castanet</title></episode>
<episode><epnum>30</epnum><seasonnum>30</seasonnum><prodnum></prodnum><airdate>2001-10-21</airdate><link>http://www.tvrage.com/shows/id-10250/episodes/351140</link><title>Clay-playing with Star Power</title></episode>
<episode><epnum>31</epnum><seasonnum>31</seasonnum><prodnum></prodnum><airdate>2001-10-28</airdate><link>http://www.tvrage.com/shows/id-10250/episodes/351141</link><title>There are many Manebito-san</title></episode>
<episode><epnum>32</epnum><seasonnum>32</seasonnum><prodnum></prodnum><airdate>2001-11-04</airdate><link>http://www.tvrage.com/shows/id-10250/episodes/351142</link><title>Nokoshitao-bake arrives</title></episode>
<episode><epnum>33</epnum><seasonnum>33</seasonnum><prodnum></prodnum><airdate>2001-11-11</airdate><link>http://www.tvrage.com/shows/id-10250/episodes/351143</link><title>Like a Princess at times</title></episode>
<episode><epnum>34</epnum><seasonnum>34</seasonnum><prodnum></prodnum><airdate>2001-11-18</airdate><link>http://www.tvrage.com/shows/id-10250/episodes/351144</link><title>Rubberbau's in court!</title></episode>
<episode><epnum>35</epnum><seasonnum>35</seasonnum><prodnum></prodnum><airdate>2001-11-25</airdate><link>http://www.tvrage.com/shows/id-10250/episodes/351145</link><title>The Snow Dance</title></episode>
<episode><epnum>36</epnum><seasonnum>36</seasonnum><prodnum></prodnum><airdate>2001-12-02</airdate><link>http://www.tvrage.com/shows/id-10250/episodes/351146</link><title>The Dance of Snow (Dansu no Yuki)</title></episode>
<episode><epnum>37</epnum><seasonnum>37</seasonnum><prodnum></prodnum><airdate>2001-12-09</airdate><link>http://www.tvrage.com/shows/id-10250/episodes/351147</link><title>The Mischevious Cupid</title></episode>
<episode><epnum>38</epnum><seasonnum>38</seasonnum><prodnum></prodnum><airdate>2001-12-16</airdate><link>http://www.tvrage.com/shows/id-10250/episodes/351148</link><title>Misfortune of Feelings</title></episode>
<episode><epnum>39</epnum><seasonnum>39</seasonnum><prodnum></prodnum><airdate>2001-12-23</airdate><link>http://www.tvrage.com/shows/id-10250/episodes/351149</link><title>The Christmas Starman</title></episode>
<episode><epnum>40</epnum><seasonnum>40</seasonnum><prodnum></prodnum><airdate>2001-12-30</airdate><link>http://www.tvrage.com/shows/id-10250/episodes/351150</link><title>The Casket that has lost its glow</title></episode>
<episode><epnum>41</epnum><seasonnum>41</seasonnum><prodnum></prodnum><airdate>2002-01-06</airdate><link>http://www.tvrage.com/shows/id-10250/episodes/351151</link><title>Someone from Tambourine Star Country</title></episode>
<episode><epnum>42</epnum><seasonnum>42</seasonnum><prodnum></prodnum><airdate>2002-01-13</airdate><link>http://www.tvrage.com/shows/id-10250/episodes/351152</link><title>A Way to say Goodbye</title></episode>
<episode><epnum>43</epnum><seasonnum>43</seasonnum><prodnum></prodnum><airdate>2002-01-27</airdate><link>http://www.tvrage.com/shows/id-10250/episodes/351153</link><title>The Brilliance that shines through the Eyes</title></episode>
</Season>

</Episodelist>

</Show>