<?xml version="1.0" encoding="UTF-8" ?>


<Show>
<name>Seconds from Disaster</name>
<totalseasons>6</totalseasons>
<showid>10255</showid>
<showlink>http://tvrage.com/shows/id-10255</showlink>
<started>Jul/06/2004</started>
<ended></ended>
<image>http://images.tvrage.com/shows/11/10255.jpg</image>
<origin_country>US</origin_country>
<status>Returning Series</status>
<classification>Documentary</classification>
<genres><genre>Discovery/Science</genre><genre>Drama</genre></genres>
<runtime>60</runtime>
<network country="US">National Geographic Channel</network>
<airtime>21:00</airtime>
<airday>Tuesday</airday>
<timezone>GMT-5 -DST</timezone>
<akas><aka attr="First and newer title" country="US">Critical Situation</aka><aka attr="Also used in Latin America" country="ES">Segundos Catastróficos</aka></akas>
<Episodelist>

<Season no="1">
<episode><epnum>1</epnum><seasonnum>01</seasonnum><prodnum></prodnum><airdate>2004-07-06</airdate><link>http://www.tvrage.com/shows/id-10255/episodes/357682</link><title>The Crash of the Concorde</title></episode>
<episode><epnum>2</epnum><seasonnum>02</seasonnum><prodnum></prodnum><airdate>2004-07-13</airdate><link>http://www.tvrage.com/shows/id-10255/episodes/357683</link><title>Tunnel Inferno</title></episode>
<episode><epnum>3</epnum><seasonnum>03</seasonnum><prodnum></prodnum><airdate>2004-07-20</airdate><link>http://www.tvrage.com/shows/id-10255/episodes/357684</link><title>The Bomb in Oklahoma City</title></episode>
<episode><epnum>4</epnum><seasonnum>04</seasonnum><prodnum></prodnum><airdate>2004-07-27</airdate><link>http://www.tvrage.com/shows/id-10255/episodes/357685</link><title>Fire on the Star</title></episode>
<episode><epnum>5</epnum><seasonnum>05</seasonnum><prodnum></prodnum><airdate>2004-08-03</airdate><link>http://www.tvrage.com/shows/id-10255/episodes/357686</link><title>Derailment at Eschede</title></episode>
<episode><epnum>6</epnum><seasonnum>06</seasonnum><prodnum></prodnum><airdate>2004-08-10</airdate><link>http://www.tvrage.com/shows/id-10255/episodes/357687</link><title>Wreck of the Sunset Limited</title></episode>
<episode><epnum>7</epnum><seasonnum>07</seasonnum><prodnum></prodnum><airdate>2004-08-17</airdate><link>http://www.tvrage.com/shows/id-10255/episodes/357688</link><title>Meltdown in Chernobyl</title></episode>
<episode><epnum>8</epnum><seasonnum>08</seasonnum><prodnum></prodnum><airdate>2004-08-24</airdate><link>http://www.tvrage.com/shows/id-10255/episodes/357689</link><title>Inferno in Guadalajara</title></episode>
<episode><epnum>9</epnum><seasonnum>09</seasonnum><prodnum></prodnum><airdate>2004-11-28</airdate><link>http://www.tvrage.com/shows/id-10255/episodes/357690</link><title>Fire on the Ski Slope</title></episode>
<episode><epnum>10</epnum><seasonnum>10</seasonnum><prodnum></prodnum><airdate>2004-10-05</airdate><link>http://www.tvrage.com/shows/id-10255/episodes/357691</link><title>Explosion in the North Sea</title></episode>
<episode><epnum>11</epnum><seasonnum>11</seasonnum><prodnum></prodnum><airdate>2004-10-12</airdate><link>http://www.tvrage.com/shows/id-10255/episodes/357692</link><title>Flood at Stava Dam</title></episode>
<episode><epnum>12</epnum><seasonnum>12</seasonnum><prodnum></prodnum><airdate>2004-10-19</airdate><link>http://www.tvrage.com/shows/id-10255/episodes/357693</link><title>Collision on the Runway</title></episode>
<episode><epnum>13</epnum><seasonnum>13</seasonnum><prodnum></prodnum><airdate>2004-10-26</airdate><link>http://www.tvrage.com/shows/id-10255/episodes/357694</link><title>Pentagon 9/11</title></episode>
</Season>

<Season no="2">
<episode><epnum>14</epnum><seasonnum>01</seasonnum><prodnum></prodnum><airdate>2005-06-28</airdate><link>http://www.tvrage.com/shows/id-10255/episodes/353504</link><title>Columbia's Last Flight</title></episode>
<episode><epnum>15</epnum><seasonnum>02</seasonnum><prodnum></prodnum><airdate>2005-07-05</airdate><link>http://www.tvrage.com/shows/id-10255/episodes/353505</link><title>Alpine Tsunami</title></episode>
<episode><epnum>16</epnum><seasonnum>03</seasonnum><prodnum></prodnum><airdate>2005-07-12</airdate><link>http://www.tvrage.com/shows/id-10255/episodes/353506</link><title>Freeway Plane Crash</title></episode>
<episode><epnum>17</epnum><seasonnum>04</seasonnum><prodnum></prodnum><airdate>2005-07-26</airdate><link>http://www.tvrage.com/shows/id-10255/episodes/353507</link><title>Mount St. Helen's Eruption</title></episode>
<episode><epnum>18</epnum><seasonnum>05</seasonnum><prodnum></prodnum><airdate>2005-08-16</airdate><link>http://www.tvrage.com/shows/id-10255/episodes/353508</link><title>Capsized in the North Sea</title></episode>
<episode><epnum>19</epnum><seasonnum>06</seasonnum><prodnum></prodnum><airdate>2005-08-30</airdate><link>http://www.tvrage.com/shows/id-10255/episodes/353509</link><title>Killer Quake</title></episode>
<episode><epnum>20</epnum><seasonnum>07</seasonnum><prodnum></prodnum><airdate>2005-09-13</airdate><link>http://www.tvrage.com/shows/id-10255/episodes/353510</link><title>Crash Landing in Sioux City</title></episode>
<episode><epnum>21</epnum><seasonnum>08</seasonnum><prodnum></prodnum><airdate>2005-09-20</airdate><link>http://www.tvrage.com/shows/id-10255/episodes/353511</link><title>Disco Bombing</title></episode>
<episode><epnum>22</epnum><seasonnum>09</seasonnum><prodnum></prodnum><airdate>2005-09-27</airdate><link>http://www.tvrage.com/shows/id-10255/episodes/353512</link><title>Hotel Collapse</title></episode>
<episode><epnum>23</epnum><seasonnum>10</seasonnum><prodnum></prodnum><airdate>2005-10-18</airdate><link>http://www.tvrage.com/shows/id-10255/episodes/353513</link><title>TWA Flight 800</title></episode>
<episode><epnum>24</epnum><seasonnum>11</seasonnum><prodnum></prodnum><airdate>2005-11-01</airdate><link>http://www.tvrage.com/shows/id-10255/episodes/353514</link><title>Runaway Train</title></episode>
<episode><epnum>25</epnum><seasonnum>12</seasonnum><prodnum></prodnum><airdate>2005-11-15</airdate><link>http://www.tvrage.com/shows/id-10255/episodes/353515</link><title>Hidenburg Air Ship</title></episode>
<episode><epnum>26</epnum><seasonnum>13</seasonnum><prodnum></prodnum><airdate>2005-12-13</airdate><link>http://www.tvrage.com/shows/id-10255/episodes/353516</link><title>Puerto Rico Gas Explosion</title></episode>
</Season>

<Season no="3">
<episode><epnum>27</epnum><seasonnum>01</seasonnum><prodnum></prodnum><airdate>2006-01-10</airdate><link>http://www.tvrage.com/shows/id-10255/episodes/357697</link><title>Skywalk Collapse</title></episode>
<episode><epnum>28</epnum><seasonnum>02</seasonnum><prodnum></prodnum><airdate>2006-03-28</airdate><link>http://www.tvrage.com/shows/id-10255/episodes/357699</link><title>Amsterdam Air Crash</title></episode>
<episode><epnum>29</epnum><seasonnum>03</seasonnum><prodnum></prodnum><airdate>2006-04-12</airdate><link>http://www.tvrage.com/shows/id-10255/episodes/357700</link><title>Russia's Nuclear Sub Nightmare</title></episode>
<episode><epnum>30</epnum><seasonnum>04</seasonnum><prodnum></prodnum><airdate>2006-05-09</airdate><link>http://www.tvrage.com/shows/id-10255/episodes/360287</link><title>King's Cross Fire</title></episode>
<episode><epnum>31</epnum><seasonnum>05</seasonnum><prodnum></prodnum><airdate>2006-06-27</airdate><link>http://www.tvrage.com/shows/id-10255/episodes/381054</link><title>US Embassy Bombings</title></episode>
<episode><epnum>32</epnum><seasonnum>06</seasonnum><prodnum></prodnum><airdate>2006-07-11</airdate><link>http://www.tvrage.com/shows/id-10255/episodes/381053</link><title>Florida Swamp Air Crash</title></episode>
<episode><epnum>33</epnum><seasonnum>07</seasonnum><prodnum></prodnum><airdate>2006-07-25</airdate><link>http://www.tvrage.com/shows/id-10255/episodes/604176</link><title>Titanic</title></episode>
<episode><epnum>34</epnum><seasonnum>08</seasonnum><prodnum></prodnum><airdate>2006-08-15</airdate><link>http://www.tvrage.com/shows/id-10255/episodes/604181</link><title>Aircraft Carrier Explosion</title></episode>
<episode><epnum>35</epnum><seasonnum>09</seasonnum><prodnum></prodnum><airdate>2006-09-06</airdate><link>http://www.tvrage.com/shows/id-10255/episodes/604177</link><title>Plane Crash in Queens</title></episode>
<episode><epnum>36</epnum><seasonnum>10</seasonnum><prodnum></prodnum><airdate>2006-09-13</airdate><link>http://www.tvrage.com/shows/id-10255/episodes/604178</link><title>Munich Olympic Massacre</title></episode>
<episode><epnum>37</epnum><seasonnum>11</seasonnum><prodnum></prodnum><airdate>2006-09-20</airdate><link>http://www.tvrage.com/shows/id-10255/episodes/604179</link><title>Department Store Collapse</title></episode>
<episode><epnum>38</epnum><seasonnum>12</seasonnum><prodnum></prodnum><airdate>2006-09-27</airdate><link>http://www.tvrage.com/shows/id-10255/episodes/604180</link><title>Plane Crash in the Potomac</title></episode>
<episode><epnum>39</epnum><seasonnum>13</seasonnum><prodnum></prodnum><airdate>2006-10-25</airdate><link>http://www.tvrage.com/shows/id-10255/episodes/604183</link><title>Asian Tsunami</title></episode>
<episode><epnum>40</epnum><seasonnum>14</seasonnum><prodnum></prodnum><airdate>2006-11-15</airdate><link>http://www.tvrage.com/shows/id-10255/episodes/604185</link><title>Crash of the Comet</title></episode>
<episode><epnum>41</epnum><seasonnum>15</seasonnum><prodnum></prodnum><airdate>2006-11-29</airdate><link>http://www.tvrage.com/shows/id-10255/episodes/604187</link><title>Flight Engine Down</title></episode>
<episode><epnum>42</epnum><seasonnum>16</seasonnum><prodnum></prodnum><airdate>2006-12-06</airdate><link>http://www.tvrage.com/shows/id-10255/episodes/604190</link><title>Texas Oil Explosion</title></episode>
<episode><epnum>43</epnum><seasonnum>17</seasonnum><prodnum></prodnum><airdate>2007-01-02</airdate><link>http://www.tvrage.com/shows/id-10255/episodes/604188</link><title>Tornado Outbreak</title></episode>
<episode><epnum>44</epnum><seasonnum>18</seasonnum><prodnum></prodnum><airdate>2007-01-31</airdate><link>http://www.tvrage.com/shows/id-10255/episodes/604191</link><title>Space Shuttle Explosion</title></episode>
<episode><epnum>45</epnum><seasonnum>19</seasonnum><prodnum></prodnum><airdate>2007-03-07</airdate><link>http://www.tvrage.com/shows/id-10255/episodes/604192</link><title>Eruption on Montserrat</title></episode>
</Season>

<Season no="4">
<episode><epnum>46</epnum><seasonnum>01</seasonnum><prodnum></prodnum><airdate>2011-09-05</airdate><link>http://www.tvrage.com/shows/id-10255/episodes/1065210859</link><title>9/11</title></episode>
<episode><epnum>47</epnum><seasonnum>02</seasonnum><prodnum></prodnum><airdate>2011-09-12</airdate><link>http://www.tvrage.com/shows/id-10255/episodes/1065210860</link><title>Pearl Harbor</title></episode>
<episode><epnum>48</epnum><seasonnum>03</seasonnum><prodnum></prodnum><airdate>2011-09-19</airdate><link>http://www.tvrage.com/shows/id-10255/episodes/1065210861</link><title>Paddington Train Collision</title></episode>
<episode><epnum>49</epnum><seasonnum>04</seasonnum><prodnum></prodnum><airdate>2011-09-26</airdate><link>http://www.tvrage.com/shows/id-10255/episodes/1065210862</link><title>Collision at 35,000 Feet</title></episode>
<episode><epnum>50</epnum><seasonnum>05</seasonnum><prodnum></prodnum><airdate>2011-10-03</airdate><link>http://www.tvrage.com/shows/id-10255/episodes/1065210863</link><title>Cable Car Collision</title></episode>
<episode><epnum>51</epnum><seasonnum>06</seasonnum><prodnum></prodnum><airdate>2011-10-10</airdate><link>http://www.tvrage.com/shows/id-10255/episodes/1065210864</link><title>Bhopal Nightmare</title></episode>
</Season>

<Season no="5">
<episode><epnum>52</epnum><seasonnum>01</seasonnum><prodnum></prodnum><airdate>2012-03-11</airdate><link>http://www.tvrage.com/shows/id-10255/episodes/1065210865</link><title>Japan's Nuclear Nightmare</title></episode>
<episode><epnum>53</epnum><seasonnum>02</seasonnum><prodnum></prodnum><airdate>2012-03-18</airdate><link>http://www.tvrage.com/shows/id-10255/episodes/1065210866</link><title>The Bismarck</title></episode>
<episode><epnum>54</epnum><seasonnum>03</seasonnum><prodnum></prodnum><airdate>2012-03-25</airdate><link>http://www.tvrage.com/shows/id-10255/episodes/1065210867</link><title>Mountain Tsunami</title></episode>
<episode><epnum>55</epnum><seasonnum>04</seasonnum><prodnum></prodnum><airdate>2012-04-01</airdate><link>http://www.tvrage.com/shows/id-10255/episodes/1065210868</link><title>Waco Cult</title></episode>
<episode><epnum>56</epnum><seasonnum>05</seasonnum><prodnum></prodnum><airdate>2012-04-15</airdate><link>http://www.tvrage.com/shows/id-10255/episodes/1065210869</link><title>Deepwater Horizon</title></episode>
<episode><epnum>57</epnum><seasonnum>06</seasonnum><prodnum></prodnum><airdate>2012-04-22</airdate><link>http://www.tvrage.com/shows/id-10255/episodes/1065210870</link><title>Massacre in Mumbai</title></episode>
</Season>

<Season no="6">
<episode><epnum>58</epnum><seasonnum>01</seasonnum><prodnum></prodnum><airdate>2012-07-22</airdate><link>http://www.tvrage.com/shows/id-10255/episodes/1065276582</link><title>Norway Massacre: I Was There</title></episode>
<episode><epnum>59</epnum><seasonnum>02</seasonnum><prodnum></prodnum><airdate>2012-11-05</airdate><link>http://www.tvrage.com/shows/id-10255/episodes/1065276583</link><title>Jonestown Cult Suicide</title></episode>
<episode><epnum>60</epnum><seasonnum>03</seasonnum><prodnum></prodnum><airdate>2012-11-12</airdate><link>http://www.tvrage.com/shows/id-10255/episodes/1065276584</link><title>Fire in the Cockpit</title></episode>
<episode><epnum>61</epnum><seasonnum>04</seasonnum><prodnum></prodnum><airdate>2012-11-19</airdate><link>http://www.tvrage.com/shows/id-10255/episodes/1065276585</link><title>Black Hawk Down</title></episode>
<episode><epnum>62</epnum><seasonnum>05</seasonnum><prodnum></prodnum><airdate>2012-11-26</airdate><link>http://www.tvrage.com/shows/id-10255/episodes/1065276586</link><title>Into The Death Zone</title></episode>
<episode><epnum>63</epnum><seasonnum>06</seasonnum><prodnum></prodnum><airdate>2012-12-03</airdate><link>http://www.tvrage.com/shows/id-10255/episodes/1065276587</link><title>Terrified Over Tokyo</title></episode>
<episode><epnum>64</epnum><seasonnum>07</seasonnum><prodnum></prodnum><airdate>2012-12-10</airdate><link>http://www.tvrage.com/shows/id-10255/episodes/1065276588</link><title>Runaway Train</title></episode>
<episode><epnum>65</epnum><seasonnum>08</seasonnum><prodnum></prodnum><airdate>2012-12-17</airdate><link>http://www.tvrage.com/shows/id-10255/episodes/1065276589</link><title>Nagasaki - The Forgotten Bomb</title></episode>
<episode><epnum>66</epnum><seasonnum>09</seasonnum><prodnum></prodnum><airdate>2012-12-27</airdate><link>http://www.tvrage.com/shows/id-10255/episodes/1065276590</link><title>Sinking The Coventry</title></episode>
<episode><epnum>67</epnum><seasonnum>10</seasonnum><prodnum></prodnum><airdate>2013-01-07</airdate><link>http://www.tvrage.com/shows/id-10255/episodes/1065276591</link><title>Chinook Helicopter Crash</title></episode>
</Season>

</Episodelist>

</Show>