<?xml version="1.0" encoding="UTF-8" ?>


<Show>
<name>The Reality Show</name>
<totalseasons>2</totalseasons>
<showid>10252</showid>
<showlink>http://tvrage.com/shows/id-10252</showlink>
<started>Sep/13/2005</started>
<ended></ended>
<image>http://images.tvrage.com/shows/11/10252.jpg</image>
<origin_country>US</origin_country>
<status>Canceled/Ended</status>
<classification>Reality</classification>
<genres><genre>Family</genre></genres>
<runtime>30</runtime>
<network country="US">MTV</network>
<airtime>23:30</airtime>
<airday>Thursday</airday>
<timezone>GMT-5 -DST</timezone>
<Episodelist>

<Season no="1">
<episode><epnum>1</epnum><seasonnum>01</seasonnum><prodnum></prodnum><airdate>2005-09-13</airdate><link>http://www.tvrage.com/shows/id-10252/episodes/1065228559</link><title>Season 1, Episode 1</title></episode>
<episode><epnum>2</epnum><seasonnum>02</seasonnum><prodnum></prodnum><airdate>2005-09-20</airdate><link>http://www.tvrage.com/shows/id-10252/episodes/1065228560</link><title>Season 1, Episode 2</title></episode>
<episode><epnum>3</epnum><seasonnum>03</seasonnum><prodnum></prodnum><airdate>2005-09-27</airdate><link>http://www.tvrage.com/shows/id-10252/episodes/1065228561</link><title>Season 1, Episode 3</title></episode>
<episode><epnum>4</epnum><seasonnum>04</seasonnum><prodnum></prodnum><airdate>2005-10-04</airdate><link>http://www.tvrage.com/shows/id-10252/episodes/1065228562</link><title>Season 1, Episode 4</title></episode>
<episode><epnum>5</epnum><seasonnum>05</seasonnum><prodnum></prodnum><airdate>2005-10-11</airdate><link>http://www.tvrage.com/shows/id-10252/episodes/1065228563</link><title>Season 1, Episode 5</title></episode>
<episode><epnum>6</epnum><seasonnum>06</seasonnum><prodnum></prodnum><airdate>2005-10-18</airdate><link>http://www.tvrage.com/shows/id-10252/episodes/1065228564</link><title>Season 1, Episode 6</title></episode>
<episode><epnum>7</epnum><seasonnum>07</seasonnum><prodnum></prodnum><airdate>2005-10-25</airdate><link>http://www.tvrage.com/shows/id-10252/episodes/1065228565</link><title>Season 1, Episode 7</title></episode>
<episode><epnum>8</epnum><seasonnum>08</seasonnum><prodnum></prodnum><airdate>2005-11-01</airdate><link>http://www.tvrage.com/shows/id-10252/episodes/1065228566</link><title>Season 1, Episode 8</title></episode>
<episode><epnum>9</epnum><seasonnum>09</seasonnum><prodnum></prodnum><airdate>2005-11-08</airdate><link>http://www.tvrage.com/shows/id-10252/episodes/1065228567</link><title>Season 1, Episode 9</title></episode>
<episode><epnum>10</epnum><seasonnum>10</seasonnum><prodnum></prodnum><airdate>2005-11-15</airdate><link>http://www.tvrage.com/shows/id-10252/episodes/1065228568</link><title>Season 1, Episode 10</title></episode>
</Season>

</Episodelist>

</Show>