<?xml version="1.0" encoding="UTF-8" ?>


<Show>
<name>My Ex Life</name>
<totalseasons>1</totalseasons>
<showid>10256</showid>
<showlink>http://tvrage.com/shows/id-10256</showlink>
<started>2009</started>
<ended></ended>
<origin_country>US</origin_country>
<status>Pilot Rejected</status>
<classification>Scripted</classification>
<genres><genre>Comedy</genre></genres>
<runtime>30</runtime>
<network country="US">CBS</network>
<airtime>12:00</airtime>
<timezone>GMT-5 -DST</timezone>
<akas><aka attr="New Working title" country="US">Ex Life</aka><aka attr="Alternate Working title" country="US">Ex Men</aka></akas>

</Show>