<?xml version="1.0" encoding="UTF-8" ?>


<Show>
<name>Drive</name>
<totalseasons>1</totalseasons>
<showid>10257</showid>
<showlink>http://tvrage.com/Drive</showlink>
<started>Apr/13/2007</started>
<ended>Jul/15/2007</ended>
<image>http://images.tvrage.com/shows/11/10257.jpg</image>
<origin_country>US</origin_country>
<status>Canceled/Ended</status>
<classification>Scripted</classification>
<genres><genre>Action</genre><genre>Adventure</genre><genre>Automobiles</genre><genre>Crime</genre><genre>Drama</genre><genre>Family</genre><genre>Mystery</genre><genre>Thriller</genre></genres>
<runtime>60</runtime>
<network country="US">FOX</network>
<airtime>20:00</airtime>
<airday>Monday</airday>
<timezone>GMT-5 -DST</timezone>
<Episodelist>

<Season no="1">
<episode><epnum>1</epnum><seasonnum>01</seasonnum><prodnum>DRI-101</prodnum><airdate>2007-04-13</airdate><link>http://www.tvrage.com/Drive/episodes/508131</link><title>The Starting Line</title><screencap>http://images.tvrage.com/screencaps/52/10257/508131.jpg</screencap></episode>
<episode><epnum>2</epnum><seasonnum>02</seasonnum><prodnum>DRI-102</prodnum><airdate>2007-04-13</airdate><link>http://www.tvrage.com/Drive/episodes/508132</link><title>Partners</title><screencap>http://images.tvrage.com/screencaps/52/10257/508132.jpg</screencap></episode>
<episode><epnum>3</epnum><seasonnum>03</seasonnum><prodnum>DRI-103</prodnum><airdate>2007-04-16</airdate><link>http://www.tvrage.com/Drive/episodes/532475</link><title>Let The Games Begin</title><screencap>http://images.tvrage.com/screencaps/52/10257/532475.jpg</screencap></episode>
<episode><epnum>4</epnum><seasonnum>04</seasonnum><prodnum>DRI-104</prodnum><airdate>2007-04-23</airdate><link>http://www.tvrage.com/Drive/episodes/536178</link><title>No Turning Back</title><screencap>http://images.tvrage.com/screencaps/52/10257/536178.jpg</screencap></episode>
<episode><epnum>5</epnum><seasonnum>05</seasonnum><prodnum>DRI-105</prodnum><airdate>2007-07-15</airdate><link>http://www.tvrage.com/Drive/episodes/536179</link><title>The Extra Mile</title></episode>
<episode><epnum>6</epnum><seasonnum>06</seasonnum><prodnum>DRI-106</prodnum><airdate>2007-07-15</airdate><link>http://www.tvrage.com/Drive/episodes/536180</link><title>Rearview</title></episode>
</Season>

</Episodelist>

</Show>