<?xml version="1.0" encoding="UTF-8" ?>


<Show>
<name>The Vise</name>
<totalseasons>2</totalseasons>
<showid>10254</showid>
<showlink>http://tvrage.com/shows/id-10254</showlink>
<started>Oct/01/1954</started>
<ended>Dec/23/1955</ended>
<image>http://images.tvrage.com/shows/11/10254.jpg</image>
<origin_country>UK</origin_country>
<status>Canceled/Ended</status>
<classification>Scripted</classification>
<genres><genre>Action</genre><genre>Adventure</genre><genre>Drama</genre></genres>
<runtime>30</runtime>
<network country="US">ABC</network>
<airtime>21:30</airtime>
<airday>Friday</airday>
<timezone>GMT-5 -DST</timezone>
<Episodelist>

<Season no="1">
<episode><epnum>1</epnum><seasonnum>01</seasonnum><prodnum></prodnum><airdate>1954-10-01</airdate><link>http://www.tvrage.com/shows/id-10254/episodes/650782</link><title>One Just Man</title></episode>
<episode><epnum>2</epnum><seasonnum>02</seasonnum><prodnum></prodnum><airdate>1954-10-08</airdate><link>http://www.tvrage.com/shows/id-10254/episodes/650783</link><title>Set A Murderer</title></episode>
<episode><epnum>3</epnum><seasonnum>03</seasonnum><prodnum></prodnum><airdate>1954-10-15</airdate><link>http://www.tvrage.com/shows/id-10254/episodes/650784</link><title>Let Murder Be Done</title></episode>
<episode><epnum>4</epnum><seasonnum>04</seasonnum><prodnum></prodnum><airdate>1954-10-22</airdate><link>http://www.tvrage.com/shows/id-10254/episodes/650785</link><title>Dr. Damon's Experiment</title></episode>
<episode><epnum>5</epnum><seasonnum>05</seasonnum><prodnum></prodnum><airdate>1954-10-29</airdate><link>http://www.tvrage.com/shows/id-10254/episodes/650786</link><title>Death Pays No Dividends</title></episode>
<episode><epnum>6</epnum><seasonnum>06</seasonnum><prodnum></prodnum><airdate>1954-11-05</airdate><link>http://www.tvrage.com/shows/id-10254/episodes/650787</link><title>Gabriel's Choice</title></episode>
<episode><epnum>7</epnum><seasonnum>07</seasonnum><prodnum></prodnum><airdate>1954-11-12</airdate><link>http://www.tvrage.com/shows/id-10254/episodes/650788</link><title>The Diamond Expert</title></episode>
<episode><epnum>8</epnum><seasonnum>08</seasonnum><prodnum></prodnum><airdate>1954-11-19</airdate><link>http://www.tvrage.com/shows/id-10254/episodes/650789</link><title>The Secret Place</title></episode>
<episode><epnum>9</epnum><seasonnum>09</seasonnum><prodnum></prodnum><airdate>1954-11-26</airdate><link>http://www.tvrage.com/shows/id-10254/episodes/650790</link><title>The Fair and the Fallen</title></episode>
<episode><epnum>10</epnum><seasonnum>10</seasonnum><prodnum></prodnum><airdate>1954-12-03</airdate><link>http://www.tvrage.com/shows/id-10254/episodes/650791</link><title>The Eavesdropper</title></episode>
<episode><epnum>11</epnum><seasonnum>11</seasonnum><prodnum></prodnum><airdate>1954-12-10</airdate><link>http://www.tvrage.com/shows/id-10254/episodes/650792</link><title>The Very Silent Traveler</title></episode>
<episode><epnum>12</epnum><seasonnum>12</seasonnum><prodnum></prodnum><airdate>1954-12-17</airdate><link>http://www.tvrage.com/shows/id-10254/episodes/650793</link><title>The Yellow Robe</title></episode>
<episode><epnum>13</epnum><seasonnum>13</seasonnum><prodnum></prodnum><airdate>1954-12-24</airdate><link>http://www.tvrage.com/shows/id-10254/episodes/650794</link><title>Lucky Man</title></episode>
<episode><epnum>14</epnum><seasonnum>14</seasonnum><prodnum></prodnum><airdate>1954-12-31</airdate><link>http://www.tvrage.com/shows/id-10254/episodes/650795</link><title>The Gambler</title></episode>
<episode><epnum>15</epnum><seasonnum>15</seasonnum><prodnum></prodnum><airdate>1955-01-07</airdate><link>http://www.tvrage.com/shows/id-10254/episodes/650796</link><title>Count of Twelve</title></episode>
<episode><epnum>16</epnum><seasonnum>16</seasonnum><prodnum></prodnum><airdate>1955-01-14</airdate><link>http://www.tvrage.com/shows/id-10254/episodes/650797</link><title>The Final Column</title></episode>
<episode><epnum>17</epnum><seasonnum>17</seasonnum><prodnum></prodnum><airdate>1955-01-21</airdate><link>http://www.tvrage.com/shows/id-10254/episodes/650798</link><title>The Benevolent Burglar</title></episode>
<episode><epnum>18</epnum><seasonnum>18</seasonnum><prodnum></prodnum><airdate>1955-01-28</airdate><link>http://www.tvrage.com/shows/id-10254/episodes/1065203584</link><title>Blind Man's Buff</title></episode>
<episode><epnum>19</epnum><seasonnum>19</seasonnum><prodnum></prodnum><airdate>1955-02-04</airdate><link>http://www.tvrage.com/shows/id-10254/episodes/1065203585</link><title>The Eighth Window</title></episode>
<episode><epnum>20</epnum><seasonnum>20</seasonnum><prodnum></prodnum><airdate>1955-02-11</airdate><link>http://www.tvrage.com/shows/id-10254/episodes/1065203586</link><title>Broken Honeymoon</title></episode>
<episode><epnum>21</epnum><seasonnum>21</seasonnum><prodnum></prodnum><airdate>1955-02-18</airdate><link>http://www.tvrage.com/shows/id-10254/episodes/1065203587</link><title>Death On The Boards</title></episode>
<episode><epnum>22</epnum><seasonnum>22</seasonnum><prodnum></prodnum><airdate>1955-02-25</airdate><link>http://www.tvrage.com/shows/id-10254/episodes/1065203588</link><title>Behind The Mask</title></episode>
<episode><epnum>23</epnum><seasonnum>23</seasonnum><prodnum></prodnum><airdate>1955-03-04</airdate><link>http://www.tvrage.com/shows/id-10254/episodes/1065203589</link><title>Dress Rehearsal</title></episode>
<episode><epnum>24</epnum><seasonnum>24</seasonnum><prodnum></prodnum><airdate>1955-03-11</airdate><link>http://www.tvrage.com/shows/id-10254/episodes/1065203590</link><title>Cruel Test</title></episode>
<episode><epnum>25</epnum><seasonnum>25</seasonnum><prodnum></prodnum><airdate>1955-03-18</airdate><link>http://www.tvrage.com/shows/id-10254/episodes/1065203591</link><title>The Deception</title></episode>
<episode><epnum>26</epnum><seasonnum>26</seasonnum><prodnum></prodnum><airdate>1955-03-25</airdate><link>http://www.tvrage.com/shows/id-10254/episodes/1065203592</link><title>Weekend Guest</title></episode>
<episode><epnum>27</epnum><seasonnum>27</seasonnum><prodnum></prodnum><airdate>1955-04-01</airdate><link>http://www.tvrage.com/shows/id-10254/episodes/1065203593</link><title>The Fame And The Fury</title></episode>
<episode><epnum>28</epnum><seasonnum>28</seasonnum><prodnum></prodnum><airdate>1955-04-08</airdate><link>http://www.tvrage.com/shows/id-10254/episodes/1065203594</link><title>Ring Of Greed</title></episode>
<episode><epnum>29</epnum><seasonnum>29</seasonnum><prodnum></prodnum><airdate>1955-04-15</airdate><link>http://www.tvrage.com/shows/id-10254/episodes/1065203595</link><title>The Imperfect Gentlemen</title></episode>
<episode><epnum>30</epnum><seasonnum>30</seasonnum><prodnum></prodnum><airdate>1955-04-22</airdate><link>http://www.tvrage.com/shows/id-10254/episodes/1065203596</link><title>The Schemer</title></episode>
<episode><epnum>31</epnum><seasonnum>31</seasonnum><prodnum></prodnum><airdate>1955-04-29</airdate><link>http://www.tvrage.com/shows/id-10254/episodes/1065203597</link><title>Double Pay-Off</title></episode>
<episode><epnum>32</epnum><seasonnum>32</seasonnum><prodnum></prodnum><airdate>1955-05-06</airdate><link>http://www.tvrage.com/shows/id-10254/episodes/1065203598</link><title>Account Closed</title></episode>
<episode><epnum>33</epnum><seasonnum>33</seasonnum><prodnum></prodnum><airdate>1955-05-13</airdate><link>http://www.tvrage.com/shows/id-10254/episodes/1065203599</link><title>The Serpent Below</title></episode>
<episode><epnum>34</epnum><seasonnum>34</seasonnum><prodnum></prodnum><airdate>1955-05-20</airdate><link>http://www.tvrage.com/shows/id-10254/episodes/1065203600</link><title>The Price Of Vanity</title></episode>
<episode><epnum>35</epnum><seasonnum>35</seasonnum><prodnum></prodnum><airdate>1955-05-27</airdate><link>http://www.tvrage.com/shows/id-10254/episodes/1065203601</link><title>Man In Demand</title></episode>
<episode><epnum>36</epnum><seasonnum>36</seasonnum><prodnum></prodnum><airdate>1955-06-03</airdate><link>http://www.tvrage.com/shows/id-10254/episodes/1065203602</link><title>The Homing Chinaman</title></episode>
<episode><epnum>37</epnum><seasonnum>37</seasonnum><prodnum></prodnum><airdate>1955-06-10</airdate><link>http://www.tvrage.com/shows/id-10254/episodes/1065203603</link><title>The Rattan Trunk</title></episode>
<episode><epnum>38</epnum><seasonnum>38</seasonnum><prodnum></prodnum><airdate>1955-06-17</airdate><link>http://www.tvrage.com/shows/id-10254/episodes/1065203604</link><title>Murder Of A Ham</title></episode>
<episode><epnum>39</epnum><seasonnum>39</seasonnum><prodnum></prodnum><airdate>1955-06-24</airdate><link>http://www.tvrage.com/shows/id-10254/episodes/1065203605</link><title>The Better Chance</title></episode>
</Season>

<Season no="2">
<episode><epnum>40</epnum><seasonnum>01</seasonnum><prodnum></prodnum><airdate>1955-07-01</airdate><link>http://www.tvrage.com/shows/id-10254/episodes/1065203606</link><title>Diplomatic Error</title></episode>
<episode><epnum>41</epnum><seasonnum>02</seasonnum><prodnum></prodnum><airdate>1955-07-08</airdate><link>http://www.tvrage.com/shows/id-10254/episodes/1065203607</link><title>Stranglehold</title></episode>
<episode><epnum>42</epnum><seasonnum>03</seasonnum><prodnum></prodnum><airdate>1955-07-15</airdate><link>http://www.tvrage.com/shows/id-10254/episodes/1065203608</link><title>The Corpse In Room Thirteen</title></episode>
<episode><epnum>43</epnum><seasonnum>04</seasonnum><prodnum></prodnum><airdate>1955-07-22</airdate><link>http://www.tvrage.com/shows/id-10254/episodes/1065203609</link><title>Death Walks By Night</title></episode>
<episode><epnum>44</epnum><seasonnum>05</seasonnum><prodnum></prodnum><airdate>1955-07-29</airdate><link>http://www.tvrage.com/shows/id-10254/episodes/1065203610</link><title>The Verdict</title></episode>
<episode><epnum>45</epnum><seasonnum>06</seasonnum><prodnum></prodnum><airdate>1955-08-05</airdate><link>http://www.tvrage.com/shows/id-10254/episodes/1065203611</link><title>The Bargain</title></episode>
<episode><epnum>46</epnum><seasonnum>07</seasonnum><prodnum></prodnum><airdate>1955-08-19</airdate><link>http://www.tvrage.com/shows/id-10254/episodes/1065203613</link><title>Death In White</title></episode>
<episode><epnum>47</epnum><seasonnum>08</seasonnum><prodnum></prodnum><airdate>1955-08-26</airdate><link>http://www.tvrage.com/shows/id-10254/episodes/1065203614</link><title>The Broken Link</title></episode>
<episode><epnum>48</epnum><seasonnum>09</seasonnum><prodnum></prodnum><airdate>1955-09-02</airdate><link>http://www.tvrage.com/shows/id-10254/episodes/1065203615</link><title>Never Let Me Die</title></episode>
<episode><epnum>49</epnum><seasonnum>10</seasonnum><prodnum></prodnum><airdate>1955-09-09</airdate><link>http://www.tvrage.com/shows/id-10254/episodes/653661</link><title>Bond of Hate</title></episode>
<episode><epnum>50</epnum><seasonnum>11</seasonnum><prodnum></prodnum><airdate>1955-09-16</airdate><link>http://www.tvrage.com/shows/id-10254/episodes/653662</link><title>Death Mask</title></episode>
<episode><epnum>51</epnum><seasonnum>12</seasonnum><prodnum></prodnum><airdate>1955-09-23</airdate><link>http://www.tvrage.com/shows/id-10254/episodes/1065203616</link><title>Side Entrance</title></episode>
<episode><epnum>52</epnum><seasonnum>13</seasonnum><prodnum></prodnum><airdate>1955-09-30</airdate><link>http://www.tvrage.com/shows/id-10254/episodes/1065203617</link><title>The Search For Martha Harris</title></episode>
<episode><epnum>53</epnum><seasonnum>14</seasonnum><prodnum></prodnum><airdate>1955-10-07</airdate><link>http://www.tvrage.com/shows/id-10254/episodes/1065203618</link><title>Money To Burn</title></episode>
<episode><epnum>54</epnum><seasonnum>15</seasonnum><prodnum></prodnum><airdate>1955-10-14</airdate><link>http://www.tvrage.com/shows/id-10254/episodes/1065203619</link><title>Two Of A Kind</title></episode>
<episode><epnum>55</epnum><seasonnum>16</seasonnum><prodnum></prodnum><airdate>1955-10-21</airdate><link>http://www.tvrage.com/shows/id-10254/episodes/1065203620</link><title>Cross Channel</title></episode>
<episode><epnum>56</epnum><seasonnum>17</seasonnum><prodnum></prodnum><airdate>1955-10-28</airdate><link>http://www.tvrage.com/shows/id-10254/episodes/1065203621</link><title>Death Takes No Holiday</title></episode>
<episode><epnum>57</epnum><seasonnum>18</seasonnum><prodnum></prodnum><airdate>1955-11-04</airdate><link>http://www.tvrage.com/shows/id-10254/episodes/1065203622</link><title>Dead Man's Evidence</title></episode>
<episode><epnum>58</epnum><seasonnum>19</seasonnum><prodnum></prodnum><airdate>1955-11-11</airdate><link>http://www.tvrage.com/shows/id-10254/episodes/1065203623</link><title>Stranger In Town</title></episode>
<episode><epnum>59</epnum><seasonnum>20</seasonnum><prodnum></prodnum><airdate>1955-11-18</airdate><link>http://www.tvrage.com/shows/id-10254/episodes/1065203624</link><title>By Persons Unknown</title></episode>
<episode><epnum>60</epnum><seasonnum>21</seasonnum><prodnum></prodnum><airdate>1955-11-25</airdate><link>http://www.tvrage.com/shows/id-10254/episodes/1065203625</link><title>Killer At Large</title></episode>
<episode><epnum>61</epnum><seasonnum>22</seasonnum><prodnum></prodnum><airdate>1955-12-02</airdate><link>http://www.tvrage.com/shows/id-10254/episodes/1065203626</link><title>Wrong Time Murder</title></episode>
<episode><epnum>62</epnum><seasonnum>23</seasonnum><prodnum></prodnum><airdate>1955-12-09</airdate><link>http://www.tvrage.com/shows/id-10254/episodes/1065203627</link><title>Gift From Heaven</title></episode>
<episode><epnum>63</epnum><seasonnum>24</seasonnum><prodnum></prodnum><airdate>1955-12-16</airdate><link>http://www.tvrage.com/shows/id-10254/episodes/1065203628</link><title>Second Sight</title></episode>
</Season>

</Episodelist>

</Show>