<?xml version="1.0" encoding="UTF-8" ?>


<Show>
<name>The Queen's Castle</name>
<totalseasons>1</totalseasons>
<showid>10253</showid>
<showlink>http://tvrage.com/shows/id-10253</showlink>
<started>Mar/2005</started>
<ended>Apr/2005</ended>
<image>http://images.tvrage.com/shows/11/10253.jpg</image>
<origin_country>UK</origin_country>
<status>Canceled/Ended</status>
<classification>Documentary</classification>
<genres><genre>Family</genre></genres>
<runtime>60</runtime>
<network country="UK">BBC One</network>
<airtime>20:00</airtime>
<airday>Sunday</airday>
<timezone>GMT+0 -DST</timezone>
<Episodelist>

<Season no="1">
<episode><epnum>1</epnum><seasonnum>01</seasonnum><prodnum></prodnum><airdate>2005-03-27</airdate><link>http://www.tvrage.com/shows/id-10253/episodes/351304</link><title>The Banquet</title></episode>
<episode><epnum>2</epnum><seasonnum>02</seasonnum><prodnum></prodnum><airdate>2005-04-03</airdate><link>http://www.tvrage.com/shows/id-10253/episodes/351305</link><title>Four Seasons</title></episode>
<episode><epnum>3</epnum><seasonnum>03</seasonnum><prodnum></prodnum><airdate>2005-04-10</airdate><link>http://www.tvrage.com/shows/id-10253/episodes/351306</link><title>The Ranger</title></episode>
</Season>

</Episodelist>

</Show>