<?xml version="1.0" encoding="UTF-8" ?>


<Show>
<name>Seven Periods With Mr Gormsby</name>
<totalseasons>2</totalseasons>
<showid>10261</showid>
<showlink>http://tvrage.com/shows/id-10261</showlink>
<started>May/2005</started>
<ended>May/2006</ended>
<origin_country>NZ</origin_country>
<status>Canceled/Ended</status>
<classification>Scripted</classification>
<genres><genre>Comedy</genre></genres>
<runtime>30</runtime>
<network country="NZ">TV1</network>
<airtime>22:05</airtime>
<airday>Monday</airday>
<timezone>GMT+12 -DST</timezone>
<Episodelist>

<Season no="1">
<episode><epnum>1</epnum><seasonnum>01</seasonnum><prodnum></prodnum><airdate>2005-05-06</airdate><link>http://www.tvrage.com/shows/id-10261/episodes/351576</link><title>Period One: The Appalling Mr Gormsby</title></episode>
<episode><epnum>2</epnum><seasonnum>02</seasonnum><prodnum></prodnum><airdate>2005-05-13</airdate><link>http://www.tvrage.com/shows/id-10261/episodes/351577</link><title>Period Two: Comrade Gormsby</title></episode>
<episode><epnum>3</epnum><seasonnum>03</seasonnum><prodnum></prodnum><airdate>2005-05-20</airdate><link>http://www.tvrage.com/shows/id-10261/episodes/351578</link><title>Period Three: Human Relationships</title></episode>
<episode><epnum>4</epnum><seasonnum>04</seasonnum><prodnum></prodnum><airdate>2005-05-27</airdate><link>http://www.tvrage.com/shows/id-10261/episodes/351579</link><title>Period Four: Open Day</title></episode>
<episode><epnum>5</epnum><seasonnum>05</seasonnum><prodnum></prodnum><airdate>2005-06-03</airdate><link>http://www.tvrage.com/shows/id-10261/episodes/351580</link><title>Period Five: The Retarded Boy</title></episode>
<episode><epnum>6</epnum><seasonnum>06</seasonnum><prodnum></prodnum><airdate>2005-06-10</airdate><link>http://www.tvrage.com/shows/id-10261/episodes/351581</link><title>Period Six: Coon Tunes</title></episode>
<episode><epnum>7</epnum><seasonnum>07</seasonnum><prodnum></prodnum><airdate>2005-06-17</airdate><link>http://www.tvrage.com/shows/id-10261/episodes/351582</link><title>Period Seven: The ERO Parade</title></episode>
</Season>

<Season no="2">
<episode><epnum>8</epnum><seasonnum>01</seasonnum><prodnum></prodnum><airdate>2006-03-27</airdate><link>http://www.tvrage.com/shows/id-10261/episodes/351583</link><title>Period One: Heads Will Roll</title></episode>
<episode><epnum>9</epnum><seasonnum>02</seasonnum><prodnum></prodnum><airdate>2006-04-03</airdate><link>http://www.tvrage.com/shows/id-10261/episodes/351584</link><title>Period Two: Crime And Punishment</title></episode>
<episode><epnum>10</epnum><seasonnum>03</seasonnum><prodnum></prodnum><airdate>2006-04-10</airdate><link>http://www.tvrage.com/shows/id-10261/episodes/351585</link><title>Period Three: The Slave Trade</title></episode>
<episode><epnum>11</epnum><seasonnum>04</seasonnum><prodnum></prodnum><airdate>2006-04-17</airdate><link>http://www.tvrage.com/shows/id-10261/episodes/351586</link><title>Period Four: Dancing With The Staff</title></episode>
<episode><epnum>12</epnum><seasonnum>05</seasonnum><prodnum></prodnum><airdate>2006-04-24</airdate><link>http://www.tvrage.com/shows/id-10261/episodes/351587</link><title>Period Five: Camp Tepapawai</title></episode>
<episode><epnum>13</epnum><seasonnum>06</seasonnum><prodnum></prodnum><airdate>2006-05-01</airdate><link>http://www.tvrage.com/shows/id-10261/episodes/351588</link><title>Period Six: An Inspector Calls</title></episode>
<episode><epnum>14</epnum><seasonnum>07</seasonnum><prodnum></prodnum><airdate>2006-05-08</airdate><link>http://www.tvrage.com/shows/id-10261/episodes/351589</link><title>Period Seven: For Whom The Bell Tolls</title></episode>
</Season>

</Episodelist>

</Show>