<?xml version="1.0" encoding="UTF-8" ?>


<Show>
<name>Shalom in the Home</name>
<totalseasons>2</totalseasons>
<showid>10267</showid>
<showlink>http://tvrage.com/Shalom_in_the_Home</showlink>
<started>Apr/10/2006</started>
<ended>May/09/2007</ended>
<image>http://images.tvrage.com/shows/11/10267.jpg</image>
<origin_country>US</origin_country>
<status>Canceled/Ended</status>
<classification>Reality</classification>
<genres><genre>Family</genre><genre>Religion</genre></genres>
<runtime>60</runtime>
<network country="US">TLC</network>
<airtime>12:00</airtime>
<timezone>GMT-5 -DST</timezone>
<Episodelist>

<Season no="1">
<episode><epnum>1</epnum><seasonnum>01</seasonnum><prodnum></prodnum><airdate>2006-04-10</airdate><link>http://www.tvrage.com/Shalom_in_the_Home/episodes/351430</link><title>The Romeros</title></episode>
<episode><epnum>2</epnum><seasonnum>02</seasonnum><prodnum></prodnum><airdate>2006-04-17</airdate><link>http://www.tvrage.com/Shalom_in_the_Home/episodes/355724</link><title>The Gordons</title></episode>
<episode><epnum>3</epnum><seasonnum>03</seasonnum><prodnum></prodnum><airdate>2006-04-24</airdate><link>http://www.tvrage.com/Shalom_in_the_Home/episodes/359122</link><title>The Lubners</title></episode>
<episode><epnum>4</epnum><seasonnum>04</seasonnum><prodnum></prodnum><airdate>2006-05-01</airdate><link>http://www.tvrage.com/Shalom_in_the_Home/episodes/363302</link><title>The Wexlers</title></episode>
<episode><epnum>5</epnum><seasonnum>05</seasonnum><prodnum></prodnum><airdate>2006-05-08</airdate><link>http://www.tvrage.com/Shalom_in_the_Home/episodes/369004</link><title>The Maxwells</title></episode>
<episode><epnum>6</epnum><seasonnum>06</seasonnum><prodnum></prodnum><airdate>2006-05-15</airdate><link>http://www.tvrage.com/Shalom_in_the_Home/episodes/374341</link><title>The Morgans</title></episode>
<episode><epnum>7</epnum><seasonnum>07</seasonnum><prodnum></prodnum><airdate>2006-05-22</airdate><link>http://www.tvrage.com/Shalom_in_the_Home/episodes/379794</link><title>The Sterlings</title></episode>
<episode><epnum>8</epnum><seasonnum>08</seasonnum><prodnum></prodnum><airdate>2006-05-29</airdate><link>http://www.tvrage.com/Shalom_in_the_Home/episodes/385726</link><title>The Warrens</title></episode>
<episode><epnum>9</epnum><seasonnum>09</seasonnum><prodnum></prodnum><airdate>2006-06-12</airdate><link>http://www.tvrage.com/Shalom_in_the_Home/episodes/388798</link><title>The Herrons</title></episode>
<episode><epnum>10</epnum><seasonnum>10</seasonnum><prodnum></prodnum><airdate>2006-06-12</airdate><link>http://www.tvrage.com/Shalom_in_the_Home/episodes/390462</link><title>The Di Josephs</title></episode>
</Season>

<Season no="2">
<episode><epnum>12</epnum><seasonnum>01</seasonnum><prodnum></prodnum><airdate>2007-01-21</airdate><link>http://www.tvrage.com/Shalom_in_the_Home/episodes/521123</link><title>The Weidmans</title></episode>
<episode><epnum>13</epnum><seasonnum>02</seasonnum><prodnum></prodnum><airdate>2007-02-04</airdate><link>http://www.tvrage.com/Shalom_in_the_Home/episodes/591741</link><title>The Gibsons</title></episode>
<episode><epnum>14</epnum><seasonnum>03</seasonnum><prodnum></prodnum><airdate>2007-02-11</airdate><link>http://www.tvrage.com/Shalom_in_the_Home/episodes/591748</link><title>The Pages</title></episode>
<episode><epnum>15</epnum><seasonnum>04</seasonnum><prodnum></prodnum><airdate>2007-03-04</airdate><link>http://www.tvrage.com/Shalom_in_the_Home/episodes/591759</link><title>The Pons</title></episode>
<episode><epnum>16</epnum><seasonnum>05</seasonnum><prodnum></prodnum><airdate>2007-03-18</airdate><link>http://www.tvrage.com/Shalom_in_the_Home/episodes/591768</link><title>The Sullivans</title></episode>
<episode><epnum>17</epnum><seasonnum>06</seasonnum><prodnum></prodnum><airdate>2007-03-25</airdate><link>http://www.tvrage.com/Shalom_in_the_Home/episodes/591770</link><title>The Meiskins</title></episode>
<episode><epnum>18</epnum><seasonnum>07</seasonnum><prodnum></prodnum><airdate>2007-04-01</airdate><link>http://www.tvrage.com/Shalom_in_the_Home/episodes/591772</link><title>The Vacarellas</title></episode>
<episode><epnum>19</epnum><seasonnum>08</seasonnum><prodnum></prodnum><airdate>2007-04-18</airdate><link>http://www.tvrage.com/Shalom_in_the_Home/episodes/591774</link><title>The Schwartzes</title></episode>
<episode><epnum>20</epnum><seasonnum>09</seasonnum><prodnum></prodnum><airdate>2007-04-29</airdate><link>http://www.tvrage.com/Shalom_in_the_Home/episodes/591792</link><title>The Lattanzios</title></episode>
<episode><epnum>21</epnum><seasonnum>10</seasonnum><prodnum></prodnum><airdate>2007-05-09</airdate><link>http://www.tvrage.com/Shalom_in_the_Home/episodes/591794</link><title>The Palumbos</title></episode>
</Season>

</Episodelist>

</Show>