<?xml version="1.0" encoding="UTF-8" ?>


<Show>
<name>Follow Your Heart</name>
<totalseasons>1</totalseasons>
<showid>10268</showid>
<showlink>http://tvrage.com/shows/id-10268</showlink>
<started>Aug/03/1953</started>
<ended>Jan/1954</ended>
<origin_country>US</origin_country>
<status>Canceled/Ended</status>
<classification>Scripted</classification>
<genres><genre>Soaps</genre></genres>
<runtime>25</runtime>
<network country="US">NBC</network>
<airtime>11:45</airtime>
<airday>Weekdays</airday>
<timezone>GMT-5 -DST</timezone>
<Episodelist>

<Season no="1">
<episode><epnum>1</epnum><seasonnum>01</seasonnum><prodnum></prodnum><airdate>1953-08-03</airdate><link>http://www.tvrage.com/shows/id-10268/episodes/351830</link><title>Episode 1</title></episode>
<episode><epnum>2</epnum><seasonnum>02</seasonnum><prodnum></prodnum><airdate>1953-08-04</airdate><link>http://www.tvrage.com/shows/id-10268/episodes/351831</link><title>Episode 2</title></episode>
<episode><epnum>3</epnum><seasonnum>03</seasonnum><prodnum></prodnum><airdate>1953-08-05</airdate><link>http://www.tvrage.com/shows/id-10268/episodes/351832</link><title>Episode 3</title></episode>
<episode><epnum>4</epnum><seasonnum>04</seasonnum><prodnum></prodnum><airdate>1953-08-06</airdate><link>http://www.tvrage.com/shows/id-10268/episodes/351833</link><title>Episode 4</title></episode>
<episode><epnum>5</epnum><seasonnum>05</seasonnum><prodnum></prodnum><airdate>1953-08-07</airdate><link>http://www.tvrage.com/shows/id-10268/episodes/351834</link><title>Episode 5</title></episode>
<episode><epnum>6</epnum><seasonnum>06</seasonnum><prodnum></prodnum><airdate>1953-08-10</airdate><link>http://www.tvrage.com/shows/id-10268/episodes/351835</link><title>Episode 6</title></episode>
<episode><epnum>7</epnum><seasonnum>07</seasonnum><prodnum></prodnum><airdate>1953-08-11</airdate><link>http://www.tvrage.com/shows/id-10268/episodes/351836</link><title>Episode 7</title></episode>
<episode><epnum>8</epnum><seasonnum>08</seasonnum><prodnum></prodnum><airdate>1953-08-12</airdate><link>http://www.tvrage.com/shows/id-10268/episodes/351837</link><title>Episode 8</title></episode>
<episode><epnum>9</epnum><seasonnum>09</seasonnum><prodnum></prodnum><airdate>1953-08-13</airdate><link>http://www.tvrage.com/shows/id-10268/episodes/351838</link><title>Episode 9</title></episode>
<episode><epnum>10</epnum><seasonnum>10</seasonnum><prodnum></prodnum><airdate>1953-08-14</airdate><link>http://www.tvrage.com/shows/id-10268/episodes/351839</link><title>Episode 10</title></episode>
<episode><epnum>11</epnum><seasonnum>11</seasonnum><prodnum></prodnum><airdate>1953-08-17</airdate><link>http://www.tvrage.com/shows/id-10268/episodes/351840</link><title>Episode 11</title></episode>
<episode><epnum>12</epnum><seasonnum>12</seasonnum><prodnum></prodnum><airdate>1953-08-18</airdate><link>http://www.tvrage.com/shows/id-10268/episodes/351841</link><title>Episode 12</title></episode>
<episode><epnum>13</epnum><seasonnum>13</seasonnum><prodnum></prodnum><airdate>1953-08-19</airdate><link>http://www.tvrage.com/shows/id-10268/episodes/351842</link><title>Episode 13</title></episode>
<episode><epnum>14</epnum><seasonnum>14</seasonnum><prodnum></prodnum><airdate>1953-08-20</airdate><link>http://www.tvrage.com/shows/id-10268/episodes/351843</link><title>Episode 14</title></episode>
<episode><epnum>15</epnum><seasonnum>15</seasonnum><prodnum></prodnum><airdate>1953-08-21</airdate><link>http://www.tvrage.com/shows/id-10268/episodes/351844</link><title>Episode 15</title></episode>
<episode><epnum>16</epnum><seasonnum>16</seasonnum><prodnum></prodnum><airdate>1953-08-24</airdate><link>http://www.tvrage.com/shows/id-10268/episodes/351845</link><title>Episode 16</title></episode>
<episode><epnum>17</epnum><seasonnum>17</seasonnum><prodnum></prodnum><airdate>1953-08-25</airdate><link>http://www.tvrage.com/shows/id-10268/episodes/351846</link><title>Episode 17</title></episode>
<episode><epnum>18</epnum><seasonnum>18</seasonnum><prodnum></prodnum><airdate>1953-08-26</airdate><link>http://www.tvrage.com/shows/id-10268/episodes/351847</link><title>Episode 18</title></episode>
<episode><epnum>19</epnum><seasonnum>19</seasonnum><prodnum></prodnum><airdate>1953-08-27</airdate><link>http://www.tvrage.com/shows/id-10268/episodes/351848</link><title>Episode 19</title></episode>
<episode><epnum>20</epnum><seasonnum>20</seasonnum><prodnum></prodnum><airdate>1953-08-28</airdate><link>http://www.tvrage.com/shows/id-10268/episodes/351849</link><title>Episode 20</title></episode>
<episode><epnum>21</epnum><seasonnum>21</seasonnum><prodnum></prodnum><airdate>1953-08-31</airdate><link>http://www.tvrage.com/shows/id-10268/episodes/351850</link><title>Episode 21</title></episode>
<episode><epnum>22</epnum><seasonnum>22</seasonnum><prodnum></prodnum><airdate>1953-09-01</airdate><link>http://www.tvrage.com/shows/id-10268/episodes/351851</link><title>Episode 22</title></episode>
<episode><epnum>23</epnum><seasonnum>23</seasonnum><prodnum></prodnum><airdate>1953-09-02</airdate><link>http://www.tvrage.com/shows/id-10268/episodes/351852</link><title>Episode 23</title></episode>
<episode><epnum>24</epnum><seasonnum>24</seasonnum><prodnum></prodnum><airdate>1953-09-03</airdate><link>http://www.tvrage.com/shows/id-10268/episodes/351853</link><title>Episode 24</title></episode>
<episode><epnum>25</epnum><seasonnum>25</seasonnum><prodnum></prodnum><airdate>1953-09-04</airdate><link>http://www.tvrage.com/shows/id-10268/episodes/351854</link><title>Episode 25</title></episode>
<episode><epnum>26</epnum><seasonnum>26</seasonnum><prodnum></prodnum><airdate>1953-09-07</airdate><link>http://www.tvrage.com/shows/id-10268/episodes/351855</link><title>Episode 26</title></episode>
<episode><epnum>27</epnum><seasonnum>27</seasonnum><prodnum></prodnum><airdate>1953-09-08</airdate><link>http://www.tvrage.com/shows/id-10268/episodes/351856</link><title>Episode 27</title></episode>
<episode><epnum>28</epnum><seasonnum>28</seasonnum><prodnum></prodnum><airdate>1953-09-09</airdate><link>http://www.tvrage.com/shows/id-10268/episodes/351857</link><title>Episode 28</title></episode>
<episode><epnum>29</epnum><seasonnum>29</seasonnum><prodnum></prodnum><airdate>1953-09-10</airdate><link>http://www.tvrage.com/shows/id-10268/episodes/351858</link><title>Episode 29</title></episode>
<episode><epnum>30</epnum><seasonnum>30</seasonnum><prodnum></prodnum><airdate>1953-09-11</airdate><link>http://www.tvrage.com/shows/id-10268/episodes/351859</link><title>Episode 30</title></episode>
<episode><epnum>31</epnum><seasonnum>31</seasonnum><prodnum></prodnum><airdate>1953-09-14</airdate><link>http://www.tvrage.com/shows/id-10268/episodes/351860</link><title>Episode 31</title></episode>
<episode><epnum>32</epnum><seasonnum>32</seasonnum><prodnum></prodnum><airdate>1953-09-15</airdate><link>http://www.tvrage.com/shows/id-10268/episodes/351861</link><title>Episode 32</title></episode>
<episode><epnum>33</epnum><seasonnum>33</seasonnum><prodnum></prodnum><airdate>1953-09-16</airdate><link>http://www.tvrage.com/shows/id-10268/episodes/351862</link><title>Episode 33</title></episode>
<episode><epnum>34</epnum><seasonnum>34</seasonnum><prodnum></prodnum><airdate>1953-09-17</airdate><link>http://www.tvrage.com/shows/id-10268/episodes/351863</link><title>Episode 34</title></episode>
<episode><epnum>35</epnum><seasonnum>35</seasonnum><prodnum></prodnum><airdate>1953-09-18</airdate><link>http://www.tvrage.com/shows/id-10268/episodes/351864</link><title>Episode 35</title></episode>
<episode><epnum>36</epnum><seasonnum>36</seasonnum><prodnum></prodnum><airdate>1953-09-21</airdate><link>http://www.tvrage.com/shows/id-10268/episodes/351865</link><title>Episode 36</title></episode>
<episode><epnum>37</epnum><seasonnum>37</seasonnum><prodnum></prodnum><airdate>1953-09-22</airdate><link>http://www.tvrage.com/shows/id-10268/episodes/351866</link><title>Episode 37</title></episode>
<episode><epnum>38</epnum><seasonnum>38</seasonnum><prodnum></prodnum><airdate>1953-09-23</airdate><link>http://www.tvrage.com/shows/id-10268/episodes/351867</link><title>Episode 38</title></episode>
<episode><epnum>39</epnum><seasonnum>39</seasonnum><prodnum></prodnum><airdate>1953-09-24</airdate><link>http://www.tvrage.com/shows/id-10268/episodes/351868</link><title>Episode 39</title></episode>
<episode><epnum>40</epnum><seasonnum>40</seasonnum><prodnum></prodnum><airdate>1953-09-25</airdate><link>http://www.tvrage.com/shows/id-10268/episodes/351869</link><title>Episode 40</title></episode>
<episode><epnum>41</epnum><seasonnum>41</seasonnum><prodnum></prodnum><airdate>1953-09-28</airdate><link>http://www.tvrage.com/shows/id-10268/episodes/351871</link><title>Episode 41</title></episode>
<episode><epnum>42</epnum><seasonnum>42</seasonnum><prodnum></prodnum><airdate>1953-09-29</airdate><link>http://www.tvrage.com/shows/id-10268/episodes/351872</link><title>Episode 42</title></episode>
<episode><epnum>43</epnum><seasonnum>43</seasonnum><prodnum></prodnum><airdate>1953-09-30</airdate><link>http://www.tvrage.com/shows/id-10268/episodes/351873</link><title>Episode 43</title></episode>
<episode><epnum>44</epnum><seasonnum>44</seasonnum><prodnum></prodnum><airdate>1953-10-01</airdate><link>http://www.tvrage.com/shows/id-10268/episodes/351874</link><title>Episode 44</title></episode>
<episode><epnum>45</epnum><seasonnum>45</seasonnum><prodnum></prodnum><airdate>1953-10-02</airdate><link>http://www.tvrage.com/shows/id-10268/episodes/351875</link><title>Episode 45</title></episode>
<episode><epnum>46</epnum><seasonnum>46</seasonnum><prodnum></prodnum><airdate>1953-10-05</airdate><link>http://www.tvrage.com/shows/id-10268/episodes/351876</link><title>Episode 46</title></episode>
<episode><epnum>47</epnum><seasonnum>47</seasonnum><prodnum></prodnum><airdate>1953-10-06</airdate><link>http://www.tvrage.com/shows/id-10268/episodes/351877</link><title>Episode 47</title></episode>
<episode><epnum>48</epnum><seasonnum>48</seasonnum><prodnum></prodnum><airdate>1953-10-07</airdate><link>http://www.tvrage.com/shows/id-10268/episodes/351878</link><title>Episode 48</title></episode>
<episode><epnum>49</epnum><seasonnum>49</seasonnum><prodnum></prodnum><airdate>1953-10-08</airdate><link>http://www.tvrage.com/shows/id-10268/episodes/351879</link><title>Episode 49</title></episode>
<episode><epnum>50</epnum><seasonnum>50</seasonnum><prodnum></prodnum><airdate>1953-10-09</airdate><link>http://www.tvrage.com/shows/id-10268/episodes/351880</link><title>Episode 50</title></episode>
<episode><epnum>51</epnum><seasonnum>51</seasonnum><prodnum></prodnum><airdate>1953-10-12</airdate><link>http://www.tvrage.com/shows/id-10268/episodes/351881</link><title>Episode 51</title></episode>
<episode><epnum>52</epnum><seasonnum>52</seasonnum><prodnum></prodnum><airdate>1953-10-13</airdate><link>http://www.tvrage.com/shows/id-10268/episodes/351882</link><title>Episode 52</title></episode>
<episode><epnum>53</epnum><seasonnum>53</seasonnum><prodnum></prodnum><airdate>1953-10-14</airdate><link>http://www.tvrage.com/shows/id-10268/episodes/351883</link><title>Episode 53</title></episode>
<episode><epnum>54</epnum><seasonnum>54</seasonnum><prodnum></prodnum><airdate>1953-10-15</airdate><link>http://www.tvrage.com/shows/id-10268/episodes/351884</link><title>Episode 54</title></episode>
<episode><epnum>55</epnum><seasonnum>55</seasonnum><prodnum></prodnum><airdate>1953-10-16</airdate><link>http://www.tvrage.com/shows/id-10268/episodes/351885</link><title>Episode 55</title></episode>
<episode><epnum>56</epnum><seasonnum>56</seasonnum><prodnum></prodnum><airdate>1953-10-19</airdate><link>http://www.tvrage.com/shows/id-10268/episodes/351887</link><title>Episode 56</title></episode>
<episode><epnum>57</epnum><seasonnum>57</seasonnum><prodnum></prodnum><airdate>1953-10-20</airdate><link>http://www.tvrage.com/shows/id-10268/episodes/351888</link><title>Episode 57</title></episode>
<episode><epnum>58</epnum><seasonnum>58</seasonnum><prodnum></prodnum><airdate>1953-10-21</airdate><link>http://www.tvrage.com/shows/id-10268/episodes/351889</link><title>Episode 58</title></episode>
<episode><epnum>59</epnum><seasonnum>59</seasonnum><prodnum></prodnum><airdate>1953-10-22</airdate><link>http://www.tvrage.com/shows/id-10268/episodes/351890</link><title>Episode 59</title></episode>
<episode><epnum>60</epnum><seasonnum>60</seasonnum><prodnum></prodnum><airdate>1953-10-23</airdate><link>http://www.tvrage.com/shows/id-10268/episodes/351891</link><title>Episode 60</title></episode>
<episode><epnum>61</epnum><seasonnum>61</seasonnum><prodnum></prodnum><airdate>1953-10-26</airdate><link>http://www.tvrage.com/shows/id-10268/episodes/351892</link><title>Episode 61</title></episode>
<episode><epnum>62</epnum><seasonnum>62</seasonnum><prodnum></prodnum><airdate>1953-10-27</airdate><link>http://www.tvrage.com/shows/id-10268/episodes/351893</link><title>Episode 62</title></episode>
<episode><epnum>63</epnum><seasonnum>63</seasonnum><prodnum></prodnum><airdate>1953-10-28</airdate><link>http://www.tvrage.com/shows/id-10268/episodes/351894</link><title>Episode 63</title></episode>
<episode><epnum>64</epnum><seasonnum>64</seasonnum><prodnum></prodnum><airdate>1953-10-29</airdate><link>http://www.tvrage.com/shows/id-10268/episodes/351895</link><title>Episode 64</title></episode>
<episode><epnum>65</epnum><seasonnum>65</seasonnum><prodnum></prodnum><airdate>1953-10-30</airdate><link>http://www.tvrage.com/shows/id-10268/episodes/351896</link><title>Episode 65</title></episode>
<episode><epnum>66</epnum><seasonnum>66</seasonnum><prodnum></prodnum><airdate>1953-11-02</airdate><link>http://www.tvrage.com/shows/id-10268/episodes/351914</link><title>Episode 66</title></episode>
<episode><epnum>67</epnum><seasonnum>67</seasonnum><prodnum></prodnum><airdate>1953-11-03</airdate><link>http://www.tvrage.com/shows/id-10268/episodes/351915</link><title>Episode 67</title></episode>
<episode><epnum>68</epnum><seasonnum>68</seasonnum><prodnum></prodnum><airdate>1953-11-04</airdate><link>http://www.tvrage.com/shows/id-10268/episodes/351916</link><title>Episode 68</title></episode>
<episode><epnum>69</epnum><seasonnum>69</seasonnum><prodnum></prodnum><airdate>1953-11-05</airdate><link>http://www.tvrage.com/shows/id-10268/episodes/351917</link><title>Episode 69</title></episode>
<episode><epnum>70</epnum><seasonnum>70</seasonnum><prodnum></prodnum><airdate>1953-11-06</airdate><link>http://www.tvrage.com/shows/id-10268/episodes/351918</link><title>Episode 70</title></episode>
<episode><epnum>71</epnum><seasonnum>71</seasonnum><prodnum></prodnum><airdate>1953-11-09</airdate><link>http://www.tvrage.com/shows/id-10268/episodes/351920</link><title>Episode 71</title></episode>
<episode><epnum>72</epnum><seasonnum>72</seasonnum><prodnum></prodnum><airdate>1953-11-10</airdate><link>http://www.tvrage.com/shows/id-10268/episodes/351921</link><title>Episode 72</title></episode>
<episode><epnum>73</epnum><seasonnum>73</seasonnum><prodnum></prodnum><airdate>1953-11-11</airdate><link>http://www.tvrage.com/shows/id-10268/episodes/351922</link><title>Episode 73</title></episode>
<episode><epnum>74</epnum><seasonnum>74</seasonnum><prodnum></prodnum><airdate>1953-11-12</airdate><link>http://www.tvrage.com/shows/id-10268/episodes/351923</link><title>Episode 74</title></episode>
<episode><epnum>75</epnum><seasonnum>75</seasonnum><prodnum></prodnum><airdate>1953-11-13</airdate><link>http://www.tvrage.com/shows/id-10268/episodes/351924</link><title>Episode 75</title></episode>
<episode><epnum>76</epnum><seasonnum>76</seasonnum><prodnum></prodnum><airdate>1953-11-16</airdate><link>http://www.tvrage.com/shows/id-10268/episodes/351925</link><title>Episode 76</title></episode>
<episode><epnum>77</epnum><seasonnum>77</seasonnum><prodnum></prodnum><airdate>1953-11-17</airdate><link>http://www.tvrage.com/shows/id-10268/episodes/351926</link><title>Episode 77</title></episode>
<episode><epnum>78</epnum><seasonnum>78</seasonnum><prodnum></prodnum><airdate>1953-11-18</airdate><link>http://www.tvrage.com/shows/id-10268/episodes/351927</link><title>Episode 78</title></episode>
<episode><epnum>79</epnum><seasonnum>79</seasonnum><prodnum></prodnum><airdate>1953-11-19</airdate><link>http://www.tvrage.com/shows/id-10268/episodes/351928</link><title>Episode 79</title></episode>
<episode><epnum>80</epnum><seasonnum>80</seasonnum><prodnum></prodnum><airdate>1953-11-20</airdate><link>http://www.tvrage.com/shows/id-10268/episodes/351929</link><title>Episode 80</title></episode>
<episode><epnum>81</epnum><seasonnum>81</seasonnum><prodnum></prodnum><airdate>1953-11-23</airdate><link>http://www.tvrage.com/shows/id-10268/episodes/351930</link><title>Episode 81</title></episode>
<episode><epnum>82</epnum><seasonnum>82</seasonnum><prodnum></prodnum><airdate>1953-11-24</airdate><link>http://www.tvrage.com/shows/id-10268/episodes/351931</link><title>Episode 82</title></episode>
<episode><epnum>83</epnum><seasonnum>83</seasonnum><prodnum></prodnum><airdate>1953-11-25</airdate><link>http://www.tvrage.com/shows/id-10268/episodes/351932</link><title>Episode 83</title></episode>
<episode><epnum>84</epnum><seasonnum>84</seasonnum><prodnum></prodnum><airdate>1953-11-27</airdate><link>http://www.tvrage.com/shows/id-10268/episodes/351933</link><title>Episode 84</title></episode>
<episode><epnum>85</epnum><seasonnum>85</seasonnum><prodnum></prodnum><airdate>1953-11-30</airdate><link>http://www.tvrage.com/shows/id-10268/episodes/351934</link><title>Episode 85</title></episode>
<episode><epnum>86</epnum><seasonnum>86</seasonnum><prodnum></prodnum><airdate>1953-12-01</airdate><link>http://www.tvrage.com/shows/id-10268/episodes/351935</link><title>Episode 86</title></episode>
<episode><epnum>87</epnum><seasonnum>87</seasonnum><prodnum></prodnum><airdate>1953-12-02</airdate><link>http://www.tvrage.com/shows/id-10268/episodes/351936</link><title>Episode 87</title></episode>
<episode><epnum>88</epnum><seasonnum>88</seasonnum><prodnum></prodnum><airdate>1953-12-03</airdate><link>http://www.tvrage.com/shows/id-10268/episodes/351939</link><title>Episode 88</title></episode>
<episode><epnum>89</epnum><seasonnum>89</seasonnum><prodnum></prodnum><airdate>1953-12-04</airdate><link>http://www.tvrage.com/shows/id-10268/episodes/351940</link><title>Episode 89</title></episode>
<episode><epnum>90</epnum><seasonnum>90</seasonnum><prodnum></prodnum><airdate>1953-12-07</airdate><link>http://www.tvrage.com/shows/id-10268/episodes/351941</link><title>Episode 90</title></episode>
<episode><epnum>91</epnum><seasonnum>91</seasonnum><prodnum></prodnum><airdate>1953-12-08</airdate><link>http://www.tvrage.com/shows/id-10268/episodes/351942</link><title>Episode 91</title></episode>
<episode><epnum>92</epnum><seasonnum>92</seasonnum><prodnum></prodnum><airdate>1953-12-09</airdate><link>http://www.tvrage.com/shows/id-10268/episodes/351943</link><title>Episode 92</title></episode>
<episode><epnum>93</epnum><seasonnum>93</seasonnum><prodnum></prodnum><airdate>1953-12-10</airdate><link>http://www.tvrage.com/shows/id-10268/episodes/351944</link><title>Episode 93</title></episode>
<episode><epnum>94</epnum><seasonnum>94</seasonnum><prodnum></prodnum><airdate>1953-12-11</airdate><link>http://www.tvrage.com/shows/id-10268/episodes/351945</link><title>Episode 94</title></episode>
<episode><epnum>95</epnum><seasonnum>95</seasonnum><prodnum></prodnum><airdate>1953-12-14</airdate><link>http://www.tvrage.com/shows/id-10268/episodes/351946</link><title>Episode 95</title></episode>
<episode><epnum>96</epnum><seasonnum>96</seasonnum><prodnum></prodnum><airdate>1953-12-15</airdate><link>http://www.tvrage.com/shows/id-10268/episodes/351947</link><title>Episode 96</title></episode>
<episode><epnum>97</epnum><seasonnum>97</seasonnum><prodnum></prodnum><airdate>1953-12-16</airdate><link>http://www.tvrage.com/shows/id-10268/episodes/351948</link><title>Episode 97</title></episode>
<episode><epnum>98</epnum><seasonnum>98</seasonnum><prodnum></prodnum><airdate>1953-12-17</airdate><link>http://www.tvrage.com/shows/id-10268/episodes/351949</link><title>Episode 98</title></episode>
<episode><epnum>99</epnum><seasonnum>99</seasonnum><prodnum></prodnum><airdate>1953-12-18</airdate><link>http://www.tvrage.com/shows/id-10268/episodes/351950</link><title>Episode 99</title></episode>
<episode><epnum>100</epnum><seasonnum>100</seasonnum><prodnum></prodnum><airdate>1953-12-21</airdate><link>http://www.tvrage.com/shows/id-10268/episodes/351951</link><title>Episode 100</title></episode>
<episode><epnum>101</epnum><seasonnum>101</seasonnum><prodnum></prodnum><airdate>1953-12-22</airdate><link>http://www.tvrage.com/shows/id-10268/episodes/351952</link><title>Episode 101</title></episode>
<episode><epnum>102</epnum><seasonnum>102</seasonnum><prodnum></prodnum><airdate>1953-12-23</airdate><link>http://www.tvrage.com/shows/id-10268/episodes/351953</link><title>Episode 102</title></episode>
<episode><epnum>103</epnum><seasonnum>103</seasonnum><prodnum></prodnum><airdate>1953-12-24</airdate><link>http://www.tvrage.com/shows/id-10268/episodes/351954</link><title>Episode 103</title></episode>
<episode><epnum>104</epnum><seasonnum>104</seasonnum><prodnum></prodnum><airdate>1953-12-28</airdate><link>http://www.tvrage.com/shows/id-10268/episodes/351955</link><title>Episode 104</title></episode>
<episode><epnum>105</epnum><seasonnum>105</seasonnum><prodnum></prodnum><airdate>1953-12-29</airdate><link>http://www.tvrage.com/shows/id-10268/episodes/351956</link><title>Episode 105</title></episode>
<episode><epnum>106</epnum><seasonnum>106</seasonnum><prodnum></prodnum><airdate>1953-12-30</airdate><link>http://www.tvrage.com/shows/id-10268/episodes/351957</link><title>Episode 106</title></episode>
<episode><epnum>107</epnum><seasonnum>107</seasonnum><prodnum></prodnum><airdate>1953-12-31</airdate><link>http://www.tvrage.com/shows/id-10268/episodes/351958</link><title>Episode 107</title></episode>
<episode><epnum>108</epnum><seasonnum>108</seasonnum><prodnum></prodnum><airdate>1954-01-04</airdate><link>http://www.tvrage.com/shows/id-10268/episodes/351959</link><title>Episode 108</title></episode>
<episode><epnum>109</epnum><seasonnum>109</seasonnum><prodnum></prodnum><airdate>1954-01-05</airdate><link>http://www.tvrage.com/shows/id-10268/episodes/351960</link><title>Episode 109</title></episode>
<episode><epnum>110</epnum><seasonnum>110</seasonnum><prodnum></prodnum><airdate>1954-01-06</airdate><link>http://www.tvrage.com/shows/id-10268/episodes/351961</link><title>Episode 110</title></episode>
<episode><epnum>111</epnum><seasonnum>111</seasonnum><prodnum></prodnum><airdate>1954-01-07</airdate><link>http://www.tvrage.com/shows/id-10268/episodes/351962</link><title>Episode 111</title></episode>
<episode><epnum>112</epnum><seasonnum>112</seasonnum><prodnum></prodnum><airdate>1954-01-08</airdate><link>http://www.tvrage.com/shows/id-10268/episodes/351963</link><title>The Final Episode</title></episode>
</Season>

</Episodelist>

</Show>