<?xml version="1.0" encoding="UTF-8" ?>


<Show>
<name>De Parelvissers</name>
<totalseasons>1</totalseasons>
<showid>10269</showid>
<showlink>http://tvrage.com/shows/id-10269</showlink>
<started>Feb/2006</started>
<ended>Apr/2006</ended>
<image>http://images.tvrage.com/shows/11/10269.jpg</image>
<origin_country>BE</origin_country>
<status>Canceled/Ended</status>
<classification>Scripted</classification>
<genres><genre>Drama</genre><genre>Mystery</genre></genres>
<runtime>45</runtime>
<network country="BE">één</network>
<airtime>21:00</airtime>
<airday>Sunday</airday>
<timezone>GMT+1 -DST</timezone>
<Episodelist>

<Season no="1">
<episode><epnum>1</epnum><seasonnum>01</seasonnum><prodnum></prodnum><airdate>2006-02-26</airdate><link>http://www.tvrage.com/shows/id-10269/episodes/1064892199</link><title>Episode 1</title></episode>
<episode><epnum>2</epnum><seasonnum>02</seasonnum><prodnum></prodnum><airdate>2006-03-05</airdate><link>http://www.tvrage.com/shows/id-10269/episodes/1064892200</link><title>Episode 2</title></episode>
<episode><epnum>3</epnum><seasonnum>03</seasonnum><prodnum></prodnum><airdate>2006-03-12</airdate><link>http://www.tvrage.com/shows/id-10269/episodes/1064892201</link><title>Episode 3</title></episode>
<episode><epnum>4</epnum><seasonnum>04</seasonnum><prodnum></prodnum><airdate>2006-03-19</airdate><link>http://www.tvrage.com/shows/id-10269/episodes/1064892202</link><title>Episode 4</title></episode>
<episode><epnum>5</epnum><seasonnum>05</seasonnum><prodnum></prodnum><airdate>2006-03-26</airdate><link>http://www.tvrage.com/shows/id-10269/episodes/1064892203</link><title>Episode 5</title></episode>
<episode><epnum>6</epnum><seasonnum>06</seasonnum><prodnum></prodnum><airdate>2006-04-02</airdate><link>http://www.tvrage.com/shows/id-10269/episodes/1064892204</link><title>Episode 6</title></episode>
</Season>

</Episodelist>

</Show>