<?xml version="1.0" encoding="UTF-8" ?>


<Show>
<name>Decoy</name>
<totalseasons>1</totalseasons>
<showid>10260</showid>
<showlink>http://tvrage.com/shows/id-10260</showlink>
<started>Oct/14/1957</started>
<ended>Jun/1958</ended>
<image>http://images.tvrage.com/shows/11/10260.jpg</image>
<origin_country>US</origin_country>
<status>Canceled/Ended</status>
<classification>Scripted</classification>
<genres><genre>Crime</genre><genre>Drama</genre></genres>
<runtime>30</runtime>
<network country="US">Syndicated</network>
<airtime>12:00</airtime>
<timezone>GMT-5 -DST</timezone>
<Episodelist>

<Season no="1">
<episode><epnum>1</epnum><seasonnum>01</seasonnum><prodnum></prodnum><airdate>1957-10-14</airdate><link>http://www.tvrage.com/shows/id-10260/episodes/353781</link><title>Stranglehold</title></episode>
<episode><epnum>2</epnum><seasonnum>02</seasonnum><prodnum></prodnum><airdate>0000-00-00</airdate><link>http://www.tvrage.com/shows/id-10260/episodes/657387</link><title>Red Clown</title></episode>
<episode><epnum>3</epnum><seasonnum>03</seasonnum><prodnum></prodnum><airdate>0000-00-00</airdate><link>http://www.tvrage.com/shows/id-10260/episodes/657388</link><title>The Phoner</title></episode>
<episode><epnum>4</epnum><seasonnum>04</seasonnum><prodnum></prodnum><airdate>0000-00-00</airdate><link>http://www.tvrage.com/shows/id-10260/episodes/657389</link><title>To Trap a Thief</title></episode>
<episode><epnum>5</epnum><seasonnum>05</seasonnum><prodnum></prodnum><airdate>0000-00-00</airdate><link>http://www.tvrage.com/shows/id-10260/episodes/657390</link><title>Dream Fix</title></episode>
<episode><epnum>6</epnum><seasonnum>06</seasonnum><prodnum></prodnum><airdate>1958-10-01</airdate><link>http://www.tvrage.com/shows/id-10260/episodes/353782</link><title>The Savage Payoff</title></episode>
<episode><epnum>7</epnum><seasonnum>07</seasonnum><prodnum></prodnum><airdate>1958-10-08</airdate><link>http://www.tvrage.com/shows/id-10260/episodes/353783</link><title>Deadly Corridor</title></episode>
<episode><epnum>8</epnum><seasonnum>08</seasonnum><prodnum></prodnum><airdate>1958-10-15</airdate><link>http://www.tvrage.com/shows/id-10260/episodes/353784</link><title>Escape into Danger</title></episode>
<episode><epnum>9</epnum><seasonnum>09</seasonnum><prodnum></prodnum><airdate>0000-00-00</airdate><link>http://www.tvrage.com/shows/id-10260/episodes/657391</link><title>The Glass Necklace</title></episode>
<episode><epnum>10</epnum><seasonnum>10</seasonnum><prodnum></prodnum><airdate>1959-03-11</airdate><link>http://www.tvrage.com/shows/id-10260/episodes/353785</link><title>The Scapegoat</title></episode>
<episode><epnum>11</epnum><seasonnum>11</seasonnum><prodnum></prodnum><airdate>1959-03-18</airdate><link>http://www.tvrage.com/shows/id-10260/episodes/353786</link><title>Two Days to Kill</title></episode>
<episode><epnum>12</epnum><seasonnum>12</seasonnum><prodnum></prodnum><airdate>1959-03-25</airdate><link>http://www.tvrage.com/shows/id-10260/episodes/353787</link><title>Queen of Diamonds</title></episode>
<episode><epnum>13</epnum><seasonnum>13</seasonnum><prodnum></prodnum><airdate>1958-09-24</airdate><link>http://www.tvrage.com/shows/id-10260/episodes/353788</link><title>My Brother's Killer</title></episode>
<episode><epnum>14</epnum><seasonnum>14</seasonnum><prodnum></prodnum><airdate>0000-00-00</airdate><link>http://www.tvrage.com/shows/id-10260/episodes/657392</link><title>Bullet of Hate</title></episode>
<episode><epnum>15</epnum><seasonnum>15</seasonnum><prodnum></prodnum><airdate>0000-00-00</airdate><link>http://www.tvrage.com/shows/id-10260/episodes/657393</link><title>Death Watch</title></episode>
<episode><epnum>16</epnum><seasonnum>16</seasonnum><prodnum></prodnum><airdate>0000-00-00</airdate><link>http://www.tvrage.com/shows/id-10260/episodes/657394</link><title>Odds Against the Jockey</title></episode>
<episode><epnum>17</epnum><seasonnum>17</seasonnum><prodnum></prodnum><airdate>1959-04-08</airdate><link>http://www.tvrage.com/shows/id-10260/episodes/353789</link><title>Dressed for the Kill</title></episode>
<episode><epnum>18</epnum><seasonnum>18</seasonnum><prodnum></prodnum><airdate>1959-04-15</airdate><link>http://www.tvrage.com/shows/id-10260/episodes/353790</link><title>An Eye for an Eye</title></episode>
<episode><epnum>19</epnum><seasonnum>19</seasonnum><prodnum></prodnum><airdate>1959-04-22</airdate><link>http://www.tvrage.com/shows/id-10260/episodes/353791</link><title>The Challenger</title></episode>
<episode><epnum>20</epnum><seasonnum>20</seasonnum><prodnum></prodnum><airdate>1959-04-29</airdate><link>http://www.tvrage.com/shows/id-10260/episodes/353792</link><title>Across the World</title></episode>
<episode><epnum>21</epnum><seasonnum>21</seasonnum><prodnum></prodnum><airdate>0000-00-00</airdate><link>http://www.tvrage.com/shows/id-10260/episodes/657395</link><title>The Showplace</title></episode>
<episode><epnum>22</epnum><seasonnum>22</seasonnum><prodnum></prodnum><airdate>0000-00-00</airdate><link>http://www.tvrage.com/shows/id-10260/episodes/657398</link><title>Reasonable Doubt</title></episode>
<episode><epnum>23</epnum><seasonnum>23</seasonnum><prodnum></prodnum><airdate>0000-00-00</airdate><link>http://www.tvrage.com/shows/id-10260/episodes/657396</link><title>Night of Fire</title></episode>
<episode><epnum>24</epnum><seasonnum>24</seasonnum><prodnum></prodnum><airdate>0000-00-00</airdate><link>http://www.tvrage.com/shows/id-10260/episodes/657397</link><title>Saturday Was Lost</title></episode>
<episode><epnum>25</epnum><seasonnum>25</seasonnum><prodnum></prodnum><airdate>1959-06-03</airdate><link>http://www.tvrage.com/shows/id-10260/episodes/353793</link><title>High Swing</title></episode>
<episode><epnum>26</epnum><seasonnum>26</seasonnum><prodnum></prodnum><airdate>1959-06-10</airdate><link>http://www.tvrage.com/shows/id-10260/episodes/353794</link><title>Earthbound Satellite</title></episode>
<episode><epnum>27</epnum><seasonnum>27</seasonnum><prodnum></prodnum><airdate>1958-10-29</airdate><link>http://www.tvrage.com/shows/id-10260/episodes/353795</link><title>The Sound of Tears</title></episode>
<episode><epnum>28</epnum><seasonnum>28</seasonnum><prodnum></prodnum><airdate>1958-11-05</airdate><link>http://www.tvrage.com/shows/id-10260/episodes/353796</link><title>Ladies Man</title></episode>
<episode><epnum>29</epnum><seasonnum>29</seasonnum><prodnum></prodnum><airdate>0000-00-00</airdate><link>http://www.tvrage.com/shows/id-10260/episodes/657399</link><title>Cry Revenge</title></episode>
<episode><epnum>30</epnum><seasonnum>30</seasonnum><prodnum></prodnum><airdate>0000-00-00</airdate><link>http://www.tvrage.com/shows/id-10260/episodes/657401</link><title>The Gentle Gunmen</title></episode>
<episode><epnum>31</epnum><seasonnum>31</seasonnum><prodnum></prodnum><airdate>1958-11-26</airdate><link>http://www.tvrage.com/shows/id-10260/episodes/353797</link><title>Night Light</title></episode>
<episode><epnum>32</epnum><seasonnum>32</seasonnum><prodnum></prodnum><airdate>0000-00-00</airdate><link>http://www.tvrage.com/shows/id-10260/episodes/657402</link><title>Fiesta at Midnight</title></episode>
<episode><epnum>33</epnum><seasonnum>33</seasonnum><prodnum></prodnum><airdate>1958-12-17</airdate><link>http://www.tvrage.com/shows/id-10260/episodes/353798</link><title>The Lieutenant Had a Son</title></episode>
<episode><epnum>34</epnum><seasonnum>34</seasonnum><prodnum></prodnum><airdate>0000-00-00</airdate><link>http://www.tvrage.com/shows/id-10260/episodes/657403</link><title>Shadow of Van Gogh</title></episode>
<episode><epnum>35</epnum><seasonnum>35</seasonnum><prodnum></prodnum><airdate>1958-12-19</airdate><link>http://www.tvrage.com/shows/id-10260/episodes/645823</link><title>Tin Pan Payoff</title></episode>
<episode><epnum>36</epnum><seasonnum>36</seasonnum><prodnum></prodnum><airdate>0000-00-00</airdate><link>http://www.tvrage.com/shows/id-10260/episodes/657404</link><title>Blind Date</title></episode>
<episode><epnum>37</epnum><seasonnum>37</seasonnum><prodnum></prodnum><airdate>1959-01-14</airdate><link>http://www.tvrage.com/shows/id-10260/episodes/353799</link><title>The Comeback</title></episode>
<episode><epnum>38</epnum><seasonnum>38</seasonnum><prodnum></prodnum><airdate>0000-00-00</airdate><link>http://www.tvrage.com/shows/id-10260/episodes/657405</link><title>First Arrest</title></episode>
<episode><epnum>39</epnum><seasonnum>39</seasonnum><prodnum></prodnum><airdate>1959-01-28</airdate><link>http://www.tvrage.com/shows/id-10260/episodes/353800</link><title>The Lost Ones</title></episode>
</Season>

</Episodelist>

</Show>