<?xml version="1.0" encoding="UTF-8" ?>


<Show>
<name>Comedy Inc. (US)</name>
<totalseasons>1</totalseasons>
<showid>1027</showid>
<showlink>http://tvrage.com/Comedy_Inc_US</showlink>
<started>Apr/2005</started>
<ended>2006</ended>
<image>http://images.tvrage.com/shows/2/1027.jpg</image>
<origin_country>US</origin_country>
<status>Canceled/Ended</status>
<runtime>30</runtime>
<network country="US">Spike TV</network>
<airtime>23:35</airtime>
<airday>Monday</airday>
<timezone>GMT-5 -DST</timezone>
<Episodelist>

<Season no="1">
<episode><epnum>1</epnum><seasonnum>01</seasonnum><prodnum></prodnum><airdate>2005-04-18</airdate><link>http://www.tvrage.com/Comedy_Inc_US/episodes/272627</link><title>Episode 1</title></episode>
<episode><epnum>2</epnum><seasonnum>02</seasonnum><prodnum></prodnum><airdate>2005-04-25</airdate><link>http://www.tvrage.com/Comedy_Inc_US/episodes/272628</link><title>Episode 2</title></episode>
<episode><epnum>8</epnum><seasonnum>08</seasonnum><prodnum></prodnum><airdate>2005-06-06</airdate><link>http://www.tvrage.com/Comedy_Inc_US/episodes/272629</link><title>Episode 8</title></episode>
</Season>

</Episodelist>

</Show>