<?xml version="1.0" encoding="UTF-8" ?>


<Show>
<name>Art Crime</name>
<totalseasons>1</totalseasons>
<showid>10279</showid>
<showlink>http://tvrage.com/shows/id-10279</showlink>
<started>Jun/2005</started>
<ended>Jul/2005</ended>
<image>http://images.tvrage.com/shows/11/10279.jpg</image>
<origin_country>UK</origin_country>
<status>Canceled/Ended</status>
<classification>Documentary</classification>
<genres><genre>Family</genre></genres>
<runtime>50</runtime>
<network country="UK">BBC FOUR</network>
<airtime>19:10</airtime>
<airday>Wednesday</airday>
<timezone>GMT+0 -DST</timezone>

</Show>