<?xml version="1.0" encoding="UTF-8" ?>


<Show>
<name>Abroad Again in Britain</name>
<totalseasons>1</totalseasons>
<showid>10278</showid>
<showlink>http://tvrage.com/shows/id-10278</showlink>
<started>Aug/2005</started>
<ended>Aug/2005</ended>
<image>http://images.tvrage.com/shows/11/10278.jpg</image>
<origin_country>UK</origin_country>
<status>Canceled/Ended</status>
<classification>Documentary</classification>
<genres><genre>Family</genre></genres>
<runtime>60</runtime>
<network country="UK">BBC FOUR</network>
<airtime>19:00</airtime>
<airday>Tuesday</airday>
<timezone>GMT+0 -DST</timezone>
<Episodelist>

<Season no="1">
<episode><epnum>1</epnum><seasonnum>01</seasonnum><prodnum></prodnum><airdate>2005-08-02</airdate><link>http://www.tvrage.com/shows/id-10278/episodes/477085</link><title>Edinburgh Castle</title></episode>
<episode><epnum>2</epnum><seasonnum>02</seasonnum><prodnum></prodnum><airdate>2005-08-09</airdate><link>http://www.tvrage.com/shows/id-10278/episodes/477086</link><title>Cragside House</title></episode>
<episode><epnum>3</epnum><seasonnum>03</seasonnum><prodnum></prodnum><airdate>2005-08-16</airdate><link>http://www.tvrage.com/shows/id-10278/episodes/477087</link><title>Salisbury Cathedral</title></episode>
<episode><epnum>4</epnum><seasonnum>04</seasonnum><prodnum></prodnum><airdate>2005-08-23</airdate><link>http://www.tvrage.com/shows/id-10278/episodes/477088</link><title>Brighton Pavilion</title></episode>
<episode><epnum>5</epnum><seasonnum>05</seasonnum><prodnum></prodnum><airdate>2005-08-30</airdate><link>http://www.tvrage.com/shows/id-10278/episodes/477089</link><title>Portsmouth Dockyard</title></episode>
</Season>

</Episodelist>

</Show>