<?xml version="1.0" encoding="UTF-8" ?>


<Show>
<name>Mahou no Tenshi Creamy Mami</name>
<totalseasons>1</totalseasons>
<showid>10275</showid>
<showlink>http://tvrage.com/shows/id-10275</showlink>
<started>Jul/01/1983</started>
<ended>Jun/1984</ended>
<image>http://images.tvrage.com/shows/11/10275.jpg</image>
<origin_country>JP</origin_country>
<status>Canceled/Ended</status>
<classification>Animation</classification>
<genres><genre>Anime</genre><genre>Comedy</genre><genre>Fantasy</genre></genres>
<runtime>30</runtime>
<network country="JP">NTV</network>
<airtime>12:00</airtime>
<timezone>GMT+9 -DST</timezone>
<akas><aka country="FR">Creamy, merveilleuse Creamy</aka><aka country="IT">L'incantevole Creamy</aka><aka>Magical Angel Creamy Mami</aka><aka country="JP">Mahô no tenshi Creamy Mami</aka></akas>
<Episodelist>

<Season no="1">
<episode><epnum>1</epnum><seasonnum>01</seasonnum><prodnum></prodnum><airdate>1983-07-01</airdate><link>http://www.tvrage.com/shows/id-10275/episodes/352073</link><title>The Ship of Feather Star</title></episode>
<episode><epnum>2</epnum><seasonnum>02</seasonnum><prodnum></prodnum><airdate>1983-07-08</airdate><link>http://www.tvrage.com/shows/id-10275/episodes/352074</link><title>A Star is Born</title></episode>
<episode><epnum>3</epnum><seasonnum>03</seasonnum><prodnum></prodnum><airdate>1983-07-15</airdate><link>http://www.tvrage.com/shows/id-10275/episodes/352075</link><title>Debut! Debut!!</title></episode>
<episode><epnum>4</epnum><seasonnum>04</seasonnum><prodnum></prodnum><airdate>1983-07-22</airdate><link>http://www.tvrage.com/shows/id-10275/episodes/352076</link><title>Scramble top ten</title></episode>
<episode><epnum>5</epnum><seasonnum>05</seasonnum><prodnum></prodnum><airdate>1983-07-29</airdate><link>http://www.tvrage.com/shows/id-10275/episodes/352077</link><title>In danger!? Mami's secret</title></episode>
<episode><epnum>6</epnum><seasonnum>06</seasonnum><prodnum></prodnum><airdate>1983-08-05</airdate><link>http://www.tvrage.com/shows/id-10275/episodes/352078</link><title>The legendary stag</title></episode>
<episode><epnum>7</epnum><seasonnum>07</seasonnum><prodnum></prodnum><airdate>1983-08-12</airdate><link>http://www.tvrage.com/shows/id-10275/episodes/352079</link><title>A bouquet for the big boss!</title></episode>
<episode><epnum>8</epnum><seasonnum>08</seasonnum><prodnum></prodnum><airdate>1983-08-19</airdate><link>http://www.tvrage.com/shows/id-10275/episodes/352080</link><title>Nagisa no Miracle Duet</title></episode>
<episode><epnum>9</epnum><seasonnum>09</seasonnum><prodnum></prodnum><airdate>1983-08-26</airdate><link>http://www.tvrage.com/shows/id-10275/episodes/352081</link><title>The midsummer fairy</title></episode>
<episode><epnum>10</epnum><seasonnum>10</seasonnum><prodnum></prodnum><airdate>1983-09-02</airdate><link>http://www.tvrage.com/shows/id-10275/episodes/352082</link><title>Hello, Catherine</title></episode>
<episode><epnum>11</epnum><seasonnum>11</seasonnum><prodnum></prodnum><airdate>1983-09-09</airdate><link>http://www.tvrage.com/shows/id-10275/episodes/352083</link><title>Papa's a middle-aged rider</title></episode>
<episode><epnum>12</epnum><seasonnum>12</seasonnum><prodnum></prodnum><airdate>1983-09-16</airdate><link>http://www.tvrage.com/shows/id-10275/episodes/352084</link><title>The studio has total power failure!</title></episode>
<episode><epnum>13</epnum><seasonnum>13</seasonnum><prodnum></prodnum><airdate>1983-09-23</airdate><link>http://www.tvrage.com/shows/id-10275/episodes/352085</link><title>The Mami within the mirror</title></episode>
<episode><epnum>14</epnum><seasonnum>14</seasonnum><prodnum></prodnum><airdate>1983-09-30</airdate><link>http://www.tvrage.com/shows/id-10275/episodes/352086</link><title>My Mr. Dream</title></episode>
<episode><epnum>15</epnum><seasonnum>15</seasonnum><prodnum></prodnum><airdate>1983-10-07</airdate><link>http://www.tvrage.com/shows/id-10275/episodes/352087</link><title>The rainbow-coloured angel</title></episode>
<episode><epnum>16</epnum><seasonnum>16</seasonnum><prodnum></prodnum><airdate>1983-10-14</airdate><link>http://www.tvrage.com/shows/id-10275/episodes/352088</link><title>The memory that vanished into the sea</title></episode>
<episode><epnum>17</epnum><seasonnum>17</seasonnum><prodnum></prodnum><airdate>1983-10-21</airdate><link>http://www.tvrage.com/shows/id-10275/episodes/352089</link><title>The forest where time sleeps</title></episode>
<episode><epnum>18</epnum><seasonnum>18</seasonnum><prodnum></prodnum><airdate>1983-10-28</airdate><link>http://www.tvrage.com/shows/id-10275/episodes/352090</link><title>The adventure of Zashikiwarashi</title></episode>
<episode><epnum>19</epnum><seasonnum>19</seasonnum><prodnum></prodnum><airdate>1983-11-04</airdate><link>http://www.tvrage.com/shows/id-10275/episodes/352091</link><title>Mami's longest day</title></episode>
<episode><epnum>20</epnum><seasonnum>20</seasonnum><prodnum></prodnum><airdate>1983-11-11</airdate><link>http://www.tvrage.com/shows/id-10275/episodes/352092</link><title>The dangerous gift!</title></episode>
<episode><epnum>21</epnum><seasonnum>21</seasonnum><prodnum></prodnum><airdate>1983-11-18</airdate><link>http://www.tvrage.com/shows/id-10275/episodes/352093</link><title>The party of the cute romance</title></episode>
<episode><epnum>22</epnum><seasonnum>22</seasonnum><prodnum></prodnum><airdate>1983-11-25</airdate><link>http://www.tvrage.com/shows/id-10275/episodes/352094</link><title>Midori-kun &amp; Pukkupukuu</title></episode>
<episode><epnum>23</epnum><seasonnum>23</seasonnum><prodnum></prodnum><airdate>1983-12-02</airdate><link>http://www.tvrage.com/shows/id-10275/episodes/352095</link><title>The starry parasol</title></episode>
<episode><epnum>24</epnum><seasonnum>24</seasonnum><prodnum></prodnum><airdate>1983-12-09</airdate><link>http://www.tvrage.com/shows/id-10275/episodes/352096</link><title>Bear bear audition</title></episode>
<episode><epnum>25</epnum><seasonnum>25</seasonnum><prodnum></prodnum><airdate>1983-12-16</airdate><link>http://www.tvrage.com/shows/id-10275/episodes/352097</link><title>Disturbance! The night of the popular song festival</title></episode>
<episode><epnum>26</epnum><seasonnum>26</seasonnum><prodnum></prodnum><airdate>1983-12-23</airdate><link>http://www.tvrage.com/shows/id-10275/episodes/352098</link><title>Bye-bye, miracle</title></episode>
<episode><epnum>27</epnum><seasonnum>27</seasonnum><prodnum></prodnum><airdate>1984-01-06</airdate><link>http://www.tvrage.com/shows/id-10275/episodes/352099</link><title>To Feather Star!</title></episode>
<episode><epnum>28</epnum><seasonnum>28</seasonnum><prodnum></prodnum><airdate>1984-01-13</airdate><link>http://www.tvrage.com/shows/id-10275/episodes/352100</link><title>Mysterious transfer student</title></episode>
<episode><epnum>29</epnum><seasonnum>29</seasonnum><prodnum></prodnum><airdate>1984-01-20</airdate><link>http://www.tvrage.com/shows/id-10275/episodes/352101</link><title>Ropeway panic</title></episode>
<episode><epnum>30</epnum><seasonnum>30</seasonnum><prodnum></prodnum><airdate>1984-01-27</airdate><link>http://www.tvrage.com/shows/id-10275/episodes/352102</link><title>Dear Grandma</title></episode>
<episode><epnum>31</epnum><seasonnum>31</seasonnum><prodnum></prodnum><airdate>1984-02-03</airdate><link>http://www.tvrage.com/shows/id-10275/episodes/352103</link><title>Yuu's flashdance</title></episode>
<episode><epnum>32</epnum><seasonnum>32</seasonnum><prodnum></prodnum><airdate>1984-02-10</airdate><link>http://www.tvrage.com/shows/id-10275/episodes/352104</link><title>The Valentine of just the two of us</title></episode>
<episode><epnum>33</epnum><seasonnum>33</seasonnum><prodnum></prodnum><airdate>1984-02-17</airdate><link>http://www.tvrage.com/shows/id-10275/episodes/352105</link><title>The 'atchoo!' of horrors</title></episode>
<episode><epnum>34</epnum><seasonnum>34</seasonnum><prodnum></prodnum><airdate>1984-02-24</airdate><link>http://www.tvrage.com/shows/id-10275/episodes/352106</link><title>Snake Joe's counterattack</title></episode>
<episode><epnum>35</epnum><seasonnum>35</seasonnum><prodnum></prodnum><airdate>1984-03-02</airdate><link>http://www.tvrage.com/shows/id-10275/episodes/352107</link><title>Tachibana-san becomes a woman!?</title></episode>
<episode><epnum>36</epnum><seasonnum>36</seasonnum><prodnum></prodnum><airdate>1984-03-09</airdate><link>http://www.tvrage.com/shows/id-10275/episodes/352108</link><title>Galaxy circus 1984</title></episode>
<episode><epnum>37</epnum><seasonnum>37</seasonnum><prodnum></prodnum><airdate>1984-03-16</airdate><link>http://www.tvrage.com/shows/id-10275/episodes/352109</link><title>Marian's eyes</title></episode>
<episode><epnum>38</epnum><seasonnum>38</seasonnum><prodnum></prodnum><airdate>1984-03-23</airdate><link>http://www.tvrage.com/shows/id-10275/episodes/352110</link><title>Heart-fluttering fan club</title></episode>
<episode><epnum>39</epnum><seasonnum>39</seasonnum><prodnum></prodnum><airdate>1984-03-30</airdate><link>http://www.tvrage.com/shows/id-10275/episodes/352111</link><title>Jurassic monster Ojira!</title></episode>
<episode><epnum>40</epnum><seasonnum>40</seasonnum><prodnum></prodnum><airdate>1984-04-06</airdate><link>http://www.tvrage.com/shows/id-10275/episodes/352112</link><title>Kurimigaoka flour war</title></episode>
<episode><epnum>41</epnum><seasonnum>41</seasonnum><prodnum></prodnum><airdate>1984-04-13</airdate><link>http://www.tvrage.com/shows/id-10275/episodes/352113</link><title>Beware, lest you overstudy</title></episode>
<episode><epnum>42</epnum><seasonnum>42</seasonnum><prodnum></prodnum><airdate>1984-04-20</airdate><link>http://www.tvrage.com/shows/id-10275/episodes/352114</link><title>Mama's memory of the stage</title></episode>
<episode><epnum>43</epnum><seasonnum>43</seasonnum><prodnum></prodnum><airdate>1984-04-27</airdate><link>http://www.tvrage.com/shows/id-10275/episodes/352115</link><title>Run, yuu! Faster than a turtle!</title></episode>
<episode><epnum>44</epnum><seasonnum>44</seasonnum><prodnum></prodnum><airdate>1984-05-04</airdate><link>http://www.tvrage.com/shows/id-10275/episodes/352116</link><title>SOS! Escape from the dream storm</title></episode>
<episode><epnum>45</epnum><seasonnum>45</seasonnum><prodnum></prodnum><airdate>1984-05-11</airdate><link>http://www.tvrage.com/shows/id-10275/episodes/352117</link><title>The psychic boy of sorrow</title></episode>
<episode><epnum>46</epnum><seasonnum>46</seasonnum><prodnum></prodnum><airdate>1984-05-18</airdate><link>http://www.tvrage.com/shows/id-10275/episodes/352118</link><title>My wonderful pianist</title></episode>
<episode><epnum>47</epnum><seasonnum>47</seasonnum><prodnum></prodnum><airdate>1984-05-25</airdate><link>http://www.tvrage.com/shows/id-10275/episodes/352119</link><title>Mami's first kiss</title></episode>
<episode><epnum>48</epnum><seasonnum>48</seasonnum><prodnum></prodnum><airdate>1984-06-01</airdate><link>http://www.tvrage.com/shows/id-10275/episodes/352120</link><title>Yuu &amp; Midori's first date!</title></episode>
<episode><epnum>49</epnum><seasonnum>49</seasonnum><prodnum></prodnum><airdate>1984-06-08</airdate><link>http://www.tvrage.com/shows/id-10275/episodes/352121</link><title>Infiltrate! The treasure of Tachibana-san's premises</title></episode>
<episode><epnum>50</epnum><seasonnum>50</seasonnum><prodnum></prodnum><airdate>1984-06-15</airdate><link>http://www.tvrage.com/shows/id-10275/episodes/352122</link><title>Mami disappears...</title></episode>
<episode><epnum>51</epnum><seasonnum>51</seasonnum><prodnum></prodnum><airdate>1984-06-22</airdate><link>http://www.tvrage.com/shows/id-10275/episodes/352123</link><title>Toshio! Don't remember it</title></episode>
<episode><epnum>52</epnum><seasonnum>52</seasonnum><prodnum></prodnum><airdate>1984-06-29</airdate><link>http://www.tvrage.com/shows/id-10275/episodes/352124</link><title>Final stage</title></episode>
</Season>

</Episodelist>

</Show>