<?xml version="1.0" encoding="UTF-8" ?>


<Show>
<name>Classmates</name>
<totalseasons>1</totalseasons>
<showid>10288</showid>
<showlink>http://tvrage.com/shows/id-10288</showlink>
<started>Jun/30/2003</started>
<ended>Oct/21/2003</ended>
<image>http://images.tvrage.com/shows/11/10288.jpg</image>
<origin_country>US</origin_country>
<status>Canceled/Ended</status>
<classification>Reality</classification>
<runtime>30</runtime>
<network country="US">FOX</network>
<airtime>20:30</airtime>
<airday>Monday</airday>
<timezone>GMT-5 -DST</timezone>

</Show>