<?xml version="1.0" encoding="UTF-8" ?>


<Show>
<name>Cutey Honey Flash</name>
<totalseasons>1</totalseasons>
<showid>10286</showid>
<showlink>http://tvrage.com/shows/id-10286</showlink>
<started>Feb/15/1997</started>
<ended>Jan/31/1998</ended>
<image>http://images.tvrage.com/shows/11/10286.jpg</image>
<origin_country>JP</origin_country>
<status>Canceled/Ended</status>
<classification>Animation</classification>
<genres><genre>Anime</genre><genre>Adventure</genre><genre>Comedy</genre></genres>
<runtime>30</runtime>
<network country="JP">TV Asahi</network>
<airtime>12:00</airtime>
<timezone>GMT+9 -DST</timezone>
<Episodelist>

<Season no="1">
<episode><epnum>1</epnum><seasonnum>01</seasonnum><prodnum></prodnum><airdate>1997-02-15</airdate><link>http://www.tvrage.com/shows/id-10286/episodes/352223</link><title>Because of Love! A Maiden Changes</title></episode>
<episode><epnum>2</epnum><seasonnum>02</seasonnum><prodnum></prodnum><airdate>1997-02-22</airdate><link>http://www.tvrage.com/shows/id-10286/episodes/352224</link><title>A Maiden's Decision! A Lonesome Bloom in the Twilight</title></episode>
<episode><epnum>3</epnum><seasonnum>03</seasonnum><prodnum></prodnum><airdate>1997-03-01</airdate><link>http://www.tvrage.com/shows/id-10286/episodes/352225</link><title>A Maiden's Dream! Whom is This Wedding Dress For?</title></episode>
<episode><epnum>4</epnum><seasonnum>04</seasonnum><prodnum></prodnum><airdate>1997-03-08</airdate><link>http://www.tvrage.com/shows/id-10286/episodes/352226</link><title>Tears of a Mermaid Princess! The Bond Between Father and Daughter</title></episode>
<episode><epnum>5</epnum><seasonnum>05</seasonnum><prodnum></prodnum><airdate>1997-03-15</airdate><link>http://www.tvrage.com/shows/id-10286/episodes/352227</link><title>Passing Over Fate! The Maiden of the Seven-Colored Rainbow</title></episode>
<episode><epnum>6</epnum><seasonnum>06</seasonnum><prodnum></prodnum><airdate>1997-03-22</airdate><link>http://www.tvrage.com/shows/id-10286/episodes/352228</link><title>Transformation is Not Possible! Honey Caught in the Trap</title></episode>
<episode><epnum>7</epnum><seasonnum>07</seasonnum><prodnum></prodnum><airdate>1997-04-19</airdate><link>http://www.tvrage.com/shows/id-10286/episodes/352229</link><title>A Sea of Sorrow! Seiji's Recollection of His Father</title></episode>
<episode><epnum>8</epnum><seasonnum>08</seasonnum><prodnum></prodnum><airdate>1997-04-26</airdate><link>http://www.tvrage.com/shows/id-10286/episodes/352230</link><title>The Scent of Danger! Protecting a Maiden's Pure Heart</title></episode>
<episode><epnum>9</epnum><seasonnum>09</seasonnum><prodnum></prodnum><airdate>1997-05-03</airdate><link>http://www.tvrage.com/shows/id-10286/episodes/352231</link><title>Prince's Crisis!? A Rival Appears!!</title></episode>
<episode><epnum>10</epnum><seasonnum>10</seasonnum><prodnum></prodnum><airdate>1997-05-10</airdate><link>http://www.tvrage.com/shows/id-10286/episodes/352232</link><title>Certain Kill Technique Destroyed!? Honey Fiercely Fights, Prepared for Death</title></episode>
<episode><epnum>11</epnum><seasonnum>11</seasonnum><prodnum></prodnum><airdate>1997-05-17</airdate><link>http://www.tvrage.com/shows/id-10286/episodes/352233</link><title>The Scare Sneaks Along!! Targeted Honey</title></episode>
<episode><epnum>12</epnum><seasonnum>12</seasonnum><prodnum></prodnum><airdate>1997-05-24</airdate><link>http://www.tvrage.com/shows/id-10286/episodes/352234</link><title>Honey's Desperate Situation! Jill's Electric Shock Storm</title></episode>
<episode><epnum>13</epnum><seasonnum>13</seasonnum><prodnum></prodnum><airdate>1997-05-31</airdate><link>http://www.tvrage.com/shows/id-10286/episodes/352235</link><title>Fight With the Power of Love! The Last Showdown with Jill</title></episode>
<episode><epnum>14</epnum><seasonnum>14</seasonnum><prodnum></prodnum><airdate>1997-06-07</airdate><link>http://www.tvrage.com/shows/id-10286/episodes/352236</link><title>A Puzzling Fighter Appears!! Overture to a New Fate</title></episode>
<episode><epnum>15</epnum><seasonnum>15</seasonnum><prodnum></prodnum><airdate>1997-06-14</airdate><link>http://www.tvrage.com/shows/id-10286/episodes/352237</link><title>The Bell That Raises the Curtain! Super Battle of the Two Honeys</title></episode>
<episode><epnum>16</epnum><seasonnum>16</seasonnum><prodnum></prodnum><airdate>1997-06-21</airdate><link>http://www.tvrage.com/shows/id-10286/episodes/352238</link><title>Love and Hate Entangled! Sisters' Tennis Showdown</title></episode>
<episode><epnum>17</epnum><seasonnum>17</seasonnum><prodnum></prodnum><airdate>1997-07-05</airdate><link>http://www.tvrage.com/shows/id-10286/episodes/352239</link><title>Shocking Revelation! Father Reveals Honey's Secret</title></episode>
<episode><epnum>18</epnum><seasonnum>18</seasonnum><prodnum></prodnum><airdate>1997-07-12</airdate><link>http://www.tvrage.com/shows/id-10286/episodes/352240</link><title>Memory of Burning Flames! Seira's Past</title></episode>
<episode><epnum>19</epnum><seasonnum>19</seasonnum><prodnum></prodnum><airdate>1997-07-26</airdate><link>http://www.tvrage.com/shows/id-10286/episodes/352241</link><title>Challenge in Swimsuits! The Ghost Ship's Bone Exterminator Guy</title></episode>
<episode><epnum>20</epnum><seasonnum>20</seasonnum><prodnum></prodnum><airdate>1997-08-02</airdate><link>http://www.tvrage.com/shows/id-10286/episodes/352242</link><title>Panther's Seal! The Secret Within Seira's Heart</title></episode>
<episode><epnum>21</epnum><seasonnum>21</seasonnum><prodnum></prodnum><airdate>1997-08-16</airdate><link>http://www.tvrage.com/shows/id-10286/episodes/352243</link><title>Because of Love! Last Fight of the Double Honeys</title></episode>
<episode><epnum>22</epnum><seasonnum>22</seasonnum><prodnum></prodnum><airdate>1997-08-23</airdate><link>http://www.tvrage.com/shows/id-10286/episodes/352244</link><title>Seira Dies Within the Flames! Father's Love in Her Heart</title></episode>
<episode><epnum>23</epnum><seasonnum>23</seasonnum><prodnum></prodnum><airdate>1997-08-30</airdate><link>http://www.tvrage.com/shows/id-10286/episodes/352245</link><title>The Conclusion of Love! Honey's Light Wins Against Fate</title></episode>
<episode><epnum>24</epnum><seasonnum>24</seasonnum><prodnum></prodnum><airdate>1997-09-13</airdate><link>http://www.tvrage.com/shows/id-10286/episodes/352246</link><title>The Campus is Breaking Down!? New Panther-Corps Threat</title></episode>
<episode><epnum>25</epnum><seasonnum>25</seasonnum><prodnum></prodnum><airdate>1997-10-04</airdate><link>http://www.tvrage.com/shows/id-10286/episodes/352247</link><title>Honey is Raising Children!? Someone's Aiming at the Baby</title></episode>
<episode><epnum>26</epnum><seasonnum>26</seasonnum><prodnum></prodnum><airdate>1997-10-11</airdate><link>http://www.tvrage.com/shows/id-10286/episodes/352248</link><title>The Idol is a Panther? Enthusiastic Singing Battle</title></episode>
<episode><epnum>27</epnum><seasonnum>27</seasonnum><prodnum></prodnum><airdate>1997-10-25</airdate><link>http://www.tvrage.com/shows/id-10286/episodes/352249</link><title>The Queen of the Circuit! Fierce Fight at Ultra High Speed</title></episode>
<episode><epnum>28</epnum><seasonnum>28</seasonnum><prodnum></prodnum><airdate>1997-11-01</airdate><link>http://www.tvrage.com/shows/id-10286/episodes/352250</link><title>It's Name is Demon! A Panther Soldier's Tears</title></episode>
<episode><epnum>29</epnum><seasonnum>29</seasonnum><prodnum></prodnum><airdate>1997-11-15</airdate><link>http://www.tvrage.com/shows/id-10286/episodes/352251</link><title>Big Adventure on a Deserted Island! Treasure Hunt Uproar</title></episode>
<episode><epnum>30</epnum><seasonnum>30</seasonnum><prodnum></prodnum><airdate>1997-11-22</airdate><link>http://www.tvrage.com/shows/id-10286/episodes/352252</link><title>Escape is Impossible!? A Train Running Straight to Hell</title></episode>
<episode><epnum>31</epnum><seasonnum>31</seasonnum><prodnum></prodnum><airdate>1997-11-29</airdate><link>http://www.tvrage.com/shows/id-10286/episodes/352253</link><title>Love and Passion Vanish! Father's Day of Youth</title></episode>
<episode><epnum>32</epnum><seasonnum>32</seasonnum><prodnum></prodnum><airdate>1997-12-06</airdate><link>http://www.tvrage.com/shows/id-10286/episodes/352254</link><title>Hungry Detective Seiji Hayami! The Worst Day</title></episode>
<episode><epnum>33</epnum><seasonnum>33</seasonnum><prodnum></prodnum><airdate>1997-12-13</airdate><link>http://www.tvrage.com/shows/id-10286/episodes/352255</link><title>The Trap of the Universe! Honey's Greatest Crisis</title></episode>
<episode><epnum>34</epnum><seasonnum>34</seasonnum><prodnum></prodnum><airdate>1997-12-20</airdate><link>http://www.tvrage.com/shows/id-10286/episodes/352256</link><title>Honey's Choice of Love! Seiji VS Prince</title></episode>
<episode><epnum>35</epnum><seasonnum>35</seasonnum><prodnum></prodnum><airdate>1997-12-27</airdate><link>http://www.tvrage.com/shows/id-10286/episodes/352257</link><title>Trust in Me! The Light of Love's Complete Power Opens</title></episode>
<episode><epnum>36</epnum><seasonnum>36</seasonnum><prodnum></prodnum><airdate>1998-01-10</airdate><link>http://www.tvrage.com/shows/id-10286/episodes/352258</link><title>Battle of Courage! Electric Shock Pro Wrestling Match</title></episode>
<episode><epnum>37</epnum><seasonnum>37</seasonnum><prodnum></prodnum><airdate>1998-01-17</airdate><link>http://www.tvrage.com/shows/id-10286/episodes/352259</link><title>The Last Crusade (Part One) Fate Tests Love</title></episode>
<episode><epnum>38</epnum><seasonnum>38</seasonnum><prodnum></prodnum><airdate>1998-01-24</airdate><link>http://www.tvrage.com/shows/id-10286/episodes/352260</link><title>The Last Crusade (Second Part) To Dream of the Strength of Victory</title></episode>
<episode><epnum>39</epnum><seasonnum>39</seasonnum><prodnum></prodnum><airdate>1998-01-31</airdate><link>http://www.tvrage.com/shows/id-10286/episodes/352261</link><title>Honey the Bride! The Light of Love is Eternal</title></episode>
</Season>

</Episodelist>

</Show>