<?xml version="1.0" encoding="UTF-8" ?>


<Show>
<name>Player$</name>
<totalseasons>3</totalseasons>
<showid>10283</showid>
<showlink>http://tvrage.com/shows/id-10283</showlink>
<started>May/2002</started>
<ended>Dec/2004</ended>
<image>http://images.tvrage.com/shows/11/10283.jpg</image>
<origin_country>US</origin_country>
<status>Canceled/Ended</status>
<classification>Game Show</classification>
<genres><genre>Tech/Gaming</genre></genres>
<runtime>30</runtime>
<network country="US">G4</network>
<airtime>20:00</airtime>
<airday>Wednesday</airday>
<timezone>GMT-5 -DST</timezone>
<Episodelist>

<Season no="1">
<episode><epnum>1</epnum><seasonnum>01</seasonnum><prodnum>101</prodnum><airdate>2002-05-01</airdate><link>http://www.tvrage.com/shows/id-10283/episodes/368032</link><title>Coolio</title></episode>
<episode><epnum>2</epnum><seasonnum>02</seasonnum><prodnum>102</prodnum><airdate>2002-05-01</airdate><link>http://www.tvrage.com/shows/id-10283/episodes/368033</link><title>Cypress Hill</title></episode>
<episode><epnum>3</epnum><seasonnum>03</seasonnum><prodnum>103</prodnum><airdate>2002-05-12</airdate><link>http://www.tvrage.com/shows/id-10283/episodes/368034</link><title>Drowning Pool</title></episode>
<episode><epnum>4</epnum><seasonnum>04</seasonnum><prodnum>104</prodnum><airdate>2002-05-26</airdate><link>http://www.tvrage.com/shows/id-10283/episodes/368035</link><title>Hoobastank</title></episode>
<episode><epnum>5</epnum><seasonnum>05</seasonnum><prodnum>105</prodnum><airdate>2002-07-09</airdate><link>http://www.tvrage.com/shows/id-10283/episodes/368036</link><title>E3</title></episode>
<episode><epnum>6</epnum><seasonnum>06</seasonnum><prodnum>106</prodnum><airdate>2002-07-30</airdate><link>http://www.tvrage.com/shows/id-10283/episodes/368037</link><title>Incubus &amp; Aisha Tyler</title></episode>
<episode><epnum>7</epnum><seasonnum>07</seasonnum><prodnum>107</prodnum><airdate>2002-07-31</airdate><link>http://www.tvrage.com/shows/id-10283/episodes/368038</link><title>Audiovent</title></episode>
<episode><epnum>8</epnum><seasonnum>08</seasonnum><prodnum>108</prodnum><airdate>2002-08-01</airdate><link>http://www.tvrage.com/shows/id-10283/episodes/368039</link><title>xXx</title></episode>
<episode><epnum>9</epnum><seasonnum>09</seasonnum><prodnum>109</prodnum><airdate>2002-08-25</airdate><link>http://www.tvrage.com/shows/id-10283/episodes/368040</link><title>David Meyers, 12 Stones</title></episode>
<episode><epnum>10</epnum><seasonnum>10</seasonnum><prodnum>110</prodnum><airdate>2002-09-08</airdate><link>http://www.tvrage.com/shows/id-10283/episodes/368041</link><title>2002 Van's Warped Tour</title></episode>
<episode><epnum>11</epnum><seasonnum>11</seasonnum><prodnum>111</prodnum><airdate>2002-09-29</airdate><link>http://www.tvrage.com/shows/id-10283/episodes/368042</link><title>Tom Green &amp; Jason Lee</title></episode>
<episode><epnum>12</epnum><seasonnum>12</seasonnum><prodnum>112</prodnum><airdate>2002-10-20</airdate><link>http://www.tvrage.com/shows/id-10283/episodes/368043</link><title>No Doubt</title></episode>
<episode><epnum>13</epnum><seasonnum>13</seasonnum><prodnum>113</prodnum><airdate>2002-10-31</airdate><link>http://www.tvrage.com/shows/id-10283/episodes/368044</link><title>Jackass</title></episode>
<episode><epnum>14</epnum><seasonnum>14</seasonnum><prodnum>114</prodnum><airdate>2002-11-17</airdate><link>http://www.tvrage.com/shows/id-10283/episodes/368046</link><title>Crazy Town, Brian Williams and the Donnas</title></episode>
<episode><epnum>15</epnum><seasonnum>15</seasonnum><prodnum>115</prodnum><airdate>2002-12-01</airdate><link>http://www.tvrage.com/shows/id-10283/episodes/368047</link><title>Glassjaw, Mitch Allan and Cara Delizia</title></episode>
<episode><epnum>16</epnum><seasonnum>16</seasonnum><prodnum>116</prodnum><airdate>2003-01-05</airdate><link>http://www.tvrage.com/shows/id-10283/episodes/368048</link><title>Sum 14, 3 Doors Down, Brian Krause</title></episode>
</Season>

<Season no="2">
<episode><epnum>17</epnum><seasonnum>01</seasonnum><prodnum>201</prodnum><airdate>2003-02-06</airdate><link>http://www.tvrage.com/shows/id-10283/episodes/368049</link><title>Daredevilin'</title></episode>
<episode><epnum>18</epnum><seasonnum>02</seasonnum><prodnum>202</prodnum><airdate>2003-03-02</airdate><link>http://www.tvrage.com/shows/id-10283/episodes/368050</link><title>Fistful of Matrix</title></episode>
<episode><epnum>19</epnum><seasonnum>03</seasonnum><prodnum>203</prodnum><airdate>2003-03-24</airdate><link>http://www.tvrage.com/shows/id-10283/episodes/368051</link><title>Posehn, Papa and Mars</title></episode>
<episode><epnum>20</epnum><seasonnum>04</seasonnum><prodnum>204</prodnum><airdate>2003-04-02</airdate><link>http://www.tvrage.com/shows/id-10283/episodes/368053</link><title>Less Than Jake, Fred Savage, Jason Sehorn</title></episode>
<episode><epnum>21</epnum><seasonnum>05</seasonnum><prodnum>205</prodnum><airdate>2003-04-14</airdate><link>http://www.tvrage.com/shows/id-10283/episodes/368054</link><title>NFL Draftees</title></episode>
<episode><epnum>22</epnum><seasonnum>06</seasonnum><prodnum>206</prodnum><airdate>2003-05-05</airdate><link>http://www.tvrage.com/shows/id-10283/episodes/373879</link><title>Hootin' with the Blowfish</title></episode>
<episode><epnum>23</epnum><seasonnum>07</seasonnum><prodnum>207</prodnum><airdate>2003-05-26</airdate><link>http://www.tvrage.com/shows/id-10283/episodes/373880</link><title>E3 03, Playa</title></episode>
<episode><epnum>24</epnum><seasonnum>08</seasonnum><prodnum>208</prodnum><airdate>2003-06-09</airdate><link>http://www.tvrage.com/shows/id-10283/episodes/373881</link><title>Enter the Playtrix</title></episode>
<episode><epnum>25</epnum><seasonnum>09</seasonnum><prodnum>209</prodnum><airdate>2003-06-19</airdate><link>http://www.tvrage.com/shows/id-10283/episodes/373882</link><title>Charlie's Angels</title></episode>
<episode><epnum>26</epnum><seasonnum>10</seasonnum><prodnum>210</prodnum><airdate>2003-06-30</airdate><link>http://www.tvrage.com/shows/id-10283/episodes/373883</link><title>Scooby Scooby Doo!</title></episode>
<episode><epnum>27</epnum><seasonnum>11</seasonnum><prodnum>211</prodnum><airdate>2003-07-19</airdate><link>http://www.tvrage.com/shows/id-10283/episodes/373937</link><title>Of Tombs and Pirates</title></episode>
<episode><epnum>28</epnum><seasonnum>12</seasonnum><prodnum>212</prodnum><airdate>2003-08-05</airdate><link>http://www.tvrage.com/shows/id-10283/episodes/373938</link><title>Grind</title></episode>
<episode><epnum>29</epnum><seasonnum>13</seasonnum><prodnum>213</prodnum><airdate>2003-08-21</airdate><link>http://www.tvrage.com/shows/id-10283/episodes/373939</link><title>Medallion</title></episode>
<episode><epnum>30</epnum><seasonnum>14</seasonnum><prodnum>214</prodnum><airdate>2003-09-11</airdate><link>http://www.tvrage.com/shows/id-10283/episodes/373940</link><title>Football Player$</title></episode>
<episode><epnum>31</epnum><seasonnum>15</seasonnum><prodnum>215</prodnum><airdate>2003-09-29</airdate><link>http://www.tvrage.com/shows/id-10283/episodes/373941</link><title>Alias Special</title></episode>
<episode><epnum>32</epnum><seasonnum>16</seasonnum><prodnum>216</prodnum><airdate>2003-10-27</airdate><link>http://www.tvrage.com/shows/id-10283/episodes/373942</link><title>Players Halloweenie Televizzie</title></episode>
<episode><epnum>33</epnum><seasonnum>17</seasonnum><prodnum>217</prodnum><airdate>2003-11-10</airdate><link>http://www.tvrage.com/shows/id-10283/episodes/373943</link><title>BOOM BOOM Yeah!</title></episode>
<episode><epnum>34</epnum><seasonnum>18</seasonnum><prodnum>218</prodnum><airdate>2003-11-24</airdate><link>http://www.tvrage.com/shows/id-10283/episodes/373944</link><title>Gladiator Radio</title></episode>
<episode><epnum>35</epnum><seasonnum>19</seasonnum><prodnum>219</prodnum><airdate>2003-12-08</airdate><link>http://www.tvrage.com/shows/id-10283/episodes/373945</link><title>Tenacious D a la Mode</title></episode>
<episode><epnum>36</epnum><seasonnum>20</seasonnum><prodnum>220</prodnum><airdate>2004-01-12</airdate><link>http://www.tvrage.com/shows/id-10283/episodes/373946</link><title>Voodoo That You Do...with Hobbits!</title></episode>
</Season>

<Season no="3">
<episode><epnum>37</epnum><seasonnum>01</seasonnum><prodnum>301</prodnum><airdate>2004-01-26</airdate><link>http://www.tvrage.com/shows/id-10283/episodes/374390</link><title>Barenaked Players</title></episode>
<episode><epnum>38</epnum><seasonnum>02</seasonnum><prodnum>302</prodnum><airdate>2004-02-09</airdate><link>http://www.tvrage.com/shows/id-10283/episodes/374391</link><title>May the Crunk Be With You</title></episode>
<episode><epnum>39</epnum><seasonnum>03</seasonnum><prodnum>303</prodnum><airdate>2004-03-03</airdate><link>http://www.tvrage.com/shows/id-10283/episodes/385287</link><title>Players at the Pro Bowl</title></episode>
<episode><epnum>40</epnum><seasonnum>04</seasonnum><prodnum>304</prodnum><airdate>2004-03-08</airdate><link>http://www.tvrage.com/shows/id-10283/episodes/385288</link><title>Harry Potter and the Prisoner of Players</title></episode>
<episode><epnum>41</epnum><seasonnum>05</seasonnum><prodnum>305</prodnum><airdate>2004-03-26</airdate><link>http://www.tvrage.com/shows/id-10283/episodes/385289</link><title>Harold and Kumar Get the Need for Speed</title></episode>
</Season>

</Episodelist>

</Show>