<?xml version="1.0" encoding="UTF-8" ?>


<Show>
<name>Gokinjo Monogatari</name>
<totalseasons>1</totalseasons>
<showid>10284</showid>
<showlink>http://tvrage.com/shows/id-10284</showlink>
<started>Sep/1995</started>
<ended>Sep/1996</ended>
<image>http://images.tvrage.com/shows/11/10284.jpg</image>
<origin_country>JP</origin_country>
<status>Canceled/Ended</status>
<classification>Animation</classification>
<genres><genre>Anime</genre><genre>Comedy</genre><genre>Drama</genre></genres>
<runtime>30</runtime>
<airtime>12:00</airtime>
<akas><aka country="IT">Curiosando nei cortili del cuore</aka><aka>Neighborhood Stories</aka></akas>
<Episodelist>

<Season no="1">
<episode><epnum>1</epnum><seasonnum>01</seasonnum><prodnum></prodnum><airdate>1995-09-10</airdate><link>http://www.tvrage.com/shows/id-10284/episodes/352173</link><title>My Childhood Friend</title></episode>
<episode><epnum>2</epnum><seasonnum>02</seasonnum><prodnum></prodnum><airdate>1995-09-17</airdate><link>http://www.tvrage.com/shows/id-10284/episodes/352174</link><title>Dealing With a Childhood Friend!</title></episode>
<episode><epnum>3</epnum><seasonnum>03</seasonnum><prodnum></prodnum><airdate>1995-09-24</airdate><link>http://www.tvrage.com/shows/id-10284/episodes/352175</link><title>Nice Body-ko!</title></episode>
<episode><epnum>4</epnum><seasonnum>04</seasonnum><prodnum></prodnum><airdate>1995-10-01</airdate><link>http://www.tvrage.com/shows/id-10284/episodes/352176</link><title>A Fitting Direction For Defeat!</title></episode>
<episode><epnum>5</epnum><seasonnum>05</seasonnum><prodnum></prodnum><airdate>1995-10-08</airdate><link>http://www.tvrage.com/shows/id-10284/episodes/352177</link><title>The Burning Patsukin Girl!</title></episode>
<episode><epnum>6</epnum><seasonnum>06</seasonnum><prodnum></prodnum><airdate>1995-10-15</airdate><link>http://www.tvrage.com/shows/id-10284/episodes/352178</link><title>Let's do the Circle!</title></episode>
<episode><epnum>7</epnum><seasonnum>07</seasonnum><prodnum></prodnum><airdate>1995-10-22</airdate><link>http://www.tvrage.com/shows/id-10284/episodes/352179</link><title>Is it Tsutomu or Ando?</title></episode>
<episode><epnum>8</epnum><seasonnum>08</seasonnum><prodnum></prodnum><airdate>1995-10-29</airdate><link>http://www.tvrage.com/shows/id-10284/episodes/352180</link><title>Free Market!</title></episode>
<episode><epnum>9</epnum><seasonnum>09</seasonnum><prodnum></prodnum><airdate>1995-11-12</airdate><link>http://www.tvrage.com/shows/id-10284/episodes/352181</link><title>Lover of the Sinful Mama!</title></episode>
<episode><epnum>10</epnum><seasonnum>10</seasonnum><prodnum></prodnum><airdate>1995-11-19</airdate><link>http://www.tvrage.com/shows/id-10284/episodes/352182</link><title>Love Relay</title></episode>
<episode><epnum>11</epnum><seasonnum>11</seasonnum><prodnum></prodnum><airdate>1995-11-26</airdate><link>http://www.tvrage.com/shows/id-10284/episodes/352183</link><title>Double date, really?</title></episode>
<episode><epnum>12</epnum><seasonnum>12</seasonnum><prodnum></prodnum><airdate>1995-12-03</airdate><link>http://www.tvrage.com/shows/id-10284/episodes/352184</link><title>Tsutomu!</title></episode>
<episode><epnum>13</epnum><seasonnum>13</seasonnum><prodnum></prodnum><airdate>1995-12-10</airdate><link>http://www.tvrage.com/shows/id-10284/episodes/352185</link><title>A Misunderstaning concerning Bikes</title></episode>
<episode><epnum>14</epnum><seasonnum>14</seasonnum><prodnum></prodnum><airdate>1995-12-17</airdate><link>http://www.tvrage.com/shows/id-10284/episodes/352186</link><title>Pii-chan Panic</title></episode>
<episode><epnum>15</epnum><seasonnum>15</seasonnum><prodnum></prodnum><airdate>1995-12-24</airdate><link>http://www.tvrage.com/shows/id-10284/episodes/352187</link><title>A Present to Santa</title></episode>
<episode><epnum>16</epnum><seasonnum>16</seasonnum><prodnum></prodnum><airdate>1996-01-07</airdate><link>http://www.tvrage.com/shows/id-10284/episodes/352188</link><title>A Love Prayer! Happy New Year</title></episode>
<episode><epnum>17</epnum><seasonnum>17</seasonnum><prodnum></prodnum><airdate>1996-01-14</airdate><link>http://www.tvrage.com/shows/id-10284/episodes/352189</link><title>Body-ko and Shintaro!!</title></episode>
<episode><epnum>18</epnum><seasonnum>18</seasonnum><prodnum></prodnum><airdate>1996-01-21</airdate><link>http://www.tvrage.com/shows/id-10284/episodes/352190</link><title>What is Friendship? What is Love?</title></episode>
<episode><epnum>19</epnum><seasonnum>19</seasonnum><prodnum></prodnum><airdate>1996-01-28</airdate><link>http://www.tvrage.com/shows/id-10284/episodes/352191</link><title>Discovery! Lisa's Boyfriend!</title></episode>
<episode><epnum>20</epnum><seasonnum>20</seasonnum><prodnum></prodnum><airdate>1996-02-04</airdate><link>http://www.tvrage.com/shows/id-10284/episodes/352192</link><title>Study of Love through Film</title></episode>
<episode><epnum>21</epnum><seasonnum>21</seasonnum><prodnum></prodnum><airdate>1996-02-11</airdate><link>http://www.tvrage.com/shows/id-10284/episodes/352193</link><title>If only I can be frank...</title></episode>
<episode><epnum>22</epnum><seasonnum>22</seasonnum><prodnum></prodnum><airdate>1996-02-18</airdate><link>http://www.tvrage.com/shows/id-10284/episodes/352194</link><title>Who is the person walking with Oikawa?</title></episode>
<episode><epnum>23</epnum><seasonnum>23</seasonnum><prodnum></prodnum><airdate>1996-02-25</airdate><link>http://www.tvrage.com/shows/id-10284/episodes/352195</link><title>A Falling Angel!</title></episode>
<episode><epnum>24</epnum><seasonnum>24</seasonnum><prodnum></prodnum><airdate>1996-03-03</airdate><link>http://www.tvrage.com/shows/id-10284/episodes/352196</link><title>To become an adult</title></episode>
<episode><epnum>25</epnum><seasonnum>25</seasonnum><prodnum></prodnum><airdate>1996-03-10</airdate><link>http://www.tvrage.com/shows/id-10284/episodes/352197</link><title>The Delusion regarding two people</title></episode>
<episode><epnum>26</epnum><seasonnum>26</seasonnum><prodnum></prodnum><airdate>1996-03-17</airdate><link>http://www.tvrage.com/shows/id-10284/episodes/352198</link><title>Burning Hot-spring!</title></episode>
<episode><epnum>27</epnum><seasonnum>27</seasonnum><prodnum></prodnum><airdate>1996-03-24</airdate><link>http://www.tvrage.com/shows/id-10284/episodes/352199</link><title>The Nervous Body-ko</title></episode>
<episode><epnum>28</epnum><seasonnum>28</seasonnum><prodnum></prodnum><airdate>1996-03-31</airdate><link>http://www.tvrage.com/shows/id-10284/episodes/352200</link><title>The Reason for Fukigen is?</title></episode>
<episode><epnum>29</epnum><seasonnum>29</seasonnum><prodnum></prodnum><airdate>1996-04-07</airdate><link>http://www.tvrage.com/shows/id-10284/episodes/352201</link><title>Film Again!</title></episode>
<episode><epnum>30</epnum><seasonnum>30</seasonnum><prodnum></prodnum><airdate>1996-04-14</airdate><link>http://www.tvrage.com/shows/id-10284/episodes/352202</link><title>For love and dream, one step at a time!</title></episode>
<episode><epnum>31</epnum><seasonnum>31</seasonnum><prodnum></prodnum><airdate>1996-04-21</airdate><link>http://www.tvrage.com/shows/id-10284/episodes/352203</link><title>Doki! Master again...</title></episode>
<episode><epnum>32</epnum><seasonnum>32</seasonnum><prodnum></prodnum><airdate>1996-04-28</airdate><link>http://www.tvrage.com/shows/id-10284/episodes/352204</link><title>The Robot that ties minds</title></episode>
<episode><epnum>33</epnum><seasonnum>33</seasonnum><prodnum></prodnum><airdate>1996-05-05</airdate><link>http://www.tvrage.com/shows/id-10284/episodes/352205</link><title>The Guy who fell in love with a light woman</title></episode>
<episode><epnum>34</epnum><seasonnum>34</seasonnum><prodnum></prodnum><airdate>1996-05-12</airdate><link>http://www.tvrage.com/shows/id-10284/episodes/352206</link><title>One-night Angel...Lisa!</title></episode>
<episode><epnum>35</epnum><seasonnum>35</seasonnum><prodnum></prodnum><airdate>1996-05-19</airdate><link>http://www.tvrage.com/shows/id-10284/episodes/352207</link><title>An important thought!</title></episode>
<episode><epnum>36</epnum><seasonnum>36</seasonnum><prodnum></prodnum><airdate>1996-05-26</airdate><link>http://www.tvrage.com/shows/id-10284/episodes/352208</link><title>Troubles of the Party-ko</title></episode>
<episode><epnum>37</epnum><seasonnum>37</seasonnum><prodnum></prodnum><airdate>1996-06-02</airdate><link>http://www.tvrage.com/shows/id-10284/episodes/352209</link><title>Still do not want to go back...</title></episode>
<episode><epnum>38</epnum><seasonnum>38</seasonnum><prodnum></prodnum><airdate>1996-06-09</airdate><link>http://www.tvrage.com/shows/id-10284/episodes/352210</link><title>16 years old and not hampa</title></episode>
<episode><epnum>39</epnum><seasonnum>39</seasonnum><prodnum></prodnum><airdate>1996-06-16</airdate><link>http://www.tvrage.com/shows/id-10284/episodes/352211</link><title>The thing I want most is...</title></episode>
<episode><epnum>40</epnum><seasonnum>40</seasonnum><prodnum></prodnum><airdate>1996-06-23</airdate><link>http://www.tvrage.com/shows/id-10284/episodes/352212</link><title>An Album without Photos</title></episode>
<episode><epnum>41</epnum><seasonnum>41</seasonnum><prodnum></prodnum><airdate>1996-06-30</airdate><link>http://www.tvrage.com/shows/id-10284/episodes/352213</link><title>A Message to Papa</title></episode>
<episode><epnum>42</epnum><seasonnum>42</seasonnum><prodnum></prodnum><airdate>1996-07-07</airdate><link>http://www.tvrage.com/shows/id-10284/episodes/352214</link><title>Papa's Blue Sky</title></episode>
<episode><epnum>43</epnum><seasonnum>43</seasonnum><prodnum></prodnum><airdate>1996-07-14</airdate><link>http://www.tvrage.com/shows/id-10284/episodes/352215</link><title>Mama, why...?</title></episode>
<episode><epnum>44</epnum><seasonnum>44</seasonnum><prodnum></prodnum><airdate>1996-07-21</airdate><link>http://www.tvrage.com/shows/id-10284/episodes/352216</link><title>Before the Storm</title></episode>
<episode><epnum>45</epnum><seasonnum>45</seasonnum><prodnum></prodnum><airdate>1996-07-28</airdate><link>http://www.tvrage.com/shows/id-10284/episodes/352217</link><title>Your lie is...terrible</title></episode>
<episode><epnum>46</epnum><seasonnum>46</seasonnum><prodnum></prodnum><airdate>1996-08-04</airdate><link>http://www.tvrage.com/shows/id-10284/episodes/352218</link><title>How to love...</title></episode>
<episode><epnum>47</epnum><seasonnum>47</seasonnum><prodnum></prodnum><airdate>1996-08-11</airdate><link>http://www.tvrage.com/shows/id-10284/episodes/352219</link><title>Mama!...</title></episode>
<episode><epnum>48</epnum><seasonnum>48</seasonnum><prodnum></prodnum><airdate>1996-08-18</airdate><link>http://www.tvrage.com/shows/id-10284/episodes/352220</link><title>The Person known as &quot;Love&quot;...</title></episode>
<episode><epnum>49</epnum><seasonnum>49</seasonnum><prodnum></prodnum><airdate>1996-08-25</airdate><link>http://www.tvrage.com/shows/id-10284/episodes/352221</link><title>The Second Proposal</title></episode>
<episode><epnum>50</epnum><seasonnum>50</seasonnum><prodnum></prodnum><airdate>1996-09-01</airdate><link>http://www.tvrage.com/shows/id-10284/episodes/352222</link><title>Thank you, everyone</title></episode>
</Season>

</Episodelist>

</Show>