<?xml version="1.0" encoding="UTF-8" ?>


<Show>
<name>Celebrity Eye Candy</name>
<totalseasons>2</totalseasons>
<showid>10282</showid>
<showlink>http://tvrage.com/shows/id-10282</showlink>
<started>Mar/31/2006</started>
<ended>Jan/11/2008</ended>
<image>http://images.tvrage.com/shows/11/10282.jpg</image>
<origin_country>US</origin_country>
<status>Canceled/Ended</status>
<classification>Documentary</classification>
<genres><genre>Celebrities</genre></genres>
<runtime>30</runtime>
<network country="US">VH1</network>
<airtime>00:00</airtime>
<airday>Friday</airday>
<timezone>GMT-5 -DST</timezone>
<Episodelist>

<Season no="1">
<episode><epnum>1</epnum><seasonnum>01</seasonnum><prodnum></prodnum><airdate>2006-03-31</airdate><link>http://www.tvrage.com/shows/id-10282/episodes/353801</link><title>Episode 1</title></episode>
<episode><epnum>2</epnum><seasonnum>02</seasonnum><prodnum></prodnum><airdate>2006-04-07</airdate><link>http://www.tvrage.com/shows/id-10282/episodes/353802</link><title>Episode 2</title></episode>
<episode><epnum>3</epnum><seasonnum>03</seasonnum><prodnum></prodnum><airdate>2006-04-14</airdate><link>http://www.tvrage.com/shows/id-10282/episodes/353803</link><title>Episode 3</title></episode>
<episode><epnum>4</epnum><seasonnum>04</seasonnum><prodnum></prodnum><airdate>2006-04-21</airdate><link>http://www.tvrage.com/shows/id-10282/episodes/361811</link><title>Episode 4</title></episode>
<episode><epnum>5</epnum><seasonnum>05</seasonnum><prodnum></prodnum><airdate>2006-04-28</airdate><link>http://www.tvrage.com/shows/id-10282/episodes/366552</link><title>Episode 5</title></episode>
<episode><epnum>6</epnum><seasonnum>06</seasonnum><prodnum></prodnum><airdate>2006-05-05</airdate><link>http://www.tvrage.com/shows/id-10282/episodes/367160</link><title>Episode 6</title></episode>
<episode><epnum>7</epnum><seasonnum>07</seasonnum><prodnum></prodnum><airdate>2006-05-12</airdate><link>http://www.tvrage.com/shows/id-10282/episodes/370790</link><title>Episode 7</title></episode>
<episode><epnum>8</epnum><seasonnum>08</seasonnum><prodnum></prodnum><airdate>2006-05-19</airdate><link>http://www.tvrage.com/shows/id-10282/episodes/377040</link><title>Episode 8</title></episode>
</Season>

<Season no="2">
<episode><epnum>9</epnum><seasonnum>01</seasonnum><prodnum></prodnum><airdate>2006-12-08</airdate><link>http://www.tvrage.com/shows/id-10282/episodes/491257</link><title>Episode 201</title></episode>
</Season>

</Episodelist>

</Show>