<?xml version="1.0" encoding="UTF-8" ?>


<Show>
<name>The Tim Conway Show (1980)</name>
<totalseasons>2</totalseasons>
<showid>10289</showid>
<showlink>http://tvrage.com/The_Tim_Conway_Show_1980</showlink>
<started>Mar/22/1980</started>
<ended>Mar/07/1981</ended>
<image>http://images.tvrage.com/shows/11/10289.jpg</image>
<origin_country>US</origin_country>
<status>Canceled/Ended</status>
<classification>Variety</classification>
<genres><genre>Comedy</genre><genre>Family</genre><genre>Sketch/Improv</genre></genres>
<runtime>60</runtime>
<network country="US">CBS</network>
<airtime>20:30</airtime>
<airday>Saturday</airday>
<timezone>GMT-5 -DST</timezone>
<Episodelist>

<Season no="1">
<episode><epnum>1</epnum><seasonnum>01</seasonnum><prodnum></prodnum><airdate>1980-03-22</airdate><link>http://www.tvrage.com/The_Tim_Conway_Show_1980/episodes/1064805747</link><title>Season 1, Episode 1</title></episode>
<episode><epnum>2</epnum><seasonnum>02</seasonnum><prodnum></prodnum><airdate>1980-03-29</airdate><link>http://www.tvrage.com/The_Tim_Conway_Show_1980/episodes/1064805748</link><title>Season 1, Episode 2</title></episode>
<episode><epnum>3</epnum><seasonnum>03</seasonnum><prodnum></prodnum><airdate>1980-04-05</airdate><link>http://www.tvrage.com/The_Tim_Conway_Show_1980/episodes/1064805749</link><title>Season 1, Episode 3</title></episode>
<episode><epnum>4</epnum><seasonnum>04</seasonnum><prodnum></prodnum><airdate>1980-04-12</airdate><link>http://www.tvrage.com/The_Tim_Conway_Show_1980/episodes/1064805750</link><title>Season 1, Episode 4</title></episode>
<episode><epnum>5</epnum><seasonnum>05</seasonnum><prodnum></prodnum><airdate>1980-04-19</airdate><link>http://www.tvrage.com/The_Tim_Conway_Show_1980/episodes/1064805751</link><title>Season 1, Episode 5</title></episode>
<episode><epnum>6</epnum><seasonnum>06</seasonnum><prodnum></prodnum><airdate>1980-04-26</airdate><link>http://www.tvrage.com/The_Tim_Conway_Show_1980/episodes/1064805752</link><title>Season 1, Episode 6</title></episode>
<episode><epnum>7</epnum><seasonnum>07</seasonnum><prodnum></prodnum><airdate>1980-05-03</airdate><link>http://www.tvrage.com/The_Tim_Conway_Show_1980/episodes/1064805753</link><title>Season 1, Episode 7</title></episode>
<episode><epnum>8</epnum><seasonnum>08</seasonnum><prodnum></prodnum><airdate>1980-05-10</airdate><link>http://www.tvrage.com/The_Tim_Conway_Show_1980/episodes/1064805754</link><title>Season 1, Episode 8</title></episode>
<episode><epnum>9</epnum><seasonnum>09</seasonnum><prodnum></prodnum><airdate>1980-05-17</airdate><link>http://www.tvrage.com/The_Tim_Conway_Show_1980/episodes/1064805755</link><title>Season 1, Episode 9</title></episode>
</Season>

<Season no="2">
<episode><epnum>10</epnum><seasonnum>01</seasonnum><prodnum></prodnum><airdate>1980-09-20</airdate><link>http://www.tvrage.com/The_Tim_Conway_Show_1980/episodes/1064805756</link><title>Season 2, Episode 1</title></episode>
<episode><epnum>11</epnum><seasonnum>02</seasonnum><prodnum></prodnum><airdate>1980-09-27</airdate><link>http://www.tvrage.com/The_Tim_Conway_Show_1980/episodes/1064809349</link><title>Season 2, Episode 2</title></episode>
<episode><epnum>12</epnum><seasonnum>03</seasonnum><prodnum></prodnum><airdate>1980-10-04</airdate><link>http://www.tvrage.com/The_Tim_Conway_Show_1980/episodes/1064809350</link><title>Season 2, Episode 3</title></episode>
<episode><epnum>13</epnum><seasonnum>04</seasonnum><prodnum></prodnum><airdate>1980-10-11</airdate><link>http://www.tvrage.com/The_Tim_Conway_Show_1980/episodes/1064809574</link><title>Season 2, Episode 4</title></episode>
<episode><epnum>14</epnum><seasonnum>05</seasonnum><prodnum></prodnum><airdate>1980-10-18</airdate><link>http://www.tvrage.com/The_Tim_Conway_Show_1980/episodes/1064809575</link><title>Season 2, Episode 5</title></episode>
<episode><epnum>15</epnum><seasonnum>06</seasonnum><prodnum></prodnum><airdate>1980-10-25</airdate><link>http://www.tvrage.com/The_Tim_Conway_Show_1980/episodes/1064809576</link><title>Season 2, Episode 6</title></episode>
<episode><epnum>16</epnum><seasonnum>07</seasonnum><prodnum></prodnum><airdate>1980-11-01</airdate><link>http://www.tvrage.com/The_Tim_Conway_Show_1980/episodes/1064809577</link><title>Season 2, Episode 7</title></episode>
<episode><epnum>18</epnum><seasonnum>09</seasonnum><prodnum></prodnum><airdate>1980-11-08</airdate><link>http://www.tvrage.com/The_Tim_Conway_Show_1980/episodes/1064809578</link><title>Season 2, Episode 9</title></episode>
<episode><epnum>19</epnum><seasonnum>10</seasonnum><prodnum></prodnum><airdate>1980-11-29</airdate><link>http://www.tvrage.com/The_Tim_Conway_Show_1980/episodes/1064809579</link><title>Season 2, Episode 10</title></episode>
<episode><epnum>20</epnum><seasonnum>11</seasonnum><prodnum></prodnum><airdate>1980-12-06</airdate><link>http://www.tvrage.com/The_Tim_Conway_Show_1980/episodes/1064809580</link><title>Season 2, Episode 11</title></episode>
<episode><epnum>21</epnum><seasonnum>12</seasonnum><prodnum></prodnum><airdate>1980-12-20</airdate><link>http://www.tvrage.com/The_Tim_Conway_Show_1980/episodes/1064809581</link><title>Season 2, Episode 12</title></episode>
<episode><epnum>22</epnum><seasonnum>13</seasonnum><prodnum></prodnum><airdate>1980-12-27</airdate><link>http://www.tvrage.com/The_Tim_Conway_Show_1980/episodes/1064809582</link><title>Season 2, Episode 13</title></episode>
<episode><epnum>23</epnum><seasonnum>14</seasonnum><prodnum></prodnum><airdate>1981-01-03</airdate><link>http://www.tvrage.com/The_Tim_Conway_Show_1980/episodes/1064809583</link><title>Season 2, Episode 14</title></episode>
<episode><epnum>24</epnum><seasonnum>15</seasonnum><prodnum></prodnum><airdate>1981-01-10</airdate><link>http://www.tvrage.com/The_Tim_Conway_Show_1980/episodes/1064809584</link><title>Season 2, Episode 15</title></episode>
<episode><epnum>25</epnum><seasonnum>16</seasonnum><prodnum></prodnum><airdate>1981-01-17</airdate><link>http://www.tvrage.com/The_Tim_Conway_Show_1980/episodes/1064809585</link><title>Season 2, Episode 16</title></episode>
<episode><epnum>26</epnum><seasonnum>17</seasonnum><prodnum></prodnum><airdate>1981-01-24</airdate><link>http://www.tvrage.com/The_Tim_Conway_Show_1980/episodes/1064809586</link><title>Season 2, Episode 17</title></episode>
</Season>

</Episodelist>

</Show>