<?xml version="1.0" encoding="UTF-8" ?>


<Show>
<name>The Tim Conway Comedy Hour</name>
<totalseasons>1</totalseasons>
<showid>10290</showid>
<showlink>http://tvrage.com/shows/id-10290</showlink>
<started>Sep/20/1970</started>
<ended>Dec/27/1970</ended>
<image>http://images.tvrage.com/shows/11/10290.jpg</image>
<origin_country>US</origin_country>
<status>Canceled/Ended</status>
<classification>Variety</classification>
<genres><genre>Comedy</genre><genre>Sketch/Improv</genre></genres>
<runtime>60</runtime>
<network country="US">CBS</network>
<airtime>22:00</airtime>
<airday>Sunday</airday>
<timezone>GMT-5 -DST</timezone>

</Show>