<?xml version="1.0" encoding="UTF-8" ?>


<Show>
<name>The Lost World Of Friese-Greene</name>
<totalseasons>1</totalseasons>
<showid>10294</showid>
<showlink>http://tvrage.com/shows/id-10294</showlink>
<started>Apr/2006</started>
<ended>Apr/2006</ended>
<image>http://images.tvrage.com/shows/11/10294.gif</image>
<origin_country>UK</origin_country>
<status>Canceled/Ended</status>
<classification>Documentary</classification>
<runtime>30</runtime>
<network country="UK">BBC TWO</network>
<airtime>21:00</airtime>
<airday>Tuesday</airday>
<timezone>GMT+0 -DST</timezone>
<Episodelist>

<Season no="1">
<episode><epnum>1</epnum><seasonnum>01</seasonnum><prodnum></prodnum><airdate>2006-04-18</airdate><link>http://www.tvrage.com/shows/id-10294/episodes/358966</link><title>Land's End to Weston-Super-Mare</title></episode>
<episode><epnum>2</epnum><seasonnum>02</seasonnum><prodnum></prodnum><airdate>2006-04-25</airdate><link>http://www.tvrage.com/shows/id-10294/episodes/358967</link><title>Cirencester to Carlisle</title></episode>
<episode><epnum>3</epnum><seasonnum>03</seasonnum><prodnum></prodnum><airdate>2006-05-02</airdate><link>http://www.tvrage.com/shows/id-10294/episodes/363931</link><title>Gretna Green to John o' Groats</title></episode>
</Season>

</Episodelist>

</Show>