<?xml version="1.0" encoding="UTF-8" ?>


<Show>
<name>The Secret Life of Toys</name>
<totalseasons>1</totalseasons>
<showid>1029</showid>
<showlink>http://tvrage.com/shows/id-1029</showlink>
<started>Mar/1994</started>
<ended>May/1994</ended>
<origin_country>US</origin_country>
<status>Canceled/Ended</status>
<runtime>30</runtime>
<network country="US">Disney Channel</network>
<timezone>GMT-5 -DST</timezone>
<akas><aka>Jim Henson's Secret Life of Toys</aka></akas>
<Episodelist>

<Season no="1">
<episode><epnum>1</epnum><seasonnum>01</seasonnum><prodnum></prodnum><airdate>1994-03-05</airdate><link>http://www.tvrage.com/shows/id-1029/episodes/272654</link><title>&quot;Oops!&quot; / &quot;Don't tell Me&quot;</title></episode>
<episode><epnum>2</epnum><seasonnum>02</seasonnum><prodnum></prodnum><airdate>1994-03-12</airdate><link>http://www.tvrage.com/shows/id-1029/episodes/272655</link><title>&quot;Follow the Leader&quot; / &quot;Disappearing Ditz&quot;</title></episode>
<episode><epnum>3</epnum><seasonnum>03</seasonnum><prodnum></prodnum><airdate>1994-03-19</airdate><link>http://www.tvrage.com/shows/id-1029/episodes/272656</link><title>&quot;I'm Going to Tell...&quot; / &quot;Cat Toy that Roared&quot;</title></episode>
<episode><epnum>4</epnum><seasonnum>04</seasonnum><prodnum></prodnum><airdate>1994-03-26</airdate><link>http://www.tvrage.com/shows/id-1029/episodes/272657</link><title>&quot;Rock-A-Bye Worries&quot; / &quot;The Magic Fish&quot;</title></episode>
<episode><epnum>5</epnum><seasonnum>05</seasonnum><prodnum></prodnum><airdate>1994-04-02</airdate><link>http://www.tvrage.com/shows/id-1029/episodes/272658</link><title>&quot;Climbers&quot; / &quot;Be Plush&quot;</title></episode>
<episode><epnum>6</epnum><seasonnum>06</seasonnum><prodnum></prodnum><airdate>1994-04-09</airdate><link>http://www.tvrage.com/shows/id-1029/episodes/272659</link><title>&quot;Queen Raisin&quot; / &quot;Balthazar in Beam Land&quot;</title></episode>
<episode><epnum>7</epnum><seasonnum>07</seasonnum><prodnum></prodnum><airdate>1994-04-16</airdate><link>http://www.tvrage.com/shows/id-1029/episodes/272660</link><title>&quot;Ditz and Datz&quot; / &quot;Mummies&quot;</title></episode>
<episode><epnum>8</epnum><seasonnum>08</seasonnum><prodnum></prodnum><airdate>1994-04-23</airdate><link>http://www.tvrage.com/shows/id-1029/episodes/272661</link><title>&quot;All Washed Up&quot; / &quot;Bunnochio&quot;</title></episode>
<episode><epnum>9</epnum><seasonnum>09</seasonnum><prodnum></prodnum><airdate>1994-04-30</airdate><link>http://www.tvrage.com/shows/id-1029/episodes/272662</link><title>&quot;More than a Mouse&quot; / &quot;Happy Hortense to You&quot;</title></episode>
<episode><epnum>10</epnum><seasonnum>10</seasonnum><prodnum></prodnum><airdate>1994-05-07</airdate><link>http://www.tvrage.com/shows/id-1029/episodes/272663</link><title>&quot;Down with Dinkybeard&quot; / &quot;The Sky is Falling!&quot;</title></episode>
<episode><epnum>11</epnum><seasonnum>11</seasonnum><prodnum></prodnum><airdate>1994-05-14</airdate><link>http://www.tvrage.com/shows/id-1029/episodes/272664</link><title>&quot;Baby Balthazar&quot; / &quot;True Mew&quot;</title></episode>
<episode><epnum>12</epnum><seasonnum>12</seasonnum><prodnum></prodnum><airdate>1994-05-21</airdate><link>http://www.tvrage.com/shows/id-1029/episodes/272665</link><title>&quot;Mr. and Mrs. Rugby&quot; / &quot;I Spy&quot;</title></episode>
<episode><epnum>13</epnum><seasonnum>13</seasonnum><prodnum></prodnum><airdate>1994-05-28</airdate><link>http://www.tvrage.com/shows/id-1029/episodes/272666</link><title>&quot;Who Shares, Wins&quot; / &quot;It's a Giveaway!&quot;</title></episode>
</Season>

</Episodelist>

</Show>