<?xml version="1.0" encoding="UTF-8" ?>


<Show>
<name>Daisuki! Bubu- Chacha</name>
<totalseasons>1</totalseasons>
<showid>10297</showid>
<showlink>http://tvrage.com/shows/id-10297</showlink>
<started>May/2001</started>
<ended>Nov/2001</ended>
<image>http://images.tvrage.com/shows/11/10297.jpg</image>
<origin_country>JP</origin_country>
<status>Canceled/Ended</status>
<classification>Animation</classification>
<genres><genre>Anime</genre><genre>Comedy</genre></genres>
<runtime>30</runtime>
<network country="JP">NHK</network>
<airtime>12:00</airtime>
<timezone>GMT+9 -DST</timezone>
<akas><aka>I Love You! Bubu- Chacha</aka></akas>
<Episodelist>

<Season no="1">
<episode><epnum>1</epnum><seasonnum>01</seasonnum><prodnum></prodnum><airdate>2001-05-03</airdate><link>http://www.tvrage.com/shows/id-10297/episodes/352693</link><title>The Baby Dinosaur</title></episode>
<episode><epnum>2</epnum><seasonnum>02</seasonnum><prodnum></prodnum><airdate>2001-05-10</airdate><link>http://www.tvrage.com/shows/id-10297/episodes/352694</link><title>Clouds are mysterious</title></episode>
<episode><epnum>3</epnum><seasonnum>03</seasonnum><prodnum></prodnum><airdate>2001-05-17</airdate><link>http://www.tvrage.com/shows/id-10297/episodes/352695</link><title>The ghost apartment</title></episode>
<episode><epnum>4</epnum><seasonnum>04</seasonnum><prodnum></prodnum><airdate>2001-05-24</airdate><link>http://www.tvrage.com/shows/id-10297/episodes/352696</link><title>A big ship adventure</title></episode>
<episode><epnum>5</epnum><seasonnum>05</seasonnum><prodnum></prodnum><airdate>2001-05-31</airdate><link>http://www.tvrage.com/shows/id-10297/episodes/352697</link><title>Mommy and daddy's treasure</title></episode>
<episode><epnum>6</epnum><seasonnum>06</seasonnum><prodnum></prodnum><airdate>2001-06-07</airdate><link>http://www.tvrage.com/shows/id-10297/episodes/352698</link><title>Mommy is a lost child</title></episode>
<episode><epnum>7</epnum><seasonnum>07</seasonnum><prodnum></prodnum><airdate>2001-06-14</airdate><link>http://www.tvrage.com/shows/id-10297/episodes/352699</link><title>A dangerous drive!</title></episode>
<episode><epnum>8</epnum><seasonnum>08</seasonnum><prodnum></prodnum><airdate>2001-06-21</airdate><link>http://www.tvrage.com/shows/id-10297/episodes/352700</link><title>I am a princess?</title></episode>
<episode><epnum>9</epnum><seasonnum>09</seasonnum><prodnum></prodnum><airdate>2001-06-28</airdate><link>http://www.tvrage.com/shows/id-10297/episodes/352701</link><title>The Mysterious Bones</title></episode>
<episode><epnum>10</epnum><seasonnum>10</seasonnum><prodnum></prodnum><airdate>2001-07-05</airdate><link>http://www.tvrage.com/shows/id-10297/episodes/352702</link><title>Mary's Dark Black Clouds</title></episode>
<episode><epnum>11</epnum><seasonnum>11</seasonnum><prodnum></prodnum><airdate>2001-07-12</airdate><link>http://www.tvrage.com/shows/id-10297/episodes/352703</link><title>Robot Trouble?</title></episode>
<episode><epnum>12</epnum><seasonnum>12</seasonnum><prodnum></prodnum><airdate>2001-07-19</airdate><link>http://www.tvrage.com/shows/id-10297/episodes/352704</link><title>Pranks of the Wind</title></episode>
<episode><epnum>13</epnum><seasonnum>13</seasonnum><prodnum></prodnum><airdate>2001-07-26</airdate><link>http://www.tvrage.com/shows/id-10297/episodes/352705</link><title>The Salmon Goes Upstream</title></episode>
<episode><epnum>14</epnum><seasonnum>14</seasonnum><prodnum></prodnum><airdate>2001-08-02</airdate><link>http://www.tvrage.com/shows/id-10297/episodes/352706</link><title>My Good Friend ChaCha</title></episode>
<episode><epnum>15</epnum><seasonnum>15</seasonnum><prodnum></prodnum><airdate>2001-08-09</airdate><link>http://www.tvrage.com/shows/id-10297/episodes/352707</link><title>The Baby Comes to visit</title></episode>
<episode><epnum>16</epnum><seasonnum>16</seasonnum><prodnum></prodnum><airdate>2001-08-16</airdate><link>http://www.tvrage.com/shows/id-10297/episodes/352708</link><title>Daddy's Forgotten Treasure</title></episode>
<episode><epnum>17</epnum><seasonnum>17</seasonnum><prodnum></prodnum><airdate>2001-08-23</airdate><link>http://www.tvrage.com/shows/id-10297/episodes/352709</link><title>ChaCha Stays at Home</title></episode>
<episode><epnum>18</epnum><seasonnum>18</seasonnum><prodnum></prodnum><airdate>2001-08-30</airdate><link>http://www.tvrage.com/shows/id-10297/episodes/352710</link><title>Friends in the Forest</title></episode>
<episode><epnum>19</epnum><seasonnum>19</seasonnum><prodnum></prodnum><airdate>2001-09-06</airdate><link>http://www.tvrage.com/shows/id-10297/episodes/352711</link><title>The Snow Prince</title></episode>
<episode><epnum>20</epnum><seasonnum>20</seasonnum><prodnum></prodnum><airdate>2001-09-13</airdate><link>http://www.tvrage.com/shows/id-10297/episodes/352712</link><title>ChaCha and the Big Race</title></episode>
<episode><epnum>21</epnum><seasonnum>21</seasonnum><prodnum></prodnum><airdate>2001-09-20</airdate><link>http://www.tvrage.com/shows/id-10297/episodes/352713</link><title>The Mysterious Tunnel</title></episode>
<episode><epnum>22</epnum><seasonnum>22</seasonnum><prodnum></prodnum><airdate>2001-09-27</airdate><link>http://www.tvrage.com/shows/id-10297/episodes/352714</link><title>The Teacher's Tree</title></episode>
<episode><epnum>23</epnum><seasonnum>23</seasonnum><prodnum></prodnum><airdate>2001-10-04</airdate><link>http://www.tvrage.com/shows/id-10297/episodes/352715</link><title>The Big Secrets</title></episode>
<episode><epnum>24</epnum><seasonnum>24</seasonnum><prodnum></prodnum><airdate>2001-10-11</airdate><link>http://www.tvrage.com/shows/id-10297/episodes/352716</link><title>Dragonfly in the Sky</title></episode>
<episode><epnum>25</epnum><seasonnum>25</seasonnum><prodnum></prodnum><airdate>2001-10-18</airdate><link>http://www.tvrage.com/shows/id-10297/episodes/352717</link><title>My Orchestra</title></episode>
<episode><epnum>26</epnum><seasonnum>26</seasonnum><prodnum></prodnum><airdate>2001-10-25</airdate><link>http://www.tvrage.com/shows/id-10297/episodes/352718</link><title>ChaCha's Wa!</title></episode>
<episode><epnum>27</epnum><seasonnum>27</seasonnum><prodnum></prodnum><airdate>2001-11-01</airdate><link>http://www.tvrage.com/shows/id-10297/episodes/352719</link><title>The Solar engine</title></episode>
<episode><epnum>28</epnum><seasonnum>28</seasonnum><prodnum></prodnum><airdate>2001-11-08</airdate><link>http://www.tvrage.com/shows/id-10297/episodes/352720</link><title>The Other side of the rainbow</title></episode>
<episode><epnum>29</epnum><seasonnum>29</seasonnum><prodnum></prodnum><airdate>2001-11-15</airdate><link>http://www.tvrage.com/shows/id-10297/episodes/352721</link><title>A big sand castle</title></episode>
<episode><epnum>30</epnum><seasonnum>30</seasonnum><prodnum></prodnum><airdate>2001-11-22</airdate><link>http://www.tvrage.com/shows/id-10297/episodes/352722</link><title>They're playing with everyone</title></episode>
<episode><epnum>31</epnum><seasonnum>31</seasonnum><prodnum></prodnum><airdate>2001-11-29</airdate><link>http://www.tvrage.com/shows/id-10297/episodes/352723</link><title>Robo Bull is a Hero</title></episode>
<episode><epnum>32</epnum><seasonnum>32</seasonnum><prodnum></prodnum><airdate>2001-12-06</airdate><link>http://www.tvrage.com/shows/id-10297/episodes/352724</link><title>The Smell of Wonder</title></episode>
<episode><epnum>33</epnum><seasonnum>33</seasonnum><prodnum></prodnum><airdate>2001-12-13</airdate><link>http://www.tvrage.com/shows/id-10297/episodes/352725</link><title>The Feverish circus</title></episode>
<episode><epnum>34</epnum><seasonnum>34</seasonnum><prodnum></prodnum><airdate>2001-12-20</airdate><link>http://www.tvrage.com/shows/id-10297/episodes/352726</link><title>Raindrops are lots of Fun</title></episode>
<episode><epnum>35</epnum><seasonnum>35</seasonnum><prodnum></prodnum><airdate>2001-12-27</airdate><link>http://www.tvrage.com/shows/id-10297/episodes/352727</link><title>Dangerous Leopard</title></episode>
<episode><epnum>36</epnum><seasonnum>36</seasonnum><prodnum></prodnum><airdate>2002-01-03</airdate><link>http://www.tvrage.com/shows/id-10297/episodes/352728</link><title>Let's Go! - Chip!</title></episode>
<episode><epnum>37</epnum><seasonnum>37</seasonnum><prodnum></prodnum><airdate>2002-01-10</airdate><link>http://www.tvrage.com/shows/id-10297/episodes/352729</link><title>Whose Shadow is This?</title></episode>
<episode><epnum>38</epnum><seasonnum>38</seasonnum><prodnum></prodnum><airdate>2002-01-17</airdate><link>http://www.tvrage.com/shows/id-10297/episodes/352730</link><title>Ta, Ta, Ta...Dance Organ</title></episode>
<episode><epnum>39</epnum><seasonnum>39</seasonnum><prodnum></prodnum><airdate>2002-01-24</airdate><link>http://www.tvrage.com/shows/id-10297/episodes/352731</link><title>Tau is moving</title></episode>
<episode><epnum>40</epnum><seasonnum>40</seasonnum><prodnum></prodnum><airdate>2002-01-31</airdate><link>http://www.tvrage.com/shows/id-10297/episodes/352732</link><title>Lots Of Imagination</title></episode>
<episode><epnum>41</epnum><seasonnum>41</seasonnum><prodnum></prodnum><airdate>2002-02-07</airdate><link>http://www.tvrage.com/shows/id-10297/episodes/352733</link><title>Same As I Saw In The Dream</title></episode>
<episode><epnum>42</epnum><seasonnum>42</seasonnum><prodnum></prodnum><airdate>2002-02-14</airdate><link>http://www.tvrage.com/shows/id-10297/episodes/352734</link><title>The Cat That Became A Boot</title></episode>
<episode><epnum>43</epnum><seasonnum>43</seasonnum><prodnum></prodnum><airdate>2002-02-21</airdate><link>http://www.tvrage.com/shows/id-10297/episodes/352735</link><title>My Stamp</title></episode>
<episode><epnum>44</epnum><seasonnum>44</seasonnum><prodnum></prodnum><airdate>2002-02-28</airdate><link>http://www.tvrage.com/shows/id-10297/episodes/352736</link><title>PapaRat In Trouble</title></episode>
<episode><epnum>45</epnum><seasonnum>45</seasonnum><prodnum></prodnum><airdate>2002-03-07</airdate><link>http://www.tvrage.com/shows/id-10297/episodes/352737</link><title>The Friend In The Mountain</title></episode>
<episode><epnum>46</epnum><seasonnum>46</seasonnum><prodnum></prodnum><airdate>2002-03-14</airdate><link>http://www.tvrage.com/shows/id-10297/episodes/352738</link><title>The Snow Friends</title></episode>
<episode><epnum>47</epnum><seasonnum>47</seasonnum><prodnum></prodnum><airdate>2002-03-21</airdate><link>http://www.tvrage.com/shows/id-10297/episodes/352739</link><title>The Mysterious Lady That Came By A Ship</title></episode>
<episode><epnum>48</epnum><seasonnum>48</seasonnum><prodnum></prodnum><airdate>2002-03-28</airdate><link>http://www.tvrage.com/shows/id-10297/episodes/352740</link><title>The Story of Talking Clogs</title></episode>
<episode><epnum>49</epnum><seasonnum>49</seasonnum><prodnum></prodnum><airdate>2002-04-04</airdate><link>http://www.tvrage.com/shows/id-10297/episodes/352741</link><title>ChaCha's Journey</title></episode>
<episode><epnum>50</epnum><seasonnum>50</seasonnum><prodnum></prodnum><airdate>2002-04-11</airdate><link>http://www.tvrage.com/shows/id-10297/episodes/352742</link><title>Cheer Up With An Auto Race</title></episode>
<episode><epnum>51</epnum><seasonnum>51</seasonnum><prodnum></prodnum><airdate>2002-04-18</airdate><link>http://www.tvrage.com/shows/id-10297/episodes/352743</link><title>Mary's Wish</title></episode>
<episode><epnum>52</epnum><seasonnum>52</seasonnum><prodnum></prodnum><airdate>2002-04-25</airdate><link>http://www.tvrage.com/shows/id-10297/episodes/352744</link><title>The Infinite Ocean In The sky</title></episode>
</Season>

</Episodelist>

</Show>