<?xml version="1.0" encoding="UTF-8" ?>


<Show>
<name>The Tim Conway Show (1970)</name>
<totalseasons>1</totalseasons>
<showid>10295</showid>
<showlink>http://tvrage.com/The_Tim_Conway_Show_1970</showlink>
<started>Jan/30/1970</started>
<ended>Jun/19/1970</ended>
<image>http://images.tvrage.com/shows/11/10295.jpg</image>
<origin_country>US</origin_country>
<status>Canceled/Ended</status>
<classification>Scripted</classification>
<genres><genre>Comedy</genre></genres>
<runtime>30</runtime>
<network country="US">CBS</network>
<airtime>20:00</airtime>
<airday>Friday</airday>
<timezone>GMT-5 -DST</timezone>
<Episodelist>

<Season no="1">
<episode><epnum>1</epnum><seasonnum>01</seasonnum><prodnum></prodnum><airdate>1970-01-30</airdate><link>http://www.tvrage.com/The_Tim_Conway_Show_1970/episodes/628631</link><title>Episode 1</title></episode>
<episode><epnum>2</epnum><seasonnum>02</seasonnum><prodnum></prodnum><airdate>1970-02-06</airdate><link>http://www.tvrage.com/The_Tim_Conway_Show_1970/episodes/628632</link><title>Episode 2</title></episode>
<episode><epnum>3</epnum><seasonnum>03</seasonnum><prodnum></prodnum><airdate>1970-02-13</airdate><link>http://www.tvrage.com/The_Tim_Conway_Show_1970/episodes/628633</link><title>Episode 3</title></episode>
<episode><epnum>4</epnum><seasonnum>04</seasonnum><prodnum></prodnum><airdate>1970-02-20</airdate><link>http://www.tvrage.com/The_Tim_Conway_Show_1970/episodes/628634</link><title>Episode 4</title></episode>
<episode><epnum>5</epnum><seasonnum>05</seasonnum><prodnum></prodnum><airdate>1970-02-27</airdate><link>http://www.tvrage.com/The_Tim_Conway_Show_1970/episodes/628635</link><title>Episode 5</title></episode>
<episode><epnum>6</epnum><seasonnum>06</seasonnum><prodnum></prodnum><airdate>1970-03-06</airdate><link>http://www.tvrage.com/The_Tim_Conway_Show_1970/episodes/628636</link><title>Episode 6</title></episode>
<episode><epnum>7</epnum><seasonnum>07</seasonnum><prodnum></prodnum><airdate>1970-05-01</airdate><link>http://www.tvrage.com/The_Tim_Conway_Show_1970/episodes/628641</link><title>Boys in the Bandwagon</title></episode>
<episode><epnum>8</epnum><seasonnum>08</seasonnum><prodnum></prodnum><airdate>1970-05-08</airdate><link>http://www.tvrage.com/The_Tim_Conway_Show_1970/episodes/628637</link><title>Up, Up and Away</title></episode>
<episode><epnum>9</epnum><seasonnum>09</seasonnum><prodnum></prodnum><airdate>1970-05-15</airdate><link>http://www.tvrage.com/The_Tim_Conway_Show_1970/episodes/628638</link><title>The High and the Blighty</title></episode>
<episode><epnum>10</epnum><seasonnum>10</seasonnum><prodnum></prodnum><airdate>1970-05-22</airdate><link>http://www.tvrage.com/The_Tim_Conway_Show_1970/episodes/628639</link><title>Episode 10</title></episode>
<episode><epnum>11</epnum><seasonnum>11</seasonnum><prodnum></prodnum><airdate>1970-05-29</airdate><link>http://www.tvrage.com/The_Tim_Conway_Show_1970/episodes/628640</link><title>Episode 11</title></episode>
<episode><epnum>12</epnum><seasonnum>12</seasonnum><prodnum></prodnum><airdate>1970-06-05</airdate><link>http://www.tvrage.com/The_Tim_Conway_Show_1970/episodes/628642</link><title>Episode 12</title></episode>
<episode><epnum>13</epnum><seasonnum>13</seasonnum><prodnum></prodnum><airdate>1970-06-12</airdate><link>http://www.tvrage.com/The_Tim_Conway_Show_1970/episodes/628643</link><title>Episode 13</title></episode>
</Season>

</Episodelist>

</Show>