<?xml version="1.0" encoding="UTF-8" ?>


<Show>
<name>Geraldo</name>
<totalseasons>11</totalseasons>
<showid>10302</showid>
<showlink>http://tvrage.com/shows/id-10302</showlink>
<started>Sep/07/1987</started>
<ended>Sep/11/1998</ended>
<image>http://images.tvrage.com/shows/11/10302.jpg</image>
<origin_country>US</origin_country>
<status>Canceled/Ended</status>
<classification>Talk Shows</classification>
<runtime>60</runtime>
<network country="US">Syndicated</network>
<airtime>00:00</airtime>
<airday>Weekdays</airday>
<timezone>GMT-5 -DST</timezone>
<akas><aka attr="Alternate Title" country="US">The Geraldo Rivera Show</aka></akas>

</Show>