<?xml version="1.0" encoding="UTF-8" ?>


<Show>
<name>Ippatsu Kiki Musume</name>
<totalseasons>1</totalseasons>
<showid>10303</showid>
<showlink>http://tvrage.com/shows/id-10303</showlink>
<started>Oct/04/1999</started>
<ended>Oct/28/1999</ended>
<image>http://images.tvrage.com/shows/11/10303.jpg</image>
<origin_country>JP</origin_country>
<status>Canceled/Ended</status>
<classification>Animation</classification>
<genres><genre>Anime</genre><genre>Comedy</genre></genres>
<runtime>5</runtime>
<network country="JP">TBS</network>
<airtime>12:00</airtime>
<timezone>GMT+9 -DST</timezone>
<akas><aka>Dangerous Girl</aka></akas>
<Episodelist>

<Season no="1">
<episode><epnum>1</epnum><seasonnum>01</seasonnum><prodnum></prodnum><airdate>1999-10-04</airdate><link>http://www.tvrage.com/shows/id-10303/episodes/353526</link><title>Miss Critical Moment</title></episode>
<episode><epnum>2</epnum><seasonnum>02</seasonnum><prodnum></prodnum><airdate>1999-10-05</airdate><link>http://www.tvrage.com/shows/id-10303/episodes/353527</link><title>Bloodshed of Shelled Face</title></episode>
<episode><epnum>3</epnum><seasonnum>03</seasonnum><prodnum></prodnum><airdate>1999-10-06</airdate><link>http://www.tvrage.com/shows/id-10303/episodes/353528</link><title>Killer Exercise</title></episode>
<episode><epnum>4</epnum><seasonnum>04</seasonnum><prodnum></prodnum><airdate>1999-10-07</airdate><link>http://www.tvrage.com/shows/id-10303/episodes/353529</link><title>Escape From the Crazy Alcohol</title></episode>
<episode><epnum>5</epnum><seasonnum>05</seasonnum><prodnum></prodnum><airdate>1999-10-11</airdate><link>http://www.tvrage.com/shows/id-10303/episodes/353530</link><title>Sinking! American Joke!</title></episode>
<episode><epnum>6</epnum><seasonnum>06</seasonnum><prodnum></prodnum><airdate>1999-10-12</airdate><link>http://www.tvrage.com/shows/id-10303/episodes/353531</link><title>Duel with the Snake</title></episode>
<episode><epnum>7</epnum><seasonnum>07</seasonnum><prodnum></prodnum><airdate>1999-10-13</airdate><link>http://www.tvrage.com/shows/id-10303/episodes/353532</link><title>The Battle Inside the Locked Room</title></episode>
<episode><epnum>8</epnum><seasonnum>08</seasonnum><prodnum></prodnum><airdate>1999-10-14</airdate><link>http://www.tvrage.com/shows/id-10303/episodes/353533</link><title>Barrel Baths</title></episode>
<episode><epnum>9</epnum><seasonnum>09</seasonnum><prodnum></prodnum><airdate>1999-10-18</airdate><link>http://www.tvrage.com/shows/id-10303/episodes/353534</link><title>Building Closest to Hell</title></episode>
<episode><epnum>10</epnum><seasonnum>10</seasonnum><prodnum></prodnum><airdate>1999-10-19</airdate><link>http://www.tvrage.com/shows/id-10303/episodes/353535</link><title>Burning Hell</title></episode>
<episode><epnum>11</epnum><seasonnum>11</seasonnum><prodnum></prodnum><airdate>1999-10-20</airdate><link>http://www.tvrage.com/shows/id-10303/episodes/353536</link><title>I'm a Tragic Aquatic Flower</title></episode>
<episode><epnum>12</epnum><seasonnum>12</seasonnum><prodnum></prodnum><airdate>1999-10-21</airdate><link>http://www.tvrage.com/shows/id-10303/episodes/353537</link><title>Bloody Emergency Call</title></episode>
<episode><epnum>13</epnum><seasonnum>13</seasonnum><prodnum></prodnum><airdate>1999-10-25</airdate><link>http://www.tvrage.com/shows/id-10303/episodes/353538</link><title>We're Gonna Fall!! - Uneasy Tandem Touring</title></episode>
<episode><epnum>14</epnum><seasonnum>14</seasonnum><prodnum></prodnum><airdate>1999-10-26</airdate><link>http://www.tvrage.com/shows/id-10303/episodes/353539</link><title>Pressure! Enormous Dresser!</title></episode>
<episode><epnum>15</epnum><seasonnum>15</seasonnum><prodnum></prodnum><airdate>1999-10-27</airdate><link>http://www.tvrage.com/shows/id-10303/episodes/353540</link><title>The Girl Testing Her Limits in the Scorching Hot Phone Booth</title></episode>
<episode><epnum>16</epnum><seasonnum>16</seasonnum><prodnum></prodnum><airdate>1999-10-28</airdate><link>http://www.tvrage.com/shows/id-10303/episodes/353541</link><title>Deathmatch in the Electric Current Bath</title></episode>
</Season>

</Episodelist>

</Show>