<?xml version="1.0" encoding="UTF-8" ?>


<Show>
<name>Tuckerville</name>
<totalseasons>1</totalseasons>
<showid>10300</showid>
<showlink>http://tvrage.com/Tuckerville</showlink>
<started>Oct/22/2005</started>
<ended>May/27/2006</ended>
<image>http://images.tvrage.com/shows/11/10300.jpg</image>
<origin_country>US</origin_country>
<status>Canceled/Ended</status>
<classification>Reality</classification>
<runtime>30</runtime>
<network country="US">TLC</network>
<airtime>22:00</airtime>
<airday>Saturday</airday>
<timezone>GMT-5 -DST</timezone>
<Episodelist>

<Season no="1">
<episode><epnum>1</epnum><seasonnum>01</seasonnum><prodnum></prodnum><airdate>2005-10-22</airdate><link>http://www.tvrage.com/Tuckerville/episodes/353212</link><title>A Real Sweet Sixteen</title></episode>
<episode><epnum>1</epnum><seasonnum>01</seasonnum><prodnum></prodnum><airdate>2005-11-05</airdate><link>http://www.tvrage.com/Tuckerville/episodes/353217</link><title>Stuck With The Snake</title></episode>
<episode><epnum>1</epnum><seasonnum>02</seasonnum><prodnum></prodnum><airdate>2005-10-22</airdate><link>http://www.tvrage.com/Tuckerville/episodes/353213</link><title>Puppies And Pythons</title></episode>
<episode><epnum>1</epnum><seasonnum>03</seasonnum><prodnum></prodnum><airdate>2005-10-29</airdate><link>http://www.tvrage.com/Tuckerville/episodes/353214</link><title>Presley's Big Break</title></episode>
<episode><epnum>1</epnum><seasonnum>04</seasonnum><prodnum></prodnum><airdate>2005-10-29</airdate><link>http://www.tvrage.com/Tuckerville/episodes/353215</link><title>Home Alone</title></episode>
<episode><epnum>1</epnum><seasonnum>05</seasonnum><prodnum></prodnum><airdate>2005-11-05</airdate><link>http://www.tvrage.com/Tuckerville/episodes/353216</link><title>Miss Independence</title></episode>
<episode><epnum>1</epnum><seasonnum>06</seasonnum><prodnum></prodnum><airdate>2005-11-05</airdate><link>http://www.tvrage.com/Tuckerville/episodes/353218</link><title>Stuck With The Snake</title></episode>
<episode><epnum>7</epnum><seasonnum>07</seasonnum><prodnum></prodnum><airdate>2005-11-12</airdate><link>http://www.tvrage.com/Tuckerville/episodes/353261</link><title>Goat Trip</title></episode>
<episode><epnum>8</epnum><seasonnum>08</seasonnum><prodnum></prodnum><airdate>2005-11-12</airdate><link>http://www.tvrage.com/Tuckerville/episodes/353296</link><title>Little Orphan Annie</title></episode>
<episode><epnum>9</epnum><seasonnum>09</seasonnum><prodnum></prodnum><airdate>2005-11-19</airdate><link>http://www.tvrage.com/Tuckerville/episodes/353297</link><title>Getting Love Into Gear</title></episode>
<episode><epnum>10</epnum><seasonnum>10</seasonnum><prodnum></prodnum><airdate>2005-11-19</airdate><link>http://www.tvrage.com/Tuckerville/episodes/353303</link><title>The Fire Of Youth</title></episode>
<episode><epnum>11</epnum><seasonnum>11</seasonnum><prodnum></prodnum><airdate>2006-04-08</airdate><link>http://www.tvrage.com/Tuckerville/episodes/353334</link><title>Moving Violations</title></episode>
<episode><epnum>12</epnum><seasonnum>12</seasonnum><prodnum></prodnum><airdate>2006-04-08</airdate><link>http://www.tvrage.com/Tuckerville/episodes/353335</link><title>Smoke In The Water</title></episode>
<episode><epnum>13</epnum><seasonnum>13</seasonnum><prodnum></prodnum><airdate>2006-04-15</airdate><link>http://www.tvrage.com/Tuckerville/episodes/353336</link><title>Back To The Big House</title></episode>
<episode><epnum>14</epnum><seasonnum>14</seasonnum><prodnum></prodnum><airdate>2006-04-15</airdate><link>http://www.tvrage.com/Tuckerville/episodes/353338</link><title>A Checker's Dream</title></episode>
<episode><epnum>15</epnum><seasonnum>15</seasonnum><prodnum></prodnum><airdate>2006-04-22</airdate><link>http://www.tvrage.com/Tuckerville/episodes/361813</link><title>Hooked</title></episode>
<episode><epnum>16</epnum><seasonnum>16</seasonnum><prodnum></prodnum><airdate>2006-04-22</airdate><link>http://www.tvrage.com/Tuckerville/episodes/358880</link><title>Just to See You Smile</title></episode>
<episode><epnum>17</epnum><seasonnum>17</seasonnum><prodnum></prodnum><airdate>2006-04-29</airdate><link>http://www.tvrage.com/Tuckerville/episodes/367151</link><title>If That Boy Ain't the Death of Me</title></episode>
<episode><epnum>18</epnum><seasonnum>18</seasonnum><prodnum></prodnum><airdate>2006-04-29</airdate><link>http://www.tvrage.com/Tuckerville/episodes/367152</link><title>Scare Tactics</title></episode>
<episode><epnum>19</epnum><seasonnum>19</seasonnum><prodnum></prodnum><airdate>2006-05-06</airdate><link>http://www.tvrage.com/Tuckerville/episodes/367153</link><title>Blind Dates And Fashion Plates Part 1</title></episode>
<episode><epnum>20</epnum><seasonnum>20</seasonnum><prodnum></prodnum><airdate>2006-05-06</airdate><link>http://www.tvrage.com/Tuckerville/episodes/367154</link><title>Blind Dates and Fashion Plates Part 2</title></episode>
<episode><epnum>21</epnum><seasonnum>21</seasonnum><prodnum></prodnum><airdate>2006-05-13</airdate><link>http://www.tvrage.com/Tuckerville/episodes/371876</link><title>Frills and Drills</title></episode>
<episode><epnum>22</epnum><seasonnum>22</seasonnum><prodnum></prodnum><airdate>2006-05-13</airdate><link>http://www.tvrage.com/Tuckerville/episodes/371877</link><title>Animal House</title></episode>
<episode><epnum>23</epnum><seasonnum>23</seasonnum><prodnum></prodnum><airdate>2006-05-20</airdate><link>http://www.tvrage.com/Tuckerville/episodes/377521</link><title>Pretty in Pink</title></episode>
<episode><epnum>24</epnum><seasonnum>24</seasonnum><prodnum></prodnum><airdate>2006-05-20</airdate><link>http://www.tvrage.com/Tuckerville/episodes/377522</link><title>Ballads and Babysitters</title></episode>
<episode><epnum>25</epnum><seasonnum>25</seasonnum><prodnum></prodnum><airdate>2006-05-27</airdate><link>http://www.tvrage.com/Tuckerville/episodes/383205</link><title>Busta Move</title></episode>
<episode><epnum>26</epnum><seasonnum>26</seasonnum><prodnum></prodnum><airdate>2006-05-27</airdate><link>http://www.tvrage.com/Tuckerville/episodes/383210</link><title>Tuckerville Unplugged</title></episode>
</Season>

</Episodelist>

</Show>