<?xml version="1.0" encoding="UTF-8" ?>


<Show>
<name>On the Lot</name>
<totalseasons>1</totalseasons>
<showid>10306</showid>
<showlink>http://tvrage.com/On_the_Lot</showlink>
<started>May/22/2007</started>
<ended>Aug/21/2007</ended>
<image>http://images.tvrage.com/shows/11/10306.jpg</image>
<origin_country>US</origin_country>
<status>Canceled/Ended</status>
<classification>Reality</classification>
<runtime>60</runtime>
<network country="US">FOX</network>
<airtime>20:00</airtime>
<airday>Tuesday</airday>
<timezone>GMT-5 -DST</timezone>
<Episodelist>

<Season no="1">
<episode><epnum>1</epnum><seasonnum>01</seasonnum><prodnum></prodnum><airdate>2007-05-22</airdate><link>http://www.tvrage.com/On_the_Lot/episodes/536964</link><title>Auditions #1</title></episode>
<episode><epnum>2</epnum><seasonnum>02</seasonnum><prodnum></prodnum><airdate>2007-05-24</airdate><link>http://www.tvrage.com/On_the_Lot/episodes/552828</link><title>Auditions #2</title><runtime>35</runtime></episode>
<episode><epnum>3</epnum><seasonnum>03</seasonnum><prodnum></prodnum><airdate>2007-05-28</airdate><link>http://www.tvrage.com/On_the_Lot/episodes/552829</link><title>18 Directors Compete</title><runtime>120</runtime></episode>
<episode><epnum>4</epnum><seasonnum>04</seasonnum><prodnum></prodnum><airdate>2007-05-29</airdate><link>http://www.tvrage.com/On_the_Lot/episodes/552830</link><title>3 Directors Voted Off</title></episode>
<episode><epnum>5</epnum><seasonnum>05</seasonnum><prodnum></prodnum><airdate>2007-06-05</airdate><link>http://www.tvrage.com/On_the_Lot/episodes/557244</link><title>15 Directors Compete</title></episode>
<episode><epnum>6</epnum><seasonnum>06</seasonnum><prodnum></prodnum><airdate>2007-06-12</airdate><link>http://www.tvrage.com/On_the_Lot/episodes/557245</link><title>15 Cut to 14 &amp; 14 Directors Compete</title></episode>
<episode><epnum>7</epnum><seasonnum>07</seasonnum><prodnum></prodnum><airdate>2007-06-19</airdate><link>http://www.tvrage.com/On_the_Lot/episodes/557246</link><title>14 Cut to 13 &amp; 13 Directors Compete</title></episode>
<episode><epnum>8</epnum><seasonnum>08</seasonnum><prodnum></prodnum><airdate>2007-06-26</airdate><link>http://www.tvrage.com/On_the_Lot/episodes/572008</link><title>13 Cut to 12 &amp; 12 Directors Compete</title></episode>
<episode><epnum>9</epnum><seasonnum>09</seasonnum><prodnum></prodnum><airdate>2007-07-03</airdate><link>http://www.tvrage.com/On_the_Lot/episodes/572009</link><title>12 Cut to 11 &amp; 11 Directors Compete</title></episode>
<episode><epnum>10</epnum><seasonnum>10</seasonnum><prodnum></prodnum><airdate>2007-07-09</airdate><link>http://www.tvrage.com/On_the_Lot/episodes/574998</link><title>11 Cut to 10 &amp; 10 Directors Compete</title></episode>
<episode><epnum>11</epnum><seasonnum>11</seasonnum><prodnum></prodnum><airdate>2007-07-17</airdate><link>http://www.tvrage.com/On_the_Lot/episodes/580612</link><title>10 Cut to 8 &amp; 8 Directors Compete</title></episode>
<episode><epnum>12</epnum><seasonnum>12</seasonnum><prodnum></prodnum><airdate>2007-07-24</airdate><link>http://www.tvrage.com/On_the_Lot/episodes/582235</link><title>8 Cut to 6 &amp; 6 Directors Compete</title></episode>
<episode><epnum>13</epnum><seasonnum>13</seasonnum><prodnum></prodnum><airdate>2007-07-31</airdate><link>http://www.tvrage.com/On_the_Lot/episodes/584552</link><title>6 Cut to 5 &amp; 5 Directors Compete</title></episode>
<episode><epnum>14</epnum><seasonnum>14</seasonnum><prodnum></prodnum><airdate>2007-08-07</airdate><link>http://www.tvrage.com/On_the_Lot/episodes/584553</link><title>5 Cut to 4 &amp; 4 Directors Compete</title></episode>
<episode><epnum>15</epnum><seasonnum>15</seasonnum><prodnum></prodnum><airdate>2007-08-14</airdate><link>http://www.tvrage.com/On_the_Lot/episodes/591456</link><title>4 Cut to 3 &amp; 3 Directors Compete</title></episode>
<episode><epnum>16</epnum><seasonnum>16</seasonnum><prodnum></prodnum><airdate>2007-08-21</airdate><link>http://www.tvrage.com/On_the_Lot/episodes/591457</link><title>3 Cut to Winner</title></episode>
</Season>

</Episodelist>

</Show>