<?xml version="1.0" encoding="UTF-8" ?>


<Show>
<name>Totally Hidden Video</name>
<totalseasons>2</totalseasons>
<showid>10319</showid>
<showlink>http://tvrage.com/shows/id-10319</showlink>
<started>Jul/09/1989</started>
<ended>May/29/1992</ended>
<image>http://images.tvrage.com/shows/11/10319.jpg</image>
<origin_country>US</origin_country>
<status>Canceled/Ended</status>
<classification>Reality</classification>
<runtime>30</runtime>
<network country="US">FOX</network>
<airtime>12:00</airtime>
<timezone>GMT-5 -DST</timezone>

</Show>