<?xml version="1.0" encoding="UTF-8" ?>


<Show>
<name>Skag</name>
<totalseasons>1</totalseasons>
<showid>10314</showid>
<showlink>http://tvrage.com/shows/id-10314</showlink>
<started>Jan/06/1980</started>
<ended>Feb/21/1980</ended>
<image>http://images.tvrage.com/shows/11/10314.jpg</image>
<origin_country>US</origin_country>
<status>Canceled/Ended</status>
<classification>Scripted</classification>
<genres><genre>Drama</genre></genres>
<runtime>60</runtime>
<network country="US">NBC</network>
<airtime>21:00</airtime>
<airday>Thursday</airday>
<timezone>GMT-5 -DST</timezone>
<Episodelist>

<Season no="1">
<episode><epnum>1</epnum><seasonnum>01</seasonnum><prodnum>188786</prodnum><airdate>1980-01-17</airdate><link>http://www.tvrage.com/shows/id-10314/episodes/508686</link><title>In Trouble at 15</title></episode>
<episode><epnum>2</epnum><seasonnum>02</seasonnum><prodnum>188789</prodnum><airdate>1980-01-24</airdate><link>http://www.tvrage.com/shows/id-10314/episodes/508687</link><title>The Wildcatters</title></episode>
<episode><epnum>3</epnum><seasonnum>03</seasonnum><prodnum>188788A</prodnum><airdate>1980-01-31</airdate><link>http://www.tvrage.com/shows/id-10314/episodes/508688</link><title>The Working Girl (1)</title></episode>
<episode><epnum>4</epnum><seasonnum>04</seasonnum><prodnum>188788B</prodnum><airdate>1980-02-07</airdate><link>http://www.tvrage.com/shows/id-10314/episodes/508689</link><title>The Working Girl (2)</title></episode>
<episode><epnum>5</epnum><seasonnum>05</seasonnum><prodnum>188794</prodnum><airdate>1980-02-21</airdate><link>http://www.tvrage.com/shows/id-10314/episodes/589032</link><title>What Passes for Love in East Pittsburgh</title></episode>
</Season>

<Movie>
<episode><season>1</season><airdate>1980-01-06</airdate><link>http://www.tvrage.com/shows/id-10314/episodes/508685</link><title>Skag</title><runtime>180</runtime></episode>
</Movie>

</Episodelist>

</Show>