<?xml version="1.0" encoding="UTF-8" ?>


<Show>
<name>Can't Get a Date</name>
<totalseasons>1</totalseasons>
<showid>10310</showid>
<showlink>http://tvrage.com/Cant_Get_a_Date</showlink>
<started>Apr/2006</started>
<ended>May/2006</ended>
<image>http://images.tvrage.com/shows/11/10310.jpg</image>
<origin_country>US</origin_country>
<status>Canceled/Ended</status>
<classification>Reality</classification>
<runtime>30</runtime>
<network country="US">VH1</network>
<airtime>12:00</airtime>
<airday>Friday</airday>
<timezone>GMT-5 -DST</timezone>
<Episodelist>

<Season no="1">
<episode><epnum>1</epnum><seasonnum>01</seasonnum><prodnum></prodnum><airdate>2006-04-07</airdate><link>http://www.tvrage.com/Cant_Get_a_Date/episodes/353840</link><title>Morgan</title></episode>
<episode><epnum>2</epnum><seasonnum>02</seasonnum><prodnum></prodnum><airdate>2006-04-14</airdate><link>http://www.tvrage.com/Cant_Get_a_Date/episodes/353841</link><title>Mya Baker</title></episode>
<episode><epnum>3</epnum><seasonnum>03</seasonnum><prodnum></prodnum><airdate>2006-04-21</airdate><link>http://www.tvrage.com/Cant_Get_a_Date/episodes/361777</link><title>Jim</title></episode>
<episode><epnum>4</epnum><seasonnum>04</seasonnum><prodnum></prodnum><airdate>2006-04-28</airdate><link>http://www.tvrage.com/Cant_Get_a_Date/episodes/361778</link><title>Leticia</title></episode>
<episode><epnum>5</epnum><seasonnum>05</seasonnum><prodnum></prodnum><airdate>2006-05-05</airdate><link>http://www.tvrage.com/Cant_Get_a_Date/episodes/367862</link><title>Marc</title></episode>
<episode><epnum>6</epnum><seasonnum>06</seasonnum><prodnum></prodnum><airdate>2006-05-12</airdate><link>http://www.tvrage.com/Cant_Get_a_Date/episodes/377029</link><title>Will</title></episode>
<episode><epnum>7</epnum><seasonnum>07</seasonnum><prodnum>109</prodnum><airdate>2006-05-19</airdate><link>http://www.tvrage.com/Cant_Get_a_Date/episodes/382536</link><title>Bennet</title></episode>
<episode><epnum>8</epnum><seasonnum>08</seasonnum><prodnum></prodnum><airdate>2006-05-26</airdate><link>http://www.tvrage.com/Cant_Get_a_Date/episodes/382537</link><title>Mandy</title></episode>
</Season>

</Episodelist>

</Show>