<?xml version="1.0" encoding="UTF-8" ?>


<Show>
<name>CNET Central</name>
<totalseasons>3</totalseasons>
<showid>10318</showid>
<showlink>http://tvrage.com/shows/id-10318</showlink>
<started>Sep/1996</started>
<ended>Jun/1999</ended>
<image>http://images.tvrage.com/shows/11/10318.gif</image>
<origin_country>US</origin_country>
<status>Canceled/Ended</status>
<classification>News</classification>
<genres><genre>Tech/Gaming</genre></genres>
<runtime>60</runtime>
<network country="US">USA</network>
<airtime>12:00</airtime>
<timezone>GMT-5 -DST</timezone>

</Show>