<?xml version="1.0" encoding="UTF-8" ?>


<Show>
<name>Gear Fighter Dendoh</name>
<totalseasons>1</totalseasons>
<showid>10316</showid>
<showlink>http://tvrage.com/shows/id-10316</showlink>
<started>Oct/2000</started>
<ended>Jun/2001</ended>
<image>http://images.tvrage.com/shows/11/10316.jpg</image>
<origin_country>JP</origin_country>
<status>Canceled/Ended</status>
<classification>Animation</classification>
<genres><genre>Anime</genre><genre>Sci-Fi</genre></genres>
<runtime>30</runtime>
<network country="JP">TV Tokyo</network>
<airtime>12:00</airtime>
<timezone>GMT+9 -DST</timezone>
<akas><aka country="JP">Gear Senshi Dendoh</aka><aka country="IT">L'invincibile Dendoh</aka></akas>
<Episodelist>

<Season no="1">
<episode><epnum>1</epnum><seasonnum>01</seasonnum><prodnum></prodnum><airdate>2000-10-04</airdate><link>http://www.tvrage.com/shows/id-10316/episodes/354050</link><title>The First Day - Dendoh Launches -</title></episode>
<episode><epnum>2</epnum><seasonnum>02</seasonnum><prodnum></prodnum><airdate>2000-10-11</airdate><link>http://www.tvrage.com/shows/id-10316/episodes/354051</link><title>Appear! Unicorn Drill</title></episode>
<episode><epnum>3</epnum><seasonnum>03</seasonnum><prodnum></prodnum><airdate>2000-10-18</airdate><link>http://www.tvrage.com/shows/id-10316/episodes/354052</link><title>Knight Ogre Attacks!</title></episode>
<episode><epnum>4</epnum><seasonnum>04</seasonnum><prodnum></prodnum><airdate>2000-10-25</airdate><link>http://www.tvrage.com/shows/id-10316/episodes/354053</link><title>The Trembling Spiral City!</title></episode>
<episode><epnum>5</epnum><seasonnum>05</seasonnum><prodnum></prodnum><airdate>2000-11-01</airdate><link>http://www.tvrage.com/shows/id-10316/episodes/354054</link><title>Explode! Viper Whip!</title></episode>
<episode><epnum>6</epnum><seasonnum>06</seasonnum><prodnum></prodnum><airdate>2000-11-08</airdate><link>http://www.tvrage.com/shows/id-10316/episodes/354055</link><title>Courage of the Leo Circle</title></episode>
<episode><epnum>7</epnum><seasonnum>07</seasonnum><prodnum></prodnum><airdate>2000-11-15</airdate><link>http://www.tvrage.com/shows/id-10316/episodes/354056</link><title>Assault! Bull Horn</title></episode>
<episode><epnum>8</epnum><seasonnum>08</seasonnum><prodnum></prodnum><airdate>2000-11-22</airdate><link>http://www.tvrage.com/shows/id-10316/episodes/354057</link><title>A New Companion</title></episode>
<episode><epnum>9</epnum><seasonnum>09</seasonnum><prodnum></prodnum><airdate>2000-11-29</airdate><link>http://www.tvrage.com/shows/id-10316/episodes/354058</link><title>The Missing Data Weapons</title></episode>
<episode><epnum>10</epnum><seasonnum>10</seasonnum><prodnum></prodnum><airdate>2000-12-06</airdate><link>http://www.tvrage.com/shows/id-10316/episodes/354059</link><title>Zero Seconds Before Dendoh's Destruction</title></episode>
<episode><epnum>11</epnum><seasonnum>11</seasonnum><prodnum></prodnum><airdate>2000-12-13</airdate><link>http://www.tvrage.com/shows/id-10316/episodes/354060</link><title>Decisive Match! Dendoh vs. Ogre</title></episode>
<episode><epnum>12</epnum><seasonnum>12</seasonnum><prodnum></prodnum><airdate>2000-12-20</airdate><link>http://www.tvrage.com/shows/id-10316/episodes/354061</link><title>Omen of Crisis</title></episode>
<episode><epnum>13</epnum><seasonnum>13</seasonnum><prodnum></prodnum><airdate>2000-12-27</airdate><link>http://www.tvrage.com/shows/id-10316/episodes/354062</link><title>Ginga's Father Comes Home</title></episode>
<episode><epnum>14</epnum><seasonnum>14</seasonnum><prodnum></prodnum><airdate>2001-01-10</airdate><link>http://www.tvrage.com/shows/id-10316/episodes/354063</link><title>No Power!</title></episode>
<episode><epnum>15</epnum><seasonnum>15</seasonnum><prodnum></prodnum><airdate>2001-01-17</airdate><link>http://www.tvrage.com/shows/id-10316/episodes/354064</link><title>Ghost Story! The Data Weapons in School</title></episode>
<episode><epnum>16</epnum><seasonnum>16</seasonnum><prodnum></prodnum><airdate>2001-01-24</airdate><link>http://www.tvrage.com/shows/id-10316/episodes/354065</link><title>The Demon from the Moon</title></episode>
<episode><epnum>17</epnum><seasonnum>17</seasonnum><prodnum></prodnum><airdate>2001-01-31</airdate><link>http://www.tvrage.com/shows/id-10316/episodes/354066</link><title>Lagowe's Teeth</title></episode>
<episode><epnum>18</epnum><seasonnum>18</seasonnum><prodnum></prodnum><airdate>2001-02-07</airdate><link>http://www.tvrage.com/shows/id-10316/episodes/354067</link><title>8000 Meter Deep Battle</title></episode>
<episode><epnum>19</epnum><seasonnum>19</seasonnum><prodnum></prodnum><airdate>2001-02-14</airdate><link>http://www.tvrage.com/shows/id-10316/episodes/354068</link><title>Resurrected Life</title></episode>
<episode><epnum>20</epnum><seasonnum>20</seasonnum><prodnum></prodnum><airdate>2001-02-21</airdate><link>http://www.tvrage.com/shows/id-10316/episodes/354069</link><title>Burn! Ginga!!</title></episode>
<episode><epnum>21</epnum><seasonnum>21</seasonnum><prodnum></prodnum><airdate>2001-02-28</airdate><link>http://www.tvrage.com/shows/id-10316/episodes/354070</link><title>Revived Black Knight!</title></episode>
<episode><epnum>22</epnum><seasonnum>22</seasonnum><prodnum></prodnum><airdate>2001-03-07</airdate><link>http://www.tvrage.com/shows/id-10316/episodes/354071</link><title>Mother's Secret</title></episode>
<episode><epnum>23</epnum><seasonnum>23</seasonnum><prodnum></prodnum><airdate>2001-03-14</airdate><link>http://www.tvrage.com/shows/id-10316/episodes/354072</link><title>Locked Memories</title></episode>
<episode><epnum>24</epnum><seasonnum>24</seasonnum><prodnum></prodnum><airdate>2001-03-21</airdate><link>http://www.tvrage.com/shows/id-10316/episodes/354073</link><title>Long Night</title></episode>
<episode><epnum>25</epnum><seasonnum>25</seasonnum><prodnum></prodnum><airdate>2001-03-28</airdate><link>http://www.tvrage.com/shows/id-10316/episodes/354074</link><title>In Midst of Flames</title></episode>
<episode><epnum>26</epnum><seasonnum>26</seasonnum><prodnum></prodnum><airdate>2001-04-04</airdate><link>http://www.tvrage.com/shows/id-10316/episodes/354075</link><title>The Day Spiral City Falls</title></episode>
<episode><epnum>27</epnum><seasonnum>27</seasonnum><prodnum></prodnum><airdate>2001-04-11</airdate><link>http://www.tvrage.com/shows/id-10316/episodes/354076</link><title>Stealthy Shadow</title></episode>
<episode><epnum>28</epnum><seasonnum>28</seasonnum><prodnum></prodnum><airdate>2001-04-18</airdate><link>http://www.tvrage.com/shows/id-10316/episodes/354077</link><title>Subaru's Challenge</title></episode>
<episode><epnum>29</epnum><seasonnum>29</seasonnum><prodnum></prodnum><airdate>2001-04-25</airdate><link>http://www.tvrage.com/shows/id-10316/episodes/354078</link><title>Hokuto in Danger</title></episode>
<episode><epnum>30</epnum><seasonnum>30</seasonnum><prodnum></prodnum><airdate>2001-05-02</airdate><link>http://www.tvrage.com/shows/id-10316/episodes/354079</link><title>Greatest Rival!</title></episode>
<episode><epnum>31</epnum><seasonnum>31</seasonnum><prodnum></prodnum><airdate>2001-05-09</airdate><link>http://www.tvrage.com/shows/id-10316/episodes/354080</link><title>Hokuto's Cries, Ginga's Tears</title></episode>
<episode><epnum>32</epnum><seasonnum>32</seasonnum><prodnum></prodnum><airdate>2001-05-16</airdate><link>http://www.tvrage.com/shows/id-10316/episodes/354081</link><title>Fly! Subaru!</title></episode>
<episode><epnum>33</epnum><seasonnum>33</seasonnum><prodnum></prodnum><airdate>2001-05-23</airdate><link>http://www.tvrage.com/shows/id-10316/episodes/354082</link><title>GEAR's Destruction!</title></episode>
<episode><epnum>34</epnum><seasonnum>34</seasonnum><prodnum></prodnum><airdate>2001-05-30</airdate><link>http://www.tvrage.com/shows/id-10316/episodes/354083</link><title>Zero Attack!</title></episode>
<episode><epnum>35</epnum><seasonnum>35</seasonnum><prodnum></prodnum><airdate>2001-06-06</airdate><link>http://www.tvrage.com/shows/id-10316/episodes/354084</link><title>Takeoff! To Space</title></episode>
<episode><epnum>36</epnum><seasonnum>36</seasonnum><prodnum></prodnum><airdate>2001-06-13</airdate><link>http://www.tvrage.com/shows/id-10316/episodes/354085</link><title>Sea of Storms</title></episode>
<episode><epnum>37</epnum><seasonnum>37</seasonnum><prodnum></prodnum><airdate>2001-06-20</airdate><link>http://www.tvrage.com/shows/id-10316/episodes/354086</link><title>The Truth About Arktos</title></episode>
<episode><epnum>38</epnum><seasonnum>38</seasonnum><prodnum></prodnum><airdate>2001-06-27</airdate><link>http://www.tvrage.com/shows/id-10316/episodes/354087</link><title>Legend of the Star - And, the Start of a Day</title></episode>
</Season>

</Episodelist>

</Show>