<?xml version="1.0" encoding="UTF-8" ?>


<Show>
<name>Miss Susan</name>
<totalseasons>1</totalseasons>
<showid>10322</showid>
<showlink>http://tvrage.com/shows/id-10322</showlink>
<started>Mar/12/1951</started>
<ended>Dec/28/1951</ended>
<origin_country>US</origin_country>
<status>Canceled/Ended</status>
<classification>Scripted</classification>
<genres><genre>Soaps</genre></genres>
<runtime>15</runtime>
<network country="US">NBC</network>
<airtime>15:00</airtime>
<airday>Weekdays</airday>
<timezone>GMT-5 -DST</timezone>

</Show>