<?xml version="1.0" encoding="UTF-8" ?>


<Show>
<name>Mr. Personality</name>
<totalseasons>1</totalseasons>
<showid>1032</showid>
<showlink>http://tvrage.com/Mr_Personality</showlink>
<started>Apr/21/2003</started>
<ended>May/19/2003</ended>
<image>http://images.tvrage.com/shows/2/1032.jpg</image>
<origin_country>US</origin_country>
<status>Canceled/Ended</status>
<classification>Reality</classification>
<runtime>60</runtime>
<network country="US">FOX</network>
<airtime>21:00</airtime>
<airday>Monday</airday>
<timezone>GMT-5 -DST</timezone>
<Episodelist>

<Season no="1">
<episode><epnum>1</epnum><seasonnum>01</seasonnum><prodnum></prodnum><airdate>2003-04-21</airdate><link>http://www.tvrage.com/Mr_Personality/episodes/272744</link><title>Episode 1</title></episode>
<episode><epnum>2</epnum><seasonnum>02</seasonnum><prodnum></prodnum><airdate>2003-04-28</airdate><link>http://www.tvrage.com/Mr_Personality/episodes/272745</link><title>Episode 2</title></episode>
<episode><epnum>3</epnum><seasonnum>03</seasonnum><prodnum></prodnum><airdate>2003-05-05</airdate><link>http://www.tvrage.com/Mr_Personality/episodes/272746</link><title>Episode 3</title></episode>
<episode><epnum>4</epnum><seasonnum>04</seasonnum><prodnum></prodnum><airdate>2003-05-12</airdate><link>http://www.tvrage.com/Mr_Personality/episodes/272747</link><title>Episode 4</title></episode>
<episode><epnum>5</epnum><seasonnum>05</seasonnum><prodnum></prodnum><airdate>2003-05-19</airdate><link>http://www.tvrage.com/Mr_Personality/episodes/272748</link><title>Episode 5</title></episode>
</Season>

</Episodelist>

</Show>