<?xml version="1.0" encoding="UTF-8" ?>


<Show>
<name>The New Edge</name>
<totalseasons>3</totalseasons>
<showid>10320</showid>
<showlink>http://tvrage.com/shows/id-10320</showlink>
<started>Oct/1996</started>
<ended>May/1999</ended>
<image>http://images.tvrage.com/shows/11/10320.jpg</image>
<origin_country>US</origin_country>
<status>Canceled/Ended</status>
<classification>News</classification>
<genres><genre>Tech/Gaming</genre></genres>
<runtime>30</runtime>
<network country="US">USA</network>
<airtime>12:00</airtime>
<timezone>GMT-5 -DST</timezone>

</Show>