<?xml version="1.0" encoding="UTF-8" ?>


<Show>
<name>Vorderman's Big Brain Game</name>
<totalseasons>1</totalseasons>
<showid>10329</showid>
<showlink>http://tvrage.com/shows/id-10329</showlink>
<started>Apr/13/2006</started>
<ended></ended>
<image>http://images.tvrage.com/shows/11/10329.jpg</image>
<origin_country>UK</origin_country>
<status>Canceled/Ended</status>
<classification>Game Show</classification>
<runtime>60</runtime>
<network country="UK">Sky1</network>
<airtime>20:00</airtime>
<airday>Thursday</airday>
<timezone>GMT+0 -DST</timezone>

</Show>