<?xml version="1.0" encoding="UTF-8" ?>


<Show>
<name>Boys Will Be Girls</name>
<totalseasons>1</totalseasons>
<showid>10325</showid>
<showlink>http://tvrage.com/shows/id-10325</showlink>
<started>Apr/2006</started>
<ended></ended>
<image>http://images.tvrage.com/shows/11/10325.jpg</image>
<origin_country>UK</origin_country>
<status>Canceled/Ended</status>
<classification>Reality</classification>
<runtime>30</runtime>
<network country="UK">E4</network>
<airtime>22:00</airtime>
<airday>Tuesday</airday>
<timezone>GMT+0 -DST</timezone>
<Episodelist>

<Season no="1">
<episode><epnum>1</epnum><seasonnum>01</seasonnum><prodnum></prodnum><airdate>2006-04-11</airdate><link>http://www.tvrage.com/shows/id-10325/episodes/354549</link><title>Episode 1</title></episode>
<episode><epnum>2</epnum><seasonnum>02</seasonnum><prodnum></prodnum><airdate>2006-04-18</airdate><link>http://www.tvrage.com/shows/id-10325/episodes/358978</link><title>Episode 2</title></episode>
<episode><epnum>3</epnum><seasonnum>03</seasonnum><prodnum></prodnum><airdate>2006-04-25</airdate><link>http://www.tvrage.com/shows/id-10325/episodes/361109</link><title>Episode 3</title></episode>
<episode><epnum>4</epnum><seasonnum>04</seasonnum><prodnum></prodnum><airdate>2006-05-02</airdate><link>http://www.tvrage.com/shows/id-10325/episodes/365640</link><title>Episode 4</title></episode>
<episode><epnum>5</epnum><seasonnum>05</seasonnum><prodnum></prodnum><airdate>2006-05-09</airdate><link>http://www.tvrage.com/shows/id-10325/episodes/369544</link><title>Episode 5</title></episode>
<episode><epnum>6</epnum><seasonnum>06</seasonnum><prodnum></prodnum><airdate>2006-05-16</airdate><link>http://www.tvrage.com/shows/id-10325/episodes/376074</link><title>Season 1 finale</title></episode>
</Season>

</Episodelist>

</Show>