<?xml version="1.0" encoding="UTF-8" ?>


<Show>
<name>Transylvania Pet Shop</name>
<totalseasons>1</totalseasons>
<showid>10321</showid>
<showlink>http://tvrage.com/shows/id-10321</showlink>
<started>1994</started>
<ended>1997</ended>
<image>http://images.tvrage.com/shows/11/10321.jpg</image>
<origin_country>UK</origin_country>
<status>Canceled/Ended</status>
<classification>Animation</classification>
<genres><genre>Children Cartoons</genre><genre>Children</genre></genres>
<runtime>25</runtime>
<network country="UK">ITV</network>
<airtime>12:00</airtime>
<timezone>GMT+0 -DST</timezone>

</Show>