<?xml version="1.0" encoding="UTF-8" ?>


<Show>
<name>Rurouni Kenshin (US)</name>
<totalseasons>3</totalseasons>
<showid>10324</showid>
<showlink>http://tvrage.com/Rurouni_Kenshin_US</showlink>
<started>Mar/17/2003</started>
<ended>Oct/18/2003</ended>
<image>http://images.tvrage.com/shows/11/10324.jpg</image>
<origin_country>AJ</origin_country>
<status>Canceled/Ended</status>
<classification>Animation</classification>
<genres><genre>Anime</genre><genre>Action</genre><genre>Adventure</genre></genres>
<runtime>30</runtime>
<network country="US">Cartoon Network</network>
<airtime>12:00</airtime>
<timezone>GMT-5 -DST</timezone>
<Episodelist>

<Season no="1">
<episode><epnum>1</epnum><seasonnum>01</seasonnum><prodnum></prodnum><airdate>2003-03-17</airdate><link>http://www.tvrage.com/Rurouni_Kenshin_US/episodes/355350</link><title>Handsome Swordsman of Legend</title></episode>
<episode><epnum>2</epnum><seasonnum>02</seasonnum><prodnum></prodnum><airdate>2003-03-18</airdate><link>http://www.tvrage.com/Rurouni_Kenshin_US/episodes/355351</link><title>Kid Samurai</title></episode>
<episode><epnum>3</epnum><seasonnum>03</seasonnum><prodnum></prodnum><airdate>2003-03-19</airdate><link>http://www.tvrage.com/Rurouni_Kenshin_US/episodes/355352</link><title>Swordsman of Sorrow</title></episode>
<episode><epnum>4</epnum><seasonnum>04</seasonnum><prodnum></prodnum><airdate>2003-03-20</airdate><link>http://www.tvrage.com/Rurouni_Kenshin_US/episodes/355358</link><title>Bad!</title></episode>
<episode><epnum>5</epnum><seasonnum>05</seasonnum><prodnum></prodnum><airdate>2003-03-21</airdate><link>http://www.tvrage.com/Rurouni_Kenshin_US/episodes/355359</link><title>Reverse-Blade Sword vs. Zanbatou</title></episode>
<episode><epnum>6</epnum><seasonnum>06</seasonnum><prodnum></prodnum><airdate>2003-03-24</airdate><link>http://www.tvrage.com/Rurouni_Kenshin_US/episodes/355360</link><title>Appearance of Kurogasa</title></episode>
<episode><epnum>7</epnum><seasonnum>07</seasonnum><prodnum></prodnum><airdate>2003-03-25</airdate><link>http://www.tvrage.com/Rurouni_Kenshin_US/episodes/355361</link><title>Deathmatch Under the Moon</title></episode>
<episode><epnum>8</epnum><seasonnum>08</seasonnum><prodnum></prodnum><airdate>2003-03-26</airdate><link>http://www.tvrage.com/Rurouni_Kenshin_US/episodes/355362</link><title>A New Battle</title></episode>
<episode><epnum>9</epnum><seasonnum>09</seasonnum><prodnum></prodnum><airdate>2003-03-27</airdate><link>http://www.tvrage.com/Rurouni_Kenshin_US/episodes/355363</link><title>Strongest Group of Ninjas</title></episode>
<episode><epnum>10</epnum><seasonnum>10</seasonnum><prodnum></prodnum><airdate>2003-03-28</airdate><link>http://www.tvrage.com/Rurouni_Kenshin_US/episodes/355364</link><title>Aoshi</title></episode>
<episode><epnum>11</epnum><seasonnum>11</seasonnum><prodnum></prodnum><airdate>2003-03-31</airdate><link>http://www.tvrage.com/Rurouni_Kenshin_US/episodes/355365</link><title>Farewell, the Strongest Men</title></episode>
<episode><epnum>12</epnum><seasonnum>12</seasonnum><prodnum></prodnum><airdate>2003-04-02</airdate><link>http://www.tvrage.com/Rurouni_Kenshin_US/episodes/355423</link><title>Birth of a Boy Swordsman</title></episode>
<episode><epnum>13</epnum><seasonnum>13</seasonnum><prodnum></prodnum><airdate>2003-04-03</airdate><link>http://www.tvrage.com/Rurouni_Kenshin_US/episodes/355422</link><title>Striving For the Grand Championship</title></episode>
<episode><epnum>14</epnum><seasonnum>14</seasonnum><prodnum></prodnum><airdate>2004-04-04</airdate><link>http://www.tvrage.com/Rurouni_Kenshin_US/episodes/355424</link><title>To Save a Small Life</title></episode>
<episode><epnum>15</epnum><seasonnum>15</seasonnum><prodnum></prodnum><airdate>2003-04-07</airdate><link>http://www.tvrage.com/Rurouni_Kenshin_US/episodes/355425</link><title>Two Legendary Manslayers</title></episode>
<episode><epnum>16</epnum><seasonnum>16</seasonnum><prodnum></prodnum><airdate>2003-04-08</airdate><link>http://www.tvrage.com/Rurouni_Kenshin_US/episodes/355426</link><title>A Promise From the Heart</title></episode>
<episode><epnum>17</epnum><seasonnum>17</seasonnum><prodnum></prodnum><airdate>2003-04-09</airdate><link>http://www.tvrage.com/Rurouni_Kenshin_US/episodes/355427</link><title>Fly to Your Dreams</title></episode>
<episode><epnum>18</epnum><seasonnum>18</seasonnum><prodnum></prodnum><airdate>2003-04-10</airdate><link>http://www.tvrage.com/Rurouni_Kenshin_US/episodes/355428</link><title>Get Back the Reverse-Blade Sword</title></episode>
<episode><epnum>19</epnum><seasonnum>19</seasonnum><prodnum></prodnum><airdate>2003-04-11</airdate><link>http://www.tvrage.com/Rurouni_Kenshin_US/episodes/359237</link><title>Raijuta's Ambition</title></episode>
<episode><epnum>20</epnum><seasonnum>20</seasonnum><prodnum></prodnum><airdate>2003-04-14</airdate><link>http://www.tvrage.com/Rurouni_Kenshin_US/episodes/359238</link><title>Revival of the Shinko Style</title></episode>
<episode><epnum>21</epnum><seasonnum>21</seasonnum><prodnum></prodnum><airdate>2003-04-15</airdate><link>http://www.tvrage.com/Rurouni_Kenshin_US/episodes/359239</link><title>The Dissolution of a Nightmare</title></episode>
<episode><epnum>22</epnum><seasonnum>22</seasonnum><prodnum></prodnum><airdate>2003-04-16</airdate><link>http://www.tvrage.com/Rurouni_Kenshin_US/episodes/359240</link><title>Danger on a Runaway Locomotive</title></episode>
<episode><epnum>23</epnum><seasonnum>23</seasonnum><prodnum></prodnum><airdate>2003-04-17</airdate><link>http://www.tvrage.com/Rurouni_Kenshin_US/episodes/359241</link><title>Sanosuke's Betrayal</title></episode>
<episode><epnum>24</epnum><seasonnum>24</seasonnum><prodnum></prodnum><airdate>2003-04-18</airdate><link>http://www.tvrage.com/Rurouni_Kenshin_US/episodes/359242</link><title>Midnight Battle</title></episode>
<episode><epnum>25</epnum><seasonnum>25</seasonnum><prodnum></prodnum><airdate>2003-04-21</airdate><link>http://www.tvrage.com/Rurouni_Kenshin_US/episodes/359243</link><title>The Crimson Pirate</title></episode>
<episode><epnum>26</epnum><seasonnum>26</seasonnum><prodnum></prodnum><airdate>2003-04-22</airdate><link>http://www.tvrage.com/Rurouni_Kenshin_US/episodes/359244</link><title>Lightning Incarnate</title></episode>
<episode><epnum>27</epnum><seasonnum>27</seasonnum><prodnum></prodnum><airdate>2003-04-23</airdate><link>http://www.tvrage.com/Rurouni_Kenshin_US/episodes/359245</link><title>Burn, Island of Terror!</title></episode>
<episode><epnum>28</epnum><seasonnum>28</seasonnum><prodnum></prodnum><airdate>2003-04-24</airdate><link>http://www.tvrage.com/Rurouni_Kenshin_US/episodes/359246</link><title>Prelude to the Impending Fight</title></episode>
</Season>

<Season no="2">
<episode><epnum>29</epnum><seasonnum>01</seasonnum><prodnum></prodnum><airdate>2003-04-25</airdate><link>http://www.tvrage.com/Rurouni_Kenshin_US/episodes/359247</link><title>Strongest Opponent From the Past</title></episode>
<episode><epnum>30</epnum><seasonnum>02</seasonnum><prodnum></prodnum><airdate>2003-04-28</airdate><link>http://www.tvrage.com/Rurouni_Kenshin_US/episodes/359248</link><title>A Devil of Vengeance</title></episode>
<episode><epnum>31</epnum><seasonnum>03</seasonnum><prodnum></prodnum><airdate>2003-04-29</airdate><link>http://www.tvrage.com/Rurouni_Kenshin_US/episodes/359249</link><title>A Wish Unrequited</title></episode>
<episode><epnum>32</epnum><seasonnum>04</seasonnum><prodnum></prodnum><airdate>2003-04-30</airdate><link>http://www.tvrage.com/Rurouni_Kenshin_US/episodes/359250</link><title>Change Tears to Courage</title></episode>
<episode><epnum>33</epnum><seasonnum>05</seasonnum><prodnum></prodnum><airdate>2003-05-01</airdate><link>http://www.tvrage.com/Rurouni_Kenshin_US/episodes/361269</link><title>For the Title of Strongest</title></episode>
<episode><epnum>34</epnum><seasonnum>06</seasonnum><prodnum></prodnum><airdate>2003-05-02</airdate><link>http://www.tvrage.com/Rurouni_Kenshin_US/episodes/361270</link><title>The Girl Bandit</title></episode>
<episode><epnum>35</epnum><seasonnum>07</seasonnum><prodnum></prodnum><airdate>2003-06-17</airdate><link>http://www.tvrage.com/Rurouni_Kenshin_US/episodes/367206</link><title>Conquered Village</title></episode>
<episode><epnum>36</epnum><seasonnum>08</seasonnum><prodnum></prodnum><airdate>2003-06-18</airdate><link>http://www.tvrage.com/Rurouni_Kenshin_US/episodes/367207</link><title>Across the Boundary Between Edo and Meiji</title></episode>
<episode><epnum>37</epnum><seasonnum>09</seasonnum><prodnum></prodnum><airdate>2003-06-19</airdate><link>http://www.tvrage.com/Rurouni_Kenshin_US/episodes/367208</link><title>Shock! The Reverse-Blade is Broken</title></episode>
<episode><epnum>38</epnum><seasonnum>10</seasonnum><prodnum></prodnum><airdate>2003-06-20</airdate><link>http://www.tvrage.com/Rurouni_Kenshin_US/episodes/367209</link><title>Sanosuke's Secret Training</title></episode>
<episode><epnum>39</epnum><seasonnum>11</seasonnum><prodnum></prodnum><airdate>2003-06-23</airdate><link>http://www.tvrage.com/Rurouni_Kenshin_US/episodes/367210</link><title>The Creator of the Reverse-Blade Sword</title></episode>
<episode><epnum>40</epnum><seasonnum>12</seasonnum><prodnum></prodnum><airdate>2003-06-24</airdate><link>http://www.tvrage.com/Rurouni_Kenshin_US/episodes/367211</link><title>A Killer Without Mercy</title></episode>
<episode><epnum>41</epnum><seasonnum>13</seasonnum><prodnum></prodnum><airdate>2003-06-25</airdate><link>http://www.tvrage.com/Rurouni_Kenshin_US/episodes/367212</link><title>The Ultimate Technique of the Hiten-Mitsurugi Style</title></episode>
<episode><epnum>42</epnum><seasonnum>14</seasonnum><prodnum></prodnum><airdate>2003-06-26</airdate><link>http://www.tvrage.com/Rurouni_Kenshin_US/episodes/367213</link><title>The Formation of an Alliance</title></episode>
<episode><epnum>43</epnum><seasonnum>15</seasonnum><prodnum></prodnum><airdate>2003-06-27</airdate><link>http://www.tvrage.com/Rurouni_Kenshin_US/episodes/367214</link><title>Between Life and Death</title></episode>
<episode><epnum>44</epnum><seasonnum>16</seasonnum><prodnum></prodnum><airdate>2003-06-30</airdate><link>http://www.tvrage.com/Rurouni_Kenshin_US/episodes/367215</link><title>A Decisive Battle like Violent Waters</title></episode>
<episode><epnum>45</epnum><seasonnum>17</seasonnum><prodnum></prodnum><airdate>2003-07-01</airdate><link>http://www.tvrage.com/Rurouni_Kenshin_US/episodes/367216</link><title>As If to Fly</title></episode>
<episode><epnum>46</epnum><seasonnum>18</seasonnum><prodnum></prodnum><airdate>2003-07-02</airdate><link>http://www.tvrage.com/Rurouni_Kenshin_US/episodes/367217</link><title>Purgatory Bursts into Flames</title></episode>
<episode><epnum>47</epnum><seasonnum>19</seasonnum><prodnum></prodnum><airdate>2003-07-03</airdate><link>http://www.tvrage.com/Rurouni_Kenshin_US/episodes/367218</link><title>Crash! The Lethal Punch, Futae no Kiwami!</title></episode>
<episode><epnum>48</epnum><seasonnum>20</seasonnum><prodnum></prodnum><airdate>2003-07-04</airdate><link>http://www.tvrage.com/Rurouni_Kenshin_US/episodes/367219</link><title>Reborn to Salvation</title></episode>
<episode><epnum>49</epnum><seasonnum>21</seasonnum><prodnum></prodnum><airdate>2003-07-12</airdate><link>http://www.tvrage.com/Rurouni_Kenshin_US/episodes/367220</link><title>The Wolf Destroys the Shingan</title></episode>
<episode><epnum>50</epnum><seasonnum>22</seasonnum><prodnum></prodnum><airdate>2003-07-19</airdate><link>http://www.tvrage.com/Rurouni_Kenshin_US/episodes/367221</link><title>The Promised Time Has Come</title></episode>
<episode><epnum>51</epnum><seasonnum>23</seasonnum><prodnum></prodnum><airdate>2003-07-26</airdate><link>http://www.tvrage.com/Rurouni_Kenshin_US/episodes/367222</link><title>Wake Up Now!</title></episode>
<episode><epnum>52</epnum><seasonnum>24</seasonnum><prodnum></prodnum><airdate>2003-08-02</airdate><link>http://www.tvrage.com/Rurouni_Kenshin_US/episodes/367223</link><title>To Make a Miracle</title></episode>
<episode><epnum>53</epnum><seasonnum>25</seasonnum><prodnum></prodnum><airdate>2003-08-16</airdate><link>http://www.tvrage.com/Rurouni_Kenshin_US/episodes/367224</link><title>The Giant versus Superman</title></episode>
<episode><epnum>54</epnum><seasonnum>26</seasonnum><prodnum></prodnum><airdate>2003-08-23</airdate><link>http://www.tvrage.com/Rurouni_Kenshin_US/episodes/367225</link><title>Hiten versus Shukuchi</title></episode>
<episode><epnum>55</epnum><seasonnum>27</seasonnum><prodnum></prodnum><airdate>2003-08-30</airdate><link>http://www.tvrage.com/Rurouni_Kenshin_US/episodes/367226</link><title>The Tragedy of a Stormy Night</title></episode>
<episode><epnum>56</epnum><seasonnum>28</seasonnum><prodnum></prodnum><airdate>2003-09-06</airdate><link>http://www.tvrage.com/Rurouni_Kenshin_US/episodes/367227</link><title>A Duel With an Extreme Moment</title></episode>
<episode><epnum>57</epnum><seasonnum>29</seasonnum><prodnum></prodnum><airdate>2003-09-13</airdate><link>http://www.tvrage.com/Rurouni_Kenshin_US/episodes/367228</link><title>Two Men at the End of an Era</title></episode>
<episode><epnum>58</epnum><seasonnum>30</seasonnum><prodnum></prodnum><airdate>2003-09-20</airdate><link>http://www.tvrage.com/Rurouni_Kenshin_US/episodes/367229</link><title>The Age Chooses Shishio?</title></episode>
<episode><epnum>59</epnum><seasonnum>31</seasonnum><prodnum></prodnum><airdate>2003-09-27</airdate><link>http://www.tvrage.com/Rurouni_Kenshin_US/episodes/367230</link><title>Not Out of Luck!</title></episode>
<episode><epnum>60</epnum><seasonnum>32</seasonnum><prodnum></prodnum><airdate>2003-10-04</airdate><link>http://www.tvrage.com/Rurouni_Kenshin_US/episodes/367231</link><title>The Man Who is Chosen for Victory</title></episode>
<episode><epnum>61</epnum><seasonnum>33</seasonnum><prodnum></prodnum><airdate>2003-10-11</airdate><link>http://www.tvrage.com/Rurouni_Kenshin_US/episodes/367232</link><title>The Juppongatana Who Remain (aka The Choice for Life)</title></episode>
<episode><epnum>62</epnum><seasonnum>34</seasonnum><prodnum></prodnum><airdate>2003-10-18</airdate><link>http://www.tvrage.com/Rurouni_Kenshin_US/episodes/367233</link><title>Kyoto, the Engraved Memory</title></episode>
</Season>

<Season no="3">
<episode><epnum>63</epnum><seasonnum>01</seasonnum><prodnum></prodnum><airdate>0000-00-00</airdate><link>http://www.tvrage.com/Rurouni_Kenshin_US/episodes/367234</link><title>The Legend of the Fireflies</title></episode>
<episode><epnum>64</epnum><seasonnum>02</seasonnum><prodnum></prodnum><airdate>0000-00-00</airdate><link>http://www.tvrage.com/Rurouni_Kenshin_US/episodes/367235</link><title>The Birth of Prince Yahiko?</title></episode>
<episode><epnum>65</epnum><seasonnum>03</seasonnum><prodnum></prodnum><airdate>0000-00-00</airdate><link>http://www.tvrage.com/Rurouni_Kenshin_US/episodes/367236</link><title>Find the Lost Treasure!</title></episode>
<episode><epnum>66</epnum><seasonnum>04</seasonnum><prodnum></prodnum><airdate>0000-00-00</airdate><link>http://www.tvrage.com/Rurouni_Kenshin_US/episodes/367237</link><title>Kaoru Ecstatic!</title></episode>
<episode><epnum>67</epnum><seasonnum>05</seasonnum><prodnum></prodnum><airdate>0000-00-00</airdate><link>http://www.tvrage.com/Rurouni_Kenshin_US/episodes/367238</link><title>The Gleaming Blade of Legends</title></episode>
<episode><epnum>68</epnum><seasonnum>06</seasonnum><prodnum></prodnum><airdate>0000-00-00</airdate><link>http://www.tvrage.com/Rurouni_Kenshin_US/episodes/367239</link><title>The Medallion of Destiny</title></episode>
<episode><epnum>69</epnum><seasonnum>07</seasonnum><prodnum></prodnum><airdate>0000-00-00</airdate><link>http://www.tvrage.com/Rurouni_Kenshin_US/episodes/367240</link><title>To the Battlefield of Shimabara</title></episode>
<episode><epnum>70</epnum><seasonnum>08</seasonnum><prodnum></prodnum><airdate>0000-00-00</airdate><link>http://www.tvrage.com/Rurouni_Kenshin_US/episodes/367241</link><title>Shock of the Rairyu Sen</title></episode>
<episode><epnum>71</epnum><seasonnum>09</seasonnum><prodnum></prodnum><airdate>0000-00-00</airdate><link>http://www.tvrage.com/Rurouni_Kenshin_US/episodes/367242</link><title>Kaiou's Conspiracy</title></episode>
<episode><epnum>72</epnum><seasonnum>10</seasonnum><prodnum></prodnum><airdate>0000-00-00</airdate><link>http://www.tvrage.com/Rurouni_Kenshin_US/episodes/367243</link><title>Days of Remorse</title></episode>
<episode><epnum>73</epnum><seasonnum>11</seasonnum><prodnum></prodnum><airdate>0000-00-00</airdate><link>http://www.tvrage.com/Rurouni_Kenshin_US/episodes/367244</link><title>The Sneering Demon!</title></episode>
<episode><epnum>74</epnum><seasonnum>12</seasonnum><prodnum></prodnum><airdate>0000-00-00</airdate><link>http://www.tvrage.com/Rurouni_Kenshin_US/episodes/367245</link><title>Sanosuke's Tears</title></episode>
<episode><epnum>75</epnum><seasonnum>13</seasonnum><prodnum></prodnum><airdate>0000-00-00</airdate><link>http://www.tvrage.com/Rurouni_Kenshin_US/episodes/367246</link><title>The Last Crusade</title></episode>
<episode><epnum>76</epnum><seasonnum>14</seasonnum><prodnum></prodnum><airdate>0000-00-00</airdate><link>http://www.tvrage.com/Rurouni_Kenshin_US/episodes/367247</link><title>Bon Voyage</title></episode>
<episode><epnum>77</epnum><seasonnum>15</seasonnum><prodnum></prodnum><airdate>0000-00-00</airdate><link>http://www.tvrage.com/Rurouni_Kenshin_US/episodes/367248</link><title>Himura Dojo in Shimonoseki?</title></episode>
<episode><epnum>78</epnum><seasonnum>16</seasonnum><prodnum></prodnum><airdate>0000-00-00</airdate><link>http://www.tvrage.com/Rurouni_Kenshin_US/episodes/367249</link><title>Crush!</title></episode>
<episode><epnum>79</epnum><seasonnum>17</seasonnum><prodnum></prodnum><airdate>0000-00-00</airdate><link>http://www.tvrage.com/Rurouni_Kenshin_US/episodes/367250</link><title>Kaishu Katsu and Kenshin</title></episode>
<episode><epnum>80</epnum><seasonnum>18</seasonnum><prodnum></prodnum><airdate>0000-00-00</airdate><link>http://www.tvrage.com/Rurouni_Kenshin_US/episodes/367251</link><title>The Unending Revolution</title></episode>
<episode><epnum>81</epnum><seasonnum>19</seasonnum><prodnum></prodnum><airdate>0000-00-00</airdate><link>http://www.tvrage.com/Rurouni_Kenshin_US/episodes/367252</link><title>Conspiracy of the Beniaoi</title></episode>
<episode><epnum>82</epnum><seasonnum>20</seasonnum><prodnum></prodnum><airdate>0000-00-00</airdate><link>http://www.tvrage.com/Rurouni_Kenshin_US/episodes/367253</link><title>Kaishu Katsu's Determination</title></episode>
<episode><epnum>83</epnum><seasonnum>21</seasonnum><prodnum></prodnum><airdate>0000-00-00</airdate><link>http://www.tvrage.com/Rurouni_Kenshin_US/episodes/367254</link><title>Yutaro Returns</title></episode>
<episode><epnum>84</epnum><seasonnum>22</seasonnum><prodnum></prodnum><airdate>0000-00-00</airdate><link>http://www.tvrage.com/Rurouni_Kenshin_US/episodes/367255</link><title>The Sanada Ninja Squad and the Elixir</title></episode>
<episode><epnum>85</epnum><seasonnum>23</seasonnum><prodnum></prodnum><airdate>0000-00-00</airdate><link>http://www.tvrage.com/Rurouni_Kenshin_US/episodes/367256</link><title>A Straying Journey</title></episode>
<episode><epnum>86</epnum><seasonnum>24</seasonnum><prodnum></prodnum><airdate>0000-00-00</airdate><link>http://www.tvrage.com/Rurouni_Kenshin_US/episodes/367257</link><title>A Heat Wave From Beneath the Earth</title></episode>
<episode><epnum>87</epnum><seasonnum>25</seasonnum><prodnum></prodnum><airdate>0000-00-00</airdate><link>http://www.tvrage.com/Rurouni_Kenshin_US/episodes/367258</link><title>Schneider's Bet</title></episode>
<episode><epnum>88</epnum><seasonnum>26</seasonnum><prodnum></prodnum><airdate>0000-00-00</airdate><link>http://www.tvrage.com/Rurouni_Kenshin_US/episodes/367259</link><title>The Two Guides</title></episode>
<episode><epnum>89</epnum><seasonnum>27</seasonnum><prodnum></prodnum><airdate>0000-00-00</airdate><link>http://www.tvrage.com/Rurouni_Kenshin_US/episodes/367260</link><title>To My Angel Misao</title></episode>
<episode><epnum>90</epnum><seasonnum>28</seasonnum><prodnum></prodnum><airdate>0000-00-00</airdate><link>http://www.tvrage.com/Rurouni_Kenshin_US/episodes/367261</link><title>Feng Shui, Surprise Attack!</title></episode>
<episode><epnum>91</epnum><seasonnum>29</seasonnum><prodnum></prodnum><airdate>0000-00-00</airdate><link>http://www.tvrage.com/Rurouni_Kenshin_US/episodes/367262</link><title>The Magic of Feng Shui</title></episode>
<episode><epnum>92</epnum><seasonnum>30</seasonnum><prodnum></prodnum><airdate>0000-00-00</airdate><link>http://www.tvrage.com/Rurouni_Kenshin_US/episodes/367263</link><title>Tokyo Under Martial Law!</title></episode>
<episode><epnum>93</epnum><seasonnum>31</seasonnum><prodnum></prodnum><airdate>0000-00-00</airdate><link>http://www.tvrage.com/Rurouni_Kenshin_US/episodes/367264</link><title>The Enemy Awaits in Senjogahara</title></episode>
<episode><epnum>94</epnum><seasonnum>32</seasonnum><prodnum></prodnum><airdate>0000-00-00</airdate><link>http://www.tvrage.com/Rurouni_Kenshin_US/episodes/367265</link><title>The Elegy of Wind and Water</title></episode>
<episode><epnum>95</epnum><seasonnum>33</seasonnum><prodnum></prodnum><airdate>0000-00-00</airdate><link>http://www.tvrage.com/Rurouni_Kenshin_US/episodes/367266</link><title>End of Wanderings</title></episode>
</Season>

</Episodelist>

</Show>