<?xml version="1.0" encoding="UTF-8" ?>


<Show>
<name>Vroom Vroom</name>
<totalseasons>2</totalseasons>
<showid>10327</showid>
<showlink>http://tvrage.com/Vroom_Vroom</showlink>
<started>Apr/2006</started>
<ended></ended>
<image>http://images.tvrage.com/shows/11/10327.jpg</image>
<origin_country>UK</origin_country>
<status>Returning Series</status>
<classification>Documentary</classification>
<genres><genre>Sports</genre></genres>
<runtime>60</runtime>
<network country="UK">Sky1</network>
<airtime>20:00</airtime>
<airday>Thursday</airday>
<timezone>GMT+0 -DST</timezone>
<Episodelist>

<Season no="1">
<episode><epnum>1</epnum><seasonnum>01</seasonnum><prodnum></prodnum><airdate>2006-04-11</airdate><link>http://www.tvrage.com/Vroom_Vroom/episodes/354551</link><title>Series 1, Episode 1</title></episode>
<episode><epnum>2</epnum><seasonnum>02</seasonnum><prodnum></prodnum><airdate>2006-04-18</airdate><link>http://www.tvrage.com/Vroom_Vroom/episodes/358980</link><title>Series 1, Episode 2</title></episode>
<episode><epnum>3</epnum><seasonnum>03</seasonnum><prodnum></prodnum><airdate>2006-04-25</airdate><link>http://www.tvrage.com/Vroom_Vroom/episodes/361111</link><title>Series 1, Episode 3</title></episode>
<episode><epnum>4</epnum><seasonnum>04</seasonnum><prodnum></prodnum><airdate>2006-05-02</airdate><link>http://www.tvrage.com/Vroom_Vroom/episodes/365642</link><title>Series 1, Episode 4</title></episode>
<episode><epnum>5</epnum><seasonnum>05</seasonnum><prodnum></prodnum><airdate>2006-05-09</airdate><link>http://www.tvrage.com/Vroom_Vroom/episodes/369546</link><title>Series 1, Episode 5</title></episode>
<episode><epnum>6</epnum><seasonnum>06</seasonnum><prodnum></prodnum><airdate>2006-05-16</airdate><link>http://www.tvrage.com/Vroom_Vroom/episodes/376072</link><title>Series 1, Episode 6</title></episode>
<episode><epnum>7</epnum><seasonnum>07</seasonnum><prodnum></prodnum><airdate>2006-05-23</airdate><link>http://www.tvrage.com/Vroom_Vroom/episodes/381240</link><title>Series 1, Episode 7</title></episode>
<episode><epnum>8</epnum><seasonnum>08</seasonnum><prodnum></prodnum><airdate>2006-05-30</airdate><link>http://www.tvrage.com/Vroom_Vroom/episodes/386876</link><title>Series 1, Episode 8</title></episode>
</Season>

<Season no="2">
<episode><epnum>1</epnum><seasonnum>01</seasonnum><prodnum></prodnum><airdate>2006-08-10</airdate><link>http://www.tvrage.com/Vroom_Vroom/episodes/415293</link><title>Series 2, Episode 1</title></episode>
<episode><epnum>2</epnum><seasonnum>02</seasonnum><prodnum></prodnum><airdate>2006-08-17</airdate><link>http://www.tvrage.com/Vroom_Vroom/episodes/433009</link><title>Series 2, Episode 2</title></episode>
<episode><epnum>3</epnum><seasonnum>03</seasonnum><prodnum></prodnum><airdate>2006-08-24</airdate><link>http://www.tvrage.com/Vroom_Vroom/episodes/433888</link><title>Series 2, Episode 3</title></episode>
<episode><epnum>4</epnum><seasonnum>04</seasonnum><prodnum></prodnum><airdate>2006-08-31</airdate><link>http://www.tvrage.com/Vroom_Vroom/episodes/438113</link><title>Series 2, Episode 4</title></episode>
<episode><epnum>5</epnum><seasonnum>05</seasonnum><prodnum></prodnum><airdate>2006-09-05</airdate><link>http://www.tvrage.com/Vroom_Vroom/episodes/439778</link><title>Series 2, Episode 5</title></episode>
<episode><epnum>6</epnum><seasonnum>06</seasonnum><prodnum></prodnum><airdate>2006-09-12</airdate><link>http://www.tvrage.com/Vroom_Vroom/episodes/442114</link><title>Series 2, Episode 6</title></episode>
<episode><epnum>7</epnum><seasonnum>07</seasonnum><prodnum></prodnum><airdate>2006-09-19</airdate><link>http://www.tvrage.com/Vroom_Vroom/episodes/445977</link><title>Series 2, Episode 7</title></episode>
</Season>

</Episodelist>

</Show>