<?xml version="1.0" encoding="UTF-8" ?>


<Show>
<name>Girls Aloud: Off the Record</name>
<totalseasons>1</totalseasons>
<showid>10326</showid>
<showlink>http://tvrage.com/Girls_Aloud-Off_the_Record</showlink>
<started>Apr/2006</started>
<ended></ended>
<image>http://images.tvrage.com/shows/11/10326.jpg</image>
<origin_country>UK</origin_country>
<status>New Series</status>
<classification>Documentary</classification>
<runtime>30</runtime>
<network country="UK">E4</network>
<airtime>22:30</airtime>
<airday>Tuesday</airday>
<timezone>GMT+0 -DST</timezone>
<Episodelist>

<Season no="1">
<episode><epnum>1</epnum><seasonnum>01</seasonnum><prodnum></prodnum><airdate>2006-04-11</airdate><link>http://www.tvrage.com/Girls_Aloud-Off_the_Record/episodes/354550</link><title>Episode 1</title></episode>
<episode><epnum>2</epnum><seasonnum>02</seasonnum><prodnum></prodnum><airdate>2006-04-18</airdate><link>http://www.tvrage.com/Girls_Aloud-Off_the_Record/episodes/358979</link><title>Episode 2</title></episode>
<episode><epnum>3</epnum><seasonnum>03</seasonnum><prodnum></prodnum><airdate>2006-04-25</airdate><link>http://www.tvrage.com/Girls_Aloud-Off_the_Record/episodes/361110</link><title>Episode 3</title></episode>
<episode><epnum>4</epnum><seasonnum>04</seasonnum><prodnum></prodnum><airdate>2006-05-02</airdate><link>http://www.tvrage.com/Girls_Aloud-Off_the_Record/episodes/365641</link><title>Episode 4</title></episode>
<episode><epnum>5</epnum><seasonnum>05</seasonnum><prodnum></prodnum><airdate>2006-05-09</airdate><link>http://www.tvrage.com/Girls_Aloud-Off_the_Record/episodes/369545</link><title>Episode 5</title></episode>
<episode><epnum>6</epnum><seasonnum>06</seasonnum><prodnum></prodnum><airdate>2006-05-16</airdate><link>http://www.tvrage.com/Girls_Aloud-Off_the_Record/episodes/376075</link><title>Episode 6</title></episode>
</Season>

</Episodelist>

</Show>