<?xml version="1.0" encoding="UTF-8" ?>


<Show>
<name>Our Time</name>
<totalseasons>1</totalseasons>
<showid>10332</showid>
<showlink>http://tvrage.com/shows/id-10332</showlink>
<started>Jul/27/1985</started>
<ended>Sep/1985</ended>
<origin_country>US</origin_country>
<status>Canceled/Ended</status>
<classification>Variety</classification>
<genres><genre>Family</genre><genre>Music</genre></genres>
<runtime>30</runtime>
<network country="US">NBC</network>
<airtime>20:00</airtime>
<airday>Saturday</airday>
<timezone>GMT-5 -DST</timezone>
<Episodelist>

<Season no="1">
<episode><epnum>3</epnum><seasonnum>03</seasonnum><prodnum></prodnum><airdate>1985-00-00</airdate><link>http://www.tvrage.com/shows/id-10332/episodes/548608</link><title>Season 1, Episode 3</title></episode>
</Season>

</Episodelist>

</Show>