<?xml version="1.0" encoding="UTF-8" ?>


<Show>
<name>A Perfect Spy</name>
<totalseasons>1</totalseasons>
<showid>10335</showid>
<showlink>http://tvrage.com/A_Perfect_Spy</showlink>
<started>Nov/04/1987</started>
<ended>Dec/16/1987</ended>
<image>http://images.tvrage.com/shows/11/10335.jpg</image>
<origin_country>UK</origin_country>
<status>Canceled/Ended</status>
<classification>Mini-Series</classification>
<runtime>60</runtime>
<network country="UK">BBC One</network>
<airtime>12:00</airtime>
<airday>Wednesday</airday>
<timezone>GMT+0 -DST</timezone>
<akas><aka>John Le Carré's A Perfect Spy</aka></akas>
<Episodelist>

<Season no="1">
<episode><epnum>1</epnum><seasonnum>01</seasonnum><prodnum></prodnum><airdate>1987-11-04</airdate><link>http://www.tvrage.com/A_Perfect_Spy/episodes/354904</link><title>Part 1</title></episode>
<episode><epnum>2</epnum><seasonnum>02</seasonnum><prodnum></prodnum><airdate>1987-11-11</airdate><link>http://www.tvrage.com/A_Perfect_Spy/episodes/354905</link><title>Part 2</title></episode>
<episode><epnum>3</epnum><seasonnum>03</seasonnum><prodnum></prodnum><airdate>1987-11-18</airdate><link>http://www.tvrage.com/A_Perfect_Spy/episodes/354906</link><title>Part 3</title></episode>
<episode><epnum>4</epnum><seasonnum>04</seasonnum><prodnum></prodnum><airdate>1987-11-25</airdate><link>http://www.tvrage.com/A_Perfect_Spy/episodes/354907</link><title>Part 4</title></episode>
<episode><epnum>5</epnum><seasonnum>05</seasonnum><prodnum></prodnum><airdate>1987-12-02</airdate><link>http://www.tvrage.com/A_Perfect_Spy/episodes/354908</link><title>Part 5</title></episode>
<episode><epnum>6</epnum><seasonnum>06</seasonnum><prodnum></prodnum><airdate>1987-12-09</airdate><link>http://www.tvrage.com/A_Perfect_Spy/episodes/354909</link><title>Part 6</title></episode>
<episode><epnum>7</epnum><seasonnum>07</seasonnum><prodnum></prodnum><airdate>1987-12-16</airdate><link>http://www.tvrage.com/A_Perfect_Spy/episodes/354910</link><title>Part 7</title></episode>
</Season>

</Episodelist>

</Show>