<?xml version="1.0" encoding="UTF-8" ?>


<Show>
<name>Ideon</name>
<totalseasons>1</totalseasons>
<showid>10333</showid>
<showlink>http://tvrage.com/shows/id-10333</showlink>
<started>May/1980</started>
<ended>Jan/1981</ended>
<image>http://images.tvrage.com/shows/11/10333.jpg</image>
<origin_country>JP</origin_country>
<status>Canceled/Ended</status>
<classification>Animation</classification>
<genres><genre>Anime</genre><genre>Drama</genre><genre>Sci-Fi</genre></genres>
<runtime>30</runtime>
<network country="JP">TV Tokyo</network>
<airtime>12:00</airtime>
<timezone>GMT+9 -DST</timezone>
<akas><aka country="JP">Densetsu Kyojin Ideon</aka><aka>Legendary Giant God Ideon</aka></akas>
<Episodelist>

<Season no="1">
<episode><epnum>1</epnum><seasonnum>01</seasonnum><prodnum></prodnum><airdate>1980-05-08</airdate><link>http://www.tvrage.com/shows/id-10333/episodes/354747</link><title>Resurrection of Ideon</title></episode>
<episode><epnum>2</epnum><seasonnum>02</seasonnum><prodnum></prodnum><airdate>1980-05-15</airdate><link>http://www.tvrage.com/shows/id-10333/episodes/354748</link><title>Destruction of New Lopia</title></episode>
<episode><epnum>3</epnum><seasonnum>03</seasonnum><prodnum></prodnum><airdate>1980-05-22</airdate><link>http://www.tvrage.com/shows/id-10333/episodes/354749</link><title>Bursting Earth</title></episode>
<episode><epnum>4</epnum><seasonnum>04</seasonnum><prodnum></prodnum><airdate>1980-05-29</airdate><link>http://www.tvrage.com/shows/id-10333/episodes/354750</link><title>Escape from Planet Solo</title></episode>
<episode><epnum>5</epnum><seasonnum>05</seasonnum><prodnum></prodnum><airdate>1980-06-05</airdate><link>http://www.tvrage.com/shows/id-10333/episodes/354751</link><title>Infinite Power: Legendary Id</title></episode>
<episode><epnum>6</epnum><seasonnum>06</seasonnum><prodnum></prodnum><airdate>1980-06-12</airdate><link>http://www.tvrage.com/shows/id-10333/episodes/354753</link><title>White Flag of Betrayal</title></episode>
<episode><epnum>7</epnum><seasonnum>07</seasonnum><prodnum></prodnum><airdate>1980-06-19</airdate><link>http://www.tvrage.com/shows/id-10333/episodes/354754</link><title>Escape from Null-Space</title></episode>
<episode><epnum>8</epnum><seasonnum>08</seasonnum><prodnum></prodnum><airdate>1980-06-26</airdate><link>http://www.tvrage.com/shows/id-10333/episodes/354755</link><title>Battle in the Sandstorm</title></episode>
<episode><epnum>9</epnum><seasonnum>09</seasonnum><prodnum></prodnum><airdate>1980-07-03</airdate><link>http://www.tvrage.com/shows/id-10333/episodes/354756</link><title>Burning Null-Space</title></episode>
<episode><epnum>10</epnum><seasonnum>10</seasonnum><prodnum></prodnum><airdate>1980-07-10</airdate><link>http://www.tvrage.com/shows/id-10333/episodes/354757</link><title>Suprise attack of the Bajin</title></episode>
<episode><epnum>11</epnum><seasonnum>11</seasonnum><prodnum></prodnum><airdate>1980-07-17</airdate><link>http://www.tvrage.com/shows/id-10333/episodes/354758</link><title>Pursuit to the Ruined Planet</title></episode>
<episode><epnum>12</epnum><seasonnum>12</seasonnum><prodnum></prodnum><airdate>1980-07-24</airdate><link>http://www.tvrage.com/shows/id-10333/episodes/354759</link><title>Breakthrough the Enemy's Front</title></episode>
<episode><epnum>13</epnum><seasonnum>13</seasonnum><prodnum></prodnum><airdate>1980-07-31</airdate><link>http://www.tvrage.com/shows/id-10333/episodes/354760</link><title>Attack on the Alien</title></episode>
<episode><epnum>14</epnum><seasonnum>14</seasonnum><prodnum></prodnum><airdate>1980-08-07</airdate><link>http://www.tvrage.com/shows/id-10333/episodes/354761</link><title>Doku's Attack Strategy</title></episode>
<episode><epnum>15</epnum><seasonnum>15</seasonnum><prodnum></prodnum><airdate>1980-08-14</airdate><link>http://www.tvrage.com/shows/id-10333/episodes/354762</link><title>Plan for Retrieving Ideon</title></episode>
<episode><epnum>16</epnum><seasonnum>16</seasonnum><prodnum></prodnum><airdate>1980-08-21</airdate><link>http://www.tvrage.com/shows/id-10333/episodes/354763</link><title>Damido's Lethal Strategy</title></episode>
<episode><epnum>17</epnum><seasonnum>17</seasonnum><prodnum></prodnum><airdate>1980-08-28</airdate><link>http://www.tvrage.com/shows/id-10333/episodes/354764</link><title>Battle on the Ape Planet</title></episode>
<episode><epnum>18</epnum><seasonnum>18</seasonnum><prodnum></prodnum><airdate>1980-09-04</airdate><link>http://www.tvrage.com/shows/id-10333/episodes/354769</link><title>Betrayal on Ajian</title></episode>
<episode><epnum>19</epnum><seasonnum>19</seasonnum><prodnum></prodnum><airdate>1980-09-11</airdate><link>http://www.tvrage.com/shows/id-10333/episodes/354770</link><title>Gyamose's Special Command</title></episode>
<episode><epnum>20</epnum><seasonnum>20</seasonnum><prodnum></prodnum><airdate>1980-09-18</airdate><link>http://www.tvrage.com/shows/id-10333/episodes/354771</link><title>Battle the Devil Twins</title></episode>
<episode><epnum>21</epnum><seasonnum>21</seasonnum><prodnum></prodnum><airdate>1980-09-25</airdate><link>http://www.tvrage.com/shows/id-10333/episodes/354772</link><title>Sink the Enemy's Battleship</title></episode>
<episode><epnum>22</epnum><seasonnum>22</seasonnum><prodnum></prodnum><airdate>1980-10-01</airdate><link>http://www.tvrage.com/shows/id-10333/episodes/354773</link><title>The Legend Lives Again</title></episode>
<episode><epnum>23</epnum><seasonnum>23</seasonnum><prodnum></prodnum><airdate>1980-10-08</airdate><link>http://www.tvrage.com/shows/id-10333/episodes/354774</link><title>The Shocking Decoy Planet</title></episode>
<episode><epnum>24</epnum><seasonnum>24</seasonnum><prodnum></prodnum><airdate>1980-10-15</airdate><link>http://www.tvrage.com/shows/id-10333/episodes/354775</link><title>Strike the Infiltrating Guerillas</title></episode>
<episode><epnum>25</epnum><seasonnum>25</seasonnum><prodnum></prodnum><airdate>1980-10-22</airdate><link>http://www.tvrage.com/shows/id-10333/episodes/354776</link><title>Ideon's Counterattack</title></episode>
<episode><epnum>26</epnum><seasonnum>26</seasonnum><prodnum></prodnum><airdate>1980-10-29</airdate><link>http://www.tvrage.com/shows/id-10333/episodes/354777</link><title>Deadly Fight - Fear of Gel</title></episode>
<episode><epnum>27</epnum><seasonnum>27</seasonnum><prodnum></prodnum><airdate>1980-11-05</airdate><link>http://www.tvrage.com/shows/id-10333/episodes/354779</link><title>Infiltrate the Lunar Base</title></episode>
<episode><epnum>28</epnum><seasonnum>28</seasonnum><prodnum></prodnum><airdate>1980-11-12</airdate><link>http://www.tvrage.com/shows/id-10333/episodes/354780</link><title>Wrath of the Wave Gun</title></episode>
<episode><epnum>29</epnum><seasonnum>29</seasonnum><prodnum></prodnum><airdate>1980-11-19</airdate><link>http://www.tvrage.com/shows/id-10333/episodes/354781</link><title>Sparkling Sword</title></episode>
<episode><epnum>30</epnum><seasonnum>30</seasonnum><prodnum></prodnum><airdate>1980-11-26</airdate><link>http://www.tvrage.com/shows/id-10333/episodes/354782</link><title>Desperate Sniper</title></episode>
<episode><epnum>31</epnum><seasonnum>31</seasonnum><prodnum></prodnum><airdate>1980-12-03</airdate><link>http://www.tvrage.com/shows/id-10333/episodes/354783</link><title>Home Aflame</title></episode>
<episode><epnum>32</epnum><seasonnum>32</seasonnum><prodnum></prodnum><airdate>1980-12-10</airdate><link>http://www.tvrage.com/shows/id-10333/episodes/354784</link><title>Amidst the Flames of Fate</title></episode>
<episode><epnum>33</epnum><seasonnum>33</seasonnum><prodnum></prodnum><airdate>1980-12-17</airdate><link>http://www.tvrage.com/shows/id-10333/episodes/354785</link><title>Waft Area Gamble</title></episode>
<episode><epnum>34</epnum><seasonnum>34</seasonnum><prodnum></prodnum><airdate>1980-12-24</airdate><link>http://www.tvrage.com/shows/id-10333/episodes/354786</link><title>After the Meteors Fall</title></episode>
<episode><epnum>35</epnum><seasonnum>35</seasonnum><prodnum></prodnum><airdate>1980-12-31</airdate><link>http://www.tvrage.com/shows/id-10333/episodes/354787</link><title>Surfacing from Darkness</title></episode>
<episode><epnum>36</epnum><seasonnum>36</seasonnum><prodnum></prodnum><airdate>1981-01-07</airdate><link>http://www.tvrage.com/shows/id-10333/episodes/354788</link><title>Farewell Solo Ship</title></episode>
<episode><epnum>37</epnum><seasonnum>37</seasonnum><prodnum></prodnum><airdate>1981-01-14</airdate><link>http://www.tvrage.com/shows/id-10333/episodes/354789</link><title>Colony of Hatred</title></episode>
<episode><epnum>38</epnum><seasonnum>38</seasonnum><prodnum></prodnum><airdate>1981-01-21</airdate><link>http://www.tvrage.com/shows/id-10333/episodes/354790</link><title>The Space Runaway</title></episode>
<episode><epnum>39</epnum><seasonnum>39</seasonnum><prodnum></prodnum><airdate>1981-01-28</airdate><link>http://www.tvrage.com/shows/id-10333/episodes/354792</link><title>In the Cosmos With You</title></episode>
</Season>

</Episodelist>

</Show>