<?xml version="1.0" encoding="UTF-8" ?>


<Show>
<name>Hey, Joel!</name>
<totalseasons>1</totalseasons>
<showid>1033</showid>
<showlink>http://tvrage.com/shows/id-1033</showlink>
<started>Jun/03/2003</started>
<ended>Jun/24/2003</ended>
<image>http://images.tvrage.com/shows/2/1033.jpg</image>
<origin_country>US</origin_country>
<status>Canceled/Ended</status>
<classification>Animation</classification>
<genres><genre>Animation General</genre></genres>
<runtime>30</runtime>
<network country="US">VH1</network>
<airtime>00:00</airtime>
<airday>Tuesday</airday>
<timezone>GMT-5 -DST</timezone>
<Episodelist>

<Season no="1">
<episode><epnum>1</epnum><seasonnum>01</seasonnum><prodnum>101</prodnum><airdate>2003-06-03</airdate><link>http://www.tvrage.com/shows/id-1033/episodes/272749</link><title>Judgment Day</title></episode>
<episode><epnum>2</epnum><seasonnum>02</seasonnum><prodnum>102</prodnum><airdate>2003-06-10</airdate><link>http://www.tvrage.com/shows/id-1033/episodes/272750</link><title>Tattoos and Taboos</title></episode>
<episode><epnum>3</epnum><seasonnum>03</seasonnum><prodnum>103</prodnum><airdate>2003-06-17</airdate><link>http://www.tvrage.com/shows/id-1033/episodes/272751</link><title>Dream</title></episode>
<episode><epnum>4</epnum><seasonnum>04</seasonnum><prodnum>104</prodnum><airdate>2003-06-24</airdate><link>http://www.tvrage.com/shows/id-1033/episodes/272752</link><title>Guitar</title></episode>
</Season>

</Episodelist>

</Show>