<?xml version="1.0" encoding="UTF-8" ?>


<Show>
<name>Kannazuki no Miko</name>
<totalseasons>1</totalseasons>
<showid>10337</showid>
<showlink>http://tvrage.com/shows/id-10337</showlink>
<started>Oct/2004</started>
<ended>Dec/2004</ended>
<image>http://images.tvrage.com/shows/11/10337.jpg</image>
<origin_country>JP</origin_country>
<status>Canceled/Ended</status>
<classification>Animation</classification>
<genres><genre>Anime</genre><genre>Drama</genre></genres>
<runtime>30</runtime>
<airtime>12:00</airtime>
<akas><aka>Destiny of Shrine Maiden</aka><aka country="PL">Kapłanki przeklętych dni</aka><aka>Priestesses of the Godless Month</aka></akas>
<Episodelist>

<Season no="1">
<episode><epnum>1</epnum><seasonnum>01</seasonnum><prodnum></prodnum><airdate>2004-10-02</airdate><link>http://www.tvrage.com/shows/id-10337/episodes/355366</link><title>Country of this World</title></episode>
<episode><epnum>2</epnum><seasonnum>02</seasonnum><prodnum></prodnum><airdate>2004-10-09</airdate><link>http://www.tvrage.com/shows/id-10337/episodes/355367</link><title>Overlapping Sun and Moon</title></episode>
<episode><epnum>3</epnum><seasonnum>03</seasonnum><prodnum></prodnum><airdate>2004-10-16</airdate><link>http://www.tvrage.com/shows/id-10337/episodes/355368</link><title>Secret Love Shell</title></episode>
<episode><epnum>4</epnum><seasonnum>04</seasonnum><prodnum></prodnum><airdate>2004-10-23</airdate><link>http://www.tvrage.com/shows/id-10337/episodes/355369</link><title>Direction of Affection</title></episode>
<episode><epnum>5</epnum><seasonnum>05</seasonnum><prodnum></prodnum><airdate>2004-10-30</airdate><link>http://www.tvrage.com/shows/id-10337/episodes/355370</link><title>Over the Darkness of Night</title></episode>
<episode><epnum>6</epnum><seasonnum>06</seasonnum><prodnum></prodnum><airdate>2004-11-06</airdate><link>http://www.tvrage.com/shows/id-10337/episodes/355371</link><title>You Who are the Sun</title></episode>
<episode><epnum>7</epnum><seasonnum>07</seasonnum><prodnum></prodnum><airdate>2004-11-13</airdate><link>http://www.tvrage.com/shows/id-10337/episodes/355372</link><title>Rainfall in the Hell of Love</title></episode>
<episode><epnum>8</epnum><seasonnum>08</seasonnum><prodnum></prodnum><airdate>2004-11-20</airdate><link>http://www.tvrage.com/shows/id-10337/episodes/355373</link><title>Storm of the Silver Moon</title></episode>
<episode><epnum>9</epnum><seasonnum>09</seasonnum><prodnum></prodnum><airdate>2004-11-27</airdate><link>http://www.tvrage.com/shows/id-10337/episodes/355374</link><title>To Hell</title></episode>
<episode><epnum>10</epnum><seasonnum>10</seasonnum><prodnum></prodnum><airdate>2004-12-04</airdate><link>http://www.tvrage.com/shows/id-10337/episodes/355375</link><title>Invitation of Love and Death</title></episode>
<episode><epnum>11</epnum><seasonnum>11</seasonnum><prodnum></prodnum><airdate>2004-12-11</airdate><link>http://www.tvrage.com/shows/id-10337/episodes/355376</link><title>Dance Of Swords</title></episode>
<episode><epnum>12</epnum><seasonnum>12</seasonnum><prodnum></prodnum><airdate>2004-12-18</airdate><link>http://www.tvrage.com/shows/id-10337/episodes/355377</link><title>Priestesses Of The Godless Month</title></episode>
</Season>

</Episodelist>

</Show>