<?xml version="1.0" encoding="UTF-8" ?>


<Show>
<name>Second Chance (1977)</name>
<totalseasons>1</totalseasons>
<showid>10330</showid>
<showlink>http://tvrage.com/Second_Chance_1977</showlink>
<started>Mar/07/1977</started>
<ended>Jul/15/1977</ended>
<origin_country>US</origin_country>
<status>Canceled/Ended</status>
<classification>Game Show</classification>
<genres><genre>Tech/Gaming</genre></genres>
<runtime>30</runtime>
<network country="US">ABC</network>
<airtime>12:00</airtime>
<airday>Weekdays</airday>
<timezone>GMT-5 -DST</timezone>

</Show>