<?xml version="1.0" encoding="UTF-8" ?>


<Show>
<name>Ellis Island</name>
<totalseasons>1</totalseasons>
<showid>10331</showid>
<showlink>http://tvrage.com/shows/id-10331</showlink>
<started>Nov/11/1984</started>
<ended>Nov/14/1984</ended>
<image>http://images.tvrage.com/shows/11/10331.jpg</image>
<origin_country>US</origin_country>
<status>Canceled/Ended</status>
<classification>Mini-Series</classification>
<genres><genre>Drama</genre></genres>
<runtime>420</runtime>
<network country="US">CBS</network>
<airtime>12:00</airtime>
<timezone>GMT-5 -DST</timezone>

</Show>