<?xml version="1.0" encoding="UTF-8" ?>


<Show>
<name>Lavender Castle</name>
<totalseasons>1</totalseasons>
<showid>1034</showid>
<showlink>http://tvrage.com/shows/id-1034</showlink>
<started>Jan/07/1999</started>
<ended>Mar/2000</ended>
<image>http://images.tvrage.com/shows/2/1034.jpg</image>
<origin_country>UK</origin_country>
<status>Canceled/Ended</status>
<classification>Animation</classification>
<genres><genre>Animation General</genre></genres>
<runtime>10</runtime>
<network country="UK">ITV</network>
<airtime>00:00</airtime>
<timezone>GMT+0 -DST</timezone>
<Episodelist>

<Season no="1">
<episode><epnum>1</epnum><seasonnum>01</seasonnum><prodnum>1</prodnum><airdate>1999-01-07</airdate><link>http://www.tvrage.com/shows/id-1034/episodes/272753</link><title>In the Beginning</title></episode>
<episode><epnum>2</epnum><seasonnum>02</seasonnum><prodnum>2</prodnum><airdate>1999-01-14</airdate><link>http://www.tvrage.com/shows/id-1034/episodes/272754</link><title>Flower Power</title></episode>
<episode><epnum>3</epnum><seasonnum>03</seasonnum><prodnum>3</prodnum><airdate>1999-01-21</airdate><link>http://www.tvrage.com/shows/id-1034/episodes/272755</link><title>The Twilight Tower</title></episode>
<episode><epnum>4</epnum><seasonnum>04</seasonnum><prodnum>4</prodnum><airdate>1999-01-28</airdate><link>http://www.tvrage.com/shows/id-1034/episodes/272756</link><title>High Moon</title></episode>
<episode><epnum>5</epnum><seasonnum>05</seasonnum><prodnum>5</prodnum><airdate>1999-02-04</airdate><link>http://www.tvrage.com/shows/id-1034/episodes/272757</link><title>The Lost Starfighter</title></episode>
<episode><epnum>6</epnum><seasonnum>06</seasonnum><prodnum>10</prodnum><airdate>1999-02-11</airdate><link>http://www.tvrage.com/shows/id-1034/episodes/272758</link><title>The Black Swat</title></episode>
<episode><epnum>7</epnum><seasonnum>07</seasonnum><prodnum>7</prodnum><airdate>1999-02-18</airdate><link>http://www.tvrage.com/shows/id-1034/episodes/272759</link><title>Double Cross</title></episode>
<episode><epnum>8</epnum><seasonnum>08</seasonnum><prodnum>6</prodnum><airdate>1999-02-25</airdate><link>http://www.tvrage.com/shows/id-1034/episodes/272760</link><title>A Stitch in Time</title></episode>
<episode><epnum>9</epnum><seasonnum>09</seasonnum><prodnum>8</prodnum><airdate>1999-03-04</airdate><link>http://www.tvrage.com/shows/id-1034/episodes/272761</link><title>Bird of Prey</title></episode>
<episode><epnum>10</epnum><seasonnum>10</seasonnum><prodnum>9</prodnum><airdate>1999-03-11</airdate><link>http://www.tvrage.com/shows/id-1034/episodes/272762</link><title>Collision Course</title></episode>
<episode><epnum>11</epnum><seasonnum>11</seasonnum><prodnum>12</prodnum><airdate>1999-03-18</airdate><link>http://www.tvrage.com/shows/id-1034/episodes/272763</link><title>Swamp Fever</title></episode>
<episode><epnum>12</epnum><seasonnum>12</seasonnum><prodnum>11</prodnum><airdate>1999-03-25</airdate><link>http://www.tvrage.com/shows/id-1034/episodes/272764</link><title>Raiders of the Planet Zark</title></episode>
<episode><epnum>13</epnum><seasonnum>13</seasonnum><prodnum>13</prodnum><airdate>1999-04-01</airdate><link>http://www.tvrage.com/shows/id-1034/episodes/272765</link><title>The Galacternet</title></episode>
<episode><epnum>14</epnum><seasonnum>14</seasonnum><prodnum>14</prodnum><airdate>1999-04-08</airdate><link>http://www.tvrage.com/shows/id-1034/episodes/272766</link><title>Brightonia on Sea</title></episode>
<episode><epnum>15</epnum><seasonnum>15</seasonnum><prodnum>15</prodnum><airdate>1999-04-15</airdate><link>http://www.tvrage.com/shows/id-1034/episodes/272767</link><title>Traitor</title></episode>
<episode><epnum>16</epnum><seasonnum>16</seasonnum><prodnum>16</prodnum><airdate>1999-04-22</airdate><link>http://www.tvrage.com/shows/id-1034/episodes/272768</link><title>The Collector</title></episode>
<episode><epnum>17</epnum><seasonnum>17</seasonnum><prodnum>17</prodnum><airdate>1999-04-29</airdate><link>http://www.tvrage.com/shows/id-1034/episodes/272769</link><title>Lost in Space</title></episode>
<episode><epnum>18</epnum><seasonnum>18</seasonnum><prodnum>18</prodnum><airdate>2000-01-06</airdate><link>http://www.tvrage.com/shows/id-1034/episodes/272770</link><title>Duelling Banjos</title><screencap>http://images.tvrage.com/screencaps/6/1034/272770.jpg</screencap></episode>
<episode><epnum>19</epnum><seasonnum>19</seasonnum><prodnum>19</prodnum><airdate>2000-01-13</airdate><link>http://www.tvrage.com/shows/id-1034/episodes/272771</link><title>The Legend</title></episode>
<episode><epnum>20</epnum><seasonnum>20</seasonnum><prodnum>20</prodnum><airdate>2000-01-20</airdate><link>http://www.tvrage.com/shows/id-1034/episodes/272772</link><title>Cloud of Chaos</title></episode>
<episode><epnum>21</epnum><seasonnum>21</seasonnum><prodnum>21</prodnum><airdate>2000-01-27</airdate><link>http://www.tvrage.com/shows/id-1034/episodes/272773</link><title>Diamonds Aren't Forever</title></episode>
<episode><epnum>22</epnum><seasonnum>22</seasonnum><prodnum>22</prodnum><airdate>2000-02-03</airdate><link>http://www.tvrage.com/shows/id-1034/episodes/272774</link><title>Galactic Park</title></episode>
<episode><epnum>23</epnum><seasonnum>23</seasonnum><prodnum>23</prodnum><airdate>2000-02-10</airdate><link>http://www.tvrage.com/shows/id-1034/episodes/272775</link><title>Wearizy</title></episode>
<episode><epnum>24</epnum><seasonnum>24</seasonnum><prodnum>24</prodnum><airdate>2000-02-17</airdate><link>http://www.tvrage.com/shows/id-1034/episodes/272776</link><title>Supernova</title></episode>
<episode><epnum>25</epnum><seasonnum>25</seasonnum><prodnum>25</prodnum><airdate>2000-03-02</airdate><link>http://www.tvrage.com/shows/id-1034/episodes/272777</link><title>Interface</title></episode>
<episode><epnum>26</epnum><seasonnum>26</seasonnum><prodnum>26</prodnum><airdate>2000-03-09</airdate><link>http://www.tvrage.com/shows/id-1034/episodes/272778</link><title>Birds of a Feather...</title></episode>
</Season>

</Episodelist>

</Show>