<?xml version="1.0" encoding="UTF-8" ?>


<Show>
<name>Devilman</name>
<totalseasons>1</totalseasons>
<showid>10344</showid>
<showlink>http://tvrage.com/shows/id-10344</showlink>
<started>Jul/1972</started>
<ended>Apr/1973</ended>
<image>http://images.tvrage.com/shows/11/10344.jpg</image>
<origin_country>JP</origin_country>
<status>Canceled/Ended</status>
<classification>Animation</classification>
<genres><genre>Anime</genre><genre>Adventure</genre><genre>Horror/Supernatural</genre></genres>
<runtime>30</runtime>
<network country="JP">TV Asahi</network>
<airtime>12:00</airtime>
<timezone>GMT+9 -DST</timezone>
<Episodelist>

<Season no="1">
<episode><epnum>1</epnum><seasonnum>01</seasonnum><prodnum></prodnum><airdate>1972-07-08</airdate><link>http://www.tvrage.com/shows/id-10344/episodes/355383</link><title>Revival of The Demon Family</title></episode>
<episode><epnum>2</epnum><seasonnum>02</seasonnum><prodnum></prodnum><airdate>1972-07-15</airdate><link>http://www.tvrage.com/shows/id-10344/episodes/355384</link><title>The Demon Bird, Silene</title></episode>
<episode><epnum>3</epnum><seasonnum>03</seasonnum><prodnum></prodnum><airdate>1972-07-22</airdate><link>http://www.tvrage.com/shows/id-10344/episodes/355385</link><title>The Monster, Geruge</title></episode>
<episode><epnum>4</epnum><seasonnum>04</seasonnum><prodnum></prodnum><airdate>1972-07-29</airdate><link>http://www.tvrage.com/shows/id-10344/episodes/355386</link><title>The Devil General, Zannin</title></episode>
<episode><epnum>5</epnum><seasonnum>05</seasonnum><prodnum></prodnum><airdate>1972-08-05</airdate><link>http://www.tvrage.com/shows/id-10344/episodes/355387</link><title>The Sleeping Beauty, Zoldoba</title></episode>
<episode><epnum>6</epnum><seasonnum>06</seasonnum><prodnum></prodnum><airdate>1972-08-12</airdate><link>http://www.tvrage.com/shows/id-10344/episodes/355388</link><title>Neck of Rockfel</title></episode>
<episode><epnum>7</epnum><seasonnum>07</seasonnum><prodnum></prodnum><airdate>1972-08-19</airdate><link>http://www.tvrage.com/shows/id-10344/episodes/355389</link><title>The Horrible Puppet Demon, Zuru</title></episode>
<episode><epnum>8</epnum><seasonnum>08</seasonnum><prodnum></prodnum><airdate>1972-08-26</airdate><link>http://www.tvrage.com/shows/id-10344/episodes/355390</link><title>Yamon and Bauu</title></episode>
<episode><epnum>9</epnum><seasonnum>09</seasonnum><prodnum></prodnum><airdate>1972-09-02</airdate><link>http://www.tvrage.com/shows/id-10344/episodes/355391</link><title>The Brainwave Demon Gondorama</title></episode>
<episode><epnum>10</epnum><seasonnum>10</seasonnum><prodnum></prodnum><airdate>1972-09-09</airdate><link>http://www.tvrage.com/shows/id-10344/episodes/355392</link><title>Demon Gande, The Walking Eye</title></episode>
<episode><epnum>11</epnum><seasonnum>11</seasonnum><prodnum></prodnum><airdate>1972-09-16</airdate><link>http://www.tvrage.com/shows/id-10344/episodes/355393</link><title>The Fire Demon, Fiam</title></episode>
<episode><epnum>12</epnum><seasonnum>12</seasonnum><prodnum></prodnum><airdate>1972-09-23</airdate><link>http://www.tvrage.com/shows/id-10344/episodes/355394</link><title>The Red Flower Demon, Rahureru</title></episode>
<episode><epnum>13</epnum><seasonnum>13</seasonnum><prodnum></prodnum><airdate>1972-09-30</airdate><link>http://www.tvrage.com/shows/id-10344/episodes/355395</link><title>The Arrogant Mermane</title></episode>
<episode><epnum>14</epnum><seasonnum>14</seasonnum><prodnum></prodnum><airdate>1972-10-07</airdate><link>http://www.tvrage.com/shows/id-10344/episodes/355396</link><title>Challenge at the Ice Kingdom</title></episode>
<episode><epnum>15</epnum><seasonnum>15</seasonnum><prodnum></prodnum><airdate>1972-10-14</airdate><link>http://www.tvrage.com/shows/id-10344/episodes/355397</link><title>The Demon Ebain, and 1,000 Hands</title></episode>
<episode><epnum>16</epnum><seasonnum>16</seasonnum><prodnum></prodnum><airdate>1972-10-21</airdate><link>http://www.tvrage.com/shows/id-10344/episodes/355398</link><title>Demon Genie, Living in Darkness</title></episode>
<episode><epnum>17</epnum><seasonnum>17</seasonnum><prodnum></prodnum><airdate>1972-10-28</airdate><link>http://www.tvrage.com/shows/id-10344/episodes/355399</link><title>The Stamp Monster, Damon</title></episode>
<episode><epnum>18</epnum><seasonnum>18</seasonnum><prodnum></prodnum><airdate>1972-11-04</airdate><link>http://www.tvrage.com/shows/id-10344/episodes/355400</link><title>The Demon Moyako</title></episode>
<episode><epnum>19</epnum><seasonnum>19</seasonnum><prodnum></prodnum><airdate>1972-11-11</airdate><link>http://www.tvrage.com/shows/id-10344/episodes/355401</link><title>Demon Adaru, The Dummy Project</title></episode>
<episode><epnum>20</epnum><seasonnum>20</seasonnum><prodnum></prodnum><airdate>1972-11-18</airdate><link>http://www.tvrage.com/shows/id-10344/episodes/355402</link><title>Farewell, The Demon Dorango</title></episode>
<episode><epnum>21</epnum><seasonnum>21</seasonnum><prodnum></prodnum><airdate>1972-11-25</airdate><link>http://www.tvrage.com/shows/id-10344/episodes/355403</link><title>The Demon Doro, likes Humans</title></episode>
<episode><epnum>22</epnum><seasonnum>22</seasonnum><prodnum></prodnum><airdate>1972-12-02</airdate><link>http://www.tvrage.com/shows/id-10344/episodes/355404</link><title>The Demon Mugaru, Magician of illusion</title></episode>
<episode><epnum>23</epnum><seasonnum>23</seasonnum><prodnum></prodnum><airdate>1972-12-09</airdate><link>http://www.tvrage.com/shows/id-10344/episodes/355405</link><title>The Demon Bera, Tibet Demon</title></episode>
<episode><epnum>24</epnum><seasonnum>24</seasonnum><prodnum></prodnum><airdate>1972-12-16</airdate><link>http://www.tvrage.com/shows/id-10344/episodes/355406</link><title>Demon Jakon, The Living Ghost</title></episode>
<episode><epnum>25</epnum><seasonnum>25</seasonnum><prodnum></prodnum><airdate>1972-12-23</airdate><link>http://www.tvrage.com/shows/id-10344/episodes/355407</link><title>The Demon General Muzan, The School is Attacked</title></episode>
<episode><epnum>26</epnum><seasonnum>26</seasonnum><prodnum></prodnum><airdate>1972-12-30</airdate><link>http://www.tvrage.com/shows/id-10344/episodes/355408</link><title>The Silver Demon, Lala</title></episode>
<episode><epnum>27</epnum><seasonnum>27</seasonnum><prodnum></prodnum><airdate>1973-01-06</airdate><link>http://www.tvrage.com/shows/id-10344/episodes/355409</link><title>The Demon Jewel, Desires Beyond Limitations</title></episode>
<episode><epnum>28</epnum><seasonnum>28</seasonnum><prodnum></prodnum><airdate>1973-01-13</airdate><link>http://www.tvrage.com/shows/id-10344/episodes/355410</link><title>The Demon Miniyon, The Demon Locket</title></episode>
<episode><epnum>29</epnum><seasonnum>29</seasonnum><prodnum></prodnum><airdate>1973-01-20</airdate><link>http://www.tvrage.com/shows/id-10344/episodes/355411</link><title>The Demon Kenetosu, The Mysterious Necklace</title></episode>
<episode><epnum>30</epnum><seasonnum>30</seasonnum><prodnum></prodnum><airdate>1973-01-27</airdate><link>http://www.tvrage.com/shows/id-10344/episodes/355412</link><title>Demon Faizel, The Insane Shadow</title></episode>
<episode><epnum>31</epnum><seasonnum>31</seasonnum><prodnum></prodnum><airdate>1973-02-03</airdate><link>http://www.tvrage.com/shows/id-10344/episodes/355413</link><title>Demon Kiluski, The Red Tornado</title></episode>
<episode><epnum>32</epnum><seasonnum>32</seasonnum><prodnum></prodnum><airdate>1973-02-10</airdate><link>http://www.tvrage.com/shows/id-10344/episodes/355414</link><title>The Demon Aurora, The Shining Prison</title></episode>
<episode><epnum>33</epnum><seasonnum>33</seasonnum><prodnum></prodnum><airdate>1973-02-17</airdate><link>http://www.tvrage.com/shows/id-10344/episodes/355415</link><title>The Demon Weters, The Sun's Rebellion</title></episode>
<episode><epnum>34</epnum><seasonnum>34</seasonnum><prodnum></prodnum><airdate>1973-02-24</airdate><link>http://www.tvrage.com/shows/id-10344/episodes/355416</link><title>Demon Alron, The Demonic Dress</title></episode>
<episode><epnum>35</epnum><seasonnum>35</seasonnum><prodnum></prodnum><airdate>1973-03-03</airdate><link>http://www.tvrage.com/shows/id-10344/episodes/355417</link><title>The Demon General Rikoku, The Frozen School</title></episode>
<episode><epnum>36</epnum><seasonnum>36</seasonnum><prodnum></prodnum><airdate>1973-03-10</airdate><link>http://www.tvrage.com/shows/id-10344/episodes/355418</link><title>The Demon Magdora, The Flying Lava</title></episode>
<episode><epnum>37</epnum><seasonnum>37</seasonnum><prodnum></prodnum><airdate>1973-03-17</airdate><link>http://www.tvrage.com/shows/id-10344/episodes/355419</link><title>The Demon Wuduu, The Angry Trees</title></episode>
<episode><epnum>38</epnum><seasonnum>38</seasonnum><prodnum></prodnum><airdate>1973-03-24</airdate><link>http://www.tvrage.com/shows/id-10344/episodes/355420</link><title>Demon Dorimoon, The Moon is Hell</title></episode>
<episode><epnum>39</epnum><seasonnum>39</seasonnum><prodnum></prodnum><airdate>1973-04-07</airdate><link>http://www.tvrage.com/shows/id-10344/episodes/355421</link><title>Demon God, The Miracles of God</title></episode>
</Season>

</Episodelist>

</Show>