<?xml version="1.0" encoding="UTF-8" ?>


<Show>
<name>The Winjin' Pom</name>
<totalseasons>1</totalseasons>
<showid>10340</showid>
<showlink>http://tvrage.com/shows/id-10340</showlink>
<started>Mar/16/1991</started>
<ended>Apr/20/1991</ended>
<image>http://images.tvrage.com/shows/11/10340.jpg</image>
<origin_country>UK</origin_country>
<status>Canceled/Ended</status>
<classification>Animation</classification>
<genres><genre>Adult Cartoons</genre><genre></genre></genres>
<runtime>30</runtime>
<network country="UK">ITV</network>
<airtime>12:00</airtime>
<timezone>GMT+0 -DST</timezone>
<Episodelist>

<Season no="1">
<episode><epnum>1</epnum><seasonnum>01</seasonnum><prodnum></prodnum><airdate>1991-03-16</airdate><link>http://www.tvrage.com/shows/id-10340/episodes/457257</link><title>Part One</title></episode>
<episode><epnum>2</epnum><seasonnum>02</seasonnum><prodnum></prodnum><airdate>1991-03-23</airdate><link>http://www.tvrage.com/shows/id-10340/episodes/457258</link><title>Part Two</title></episode>
<episode><epnum>3</epnum><seasonnum>03</seasonnum><prodnum></prodnum><airdate>1991-03-30</airdate><link>http://www.tvrage.com/shows/id-10340/episodes/457259</link><title>Part Three</title></episode>
<episode><epnum>4</epnum><seasonnum>04</seasonnum><prodnum></prodnum><airdate>1991-04-06</airdate><link>http://www.tvrage.com/shows/id-10340/episodes/457260</link><title>Part Four</title></episode>
<episode><epnum>5</epnum><seasonnum>05</seasonnum><prodnum></prodnum><airdate>1991-04-13</airdate><link>http://www.tvrage.com/shows/id-10340/episodes/457261</link><title>Part Five</title></episode>
<episode><epnum>6</epnum><seasonnum>06</seasonnum><prodnum></prodnum><airdate>1991-04-20</airdate><link>http://www.tvrage.com/shows/id-10340/episodes/457262</link><title>Part Six</title></episode>
</Season>

</Episodelist>

</Show>