<?xml version="1.0" encoding="UTF-8" ?>


<Show>
<name>The John Gary Show</name>
<totalseasons>1</totalseasons>
<showid>10343</showid>
<showlink>http://tvrage.com/shows/id-10343</showlink>
<started>Jun/22/1966</started>
<ended>Sep/07/1966</ended>
<image>http://images.tvrage.com/shows/11/10343.jpg</image>
<origin_country>US</origin_country>
<status>Canceled/Ended</status>
<classification>Variety</classification>
<genres><genre>Comedy</genre><genre>Music</genre></genres>
<runtime>60</runtime>
<network country="US">CBS</network>
<airtime>22:00</airtime>
<airday>Wednesday</airday>
<timezone>GMT-5 -DST</timezone>

</Show>