<?xml version="1.0" encoding="UTF-8" ?>


<Show>
<name>Harry Hill's TV Burp</name>
<totalseasons>14</totalseasons>
<showid>1035</showid>
<showlink>http://tvrage.com/Harry_Hills_TV_Burp</showlink>
<started>Dec/21/2001</started>
<ended>Mar/24/2012</ended>
<image>http://images.tvrage.com/shows/2/1035.jpg</image>
<origin_country>UK</origin_country>
<status>Canceled/Ended</status>
<classification>Scripted</classification>
<genres><genre>Comedy</genre></genres>
<runtime>30</runtime>
<network country="UK">ITV1</network>
<airtime>19:30</airtime>
<airday>Saturday</airday>
<timezone>GMT+0 -DST</timezone>
<Episodelist>

<Season no="1">
<episode><epnum>0</epnum><seasonnum>00</seasonnum><prodnum></prodnum><airdate>2001-12-22</airdate><link>http://www.tvrage.com/Harry_Hills_TV_Burp/episodes/1065129231</link><title>Pilot</title></episode>
<episode><epnum>1</epnum><seasonnum>01</seasonnum><prodnum></prodnum><airdate>2002-11-14</airdate><link>http://www.tvrage.com/Harry_Hills_TV_Burp/episodes/272779</link><title>Series 1, Episode 1</title></episode>
<episode><epnum>2</epnum><seasonnum>02</seasonnum><prodnum></prodnum><airdate>2002-11-21</airdate><link>http://www.tvrage.com/Harry_Hills_TV_Burp/episodes/272780</link><title>Series 1, Episode 2</title></episode>
<episode><epnum>3</epnum><seasonnum>03</seasonnum><prodnum></prodnum><airdate>2002-11-28</airdate><link>http://www.tvrage.com/Harry_Hills_TV_Burp/episodes/272781</link><title>Series 1, Episode 3</title></episode>
<episode><epnum>4</epnum><seasonnum>04</seasonnum><prodnum></prodnum><airdate>2002-12-05</airdate><link>http://www.tvrage.com/Harry_Hills_TV_Burp/episodes/272782</link><title>Series 1, Episode 4</title></episode>
<episode><epnum>5</epnum><seasonnum>05</seasonnum><prodnum></prodnum><airdate>2002-12-12</airdate><link>http://www.tvrage.com/Harry_Hills_TV_Burp/episodes/272783</link><title>Series 1, Episode 5</title></episode>
<episode><epnum>6</epnum><seasonnum>06</seasonnum><prodnum></prodnum><airdate>2002-12-19</airdate><link>http://www.tvrage.com/Harry_Hills_TV_Burp/episodes/272784</link><title>Series 1, Episode 6</title></episode>
</Season>

<Season no="2">
<episode><epnum>7</epnum><seasonnum>01</seasonnum><prodnum></prodnum><airdate>2003-10-30</airdate><link>http://www.tvrage.com/Harry_Hills_TV_Burp/episodes/272785</link><title>Series 2, Episode 1</title></episode>
<episode><epnum>8</epnum><seasonnum>02</seasonnum><prodnum></prodnum><airdate>2003-11-06</airdate><link>http://www.tvrage.com/Harry_Hills_TV_Burp/episodes/272786</link><title>Series 2, Episode 2</title></episode>
<episode><epnum>9</epnum><seasonnum>03</seasonnum><prodnum></prodnum><airdate>2003-11-13</airdate><link>http://www.tvrage.com/Harry_Hills_TV_Burp/episodes/272787</link><title>Series 2, Episode 3</title></episode>
<episode><epnum>10</epnum><seasonnum>04</seasonnum><prodnum></prodnum><airdate>2003-11-20</airdate><link>http://www.tvrage.com/Harry_Hills_TV_Burp/episodes/272788</link><title>Series 2, Episode 4</title></episode>
<episode><epnum>11</epnum><seasonnum>05</seasonnum><prodnum></prodnum><airdate>2003-11-27</airdate><link>http://www.tvrage.com/Harry_Hills_TV_Burp/episodes/272789</link><title>Series 2, Episode 5</title></episode>
<episode><epnum>12</epnum><seasonnum>06</seasonnum><prodnum></prodnum><airdate>2003-12-04</airdate><link>http://www.tvrage.com/Harry_Hills_TV_Burp/episodes/272790</link><title>Series 2, Episode 6</title></episode>
<episode><epnum>13</epnum><seasonnum>07</seasonnum><prodnum></prodnum><airdate>2003-12-11</airdate><link>http://www.tvrage.com/Harry_Hills_TV_Burp/episodes/272791</link><title>Series 2, Episode 7</title></episode>
<episode><epnum>14</epnum><seasonnum>08</seasonnum><prodnum></prodnum><airdate>2003-12-18</airdate><link>http://www.tvrage.com/Harry_Hills_TV_Burp/episodes/272792</link><title>Series 2, Episode 8</title></episode>
</Season>

<Season no="3">
<episode><epnum>15</epnum><seasonnum>01</seasonnum><prodnum></prodnum><airdate>2004-02-20</airdate><link>http://www.tvrage.com/Harry_Hills_TV_Burp/episodes/272793</link><title>Series 3, Episode 1</title></episode>
<episode><epnum>16</epnum><seasonnum>02</seasonnum><prodnum></prodnum><airdate>2004-02-27</airdate><link>http://www.tvrage.com/Harry_Hills_TV_Burp/episodes/272794</link><title>Series 3, Episode 2</title></episode>
<episode><epnum>17</epnum><seasonnum>03</seasonnum><prodnum></prodnum><airdate>2004-03-05</airdate><link>http://www.tvrage.com/Harry_Hills_TV_Burp/episodes/272795</link><title>Series 3, Episode 3</title></episode>
<episode><epnum>18</epnum><seasonnum>04</seasonnum><prodnum></prodnum><airdate>2004-03-12</airdate><link>http://www.tvrage.com/Harry_Hills_TV_Burp/episodes/272796</link><title>Series 3, Episode 4</title></episode>
<episode><epnum>19</epnum><seasonnum>05</seasonnum><prodnum></prodnum><airdate>2004-03-19</airdate><link>http://www.tvrage.com/Harry_Hills_TV_Burp/episodes/272797</link><title>Series 3, Episode 5</title></episode>
<episode><epnum>20</epnum><seasonnum>06</seasonnum><prodnum></prodnum><airdate>2004-03-26</airdate><link>http://www.tvrage.com/Harry_Hills_TV_Burp/episodes/272798</link><title>Series 3, Episode 6</title></episode>
<episode><epnum>21</epnum><seasonnum>07</seasonnum><prodnum></prodnum><airdate>2004-04-02</airdate><link>http://www.tvrage.com/Harry_Hills_TV_Burp/episodes/272799</link><title>Series 3, Episode 7</title></episode>
</Season>

<Season no="4">
<episode><epnum>22</epnum><seasonnum>01</seasonnum><prodnum></prodnum><airdate>2004-10-23</airdate><link>http://www.tvrage.com/Harry_Hills_TV_Burp/episodes/272800</link><title>Series 4, Episode 1</title></episode>
<episode><epnum>23</epnum><seasonnum>02</seasonnum><prodnum></prodnum><airdate>2004-10-30</airdate><link>http://www.tvrage.com/Harry_Hills_TV_Burp/episodes/272801</link><title>Series 4, Episode 2</title></episode>
<episode><epnum>24</epnum><seasonnum>03</seasonnum><prodnum></prodnum><airdate>2004-11-06</airdate><link>http://www.tvrage.com/Harry_Hills_TV_Burp/episodes/272802</link><title>Series 4, Episode 3</title></episode>
<episode><epnum>25</epnum><seasonnum>04</seasonnum><prodnum></prodnum><airdate>2004-11-13</airdate><link>http://www.tvrage.com/Harry_Hills_TV_Burp/episodes/272803</link><title>Series 4, Episode 4</title></episode>
<episode><epnum>26</epnum><seasonnum>05</seasonnum><prodnum></prodnum><airdate>2004-11-20</airdate><link>http://www.tvrage.com/Harry_Hills_TV_Burp/episodes/272804</link><title>Series 4, Episode 5</title></episode>
<episode><epnum>27</epnum><seasonnum>06</seasonnum><prodnum></prodnum><airdate>2004-11-27</airdate><link>http://www.tvrage.com/Harry_Hills_TV_Burp/episodes/272805</link><title>Series 4, Episode 6</title></episode>
</Season>

<Season no="5">
<episode><epnum>28</epnum><seasonnum>01</seasonnum><prodnum></prodnum><airdate>2006-01-21</airdate><link>http://www.tvrage.com/Harry_Hills_TV_Burp/episodes/318879</link><title>Series 5, Episode 1</title></episode>
<episode><epnum>29</epnum><seasonnum>02</seasonnum><prodnum></prodnum><airdate>2006-01-28</airdate><link>http://www.tvrage.com/Harry_Hills_TV_Burp/episodes/318880</link><title>Series 5, Episode 2</title></episode>
<episode><epnum>30</epnum><seasonnum>03</seasonnum><prodnum></prodnum><airdate>2006-02-04</airdate><link>http://www.tvrage.com/Harry_Hills_TV_Burp/episodes/318881</link><title>Series 5, Episode 3</title></episode>
<episode><epnum>31</epnum><seasonnum>04</seasonnum><prodnum></prodnum><airdate>2006-02-11</airdate><link>http://www.tvrage.com/Harry_Hills_TV_Burp/episodes/318882</link><title>Series 5, Episode 4</title></episode>
<episode><epnum>32</epnum><seasonnum>05</seasonnum><prodnum></prodnum><airdate>2006-02-18</airdate><link>http://www.tvrage.com/Harry_Hills_TV_Burp/episodes/326437</link><title>Series 5, Episode 5</title></episode>
<episode><epnum>33</epnum><seasonnum>06</seasonnum><prodnum></prodnum><airdate>2006-02-25</airdate><link>http://www.tvrage.com/Harry_Hills_TV_Burp/episodes/326438</link><title>Series 5, Episode 6</title></episode>
<episode><epnum>34</epnum><seasonnum>07</seasonnum><prodnum></prodnum><airdate>2006-03-04</airdate><link>http://www.tvrage.com/Harry_Hills_TV_Burp/episodes/330935</link><title>Series 5, Episode 7</title></episode>
<episode><epnum>35</epnum><seasonnum>08</seasonnum><prodnum></prodnum><airdate>2006-03-11</airdate><link>http://www.tvrage.com/Harry_Hills_TV_Burp/episodes/332062</link><title>Series 5, Episode 8</title></episode>
<episode><epnum>36</epnum><seasonnum>09</seasonnum><prodnum></prodnum><airdate>2006-03-18</airdate><link>http://www.tvrage.com/Harry_Hills_TV_Burp/episodes/332063</link><title>Series 5, Episode 9</title></episode>
<episode><epnum>37</epnum><seasonnum>10</seasonnum><prodnum></prodnum><airdate>2006-03-25</airdate><link>http://www.tvrage.com/Harry_Hills_TV_Burp/episodes/332064</link><title>Series 5, Episode 10</title></episode>
</Season>

<Season no="6">
<episode><epnum>38</epnum><seasonnum>01</seasonnum><prodnum></prodnum><airdate>2007-01-20</airdate><link>http://www.tvrage.com/Harry_Hills_TV_Burp/episodes/497252</link><title>Series 6, Episode 1</title></episode>
<episode><epnum>39</epnum><seasonnum>02</seasonnum><prodnum></prodnum><airdate>2007-01-27</airdate><link>http://www.tvrage.com/Harry_Hills_TV_Burp/episodes/497253</link><title>Series 6, Episode 2</title></episode>
<episode><epnum>40</epnum><seasonnum>03</seasonnum><prodnum></prodnum><airdate>2007-02-03</airdate><link>http://www.tvrage.com/Harry_Hills_TV_Burp/episodes/497254</link><title>Series 6, Episode 3</title></episode>
<episode><epnum>41</epnum><seasonnum>04</seasonnum><prodnum></prodnum><airdate>2007-02-10</airdate><link>http://www.tvrage.com/Harry_Hills_TV_Burp/episodes/497255</link><title>Series 6, Episode 4</title></episode>
<episode><epnum>42</epnum><seasonnum>05</seasonnum><prodnum></prodnum><airdate>2007-02-17</airdate><link>http://www.tvrage.com/Harry_Hills_TV_Burp/episodes/497256</link><title>Series 6, Episode 5</title></episode>
<episode><epnum>43</epnum><seasonnum>06</seasonnum><prodnum></prodnum><airdate>2007-02-24</airdate><link>http://www.tvrage.com/Harry_Hills_TV_Burp/episodes/497257</link><title>Series 6, Episode 6</title></episode>
<episode><epnum>44</epnum><seasonnum>07</seasonnum><prodnum></prodnum><airdate>2007-03-03</airdate><link>http://www.tvrage.com/Harry_Hills_TV_Burp/episodes/497258</link><title>Series 6, Episode 7</title></episode>
<episode><epnum>45</epnum><seasonnum>08</seasonnum><prodnum></prodnum><airdate>2007-03-10</airdate><link>http://www.tvrage.com/Harry_Hills_TV_Burp/episodes/497259</link><title>Series 6, Episode 8</title></episode>
<episode><epnum>46</epnum><seasonnum>09</seasonnum><prodnum></prodnum><airdate>2007-03-17</airdate><link>http://www.tvrage.com/Harry_Hills_TV_Burp/episodes/497260</link><title>Series 6, Episode 9</title></episode>
<episode><epnum>47</epnum><seasonnum>10</seasonnum><prodnum></prodnum><airdate>2007-03-24</airdate><link>http://www.tvrage.com/Harry_Hills_TV_Burp/episodes/497261</link><title>Series 6, Episode 10</title></episode>
<episode><epnum>48</epnum><seasonnum>11</seasonnum><prodnum></prodnum><airdate>2007-03-31</airdate><link>http://www.tvrage.com/Harry_Hills_TV_Burp/episodes/497262</link><title>Series 6, Episode 11</title></episode>
<episode><epnum>49</epnum><seasonnum>12</seasonnum><prodnum></prodnum><airdate>2007-04-07</airdate><link>http://www.tvrage.com/Harry_Hills_TV_Burp/episodes/497263</link><title>Series 6, Episode 12</title></episode>
<episode><epnum>50</epnum><seasonnum>13</seasonnum><prodnum></prodnum><airdate>2007-04-14</airdate><link>http://www.tvrage.com/Harry_Hills_TV_Burp/episodes/497264</link><title>Series 6, Episode 13</title></episode>
</Season>

<Season no="7">
<episode><epnum>51</epnum><seasonnum>01</seasonnum><prodnum></prodnum><airdate>2008-01-12</airdate><link>http://www.tvrage.com/Harry_Hills_TV_Burp/episodes/635372</link><title>Series 7, Episode 1</title></episode>
<episode><epnum>52</epnum><seasonnum>02</seasonnum><prodnum></prodnum><airdate>2008-01-19</airdate><link>http://www.tvrage.com/Harry_Hills_TV_Burp/episodes/636542</link><title>Series 7, Episode 2</title></episode>
<episode><epnum>53</epnum><seasonnum>03</seasonnum><prodnum></prodnum><airdate>2008-01-26</airdate><link>http://www.tvrage.com/Harry_Hills_TV_Burp/episodes/636543</link><title>Series 7, Episode 3</title></episode>
<episode><epnum>54</epnum><seasonnum>04</seasonnum><prodnum></prodnum><airdate>2008-02-02</airdate><link>http://www.tvrage.com/Harry_Hills_TV_Burp/episodes/637062</link><title>Series 7, Episode 4</title></episode>
<episode><epnum>55</epnum><seasonnum>05</seasonnum><prodnum></prodnum><airdate>2008-02-09</airdate><link>http://www.tvrage.com/Harry_Hills_TV_Burp/episodes/638707</link><title>Series 7, Episode 5</title></episode>
<episode><epnum>56</epnum><seasonnum>06</seasonnum><prodnum></prodnum><airdate>2008-02-16</airdate><link>http://www.tvrage.com/Harry_Hills_TV_Burp/episodes/640154</link><title>Series 7, Episode 6</title></episode>
<episode><epnum>57</epnum><seasonnum>07</seasonnum><prodnum></prodnum><airdate>2008-02-23</airdate><link>http://www.tvrage.com/Harry_Hills_TV_Burp/episodes/640941</link><title>Series 7, Episode 7</title></episode>
<episode><epnum>58</epnum><seasonnum>08</seasonnum><prodnum></prodnum><airdate>2008-03-01</airdate><link>http://www.tvrage.com/Harry_Hills_TV_Burp/episodes/641845</link><title>Series 7, Episode 8</title></episode>
<episode><epnum>59</epnum><seasonnum>09</seasonnum><prodnum></prodnum><airdate>2008-03-08</airdate><link>http://www.tvrage.com/Harry_Hills_TV_Burp/episodes/642907</link><title>Series 7, Episode 9</title></episode>
<episode><epnum>60</epnum><seasonnum>10</seasonnum><prodnum></prodnum><airdate>2008-03-15</airdate><link>http://www.tvrage.com/Harry_Hills_TV_Burp/episodes/643039</link><title>Series 7, Episode 10</title></episode>
<episode><epnum>61</epnum><seasonnum>11</seasonnum><prodnum></prodnum><airdate>2008-03-22</airdate><link>http://www.tvrage.com/Harry_Hills_TV_Burp/episodes/643040</link><title>Series 7, Episode 11</title></episode>
<episode><epnum>62</epnum><seasonnum>12</seasonnum><prodnum></prodnum><airdate>2008-03-29</airdate><link>http://www.tvrage.com/Harry_Hills_TV_Burp/episodes/643041</link><title>Series 7, Episode 12</title></episode>
<episode><epnum>63</epnum><seasonnum>13</seasonnum><prodnum></prodnum><airdate>2008-04-05</airdate><link>http://www.tvrage.com/Harry_Hills_TV_Burp/episodes/643042</link><title>Series 7, Episode 13</title></episode>
</Season>

<Season no="8">
<episode><epnum>64</epnum><seasonnum>01</seasonnum><prodnum></prodnum><airdate>2008-10-18</airdate><link>http://www.tvrage.com/Harry_Hills_TV_Burp/episodes/724641</link><title>Series 8, Episode 1</title></episode>
<episode><epnum>65</epnum><seasonnum>02</seasonnum><prodnum></prodnum><airdate>2008-10-25</airdate><link>http://www.tvrage.com/Harry_Hills_TV_Burp/episodes/725934</link><title>Series 8, Episode 2</title></episode>
<episode><epnum>66</epnum><seasonnum>03</seasonnum><prodnum></prodnum><airdate>2008-11-01</airdate><link>http://www.tvrage.com/Harry_Hills_TV_Burp/episodes/729095</link><title>Series 8, Episode 3</title></episode>
<episode><epnum>67</epnum><seasonnum>04</seasonnum><prodnum></prodnum><airdate>2008-11-08</airdate><link>http://www.tvrage.com/Harry_Hills_TV_Burp/episodes/730024</link><title>Series 8, Episode 4</title></episode>
<episode><epnum>68</epnum><seasonnum>05</seasonnum><prodnum></prodnum><airdate>2008-11-15</airdate><link>http://www.tvrage.com/Harry_Hills_TV_Burp/episodes/730025</link><title>Series 8, Episode 5</title></episode>
<episode><epnum>69</epnum><seasonnum>06</seasonnum><prodnum></prodnum><airdate>2008-11-22</airdate><link>http://www.tvrage.com/Harry_Hills_TV_Burp/episodes/730026</link><title>Series 8, Episode 6</title></episode>
<episode><epnum>70</epnum><seasonnum>07</seasonnum><prodnum></prodnum><airdate>2008-11-29</airdate><link>http://www.tvrage.com/Harry_Hills_TV_Burp/episodes/730027</link><title>Series 8, Episode 7</title></episode>
<episode><epnum>71</epnum><seasonnum>08</seasonnum><prodnum></prodnum><airdate>2008-12-06</airdate><link>http://www.tvrage.com/Harry_Hills_TV_Burp/episodes/730028</link><title>Series 8, Episode 8</title></episode>
<episode><epnum>72</epnum><seasonnum>09</seasonnum><prodnum></prodnum><airdate>2008-12-13</airdate><link>http://www.tvrage.com/Harry_Hills_TV_Burp/episodes/730029</link><title>Series 8, Episode 9</title></episode>
<episode><epnum>73</epnum><seasonnum>10</seasonnum><prodnum></prodnum><airdate>2008-12-20</airdate><link>http://www.tvrage.com/Harry_Hills_TV_Burp/episodes/730030</link><title>Series 8, Episode 10</title></episode>
<episode><epnum>74</epnum><seasonnum>11</seasonnum><prodnum></prodnum><airdate>2008-12-27</airdate><link>http://www.tvrage.com/Harry_Hills_TV_Burp/episodes/752792</link><title>TV Burp's Review Of The Year</title></episode>
<episode><epnum>75</epnum><seasonnum>12</seasonnum><prodnum></prodnum><airdate>2009-01-03</airdate><link>http://www.tvrage.com/Harry_Hills_TV_Burp/episodes/758793</link><title>The Best of TV Burp 1</title></episode>
<episode><epnum>76</epnum><seasonnum>13</seasonnum><prodnum></prodnum><airdate>2009-01-10</airdate><link>http://www.tvrage.com/Harry_Hills_TV_Burp/episodes/762779</link><title>The Best of TV Burp 2</title></episode>
<episode><epnum>77</epnum><seasonnum>14</seasonnum><prodnum></prodnum><airdate>2009-01-17</airdate><link>http://www.tvrage.com/Harry_Hills_TV_Burp/episodes/767155</link><title>The Best of TV Burp 3</title></episode>
<episode><epnum>78</epnum><seasonnum>15</seasonnum><prodnum></prodnum><airdate>2009-01-24</airdate><link>http://www.tvrage.com/Harry_Hills_TV_Burp/episodes/769028</link><title>The Best of TV Burp 4</title></episode>
<episode><epnum>79</epnum><seasonnum>16</seasonnum><prodnum></prodnum><airdate>2009-01-31</airdate><link>http://www.tvrage.com/Harry_Hills_TV_Burp/episodes/771142</link><title>Series 8, Episode 16</title></episode>
<episode><epnum>80</epnum><seasonnum>17</seasonnum><prodnum></prodnum><airdate>2009-02-07</airdate><link>http://www.tvrage.com/Harry_Hills_TV_Burp/episodes/773227</link><title>Series 8, Episode 17</title></episode>
<episode><epnum>81</epnum><seasonnum>18</seasonnum><prodnum></prodnum><airdate>2009-02-14</airdate><link>http://www.tvrage.com/Harry_Hills_TV_Burp/episodes/775930</link><title>Series 8, Episode 18</title></episode>
<episode><epnum>82</epnum><seasonnum>19</seasonnum><prodnum></prodnum><airdate>2009-02-21</airdate><link>http://www.tvrage.com/Harry_Hills_TV_Burp/episodes/780405</link><title>Series 8, Episode 19</title></episode>
<episode><epnum>83</epnum><seasonnum>20</seasonnum><prodnum></prodnum><airdate>2009-02-28</airdate><link>http://www.tvrage.com/Harry_Hills_TV_Burp/episodes/780406</link><title>Series 8, Episode 20</title></episode>
<episode><epnum>84</epnum><seasonnum>21</seasonnum><prodnum></prodnum><airdate>2009-03-07</airdate><link>http://www.tvrage.com/Harry_Hills_TV_Burp/episodes/780532</link><title>Series 8, Episode 21</title></episode>
<episode><epnum>85</epnum><seasonnum>22</seasonnum><prodnum></prodnum><airdate>2009-03-14</airdate><link>http://www.tvrage.com/Harry_Hills_TV_Burp/episodes/780533</link><title>Series 8, Episode 22</title></episode>
<episode><epnum>86</epnum><seasonnum>23</seasonnum><prodnum></prodnum><airdate>2009-03-21</airdate><link>http://www.tvrage.com/Harry_Hills_TV_Burp/episodes/780534</link><title>Series 8, Episode 23</title></episode>
<episode><epnum>87</epnum><seasonnum>24</seasonnum><prodnum></prodnum><airdate>2009-03-28</airdate><link>http://www.tvrage.com/Harry_Hills_TV_Burp/episodes/780535</link><title>Series 8, Episode 24</title></episode>
<episode><epnum>88</epnum><seasonnum>25</seasonnum><prodnum></prodnum><airdate>2009-04-04</airdate><link>http://www.tvrage.com/Harry_Hills_TV_Burp/episodes/780562</link><title>Series 8, Episode 25</title></episode>
</Season>

<Season no="9">
<episode><epnum>89</epnum><seasonnum>01</seasonnum><prodnum></prodnum><airdate>2009-10-10</airdate><link>http://www.tvrage.com/Harry_Hills_TV_Burp/episodes/1064856748</link><title>Series 9, Episode 1</title></episode>
<episode><epnum>90</epnum><seasonnum>02</seasonnum><prodnum></prodnum><airdate>2009-10-17</airdate><link>http://www.tvrage.com/Harry_Hills_TV_Burp/episodes/1064859021</link><title>Series 9, Episode 2</title></episode>
<episode><epnum>91</epnum><seasonnum>03</seasonnum><prodnum></prodnum><airdate>2009-10-24</airdate><link>http://www.tvrage.com/Harry_Hills_TV_Burp/episodes/1064859022</link><title>Series 9, Episode 3</title></episode>
<episode><epnum>92</epnum><seasonnum>04</seasonnum><prodnum></prodnum><airdate>2009-10-31</airdate><link>http://www.tvrage.com/Harry_Hills_TV_Burp/episodes/1064862060</link><title>Series 9, Episode 4</title></episode>
<episode><epnum>93</epnum><seasonnum>05</seasonnum><prodnum></prodnum><airdate>2009-11-07</airdate><link>http://www.tvrage.com/Harry_Hills_TV_Burp/episodes/1064862061</link><title>Series 9, Episode 5</title></episode>
<episode><epnum>94</epnum><seasonnum>06</seasonnum><prodnum></prodnum><airdate>2009-11-14</airdate><link>http://www.tvrage.com/Harry_Hills_TV_Burp/episodes/1064865835</link><title>Series 9, Episode 6</title></episode>
<episode><epnum>95</epnum><seasonnum>07</seasonnum><prodnum></prodnum><airdate>2009-11-21</airdate><link>http://www.tvrage.com/Harry_Hills_TV_Burp/episodes/1064893660</link><title>Series 9, Episode 7</title></episode>
<episode><epnum>96</epnum><seasonnum>08</seasonnum><prodnum></prodnum><airdate>2009-11-28</airdate><link>http://www.tvrage.com/Harry_Hills_TV_Burp/episodes/1064868776</link><title>Series 9, Episode 8</title></episode>
<episode><epnum>97</epnum><seasonnum>09</seasonnum><prodnum></prodnum><airdate>2009-12-05</airdate><link>http://www.tvrage.com/Harry_Hills_TV_Burp/episodes/1064873854</link><title>The Best of TV Burp 5</title></episode>
<episode><epnum>98</epnum><seasonnum>10</seasonnum><prodnum></prodnum><airdate>2009-12-12</airdate><link>http://www.tvrage.com/Harry_Hills_TV_Burp/episodes/1064887668</link><title>The Best of TV Burp 6</title></episode>
<episode><epnum>99</epnum><seasonnum>11</seasonnum><prodnum></prodnum><airdate>2009-12-26</airdate><link>http://www.tvrage.com/Harry_Hills_TV_Burp/episodes/1064881363</link><title>Harry Hill's TV Burp Review of The Year</title></episode>
<episode><epnum>100</epnum><seasonnum>12</seasonnum><prodnum></prodnum><airdate>2010-01-02</airdate><link>http://www.tvrage.com/Harry_Hills_TV_Burp/episodes/1064865836</link><title>The Best of TV Burp 7</title></episode>
<episode><epnum>101</epnum><seasonnum>13</seasonnum><prodnum></prodnum><airdate>2010-01-09</airdate><link>http://www.tvrage.com/Harry_Hills_TV_Burp/episodes/1064887669</link><title>The Best of TV Burp 8</title></episode>
<episode><epnum>102</epnum><seasonnum>14</seasonnum><prodnum></prodnum><airdate>2010-01-16</airdate><link>http://www.tvrage.com/Harry_Hills_TV_Burp/episodes/1064893631</link><title>The Best of TV Burp 9</title></episode>
</Season>

<Season no="10">
<episode><epnum>103</epnum><seasonnum>01</seasonnum><prodnum></prodnum><airdate>2010-01-30</airdate><link>http://www.tvrage.com/Harry_Hills_TV_Burp/episodes/1064896955</link><title>Series 10, Episode 1</title></episode>
<episode><epnum>104</epnum><seasonnum>02</seasonnum><prodnum></prodnum><airdate>2010-02-06</airdate><link>http://www.tvrage.com/Harry_Hills_TV_Burp/episodes/1064896956</link><title>Series 10, Episode 2</title></episode>
<episode><epnum>105</epnum><seasonnum>03</seasonnum><prodnum></prodnum><airdate>2010-02-13</airdate><link>http://www.tvrage.com/Harry_Hills_TV_Burp/episodes/1064896957</link><title>Series 10, Episode 3</title></episode>
<episode><epnum>106</epnum><seasonnum>04</seasonnum><prodnum></prodnum><airdate>2010-02-20</airdate><link>http://www.tvrage.com/Harry_Hills_TV_Burp/episodes/1064900480</link><title>Series 10, Episode 4</title></episode>
<episode><epnum>107</epnum><seasonnum>05</seasonnum><prodnum></prodnum><airdate>2010-02-27</airdate><link>http://www.tvrage.com/Harry_Hills_TV_Burp/episodes/1064902277</link><title>Series 10, Episode 5</title></episode>
<episode><epnum>108</epnum><seasonnum>06</seasonnum><prodnum></prodnum><airdate>2010-03-06</airdate><link>http://www.tvrage.com/Harry_Hills_TV_Burp/episodes/1064903741</link><title>Series 10, Episode 6</title></episode>
<episode><epnum>109</epnum><seasonnum>07</seasonnum><prodnum></prodnum><airdate>2010-03-13</airdate><link>http://www.tvrage.com/Harry_Hills_TV_Burp/episodes/1064904668</link><title>Series 10, Episode 7</title></episode>
<episode><epnum>110</epnum><seasonnum>08</seasonnum><prodnum></prodnum><airdate>2010-03-20</airdate><link>http://www.tvrage.com/Harry_Hills_TV_Burp/episodes/1064906241</link><title>Series 10, Episode 8</title></episode>
<episode><epnum>111</epnum><seasonnum>09</seasonnum><prodnum></prodnum><airdate>2010-03-27</airdate><link>http://www.tvrage.com/Harry_Hills_TV_Burp/episodes/1064907606</link><title>The Best of TV Burp 10</title></episode>
<episode><epnum>112</epnum><seasonnum>10</seasonnum><prodnum></prodnum><airdate>2010-04-03</airdate><link>http://www.tvrage.com/Harry_Hills_TV_Burp/episodes/1064909919</link><title>The Best of TV Burp 11</title></episode>
</Season>

<Season no="11">
<episode><epnum>113</epnum><seasonnum>01</seasonnum><prodnum></prodnum><airdate>2010-10-09</airdate><link>http://www.tvrage.com/Harry_Hills_TV_Burp/episodes/1064957747</link><title>Series 11, Episode 1</title></episode>
<episode><epnum>114</epnum><seasonnum>02</seasonnum><prodnum></prodnum><airdate>2010-10-16</airdate><link>http://www.tvrage.com/Harry_Hills_TV_Burp/episodes/1064984166</link><title>Series 11, Episode 2</title></episode>
<episode><epnum>115</epnum><seasonnum>03</seasonnum><prodnum></prodnum><airdate>2010-10-23</airdate><link>http://www.tvrage.com/Harry_Hills_TV_Burp/episodes/1064982920</link><title>Series 11, Episode 3</title></episode>
<episode><epnum>116</epnum><seasonnum>04</seasonnum><prodnum></prodnum><airdate>2010-10-30</airdate><link>http://www.tvrage.com/Harry_Hills_TV_Burp/episodes/1064985281</link><title>Series 11, Episode 4</title></episode>
<episode><epnum>117</epnum><seasonnum>05</seasonnum><prodnum></prodnum><airdate>2010-11-06</airdate><link>http://www.tvrage.com/Harry_Hills_TV_Burp/episodes/1064986973</link><title>Series 11, Episode 5</title></episode>
<episode><epnum>118</epnum><seasonnum>06</seasonnum><prodnum></prodnum><airdate>2010-11-13</airdate><link>http://www.tvrage.com/Harry_Hills_TV_Burp/episodes/1064988319</link><title>Series 11, Episode 6</title></episode>
<episode><epnum>119</epnum><seasonnum>07</seasonnum><prodnum></prodnum><airdate>2010-11-20</airdate><link>http://www.tvrage.com/Harry_Hills_TV_Burp/episodes/1064989790</link><title>Series 11, Episode 7</title></episode>
<episode><epnum>120</epnum><seasonnum>08</seasonnum><prodnum></prodnum><airdate>2010-11-27</airdate><link>http://www.tvrage.com/Harry_Hills_TV_Burp/episodes/1064990521</link><title>Series 11, Episode 8</title></episode>
<episode><epnum>121</epnum><seasonnum>09</seasonnum><prodnum></prodnum><airdate>2010-12-04</airdate><link>http://www.tvrage.com/Harry_Hills_TV_Burp/episodes/1064992627</link><title>The Best of TV Burp 12</title></episode>
<episode><epnum>122</epnum><seasonnum>10</seasonnum><prodnum></prodnum><airdate>2010-12-26</airdate><link>http://www.tvrage.com/Harry_Hills_TV_Burp/episodes/1064996010</link><title>Harry Hill's TV Burp Review of The Year</title></episode>
<episode><epnum>123</epnum><seasonnum>11</seasonnum><prodnum></prodnum><airdate>2011-01-08</airdate><link>http://www.tvrage.com/Harry_Hills_TV_Burp/episodes/1065003199</link><title>The Best of TV Burp 13</title></episode>
<episode><epnum>124</epnum><seasonnum>12</seasonnum><prodnum></prodnum><airdate>2011-01-15</airdate><link>http://www.tvrage.com/Harry_Hills_TV_Burp/episodes/1065007663</link><title>The Best of TV Burp 14</title></episode>
<episode><epnum>125</epnum><seasonnum>13</seasonnum><prodnum></prodnum><airdate>2011-01-22</airdate><link>http://www.tvrage.com/Harry_Hills_TV_Burp/episodes/1065008404</link><title>The Best of TV Burp 15</title></episode>
</Season>

<Season no="12">
<episode><epnum>126</epnum><seasonnum>01</seasonnum><prodnum></prodnum><airdate>2011-02-05</airdate><link>http://www.tvrage.com/Harry_Hills_TV_Burp/episodes/1065012735</link><title>Series 12, Episode 1</title></episode>
<episode><epnum>127</epnum><seasonnum>02</seasonnum><prodnum></prodnum><airdate>2011-02-12</airdate><link>http://www.tvrage.com/Harry_Hills_TV_Burp/episodes/1065013098</link><title>Series 12, Episode 2</title></episode>
<episode><epnum>128</epnum><seasonnum>03</seasonnum><prodnum></prodnum><airdate>2011-02-19</airdate><link>http://www.tvrage.com/Harry_Hills_TV_Burp/episodes/1065014239</link><title>Series 12, Episode 3</title></episode>
<episode><epnum>129</epnum><seasonnum>04</seasonnum><prodnum></prodnum><airdate>2011-02-26</airdate><link>http://www.tvrage.com/Harry_Hills_TV_Burp/episodes/1065014867</link><title>Series 12, Episode 4</title></episode>
<episode><epnum>130</epnum><seasonnum>05</seasonnum><prodnum></prodnum><airdate>2011-03-05</airdate><link>http://www.tvrage.com/Harry_Hills_TV_Burp/episodes/1065016934</link><title>Series 12, Episode 5</title></episode>
<episode><epnum>131</epnum><seasonnum>06</seasonnum><prodnum></prodnum><airdate>2011-03-12</airdate><link>http://www.tvrage.com/Harry_Hills_TV_Burp/episodes/1065016935</link><title>Series 12, Episode 6</title></episode>
<episode><epnum>132</epnum><seasonnum>07</seasonnum><prodnum></prodnum><airdate>2011-03-19</airdate><link>http://www.tvrage.com/Harry_Hills_TV_Burp/episodes/1065016974</link><title>Series 12, Episode 7</title></episode>
<episode><epnum>133</epnum><seasonnum>08</seasonnum><prodnum></prodnum><airdate>2011-03-26</airdate><link>http://www.tvrage.com/Harry_Hills_TV_Burp/episodes/1065017088</link><title>Series 12, Episode 8</title></episode>
<episode><epnum>134</epnum><seasonnum>09</seasonnum><prodnum></prodnum><airdate>2011-04-02</airdate><link>http://www.tvrage.com/Harry_Hills_TV_Burp/episodes/1065024999</link><title>The Best of TV Burp 16</title></episode>
</Season>

<Season no="13">
<episode><epnum>135</epnum><seasonnum>01</seasonnum><prodnum></prodnum><airdate>2011-10-08</airdate><link>http://www.tvrage.com/Harry_Hills_TV_Burp/episodes/1065089292</link><title>Series 13, Episode 1</title></episode>
<episode><epnum>136</epnum><seasonnum>01</seasonnum><prodnum></prodnum><airdate>2011-10-08</airdate><link>http://www.tvrage.com/Harry_Hills_TV_Burp/episodes/1065144644</link><title>Series 13, Episode 1</title></episode>
<episode><epnum>136</epnum><seasonnum>02</seasonnum><prodnum></prodnum><airdate>2011-10-15</airdate><link>http://www.tvrage.com/Harry_Hills_TV_Burp/episodes/1065089293</link><title>Series 13, Episode 2</title></episode>
<episode><epnum>137</epnum><seasonnum>03</seasonnum><prodnum></prodnum><airdate>2011-10-22</airdate><link>http://www.tvrage.com/Harry_Hills_TV_Burp/episodes/1065092617</link><title>Series 13, Episode 3</title></episode>
<episode><epnum>138</epnum><seasonnum>04</seasonnum><prodnum></prodnum><airdate>2011-10-29</airdate><link>http://www.tvrage.com/Harry_Hills_TV_Burp/episodes/1065092958</link><title>Series 13, Episode 4</title></episode>
<episode><epnum>139</epnum><seasonnum>05</seasonnum><prodnum></prodnum><airdate>2011-11-05</airdate><link>http://www.tvrage.com/Harry_Hills_TV_Burp/episodes/1065092959</link><title>Series 13, Episode 5</title></episode>
<episode><epnum>140</epnum><seasonnum>06</seasonnum><prodnum></prodnum><airdate>2011-11-12</airdate><link>http://www.tvrage.com/Harry_Hills_TV_Burp/episodes/1065092960</link><title>Series 13, Episode 6</title></episode>
<episode><epnum>141</epnum><seasonnum>07</seasonnum><prodnum></prodnum><airdate>2011-11-19</airdate><link>http://www.tvrage.com/Harry_Hills_TV_Burp/episodes/1065106524</link><title>Series 13, Episode 7</title></episode>
<episode><epnum>142</epnum><seasonnum>08</seasonnum><prodnum></prodnum><airdate>2011-11-26</airdate><link>http://www.tvrage.com/Harry_Hills_TV_Burp/episodes/1065106525</link><title>Series 13, Episode 8</title></episode>
<episode><epnum>143</epnum><seasonnum>09</seasonnum><prodnum></prodnum><airdate>2011-12-03</airdate><link>http://www.tvrage.com/Harry_Hills_TV_Burp/episodes/1065115731</link><title>The Best of TV Burp 17</title></episode>
<episode><epnum>144</epnum><seasonnum>10</seasonnum><prodnum></prodnum><airdate>2012-01-04</airdate><link>http://www.tvrage.com/Harry_Hills_TV_Burp/episodes/1065121113</link><title>The Best of TV Burp 18</title></episode>
<episode><epnum>145</epnum><seasonnum>11</seasonnum><prodnum></prodnum><airdate>2012-01-07</airdate><link>http://www.tvrage.com/Harry_Hills_TV_Burp/episodes/1065121114</link><title>The Best of TV Burp 19</title></episode>
<episode><epnum>146</epnum><seasonnum>12</seasonnum><prodnum></prodnum><airdate>2012-01-14</airdate><link>http://www.tvrage.com/Harry_Hills_TV_Burp/episodes/1065127009</link><title>The Best of TV Burp 20</title></episode>
<episode><epnum>147</epnum><seasonnum>13</seasonnum><prodnum></prodnum><airdate>2012-01-21</airdate><link>http://www.tvrage.com/Harry_Hills_TV_Burp/episodes/1065129235</link><title>The Best of TV Burp 21</title></episode>
<episode><epnum>148</epnum><seasonnum>14</seasonnum><prodnum></prodnum><airdate>2012-01-28</airdate><link>http://www.tvrage.com/Harry_Hills_TV_Burp/episodes/1065129236</link><title>The Best of TV Burp 22</title></episode>
</Season>

<Season no="14">
<episode><epnum>149</epnum><seasonnum>01</seasonnum><prodnum></prodnum><airdate>2012-02-04</airdate><link>http://www.tvrage.com/Harry_Hills_TV_Burp/episodes/1065129237</link><title>Series 14, Episode 1</title></episode>
<episode><epnum>150</epnum><seasonnum>02</seasonnum><prodnum></prodnum><airdate>2012-02-11</airdate><link>http://www.tvrage.com/Harry_Hills_TV_Burp/episodes/1065129238</link><title>Series 14, Episode 2</title></episode>
<episode><epnum>151</epnum><seasonnum>03</seasonnum><prodnum></prodnum><airdate>2012-02-18</airdate><link>http://www.tvrage.com/Harry_Hills_TV_Burp/episodes/1065129239</link><title>Series 14, Episode 3</title></episode>
<episode><epnum>152</epnum><seasonnum>04</seasonnum><prodnum></prodnum><airdate>2012-02-25</airdate><link>http://www.tvrage.com/Harry_Hills_TV_Burp/episodes/1065129240</link><title>Series 14, Episode 4</title></episode>
<episode><epnum>153</epnum><seasonnum>05</seasonnum><prodnum></prodnum><airdate>2012-03-03</airdate><link>http://www.tvrage.com/Harry_Hills_TV_Burp/episodes/1065129241</link><title>Series 14, Episode 5</title></episode>
<episode><epnum>154</epnum><seasonnum>06</seasonnum><prodnum></prodnum><airdate>2012-03-10</airdate><link>http://www.tvrage.com/Harry_Hills_TV_Burp/episodes/1065129242</link><title>Series 14, Episode 6</title></episode>
<episode><epnum>155</epnum><seasonnum>07</seasonnum><prodnum></prodnum><airdate>2012-03-17</airdate><link>http://www.tvrage.com/Harry_Hills_TV_Burp/episodes/1065129243</link><title>Series 14, Episode 7</title></episode>
<episode><epnum>156</epnum><seasonnum>08</seasonnum><prodnum></prodnum><airdate>2012-03-24</airdate><link>http://www.tvrage.com/Harry_Hills_TV_Burp/episodes/1065129244</link><title>Series 14, Episode 8</title></episode>
<episode><epnum>157</epnum><seasonnum>09</seasonnum><prodnum></prodnum><airdate>2012-03-31</airdate><link>http://www.tvrage.com/Harry_Hills_TV_Burp/episodes/1065159610</link><title>The Best of TV Burp 23</title></episode>
<episode><epnum>158</epnum><seasonnum>10</seasonnum><prodnum></prodnum><airdate>2012-04-07</airdate><link>http://www.tvrage.com/Harry_Hills_TV_Burp/episodes/1065161261</link><title>The Best of TV Burp 24</title></episode>
</Season>

<Special>
<episode><season>4</season><airdate>2005-03-11</airdate><link>http://www.tvrage.com/Harry_Hills_TV_Burp/episodes/1065129232</link><title>Comic Relief Special</title></episode>
<episode><season>6</season><airdate>2006-12-30</airdate><link>http://www.tvrage.com/Harry_Hills_TV_Burp/episodes/494853</link><title>Christmas Special</title></episode>
<episode><season>6</season><airdate>2007-03-16</airdate><link>http://www.tvrage.com/Harry_Hills_TV_Burp/episodes/1065129233</link><title>Comic Relief Special</title></episode>
<episode><season>7</season><airdate>2007-12-25</airdate><link>http://www.tvrage.com/Harry_Hills_TV_Burp/episodes/630753</link><title>Christmas Special</title></episode>
<episode><season>8</season><airdate>2009-03-13</airdate><link>http://www.tvrage.com/Harry_Hills_TV_Burp/episodes/1065129234</link><title>Comic Relief Special</title></episode>
</Special>

</Episodelist>

</Show>