<?xml version="1.0" encoding="UTF-8" ?>


<Show>
<name>Friends Like These</name>
<totalseasons>5</totalseasons>
<showid>10355</showid>
<showlink>http://tvrage.com/shows/id-10355</showlink>
<started>Oct/1999</started>
<ended>Sep/2003</ended>
<image>http://images.tvrage.com/shows/11/10355.jpg</image>
<origin_country>UK</origin_country>
<status>Canceled/Ended</status>
<classification>Game Show</classification>
<runtime>60</runtime>
<network country="UK">BBC One</network>
<airtime>18:30</airtime>
<airday>Saturday</airday>
<timezone>GMT+0 -DST</timezone>
<Episodelist>

<Season no="1">
<episode><epnum>1</epnum><seasonnum>01</seasonnum><prodnum></prodnum><airdate>1999-11-06</airdate><link>http://www.tvrage.com/shows/id-10355/episodes/382416</link><title>Series 1, Show 1</title></episode>
<episode><epnum>2</epnum><seasonnum>02</seasonnum><prodnum></prodnum><airdate>2000-02-12</airdate><link>http://www.tvrage.com/shows/id-10355/episodes/382417</link><title>Series 1, Show 2</title></episode>
<episode><epnum>3</epnum><seasonnum>03</seasonnum><prodnum></prodnum><airdate>2000-02-19</airdate><link>http://www.tvrage.com/shows/id-10355/episodes/382418</link><title>Series 1, Show 3</title></episode>
<episode><epnum>4</epnum><seasonnum>04</seasonnum><prodnum></prodnum><airdate>2000-02-26</airdate><link>http://www.tvrage.com/shows/id-10355/episodes/382419</link><title>Series 1, Show 4</title></episode>
<episode><epnum>5</epnum><seasonnum>05</seasonnum><prodnum></prodnum><airdate>2000-03-04</airdate><link>http://www.tvrage.com/shows/id-10355/episodes/382420</link><title>Series 1, Show 5</title></episode>
<episode><epnum>6</epnum><seasonnum>06</seasonnum><prodnum></prodnum><airdate>2000-03-11</airdate><link>http://www.tvrage.com/shows/id-10355/episodes/382421</link><title>Series 1, Show 6</title></episode>
<episode><epnum>7</epnum><seasonnum>07</seasonnum><prodnum></prodnum><airdate>2000-03-18</airdate><link>http://www.tvrage.com/shows/id-10355/episodes/382422</link><title>Series 1, Show 7</title></episode>
<episode><epnum>8</epnum><seasonnum>08</seasonnum><prodnum></prodnum><airdate>2000-03-25</airdate><link>http://www.tvrage.com/shows/id-10355/episodes/382423</link><title>Series 1, Show 8</title></episode>
<episode><epnum>9</epnum><seasonnum>09</seasonnum><prodnum></prodnum><airdate>2000-04-01</airdate><link>http://www.tvrage.com/shows/id-10355/episodes/382424</link><title>Series 1, Show 9</title></episode>
</Season>

<Season no="2">
<episode><epnum>10</epnum><seasonnum>01</seasonnum><prodnum></prodnum><airdate>2000-10-28</airdate><link>http://www.tvrage.com/shows/id-10355/episodes/382425</link><title>Series 2, Show 1</title></episode>
<episode><epnum>11</epnum><seasonnum>02</seasonnum><prodnum></prodnum><airdate>2000-11-04</airdate><link>http://www.tvrage.com/shows/id-10355/episodes/382426</link><title>Series 2, Show 2</title></episode>
<episode><epnum>12</epnum><seasonnum>03</seasonnum><prodnum></prodnum><airdate>2000-11-11</airdate><link>http://www.tvrage.com/shows/id-10355/episodes/382427</link><title>Series 2, Show 3</title></episode>
<episode><epnum>13</epnum><seasonnum>04</seasonnum><prodnum></prodnum><airdate>2000-11-18</airdate><link>http://www.tvrage.com/shows/id-10355/episodes/382428</link><title>Series 2, Show 4</title></episode>
<episode><epnum>14</epnum><seasonnum>05</seasonnum><prodnum></prodnum><airdate>2000-11-25</airdate><link>http://www.tvrage.com/shows/id-10355/episodes/382429</link><title>Series 2, Show 5</title></episode>
<episode><epnum>15</epnum><seasonnum>06</seasonnum><prodnum></prodnum><airdate>2000-12-02</airdate><link>http://www.tvrage.com/shows/id-10355/episodes/382430</link><title>Series 2, Show 6</title></episode>
<episode><epnum>16</epnum><seasonnum>07</seasonnum><prodnum></prodnum><airdate>2000-12-09</airdate><link>http://www.tvrage.com/shows/id-10355/episodes/382431</link><title>Series 2, Show 7</title></episode>
<episode><epnum>17</epnum><seasonnum>08</seasonnum><prodnum></prodnum><airdate>2000-12-23</airdate><link>http://www.tvrage.com/shows/id-10355/episodes/382432</link><title>Series 2, Show 8</title></episode>
<episode><epnum>18</epnum><seasonnum>09</seasonnum><prodnum></prodnum><airdate>2000-12-28</airdate><link>http://www.tvrage.com/shows/id-10355/episodes/382433</link><title>Series 2, Holby v Eastenders</title></episode>
<episode><epnum>19</epnum><seasonnum>10</seasonnum><prodnum></prodnum><airdate>2001-01-06</airdate><link>http://www.tvrage.com/shows/id-10355/episodes/382434</link><title>Series 2, Show 10</title></episode>
</Season>

<Season no="3">
<episode><epnum>20</epnum><seasonnum>01</seasonnum><prodnum></prodnum><airdate>2001-06-09</airdate><link>http://www.tvrage.com/shows/id-10355/episodes/382435</link><title>Series 3, Show 1</title></episode>
<episode><epnum>21</epnum><seasonnum>02</seasonnum><prodnum></prodnum><airdate>2001-06-16</airdate><link>http://www.tvrage.com/shows/id-10355/episodes/382436</link><title>Series 3, Show 2</title></episode>
<episode><epnum>22</epnum><seasonnum>03</seasonnum><prodnum></prodnum><airdate>2001-06-23</airdate><link>http://www.tvrage.com/shows/id-10355/episodes/382437</link><title>Series 3, Show 3</title></episode>
<episode><epnum>23</epnum><seasonnum>04</seasonnum><prodnum></prodnum><airdate>2001-06-30</airdate><link>http://www.tvrage.com/shows/id-10355/episodes/382438</link><title>Series 3, Show 4</title></episode>
<episode><epnum>24</epnum><seasonnum>05</seasonnum><prodnum></prodnum><airdate>2001-07-14</airdate><link>http://www.tvrage.com/shows/id-10355/episodes/382439</link><title>Series 3, Show 5</title></episode>
<episode><epnum>25</epnum><seasonnum>06</seasonnum><prodnum></prodnum><airdate>2001-07-21</airdate><link>http://www.tvrage.com/shows/id-10355/episodes/382440</link><title>Series 3, Show 6</title></episode>
<episode><epnum>26</epnum><seasonnum>07</seasonnum><prodnum></prodnum><airdate>2001-07-28</airdate><link>http://www.tvrage.com/shows/id-10355/episodes/382441</link><title>Series 3, Show 7</title></episode>
<episode><epnum>27</epnum><seasonnum>08</seasonnum><prodnum></prodnum><airdate>2001-08-04</airdate><link>http://www.tvrage.com/shows/id-10355/episodes/382442</link><title>Series 3, Show 8</title></episode>
<episode><epnum>28</epnum><seasonnum>09</seasonnum><prodnum></prodnum><airdate>2001-10-27</airdate><link>http://www.tvrage.com/shows/id-10355/episodes/382443</link><title>Series 3, Show 9</title></episode>
<episode><epnum>29</epnum><seasonnum>10</seasonnum><prodnum></prodnum><airdate>2001-11-03</airdate><link>http://www.tvrage.com/shows/id-10355/episodes/382444</link><title>Series 3, Show 10</title></episode>
<episode><epnum>30</epnum><seasonnum>11</seasonnum><prodnum></prodnum><airdate>2001-11-10</airdate><link>http://www.tvrage.com/shows/id-10355/episodes/382445</link><title>Series 3, Show 11</title></episode>
<episode><epnum>31</epnum><seasonnum>12</seasonnum><prodnum></prodnum><airdate>2001-11-17</airdate><link>http://www.tvrage.com/shows/id-10355/episodes/382446</link><title>Series 3, Show 12</title></episode>
<episode><epnum>32</epnum><seasonnum>13</seasonnum><prodnum></prodnum><airdate>2001-11-24</airdate><link>http://www.tvrage.com/shows/id-10355/episodes/382447</link><title>Series 3, Show 13</title></episode>
<episode><epnum>33</epnum><seasonnum>14</seasonnum><prodnum></prodnum><airdate>2001-12-08</airdate><link>http://www.tvrage.com/shows/id-10355/episodes/382448</link><title>Series 3, Show 14</title></episode>
<episode><epnum>34</epnum><seasonnum>15</seasonnum><prodnum></prodnum><airdate>2001-12-15</airdate><link>http://www.tvrage.com/shows/id-10355/episodes/382449</link><title>Series 3, Show 15</title></episode>
<episode><epnum>35</epnum><seasonnum>16</seasonnum><prodnum></prodnum><airdate>2001-12-22</airdate><link>http://www.tvrage.com/shows/id-10355/episodes/382450</link><title>Series 3, Show 16</title></episode>
<episode><epnum>36</epnum><seasonnum>17</seasonnum><prodnum></prodnum><airdate>2001-12-29</airdate><link>http://www.tvrage.com/shows/id-10355/episodes/382451</link><title>Series 3, Show 17</title></episode>
<episode><epnum>37</epnum><seasonnum>18</seasonnum><prodnum></prodnum><airdate>2002-01-12</airdate><link>http://www.tvrage.com/shows/id-10355/episodes/382452</link><title>Series 3, Show 18</title></episode>
<episode><epnum>38</epnum><seasonnum>19</seasonnum><prodnum></prodnum><airdate>2002-01-18</airdate><link>http://www.tvrage.com/shows/id-10355/episodes/382469</link><title>Series 3, Show 19</title></episode>
</Season>

<Season no="4">
<episode><epnum>39</epnum><seasonnum>01</seasonnum><prodnum></prodnum><airdate>2002-04-27</airdate><link>http://www.tvrage.com/shows/id-10355/episodes/382453</link><title>Series 4, Show 1</title></episode>
<episode><epnum>40</epnum><seasonnum>02</seasonnum><prodnum></prodnum><airdate>2002-05-04</airdate><link>http://www.tvrage.com/shows/id-10355/episodes/382454</link><title>Series 4, Show 2</title></episode>
<episode><epnum>41</epnum><seasonnum>03</seasonnum><prodnum></prodnum><airdate>2002-05-11</airdate><link>http://www.tvrage.com/shows/id-10355/episodes/382455</link><title>Series 4, Show 3</title></episode>
<episode><epnum>42</epnum><seasonnum>04</seasonnum><prodnum></prodnum><airdate>2002-05-18</airdate><link>http://www.tvrage.com/shows/id-10355/episodes/382456</link><title>Series 4, Show 4</title></episode>
<episode><epnum>43</epnum><seasonnum>05</seasonnum><prodnum></prodnum><airdate>2002-05-25</airdate><link>http://www.tvrage.com/shows/id-10355/episodes/382457</link><title>Series 4, Show 5</title></episode>
<episode><epnum>44</epnum><seasonnum>06</seasonnum><prodnum></prodnum><airdate>2002-06-01</airdate><link>http://www.tvrage.com/shows/id-10355/episodes/382458</link><title>Series 4, Show 6</title></episode>
<episode><epnum>45</epnum><seasonnum>07</seasonnum><prodnum></prodnum><airdate>2002-06-15</airdate><link>http://www.tvrage.com/shows/id-10355/episodes/382459</link><title>Series 4, Show 7</title></episode>
<episode><epnum>46</epnum><seasonnum>08</seasonnum><prodnum></prodnum><airdate>2002-06-22</airdate><link>http://www.tvrage.com/shows/id-10355/episodes/382460</link><title>Series 4, Show 8</title></episode>
</Season>

<Season no="5">
<episode><epnum>47</epnum><seasonnum>01</seasonnum><prodnum></prodnum><airdate>2003-01-11</airdate><link>http://www.tvrage.com/shows/id-10355/episodes/382461</link><title>Series 5, Show 1</title></episode>
<episode><epnum>48</epnum><seasonnum>02</seasonnum><prodnum></prodnum><airdate>2003-01-18</airdate><link>http://www.tvrage.com/shows/id-10355/episodes/382462</link><title>Series 5, Show 2</title></episode>
<episode><epnum>49</epnum><seasonnum>03</seasonnum><prodnum></prodnum><airdate>2003-01-25</airdate><link>http://www.tvrage.com/shows/id-10355/episodes/382463</link><title>Series 5, Show 3</title></episode>
<episode><epnum>50</epnum><seasonnum>04</seasonnum><prodnum></prodnum><airdate>2003-02-01</airdate><link>http://www.tvrage.com/shows/id-10355/episodes/382464</link><title>Series 5, Show 4</title></episode>
<episode><epnum>51</epnum><seasonnum>05</seasonnum><prodnum></prodnum><airdate>2003-02-08</airdate><link>http://www.tvrage.com/shows/id-10355/episodes/382465</link><title>Series 5, Show 5</title></episode>
<episode><epnum>52</epnum><seasonnum>06</seasonnum><prodnum></prodnum><airdate>2003-03-01</airdate><link>http://www.tvrage.com/shows/id-10355/episodes/382466</link><title>Series 5, Show 6</title></episode>
<episode><epnum>53</epnum><seasonnum>07</seasonnum><prodnum></prodnum><airdate>2003-08-13</airdate><link>http://www.tvrage.com/shows/id-10355/episodes/382467</link><title>Series 5, Show 7</title></episode>
<episode><epnum>54</epnum><seasonnum>08</seasonnum><prodnum></prodnum><airdate>2003-08-20</airdate><link>http://www.tvrage.com/shows/id-10355/episodes/382468</link><title>Series 5, Show 8</title></episode>
</Season>

</Episodelist>

</Show>