<?xml version="1.0" encoding="UTF-8" ?>


<Show>
<name>Game For A Laugh</name>
<totalseasons>1</totalseasons>
<showid>10358</showid>
<showlink>http://tvrage.com/shows/id-10358</showlink>
<started>Sep/26/1981</started>
<ended>Nov/1985</ended>
<image>http://images.tvrage.com/shows/11/10358.jpg</image>
<origin_country>UK</origin_country>
<status>Canceled/Ended</status>
<classification>Game Show</classification>
<runtime>60</runtime>
<network country="UK">ITV</network>
<airtime>12:00</airtime>
<timezone>GMT+0 -DST</timezone>

</Show>