<?xml version="1.0" encoding="UTF-8" ?>


<Show>
<name>Film Buff Of The Year</name>
<totalseasons>1</totalseasons>
<showid>10353</showid>
<showlink>http://tvrage.com/shows/id-10353</showlink>
<started>Jul/28/1982</started>
<ended>Oct/31/1986</ended>
<image>http://images.tvrage.com/shows/11/10353.jpg</image>
<origin_country>UK</origin_country>
<status>Canceled/Ended</status>
<classification>Game Show</classification>
<runtime>30</runtime>
<network country="UK">BBC TWO</network>
<airtime>12:00</airtime>
<timezone>GMT+0 -DST</timezone>

</Show>