<?xml version="1.0" encoding="UTF-8" ?>


<Show>
<name>Garry Bushell Reveals All</name>
<totalseasons>1</totalseasons>
<showid>10359</showid>
<showlink>http://tvrage.com/shows/id-10359</showlink>
<started>Mar/2000</started>
<ended>2000</ended>
<image>http://images.tvrage.com/shows/11/10359.jpg</image>
<origin_country>UK</origin_country>
<status>Canceled/Ended</status>
<classification>Game Show</classification>
<runtime>30</runtime>
<network country="UK">ITV Granada</network>
<airtime>12:00</airtime>
<timezone>GMT+0 -DST</timezone>

</Show>