<?xml version="1.0" encoding="UTF-8" ?>


<Show>
<name>Guess My Story (CA)</name>
<totalseasons>1</totalseasons>
<showid>10361</showid>
<showlink>http://tvrage.com/Guess_My_Story_CA</showlink>
<started>Jul/1954</started>
<ended>Aug/1954</ended>
<origin_country>CA</origin_country>
<status>Canceled/Ended</status>
<classification>Game Show</classification>
<runtime>30</runtime>
<network country="CA">CBC</network>
<airtime>20:00</airtime>
<airday>Friday</airday>
<timezone>GMT-5 -DST</timezone>

</Show>