<?xml version="1.0" encoding="UTF-8" ?>


<Show>
<name>The Great House Game</name>
<totalseasons>1</totalseasons>
<showid>10366</showid>
<showlink>http://tvrage.com/shows/id-10366</showlink>
<started>Aug/1998</started>
<ended>Feb/1999</ended>
<image>http://images.tvrage.com/shows/11/10366.jpg</image>
<origin_country>UK</origin_country>
<status>Canceled/Ended</status>
<classification>Game Show</classification>
<runtime>30</runtime>
<network country="UK">Channel 5</network>
<airtime>12:00</airtime>
<timezone>GMT+0 -DST</timezone>

</Show>