<?xml version="1.0" encoding="UTF-8" ?>


<Show>
<name>The Generation Game</name>
<totalseasons>23</totalseasons>
<showid>10360</showid>
<showlink>http://tvrage.com/shows/id-10360</showlink>
<started>Oct/02/1971</started>
<ended>Apr/13/2002</ended>
<image>http://images.tvrage.com/shows/11/10360.jpg</image>
<origin_country>UK</origin_country>
<status>Canceled/Ended</status>
<classification>Game Show</classification>
<genres><genre>Family</genre></genres>
<runtime>60</runtime>
<network country="UK">BBC One</network>
<airtime>18:00</airtime>
<airday>Saturday</airday>
<timezone>GMT+0 -DST</timezone>
<Episodelist>

<Season no="1">
<episode><epnum>1</epnum><seasonnum>01</seasonnum><prodnum></prodnum><airdate>1971-10-02</airdate><link>http://www.tvrage.com/shows/id-10360/episodes/1064801391</link><title>Series 1, Show 1</title></episode>
<episode><epnum>2</epnum><seasonnum>02</seasonnum><prodnum></prodnum><airdate>1971-10-09</airdate><link>http://www.tvrage.com/shows/id-10360/episodes/1064801392</link><title>Series 1, Show 2</title></episode>
<episode><epnum>3</epnum><seasonnum>03</seasonnum><prodnum></prodnum><airdate>1971-10-16</airdate><link>http://www.tvrage.com/shows/id-10360/episodes/1064801393</link><title>Series 1, Show 3</title></episode>
<episode><epnum>4</epnum><seasonnum>04</seasonnum><prodnum></prodnum><airdate>1971-10-23</airdate><link>http://www.tvrage.com/shows/id-10360/episodes/1064801394</link><title>Series 1, Show 4</title></episode>
<episode><epnum>5</epnum><seasonnum>05</seasonnum><prodnum></prodnum><airdate>1971-10-30</airdate><link>http://www.tvrage.com/shows/id-10360/episodes/1064801395</link><title>Series 1, Show 5</title></episode>
<episode><epnum>6</epnum><seasonnum>06</seasonnum><prodnum></prodnum><airdate>1971-11-06</airdate><link>http://www.tvrage.com/shows/id-10360/episodes/1064801396</link><title>Series 1, Show 6</title></episode>
<episode><epnum>7</epnum><seasonnum>07</seasonnum><prodnum></prodnum><airdate>1971-11-13</airdate><link>http://www.tvrage.com/shows/id-10360/episodes/1064801397</link><title>Series 1, Show 7</title></episode>
<episode><epnum>8</epnum><seasonnum>08</seasonnum><prodnum></prodnum><airdate>1971-11-20</airdate><link>http://www.tvrage.com/shows/id-10360/episodes/1064801398</link><title>Series 1, Show 8</title></episode>
<episode><epnum>9</epnum><seasonnum>09</seasonnum><prodnum></prodnum><airdate>1971-11-27</airdate><link>http://www.tvrage.com/shows/id-10360/episodes/1064801399</link><title>Series 1, Show 9</title></episode>
<episode><epnum>10</epnum><seasonnum>10</seasonnum><prodnum></prodnum><airdate>1971-12-04</airdate><link>http://www.tvrage.com/shows/id-10360/episodes/1064801400</link><title>Series 1, Show 10</title></episode>
<episode><epnum>11</epnum><seasonnum>11</seasonnum><prodnum></prodnum><airdate>1971-12-11</airdate><link>http://www.tvrage.com/shows/id-10360/episodes/1064801401</link><title>Series 1, Show 11</title></episode>
<episode><epnum>12</epnum><seasonnum>12</seasonnum><prodnum></prodnum><airdate>1971-12-18</airdate><link>http://www.tvrage.com/shows/id-10360/episodes/1064801402</link><title>Series 1, Show 12</title></episode>
<episode><epnum>13</epnum><seasonnum>13</seasonnum><prodnum></prodnum><airdate>1971-12-24</airdate><link>http://www.tvrage.com/shows/id-10360/episodes/1064801403</link><title>Series 1, Show 13</title></episode>
<episode><epnum>14</epnum><seasonnum>14</seasonnum><prodnum></prodnum><airdate>1971-12-31</airdate><link>http://www.tvrage.com/shows/id-10360/episodes/1064801404</link><title>Series 1, Show 14</title></episode>
<episode><epnum>15</epnum><seasonnum>15</seasonnum><prodnum></prodnum><airdate>1972-05-28</airdate><link>http://www.tvrage.com/shows/id-10360/episodes/1064802223</link><title>Bank Holiday Special</title></episode>
<episode><epnum>16</epnum><seasonnum>16</seasonnum><prodnum></prodnum><airdate>1972-09-09</airdate><link>http://www.tvrage.com/shows/id-10360/episodes/1064802224</link><title>Series 1 Compilation</title></episode>
</Season>

<Season no="2">
<episode><epnum>17</epnum><seasonnum>01</seasonnum><prodnum></prodnum><airdate>1972-09-16</airdate><link>http://www.tvrage.com/shows/id-10360/episodes/1064801405</link><title>Series 2, Show 1</title></episode>
<episode><epnum>18</epnum><seasonnum>02</seasonnum><prodnum></prodnum><airdate>1972-09-23</airdate><link>http://www.tvrage.com/shows/id-10360/episodes/1064801406</link><title>Series 2, Show 2</title></episode>
<episode><epnum>19</epnum><seasonnum>03</seasonnum><prodnum></prodnum><airdate>1972-09-30</airdate><link>http://www.tvrage.com/shows/id-10360/episodes/1064801407</link><title>Series 2, Show 3</title></episode>
<episode><epnum>20</epnum><seasonnum>04</seasonnum><prodnum></prodnum><airdate>1972-10-07</airdate><link>http://www.tvrage.com/shows/id-10360/episodes/1064801408</link><title>Series 2, Show 4</title></episode>
<episode><epnum>21</epnum><seasonnum>05</seasonnum><prodnum></prodnum><airdate>1972-10-14</airdate><link>http://www.tvrage.com/shows/id-10360/episodes/1064801409</link><title>Series 2, Show 5</title></episode>
<episode><epnum>22</epnum><seasonnum>06</seasonnum><prodnum></prodnum><airdate>1972-10-21</airdate><link>http://www.tvrage.com/shows/id-10360/episodes/1064801410</link><title>Series 2, Show 6</title></episode>
<episode><epnum>23</epnum><seasonnum>07</seasonnum><prodnum></prodnum><airdate>1972-10-28</airdate><link>http://www.tvrage.com/shows/id-10360/episodes/1064801411</link><title>Series 2, Show 7</title></episode>
<episode><epnum>24</epnum><seasonnum>08</seasonnum><prodnum></prodnum><airdate>1972-11-04</airdate><link>http://www.tvrage.com/shows/id-10360/episodes/1064801412</link><title>Series 2, Show 8</title></episode>
<episode><epnum>25</epnum><seasonnum>09</seasonnum><prodnum></prodnum><airdate>1972-11-11</airdate><link>http://www.tvrage.com/shows/id-10360/episodes/1064801413</link><title>Series 2, Show 9</title></episode>
<episode><epnum>26</epnum><seasonnum>10</seasonnum><prodnum></prodnum><airdate>1972-11-18</airdate><link>http://www.tvrage.com/shows/id-10360/episodes/1064801414</link><title>Series 2, Show 10</title></episode>
<episode><epnum>27</epnum><seasonnum>11</seasonnum><prodnum></prodnum><airdate>1972-11-25</airdate><link>http://www.tvrage.com/shows/id-10360/episodes/1064801415</link><title>Series 2, Show 11</title></episode>
<episode><epnum>28</epnum><seasonnum>12</seasonnum><prodnum></prodnum><airdate>1972-12-02</airdate><link>http://www.tvrage.com/shows/id-10360/episodes/1064801416</link><title>Series 2, Show 12</title></episode>
<episode><epnum>29</epnum><seasonnum>13</seasonnum><prodnum></prodnum><airdate>1972-12-09</airdate><link>http://www.tvrage.com/shows/id-10360/episodes/1064801417</link><title>Series 2, Show 13</title></episode>
<episode><epnum>30</epnum><seasonnum>14</seasonnum><prodnum></prodnum><airdate>1972-12-16</airdate><link>http://www.tvrage.com/shows/id-10360/episodes/1064801418</link><title>Series 2, Show 14</title></episode>
<episode><epnum>31</epnum><seasonnum>15</seasonnum><prodnum></prodnum><airdate>1972-12-23</airdate><link>http://www.tvrage.com/shows/id-10360/episodes/1064801419</link><title>Series 2, Show 15</title></episode>
<episode><epnum>32</epnum><seasonnum>16</seasonnum><prodnum></prodnum><airdate>1973-01-01</airdate><link>http://www.tvrage.com/shows/id-10360/episodes/1064801420</link><title>Series 2, Show 16</title></episode>
</Season>

<Season no="3">
<episode><epnum>33</epnum><seasonnum>01</seasonnum><prodnum></prodnum><airdate>1973-09-15</airdate><link>http://www.tvrage.com/shows/id-10360/episodes/1064801421</link><title>Series 3, Show 1</title></episode>
<episode><epnum>34</epnum><seasonnum>02</seasonnum><prodnum></prodnum><airdate>1973-09-22</airdate><link>http://www.tvrage.com/shows/id-10360/episodes/1064801422</link><title>Series 3, Show 2</title></episode>
<episode><epnum>35</epnum><seasonnum>03</seasonnum><prodnum></prodnum><airdate>1973-09-29</airdate><link>http://www.tvrage.com/shows/id-10360/episodes/1064801423</link><title>Series 3, Show 3</title></episode>
<episode><epnum>36</epnum><seasonnum>04</seasonnum><prodnum></prodnum><airdate>1973-10-06</airdate><link>http://www.tvrage.com/shows/id-10360/episodes/1064801424</link><title>Series 3, Show 4</title></episode>
<episode><epnum>37</epnum><seasonnum>05</seasonnum><prodnum></prodnum><airdate>1973-10-13</airdate><link>http://www.tvrage.com/shows/id-10360/episodes/1064801425</link><title>Series 3, Show 5</title></episode>
<episode><epnum>38</epnum><seasonnum>06</seasonnum><prodnum></prodnum><airdate>1973-10-20</airdate><link>http://www.tvrage.com/shows/id-10360/episodes/1064801426</link><title>Series 3, Show 6</title></episode>
<episode><epnum>39</epnum><seasonnum>07</seasonnum><prodnum></prodnum><airdate>1973-10-27</airdate><link>http://www.tvrage.com/shows/id-10360/episodes/1064801427</link><title>Series 3, Show 7</title></episode>
<episode><epnum>40</epnum><seasonnum>08</seasonnum><prodnum></prodnum><airdate>1973-11-03</airdate><link>http://www.tvrage.com/shows/id-10360/episodes/1064801428</link><title>Series 3, Show 8</title></episode>
<episode><epnum>41</epnum><seasonnum>09</seasonnum><prodnum></prodnum><airdate>1973-11-10</airdate><link>http://www.tvrage.com/shows/id-10360/episodes/1064801429</link><title>Series 3, Show 9</title></episode>
<episode><epnum>42</epnum><seasonnum>10</seasonnum><prodnum></prodnum><airdate>1973-11-17</airdate><link>http://www.tvrage.com/shows/id-10360/episodes/1064801430</link><title>Series 3, Show 10</title></episode>
<episode><epnum>43</epnum><seasonnum>11</seasonnum><prodnum></prodnum><airdate>1973-11-24</airdate><link>http://www.tvrage.com/shows/id-10360/episodes/1064801431</link><title>Series 3, Show 11</title></episode>
<episode><epnum>44</epnum><seasonnum>12</seasonnum><prodnum></prodnum><airdate>1973-12-01</airdate><link>http://www.tvrage.com/shows/id-10360/episodes/1064801432</link><title>Series 3, Show 12</title></episode>
<episode><epnum>45</epnum><seasonnum>13</seasonnum><prodnum></prodnum><airdate>1973-12-08</airdate><link>http://www.tvrage.com/shows/id-10360/episodes/1064801433</link><title>Series 3, Show 13</title></episode>
<episode><epnum>46</epnum><seasonnum>14</seasonnum><prodnum></prodnum><airdate>1973-12-15</airdate><link>http://www.tvrage.com/shows/id-10360/episodes/1064801434</link><title>Series 3, Show 14</title></episode>
<episode><epnum>47</epnum><seasonnum>15</seasonnum><prodnum></prodnum><airdate>1973-12-22</airdate><link>http://www.tvrage.com/shows/id-10360/episodes/1064801435</link><title>Series 3, Show 15</title></episode>
<episode><epnum>48</epnum><seasonnum>16</seasonnum><prodnum></prodnum><airdate>1973-12-29</airdate><link>http://www.tvrage.com/shows/id-10360/episodes/1064801436</link><title>Series 3, Show 16</title></episode>
<episode><epnum>49</epnum><seasonnum>17</seasonnum><prodnum></prodnum><airdate>1974-01-05</airdate><link>http://www.tvrage.com/shows/id-10360/episodes/1064801437</link><title>Series 3, Show 17</title></episode>
<episode><epnum>50</epnum><seasonnum>18</seasonnum><prodnum></prodnum><airdate>1974-01-12</airdate><link>http://www.tvrage.com/shows/id-10360/episodes/1064801438</link><title>Series 3, Show 18</title></episode>
<episode><epnum>51</epnum><seasonnum>19</seasonnum><prodnum></prodnum><airdate>1974-01-19</airdate><link>http://www.tvrage.com/shows/id-10360/episodes/1064801439</link><title>Series 3, Show 19</title></episode>
<episode><epnum>52</epnum><seasonnum>20</seasonnum><prodnum></prodnum><airdate>1974-01-26</airdate><link>http://www.tvrage.com/shows/id-10360/episodes/1064801440</link><title>Series 3, Show 20</title></episode>
<episode><epnum>53</epnum><seasonnum>21</seasonnum><prodnum></prodnum><airdate>1974-02-02</airdate><link>http://www.tvrage.com/shows/id-10360/episodes/1064801441</link><title>Series 3, Show 21</title></episode>
</Season>

<Season no="4">
<episode><epnum>54</epnum><seasonnum>01</seasonnum><prodnum></prodnum><airdate>1974-09-14</airdate><link>http://www.tvrage.com/shows/id-10360/episodes/1064801442</link><title>Series 4, Show 1</title></episode>
<episode><epnum>55</epnum><seasonnum>02</seasonnum><prodnum></prodnum><airdate>1974-09-21</airdate><link>http://www.tvrage.com/shows/id-10360/episodes/1064801443</link><title>Series 4, Show 2</title></episode>
<episode><epnum>56</epnum><seasonnum>03</seasonnum><prodnum></prodnum><airdate>1974-09-28</airdate><link>http://www.tvrage.com/shows/id-10360/episodes/1064801444</link><title>Series 4, Show 3</title></episode>
<episode><epnum>57</epnum><seasonnum>04</seasonnum><prodnum></prodnum><airdate>1974-10-05</airdate><link>http://www.tvrage.com/shows/id-10360/episodes/1064801445</link><title>Series 4, Show 4</title></episode>
<episode><epnum>58</epnum><seasonnum>05</seasonnum><prodnum></prodnum><airdate>1974-10-12</airdate><link>http://www.tvrage.com/shows/id-10360/episodes/1064801446</link><title>Series 4, Show 5</title></episode>
<episode><epnum>59</epnum><seasonnum>06</seasonnum><prodnum></prodnum><airdate>1974-10-19</airdate><link>http://www.tvrage.com/shows/id-10360/episodes/1064801447</link><title>Series 4, Show 6</title></episode>
<episode><epnum>60</epnum><seasonnum>07</seasonnum><prodnum></prodnum><airdate>1974-10-26</airdate><link>http://www.tvrage.com/shows/id-10360/episodes/1064801448</link><title>Series 4, Show 7</title></episode>
<episode><epnum>61</epnum><seasonnum>08</seasonnum><prodnum></prodnum><airdate>1974-11-02</airdate><link>http://www.tvrage.com/shows/id-10360/episodes/1064801449</link><title>Series 4, Show 8</title></episode>
<episode><epnum>62</epnum><seasonnum>09</seasonnum><prodnum></prodnum><airdate>1974-11-09</airdate><link>http://www.tvrage.com/shows/id-10360/episodes/1064801450</link><title>Series 4, Show 9</title></episode>
<episode><epnum>63</epnum><seasonnum>10</seasonnum><prodnum></prodnum><airdate>1974-11-16</airdate><link>http://www.tvrage.com/shows/id-10360/episodes/1064801451</link><title>Series 4, Show 10</title></episode>
<episode><epnum>64</epnum><seasonnum>11</seasonnum><prodnum></prodnum><airdate>1974-11-23</airdate><link>http://www.tvrage.com/shows/id-10360/episodes/1064801452</link><title>Series 4, Show 11</title></episode>
<episode><epnum>65</epnum><seasonnum>12</seasonnum><prodnum></prodnum><airdate>1974-11-30</airdate><link>http://www.tvrage.com/shows/id-10360/episodes/1064801453</link><title>Series 4, Show 12</title></episode>
<episode><epnum>66</epnum><seasonnum>13</seasonnum><prodnum></prodnum><airdate>1974-12-07</airdate><link>http://www.tvrage.com/shows/id-10360/episodes/1064801454</link><title>Series 4, Show 13</title></episode>
<episode><epnum>67</epnum><seasonnum>14</seasonnum><prodnum></prodnum><airdate>1974-12-14</airdate><link>http://www.tvrage.com/shows/id-10360/episodes/1064801455</link><title>Series 4, Show 14</title></episode>
<episode><epnum>68</epnum><seasonnum>15</seasonnum><prodnum></prodnum><airdate>1974-12-21</airdate><link>http://www.tvrage.com/shows/id-10360/episodes/1064801456</link><title>Series 4, Show 15</title></episode>
<episode><epnum>69</epnum><seasonnum>16</seasonnum><prodnum></prodnum><airdate>1974-12-28</airdate><link>http://www.tvrage.com/shows/id-10360/episodes/1064801457</link><title>Series 4, Show 16</title></episode>
<episode><epnum>70</epnum><seasonnum>17</seasonnum><prodnum></prodnum><airdate>1975-01-04</airdate><link>http://www.tvrage.com/shows/id-10360/episodes/1064801458</link><title>Series 4, Show 17</title></episode>
<episode><epnum>71</epnum><seasonnum>18</seasonnum><prodnum></prodnum><airdate>1975-01-11</airdate><link>http://www.tvrage.com/shows/id-10360/episodes/1064801459</link><title>Series 4, Show 18</title></episode>
<episode><epnum>72</epnum><seasonnum>19</seasonnum><prodnum></prodnum><airdate>1975-01-18</airdate><link>http://www.tvrage.com/shows/id-10360/episodes/1064801460</link><title>Series 4, Show 19</title></episode>
<episode><epnum>73</epnum><seasonnum>20</seasonnum><prodnum></prodnum><airdate>1975-01-25</airdate><link>http://www.tvrage.com/shows/id-10360/episodes/1064801461</link><title>Series 4, Show 20</title></episode>
<episode><epnum>74</epnum><seasonnum>21</seasonnum><prodnum></prodnum><airdate>1975-02-01</airdate><link>http://www.tvrage.com/shows/id-10360/episodes/1064801462</link><title>Series 4, Show 21</title></episode>
</Season>

<Season no="5">
<episode><epnum>75</epnum><seasonnum>01</seasonnum><prodnum></prodnum><airdate>1975-09-27</airdate><link>http://www.tvrage.com/shows/id-10360/episodes/1064801463</link><title>Series 5, Show 1</title></episode>
<episode><epnum>76</epnum><seasonnum>02</seasonnum><prodnum></prodnum><airdate>1975-10-04</airdate><link>http://www.tvrage.com/shows/id-10360/episodes/1064801464</link><title>Series 5, Show 2</title></episode>
<episode><epnum>77</epnum><seasonnum>03</seasonnum><prodnum></prodnum><airdate>1975-10-11</airdate><link>http://www.tvrage.com/shows/id-10360/episodes/1064801465</link><title>Series 5, Show 3</title></episode>
<episode><epnum>78</epnum><seasonnum>04</seasonnum><prodnum></prodnum><airdate>1975-10-18</airdate><link>http://www.tvrage.com/shows/id-10360/episodes/1064801466</link><title>Series 5, Show 4</title></episode>
<episode><epnum>79</epnum><seasonnum>05</seasonnum><prodnum></prodnum><airdate>1975-10-25</airdate><link>http://www.tvrage.com/shows/id-10360/episodes/1064801467</link><title>Series 5, Show 5</title></episode>
<episode><epnum>80</epnum><seasonnum>06</seasonnum><prodnum></prodnum><airdate>1975-11-01</airdate><link>http://www.tvrage.com/shows/id-10360/episodes/1064801468</link><title>Series 5, Show 6</title></episode>
<episode><epnum>81</epnum><seasonnum>07</seasonnum><prodnum></prodnum><airdate>1975-11-08</airdate><link>http://www.tvrage.com/shows/id-10360/episodes/1064801469</link><title>Series 5, Show 7</title></episode>
<episode><epnum>82</epnum><seasonnum>08</seasonnum><prodnum></prodnum><airdate>1975-11-15</airdate><link>http://www.tvrage.com/shows/id-10360/episodes/1064801470</link><title>Series 5, Show 8</title></episode>
<episode><epnum>83</epnum><seasonnum>09</seasonnum><prodnum></prodnum><airdate>1975-11-22</airdate><link>http://www.tvrage.com/shows/id-10360/episodes/1064801471</link><title>Series 5, Show 9</title></episode>
<episode><epnum>84</epnum><seasonnum>10</seasonnum><prodnum></prodnum><airdate>1975-11-29</airdate><link>http://www.tvrage.com/shows/id-10360/episodes/1064801472</link><title>Series 5, Show 10</title></episode>
<episode><epnum>85</epnum><seasonnum>11</seasonnum><prodnum></prodnum><airdate>1975-12-06</airdate><link>http://www.tvrage.com/shows/id-10360/episodes/1064801473</link><title>Series 5, Show 11</title></episode>
<episode><epnum>86</epnum><seasonnum>12</seasonnum><prodnum></prodnum><airdate>1975-12-13</airdate><link>http://www.tvrage.com/shows/id-10360/episodes/1064801474</link><title>Series 5, Show 12</title></episode>
<episode><epnum>87</epnum><seasonnum>13</seasonnum><prodnum></prodnum><airdate>1975-12-20</airdate><link>http://www.tvrage.com/shows/id-10360/episodes/1064801475</link><title>Series 5, Show 13</title></episode>
<episode><epnum>88</epnum><seasonnum>14</seasonnum><prodnum></prodnum><airdate>1976-01-01</airdate><link>http://www.tvrage.com/shows/id-10360/episodes/1064801476</link><title>Series 5, Show 14</title></episode>
<episode><epnum>89</epnum><seasonnum>15</seasonnum><prodnum></prodnum><airdate>1976-09-04</airdate><link>http://www.tvrage.com/shows/id-10360/episodes/1064802225</link><title>Series 5 Compilation</title></episode>
</Season>

<Season no="6">
<episode><epnum>90</epnum><seasonnum>01</seasonnum><prodnum></prodnum><airdate>1976-09-11</airdate><link>http://www.tvrage.com/shows/id-10360/episodes/1064801477</link><title>Series 6, Show 1</title></episode>
<episode><epnum>91</epnum><seasonnum>02</seasonnum><prodnum></prodnum><airdate>1976-09-18</airdate><link>http://www.tvrage.com/shows/id-10360/episodes/1064801478</link><title>Series 6, Show 2</title></episode>
<episode><epnum>92</epnum><seasonnum>03</seasonnum><prodnum></prodnum><airdate>1976-09-25</airdate><link>http://www.tvrage.com/shows/id-10360/episodes/1064801479</link><title>Series 6, Show 3</title></episode>
<episode><epnum>93</epnum><seasonnum>04</seasonnum><prodnum></prodnum><airdate>1976-10-02</airdate><link>http://www.tvrage.com/shows/id-10360/episodes/1064801480</link><title>Series 6, Show 4</title></episode>
<episode><epnum>94</epnum><seasonnum>05</seasonnum><prodnum></prodnum><airdate>1976-10-09</airdate><link>http://www.tvrage.com/shows/id-10360/episodes/1064801481</link><title>Series 6, Show 5</title></episode>
<episode><epnum>95</epnum><seasonnum>06</seasonnum><prodnum></prodnum><airdate>1976-10-16</airdate><link>http://www.tvrage.com/shows/id-10360/episodes/1064801482</link><title>Series 6, Show 6</title></episode>
<episode><epnum>96</epnum><seasonnum>07</seasonnum><prodnum></prodnum><airdate>1976-10-23</airdate><link>http://www.tvrage.com/shows/id-10360/episodes/1064801483</link><title>Series 6, Show 7</title></episode>
<episode><epnum>97</epnum><seasonnum>08</seasonnum><prodnum></prodnum><airdate>1976-10-30</airdate><link>http://www.tvrage.com/shows/id-10360/episodes/1064801484</link><title>Series 6, Show 8</title></episode>
<episode><epnum>98</epnum><seasonnum>09</seasonnum><prodnum></prodnum><airdate>1976-11-06</airdate><link>http://www.tvrage.com/shows/id-10360/episodes/1064801485</link><title>Series 6, Show 9</title></episode>
<episode><epnum>99</epnum><seasonnum>10</seasonnum><prodnum></prodnum><airdate>1976-11-13</airdate><link>http://www.tvrage.com/shows/id-10360/episodes/1064801486</link><title>Series 6, Show 10</title></episode>
<episode><epnum>100</epnum><seasonnum>11</seasonnum><prodnum></prodnum><airdate>1976-11-20</airdate><link>http://www.tvrage.com/shows/id-10360/episodes/1064801487</link><title>Series 6, Show 11</title></episode>
<episode><epnum>101</epnum><seasonnum>12</seasonnum><prodnum></prodnum><airdate>1976-11-27</airdate><link>http://www.tvrage.com/shows/id-10360/episodes/1064801488</link><title>Series 6, Show 12</title></episode>
<episode><epnum>102</epnum><seasonnum>13</seasonnum><prodnum></prodnum><airdate>1976-12-04</airdate><link>http://www.tvrage.com/shows/id-10360/episodes/1064801489</link><title>Series 6, Show 13</title></episode>
<episode><epnum>103</epnum><seasonnum>14</seasonnum><prodnum></prodnum><airdate>1976-12-11</airdate><link>http://www.tvrage.com/shows/id-10360/episodes/1064801490</link><title>Series 6, Show 14</title></episode>
<episode><epnum>104</epnum><seasonnum>15</seasonnum><prodnum></prodnum><airdate>1976-12-18</airdate><link>http://www.tvrage.com/shows/id-10360/episodes/1064801491</link><title>Series 6, Show 15</title></episode>
<episode><epnum>105</epnum><seasonnum>16</seasonnum><prodnum></prodnum><airdate>1976-12-25</airdate><link>http://www.tvrage.com/shows/id-10360/episodes/1064801492</link><title>Series 6, Show 16</title></episode>
<episode><epnum>106</epnum><seasonnum>17</seasonnum><prodnum></prodnum><airdate>1977-09-03</airdate><link>http://www.tvrage.com/shows/id-10360/episodes/1064802226</link><title>Series 6 Compliation</title></episode>
</Season>

<Season no="7">
<episode><epnum>107</epnum><seasonnum>01</seasonnum><prodnum></prodnum><airdate>1977-09-10</airdate><link>http://www.tvrage.com/shows/id-10360/episodes/1064801493</link><title>Series 7, Show 1</title></episode>
<episode><epnum>108</epnum><seasonnum>02</seasonnum><prodnum></prodnum><airdate>1977-09-17</airdate><link>http://www.tvrage.com/shows/id-10360/episodes/1064801494</link><title>Series 7, Show 2</title></episode>
<episode><epnum>109</epnum><seasonnum>03</seasonnum><prodnum></prodnum><airdate>1977-09-24</airdate><link>http://www.tvrage.com/shows/id-10360/episodes/1064801495</link><title>Series 7, Show 3</title></episode>
<episode><epnum>110</epnum><seasonnum>04</seasonnum><prodnum></prodnum><airdate>1977-10-01</airdate><link>http://www.tvrage.com/shows/id-10360/episodes/1064801496</link><title>Series 7, Show 4</title></episode>
<episode><epnum>111</epnum><seasonnum>05</seasonnum><prodnum></prodnum><airdate>1977-10-08</airdate><link>http://www.tvrage.com/shows/id-10360/episodes/1064801497</link><title>Series 7, Show 5</title></episode>
<episode><epnum>112</epnum><seasonnum>06</seasonnum><prodnum></prodnum><airdate>1977-10-15</airdate><link>http://www.tvrage.com/shows/id-10360/episodes/1064801498</link><title>Series 7, Show 6</title></episode>
<episode><epnum>113</epnum><seasonnum>07</seasonnum><prodnum></prodnum><airdate>1977-10-22</airdate><link>http://www.tvrage.com/shows/id-10360/episodes/1064801499</link><title>Series 7, Show 7</title></episode>
<episode><epnum>114</epnum><seasonnum>08</seasonnum><prodnum></prodnum><airdate>1977-10-29</airdate><link>http://www.tvrage.com/shows/id-10360/episodes/1064801500</link><title>Series 7, Show 8</title></episode>
<episode><epnum>115</epnum><seasonnum>09</seasonnum><prodnum></prodnum><airdate>1977-11-05</airdate><link>http://www.tvrage.com/shows/id-10360/episodes/1064801501</link><title>Series 7, Show 9</title></episode>
<episode><epnum>116</epnum><seasonnum>10</seasonnum><prodnum></prodnum><airdate>1977-11-12</airdate><link>http://www.tvrage.com/shows/id-10360/episodes/1064801502</link><title>Series 7, Show 10</title></episode>
<episode><epnum>117</epnum><seasonnum>11</seasonnum><prodnum></prodnum><airdate>1977-11-19</airdate><link>http://www.tvrage.com/shows/id-10360/episodes/1064801503</link><title>Series 7, Show 11</title></episode>
<episode><epnum>118</epnum><seasonnum>12</seasonnum><prodnum></prodnum><airdate>1977-11-26</airdate><link>http://www.tvrage.com/shows/id-10360/episodes/1064801504</link><title>Series 7, Show 12</title></episode>
<episode><epnum>119</epnum><seasonnum>13</seasonnum><prodnum></prodnum><airdate>1977-12-03</airdate><link>http://www.tvrage.com/shows/id-10360/episodes/1064801505</link><title>Series 7, Show 13</title></episode>
<episode><epnum>120</epnum><seasonnum>14</seasonnum><prodnum></prodnum><airdate>1977-12-10</airdate><link>http://www.tvrage.com/shows/id-10360/episodes/1064801506</link><title>Series 7, Show 14</title></episode>
<episode><epnum>121</epnum><seasonnum>15</seasonnum><prodnum></prodnum><airdate>1977-12-17</airdate><link>http://www.tvrage.com/shows/id-10360/episodes/1064801507</link><title>Series 7, Show 15</title></episode>
<episode><epnum>122</epnum><seasonnum>16</seasonnum><prodnum></prodnum><airdate>1977-12-25</airdate><link>http://www.tvrage.com/shows/id-10360/episodes/1064801508</link><title>Series 7, Show 16</title></episode>
<episode><epnum>123</epnum><seasonnum>17</seasonnum><prodnum></prodnum><airdate>1977-12-31</airdate><link>http://www.tvrage.com/shows/id-10360/episodes/1064802227</link><title>Bruce's Choice</title></episode>
</Season>

<Season no="8">
<episode><epnum>124</epnum><seasonnum>01</seasonnum><prodnum></prodnum><airdate>1978-09-23</airdate><link>http://www.tvrage.com/shows/id-10360/episodes/1064801509</link><title>Series 8, Show 1</title></episode>
<episode><epnum>125</epnum><seasonnum>02</seasonnum><prodnum></prodnum><airdate>1978-09-30</airdate><link>http://www.tvrage.com/shows/id-10360/episodes/1064801510</link><title>Series 8, Show 2</title></episode>
<episode><epnum>126</epnum><seasonnum>03</seasonnum><prodnum></prodnum><airdate>1978-10-07</airdate><link>http://www.tvrage.com/shows/id-10360/episodes/1064801511</link><title>Series 8, Show 3</title></episode>
<episode><epnum>127</epnum><seasonnum>04</seasonnum><prodnum></prodnum><airdate>1978-10-14</airdate><link>http://www.tvrage.com/shows/id-10360/episodes/1064801512</link><title>Series 8, Show 4</title></episode>
<episode><epnum>128</epnum><seasonnum>05</seasonnum><prodnum></prodnum><airdate>1978-10-21</airdate><link>http://www.tvrage.com/shows/id-10360/episodes/1064801513</link><title>Series 8, Show 5</title></episode>
<episode><epnum>129</epnum><seasonnum>06</seasonnum><prodnum></prodnum><airdate>1978-10-28</airdate><link>http://www.tvrage.com/shows/id-10360/episodes/1064801514</link><title>Series 8, Show 6</title></episode>
<episode><epnum>130</epnum><seasonnum>07</seasonnum><prodnum></prodnum><airdate>1978-11-04</airdate><link>http://www.tvrage.com/shows/id-10360/episodes/1064801515</link><title>Series 8, Show 7</title></episode>
<episode><epnum>131</epnum><seasonnum>08</seasonnum><prodnum></prodnum><airdate>1978-11-11</airdate><link>http://www.tvrage.com/shows/id-10360/episodes/1064801516</link><title>Series 8, Show 8</title></episode>
<episode><epnum>132</epnum><seasonnum>09</seasonnum><prodnum></prodnum><airdate>1978-11-18</airdate><link>http://www.tvrage.com/shows/id-10360/episodes/1064801517</link><title>Series 8, Show 9</title></episode>
<episode><epnum>133</epnum><seasonnum>10</seasonnum><prodnum></prodnum><airdate>1978-11-25</airdate><link>http://www.tvrage.com/shows/id-10360/episodes/1064801518</link><title>Series 8, Show 10</title></episode>
<episode><epnum>134</epnum><seasonnum>11</seasonnum><prodnum></prodnum><airdate>1978-12-02</airdate><link>http://www.tvrage.com/shows/id-10360/episodes/1064801519</link><title>Series 8, Show 11</title></episode>
<episode><epnum>135</epnum><seasonnum>12</seasonnum><prodnum></prodnum><airdate>1978-12-09</airdate><link>http://www.tvrage.com/shows/id-10360/episodes/1064801520</link><title>Series 8, Show 12</title></episode>
<episode><epnum>136</epnum><seasonnum>13</seasonnum><prodnum></prodnum><airdate>1978-12-16</airdate><link>http://www.tvrage.com/shows/id-10360/episodes/1064801521</link><title>Series 8, Show 13</title></episode>
<episode><epnum>137</epnum><seasonnum>14</seasonnum><prodnum></prodnum><airdate>1978-12-23</airdate><link>http://www.tvrage.com/shows/id-10360/episodes/1064801522</link><title>Series 8, Show 14</title></episode>
<episode><epnum>138</epnum><seasonnum>15</seasonnum><prodnum></prodnum><airdate>1978-12-31</airdate><link>http://www.tvrage.com/shows/id-10360/episodes/1064801523</link><title>Series 8, Show 15</title></episode>
<episode><epnum>139</epnum><seasonnum>16</seasonnum><prodnum></prodnum><airdate>1979-04-16</airdate><link>http://www.tvrage.com/shows/id-10360/episodes/1064802229</link><title>Easter Special</title></episode>
</Season>

<Season no="9">
<episode><epnum>140</epnum><seasonnum>01</seasonnum><prodnum></prodnum><airdate>1979-09-01</airdate><link>http://www.tvrage.com/shows/id-10360/episodes/1064801528</link><title>Series 9, Show 1</title></episode>
<episode><epnum>141</epnum><seasonnum>02</seasonnum><prodnum></prodnum><airdate>1979-09-08</airdate><link>http://www.tvrage.com/shows/id-10360/episodes/1064801529</link><title>Series 9, Show 2</title></episode>
<episode><epnum>142</epnum><seasonnum>03</seasonnum><prodnum></prodnum><airdate>1979-09-15</airdate><link>http://www.tvrage.com/shows/id-10360/episodes/1064801530</link><title>Series 9, Show 3</title></episode>
<episode><epnum>143</epnum><seasonnum>04</seasonnum><prodnum></prodnum><airdate>1979-09-22</airdate><link>http://www.tvrage.com/shows/id-10360/episodes/1064801531</link><title>Series 9, Show 4</title></episode>
<episode><epnum>144</epnum><seasonnum>05</seasonnum><prodnum></prodnum><airdate>1979-09-29</airdate><link>http://www.tvrage.com/shows/id-10360/episodes/1064801532</link><title>Series 9, Show 5</title></episode>
<episode><epnum>145</epnum><seasonnum>06</seasonnum><prodnum></prodnum><airdate>1979-10-06</airdate><link>http://www.tvrage.com/shows/id-10360/episodes/1064801533</link><title>Series 9, Show 6</title></episode>
<episode><epnum>146</epnum><seasonnum>07</seasonnum><prodnum></prodnum><airdate>1979-10-13</airdate><link>http://www.tvrage.com/shows/id-10360/episodes/1064801534</link><title>Series 9, Show 7</title></episode>
<episode><epnum>147</epnum><seasonnum>08</seasonnum><prodnum></prodnum><airdate>1979-10-20</airdate><link>http://www.tvrage.com/shows/id-10360/episodes/1064801535</link><title>Series 9, Show 8</title></episode>
<episode><epnum>148</epnum><seasonnum>09</seasonnum><prodnum></prodnum><airdate>1979-10-27</airdate><link>http://www.tvrage.com/shows/id-10360/episodes/1064801536</link><title>Series 9, Show 9</title></episode>
<episode><epnum>149</epnum><seasonnum>10</seasonnum><prodnum></prodnum><airdate>1979-11-03</airdate><link>http://www.tvrage.com/shows/id-10360/episodes/1064801537</link><title>Series 9, Show 10</title></episode>
<episode><epnum>150</epnum><seasonnum>11</seasonnum><prodnum></prodnum><airdate>1979-11-10</airdate><link>http://www.tvrage.com/shows/id-10360/episodes/1064801538</link><title>Series 9, Show 11</title></episode>
<episode><epnum>151</epnum><seasonnum>12</seasonnum><prodnum></prodnum><airdate>1979-11-17</airdate><link>http://www.tvrage.com/shows/id-10360/episodes/1064801539</link><title>Series 9, Show 12</title></episode>
<episode><epnum>152</epnum><seasonnum>13</seasonnum><prodnum></prodnum><airdate>1979-11-24</airdate><link>http://www.tvrage.com/shows/id-10360/episodes/1064801540</link><title>Series 9, Show 13</title></episode>
<episode><epnum>153</epnum><seasonnum>14</seasonnum><prodnum></prodnum><airdate>1979-12-01</airdate><link>http://www.tvrage.com/shows/id-10360/episodes/1064801541</link><title>Series 9, Show 14</title></episode>
<episode><epnum>154</epnum><seasonnum>15</seasonnum><prodnum></prodnum><airdate>1979-12-08</airdate><link>http://www.tvrage.com/shows/id-10360/episodes/1064801542</link><title>Series 9, Show 15</title></episode>
<episode><epnum>155</epnum><seasonnum>16</seasonnum><prodnum></prodnum><airdate>1979-12-25</airdate><link>http://www.tvrage.com/shows/id-10360/episodes/1064801543</link><title>Series 9, Show 16</title></episode>
<episode><epnum>156</epnum><seasonnum>17</seasonnum><prodnum></prodnum><airdate>1979-12-31</airdate><link>http://www.tvrage.com/shows/id-10360/episodes/1064802230</link><title>Series 9 Compilation</title></episode>
<episode><epnum>157</epnum><seasonnum>18</seasonnum><prodnum></prodnum><airdate>1980-04-07</airdate><link>http://www.tvrage.com/shows/id-10360/episodes/1064802231</link><title>Easter Special</title></episode>
</Season>

<Season no="10">
<episode><epnum>158</epnum><seasonnum>01</seasonnum><prodnum></prodnum><airdate>1980-08-30</airdate><link>http://www.tvrage.com/shows/id-10360/episodes/1064801544</link><title>Series 10, Show 1</title></episode>
<episode><epnum>159</epnum><seasonnum>02</seasonnum><prodnum></prodnum><airdate>1980-09-06</airdate><link>http://www.tvrage.com/shows/id-10360/episodes/1064801545</link><title>Series 10, Show 2</title></episode>
<episode><epnum>160</epnum><seasonnum>03</seasonnum><prodnum></prodnum><airdate>1980-09-13</airdate><link>http://www.tvrage.com/shows/id-10360/episodes/1064801546</link><title>Series 10, Show 3</title></episode>
<episode><epnum>161</epnum><seasonnum>04</seasonnum><prodnum></prodnum><airdate>1980-09-20</airdate><link>http://www.tvrage.com/shows/id-10360/episodes/1064801547</link><title>Series 10, Show 4</title></episode>
<episode><epnum>162</epnum><seasonnum>05</seasonnum><prodnum></prodnum><airdate>1980-09-27</airdate><link>http://www.tvrage.com/shows/id-10360/episodes/1064801548</link><title>Series 10, Show 5</title></episode>
<episode><epnum>163</epnum><seasonnum>06</seasonnum><prodnum></prodnum><airdate>1980-10-04</airdate><link>http://www.tvrage.com/shows/id-10360/episodes/1064801549</link><title>Series 10, Show 6</title></episode>
<episode><epnum>164</epnum><seasonnum>07</seasonnum><prodnum></prodnum><airdate>1980-10-11</airdate><link>http://www.tvrage.com/shows/id-10360/episodes/1064801550</link><title>Series 10, Show 7</title></episode>
<episode><epnum>165</epnum><seasonnum>08</seasonnum><prodnum></prodnum><airdate>1980-10-18</airdate><link>http://www.tvrage.com/shows/id-10360/episodes/1064801551</link><title>Series 10, Show 8</title></episode>
<episode><epnum>166</epnum><seasonnum>09</seasonnum><prodnum></prodnum><airdate>1980-10-25</airdate><link>http://www.tvrage.com/shows/id-10360/episodes/1064801552</link><title>Series 10, Show 9</title></episode>
<episode><epnum>167</epnum><seasonnum>10</seasonnum><prodnum></prodnum><airdate>1980-11-01</airdate><link>http://www.tvrage.com/shows/id-10360/episodes/1064801553</link><title>Series 10, Show 10</title></episode>
<episode><epnum>168</epnum><seasonnum>11</seasonnum><prodnum></prodnum><airdate>1980-11-08</airdate><link>http://www.tvrage.com/shows/id-10360/episodes/1064801554</link><title>Series 10, Show 11</title></episode>
<episode><epnum>169</epnum><seasonnum>12</seasonnum><prodnum></prodnum><airdate>1980-11-15</airdate><link>http://www.tvrage.com/shows/id-10360/episodes/1064801555</link><title>Series 10, Show 12</title></episode>
<episode><epnum>170</epnum><seasonnum>13</seasonnum><prodnum></prodnum><airdate>1980-11-22</airdate><link>http://www.tvrage.com/shows/id-10360/episodes/1064801556</link><title>Series 10, Show 13</title></episode>
<episode><epnum>171</epnum><seasonnum>14</seasonnum><prodnum></prodnum><airdate>1980-11-29</airdate><link>http://www.tvrage.com/shows/id-10360/episodes/1064801557</link><title>Series 10, Show 14</title></episode>
<episode><epnum>172</epnum><seasonnum>15</seasonnum><prodnum></prodnum><airdate>1980-12-06</airdate><link>http://www.tvrage.com/shows/id-10360/episodes/1064801558</link><title>Series 10, Show 15</title></episode>
<episode><epnum>173</epnum><seasonnum>16</seasonnum><prodnum></prodnum><airdate>1980-12-13</airdate><link>http://www.tvrage.com/shows/id-10360/episodes/1064801559</link><title>Series 10, Show 16</title></episode>
<episode><epnum>174</epnum><seasonnum>17</seasonnum><prodnum></prodnum><airdate>1980-12-25</airdate><link>http://www.tvrage.com/shows/id-10360/episodes/1064801560</link><title>Series 10, Show 17</title></episode>
<episode><epnum>175</epnum><seasonnum>18</seasonnum><prodnum></prodnum><airdate>1980-12-31</airdate><link>http://www.tvrage.com/shows/id-10360/episodes/1064801561</link><title>Series 10, Show 18</title></episode>
<episode><epnum>176</epnum><seasonnum>19</seasonnum><prodnum></prodnum><airdate>1981-04-20</airdate><link>http://www.tvrage.com/shows/id-10360/episodes/1064802233</link><title>Easter Special</title></episode>
</Season>

<Season no="11">
<episode><epnum>177</epnum><seasonnum>01</seasonnum><prodnum></prodnum><airdate>1981-09-05</airdate><link>http://www.tvrage.com/shows/id-10360/episodes/1064801654</link><title>Series 11, Show 1</title></episode>
<episode><epnum>178</epnum><seasonnum>02</seasonnum><prodnum></prodnum><airdate>1981-09-12</airdate><link>http://www.tvrage.com/shows/id-10360/episodes/1064801655</link><title>Series 11, Show 2</title></episode>
<episode><epnum>179</epnum><seasonnum>03</seasonnum><prodnum></prodnum><airdate>1981-09-19</airdate><link>http://www.tvrage.com/shows/id-10360/episodes/1064801656</link><title>Series 11, Show 3</title></episode>
<episode><epnum>180</epnum><seasonnum>04</seasonnum><prodnum></prodnum><airdate>1981-09-26</airdate><link>http://www.tvrage.com/shows/id-10360/episodes/1064801657</link><title>Series 11, Show 4</title></episode>
<episode><epnum>181</epnum><seasonnum>05</seasonnum><prodnum></prodnum><airdate>1981-10-03</airdate><link>http://www.tvrage.com/shows/id-10360/episodes/1064801658</link><title>Series 11, Show 5</title></episode>
<episode><epnum>182</epnum><seasonnum>06</seasonnum><prodnum></prodnum><airdate>1981-10-10</airdate><link>http://www.tvrage.com/shows/id-10360/episodes/1064801659</link><title>Series 11, Show 6</title></episode>
<episode><epnum>183</epnum><seasonnum>07</seasonnum><prodnum></prodnum><airdate>1981-10-17</airdate><link>http://www.tvrage.com/shows/id-10360/episodes/1064801660</link><title>Series 11, Show 7</title></episode>
<episode><epnum>184</epnum><seasonnum>08</seasonnum><prodnum></prodnum><airdate>1981-10-24</airdate><link>http://www.tvrage.com/shows/id-10360/episodes/1064801661</link><title>Series 11, Show 8</title></episode>
<episode><epnum>185</epnum><seasonnum>09</seasonnum><prodnum></prodnum><airdate>1981-10-31</airdate><link>http://www.tvrage.com/shows/id-10360/episodes/1064801662</link><title>Series 11, Show 9</title></episode>
<episode><epnum>186</epnum><seasonnum>10</seasonnum><prodnum></prodnum><airdate>1981-11-07</airdate><link>http://www.tvrage.com/shows/id-10360/episodes/1064801663</link><title>Series 11, Show 10</title></episode>
<episode><epnum>187</epnum><seasonnum>11</seasonnum><prodnum></prodnum><airdate>1981-11-14</airdate><link>http://www.tvrage.com/shows/id-10360/episodes/1064801664</link><title>Series 11, Show 11</title></episode>
<episode><epnum>188</epnum><seasonnum>12</seasonnum><prodnum></prodnum><airdate>1981-11-21</airdate><link>http://www.tvrage.com/shows/id-10360/episodes/1064801665</link><title>Series 11, Show 12</title></episode>
<episode><epnum>189</epnum><seasonnum>13</seasonnum><prodnum></prodnum><airdate>1981-11-28</airdate><link>http://www.tvrage.com/shows/id-10360/episodes/1064801666</link><title>Series 11, Show 13</title></episode>
<episode><epnum>190</epnum><seasonnum>14</seasonnum><prodnum></prodnum><airdate>1981-12-05</airdate><link>http://www.tvrage.com/shows/id-10360/episodes/1064801667</link><title>Series 11, Show 14</title></episode>
<episode><epnum>191</epnum><seasonnum>15</seasonnum><prodnum></prodnum><airdate>1981-12-12</airdate><link>http://www.tvrage.com/shows/id-10360/episodes/1064801668</link><title>Series 11, Show 15</title></episode>
<episode><epnum>192</epnum><seasonnum>16</seasonnum><prodnum></prodnum><airdate>1981-12-19</airdate><link>http://www.tvrage.com/shows/id-10360/episodes/1064801669</link><title>Series 11, Show 16</title></episode>
<episode><epnum>193</epnum><seasonnum>17</seasonnum><prodnum></prodnum><airdate>1981-12-26</airdate><link>http://www.tvrage.com/shows/id-10360/episodes/1064801670</link><title>Series 11, Show 17</title></episode>
<episode><epnum>194</epnum><seasonnum>18</seasonnum><prodnum></prodnum><airdate>1982-01-02</airdate><link>http://www.tvrage.com/shows/id-10360/episodes/1064801671</link><title>Series 11, Show 18</title></episode>
</Season>

<Season no="12">
<episode><epnum>195</epnum><seasonnum>01</seasonnum><prodnum></prodnum><airdate>1990-09-07</airdate><link>http://www.tvrage.com/shows/id-10360/episodes/1064801672</link><title>Series 12, Show 1</title></episode>
<episode><epnum>196</epnum><seasonnum>02</seasonnum><prodnum></prodnum><airdate>1990-09-14</airdate><link>http://www.tvrage.com/shows/id-10360/episodes/1064801673</link><title>Series 12, Show 2</title></episode>
<episode><epnum>197</epnum><seasonnum>03</seasonnum><prodnum></prodnum><airdate>1990-09-21</airdate><link>http://www.tvrage.com/shows/id-10360/episodes/1064801674</link><title>Series 12, Show 3</title></episode>
<episode><epnum>198</epnum><seasonnum>04</seasonnum><prodnum></prodnum><airdate>1990-09-28</airdate><link>http://www.tvrage.com/shows/id-10360/episodes/1064801675</link><title>Series 12, Show 4</title></episode>
<episode><epnum>199</epnum><seasonnum>05</seasonnum><prodnum></prodnum><airdate>1990-10-05</airdate><link>http://www.tvrage.com/shows/id-10360/episodes/1064801676</link><title>Series 12, Show 5</title></episode>
<episode><epnum>200</epnum><seasonnum>06</seasonnum><prodnum></prodnum><airdate>1990-10-12</airdate><link>http://www.tvrage.com/shows/id-10360/episodes/1064801677</link><title>Series 12, Show 6</title></episode>
<episode><epnum>201</epnum><seasonnum>07</seasonnum><prodnum></prodnum><airdate>1990-10-19</airdate><link>http://www.tvrage.com/shows/id-10360/episodes/1064801678</link><title>Series 12, Show 7</title></episode>
<episode><epnum>202</epnum><seasonnum>08</seasonnum><prodnum></prodnum><airdate>1990-10-26</airdate><link>http://www.tvrage.com/shows/id-10360/episodes/1064801679</link><title>Series 12, Show 8</title></episode>
<episode><epnum>203</epnum><seasonnum>09</seasonnum><prodnum></prodnum><airdate>1990-11-02</airdate><link>http://www.tvrage.com/shows/id-10360/episodes/1064801680</link><title>Series 12, Show 9</title></episode>
<episode><epnum>204</epnum><seasonnum>10</seasonnum><prodnum></prodnum><airdate>1990-11-09</airdate><link>http://www.tvrage.com/shows/id-10360/episodes/1064801681</link><title>Series 12, Show 10</title></episode>
<episode><epnum>205</epnum><seasonnum>11</seasonnum><prodnum></prodnum><airdate>1990-11-23</airdate><link>http://www.tvrage.com/shows/id-10360/episodes/1064801682</link><title>Series 12, Show 11</title></episode>
<episode><epnum>206</epnum><seasonnum>12</seasonnum><prodnum></prodnum><airdate>1990-11-30</airdate><link>http://www.tvrage.com/shows/id-10360/episodes/1064801683</link><title>Series 12, Show 12</title></episode>
<episode><epnum>207</epnum><seasonnum>13</seasonnum><prodnum></prodnum><airdate>1990-12-07</airdate><link>http://www.tvrage.com/shows/id-10360/episodes/1064801684</link><title>Series 12, Show 13</title></episode>
<episode><epnum>208</epnum><seasonnum>14</seasonnum><prodnum></prodnum><airdate>1990-12-25</airdate><link>http://www.tvrage.com/shows/id-10360/episodes/1064802234</link><title>Christmas Special</title></episode>
</Season>

<Season no="13">
<episode><epnum>209</epnum><seasonnum>01</seasonnum><prodnum></prodnum><airdate>1991-09-07</airdate><link>http://www.tvrage.com/shows/id-10360/episodes/1064801690</link><title>Series 13, Show 1</title></episode>
<episode><epnum>210</epnum><seasonnum>02</seasonnum><prodnum></prodnum><airdate>1991-09-14</airdate><link>http://www.tvrage.com/shows/id-10360/episodes/1064801692</link><title>Series 13, Show 2</title></episode>
<episode><epnum>211</epnum><seasonnum>03</seasonnum><prodnum></prodnum><airdate>1991-09-21</airdate><link>http://www.tvrage.com/shows/id-10360/episodes/1064801693</link><title>Series 13, Show 3</title></episode>
<episode><epnum>212</epnum><seasonnum>04</seasonnum><prodnum></prodnum><airdate>1991-09-28</airdate><link>http://www.tvrage.com/shows/id-10360/episodes/1064801694</link><title>Series 13, Show 4</title></episode>
<episode><epnum>213</epnum><seasonnum>05</seasonnum><prodnum></prodnum><airdate>1991-10-05</airdate><link>http://www.tvrage.com/shows/id-10360/episodes/1064801695</link><title>Series 13, Show 5</title></episode>
<episode><epnum>214</epnum><seasonnum>06</seasonnum><prodnum></prodnum><airdate>1991-10-12</airdate><link>http://www.tvrage.com/shows/id-10360/episodes/1064801696</link><title>Series 13, Show 6</title></episode>
<episode><epnum>215</epnum><seasonnum>07</seasonnum><prodnum></prodnum><airdate>1991-10-19</airdate><link>http://www.tvrage.com/shows/id-10360/episodes/1064801697</link><title>Series 13, Show 7</title></episode>
<episode><epnum>216</epnum><seasonnum>08</seasonnum><prodnum></prodnum><airdate>1991-10-26</airdate><link>http://www.tvrage.com/shows/id-10360/episodes/1064801698</link><title>Series 13, Show 8</title></episode>
<episode><epnum>217</epnum><seasonnum>09</seasonnum><prodnum></prodnum><airdate>1991-11-02</airdate><link>http://www.tvrage.com/shows/id-10360/episodes/1064801699</link><title>Series 13, Show 9</title></episode>
<episode><epnum>218</epnum><seasonnum>10</seasonnum><prodnum></prodnum><airdate>1991-11-09</airdate><link>http://www.tvrage.com/shows/id-10360/episodes/1064801700</link><title>Series 13, Show 10</title></episode>
<episode><epnum>219</epnum><seasonnum>11</seasonnum><prodnum></prodnum><airdate>1991-11-16</airdate><link>http://www.tvrage.com/shows/id-10360/episodes/1064801701</link><title>Series 13, Show 11</title></episode>
<episode><epnum>220</epnum><seasonnum>12</seasonnum><prodnum></prodnum><airdate>1991-11-23</airdate><link>http://www.tvrage.com/shows/id-10360/episodes/1064801702</link><title>Series 13, Show 12</title></episode>
<episode><epnum>221</epnum><seasonnum>13</seasonnum><prodnum></prodnum><airdate>1991-11-30</airdate><link>http://www.tvrage.com/shows/id-10360/episodes/1064801703</link><title>Series 13, Show 13</title></episode>
<episode><epnum>222</epnum><seasonnum>14</seasonnum><prodnum></prodnum><airdate>1991-12-07</airdate><link>http://www.tvrage.com/shows/id-10360/episodes/1064801704</link><title>Series 13, Show 14</title></episode>
<episode><epnum>223</epnum><seasonnum>15</seasonnum><prodnum></prodnum><airdate>1991-12-14</airdate><link>http://www.tvrage.com/shows/id-10360/episodes/1064801705</link><title>Series 13, Show 15</title></episode>
<episode><epnum>224</epnum><seasonnum>16</seasonnum><prodnum></prodnum><airdate>1991-12-25</airdate><link>http://www.tvrage.com/shows/id-10360/episodes/1064802235</link><title>Christmas Special</title></episode>
<episode><epnum>225</epnum><seasonnum>17</seasonnum><prodnum></prodnum><airdate>1993-09-05</airdate><link>http://www.tvrage.com/shows/id-10360/episodes/1064802236</link><title>Series 13 Compilation</title></episode>
</Season>

<Season no="14">
<episode><epnum>226</epnum><seasonnum>01</seasonnum><prodnum></prodnum><airdate>1992-09-19</airdate><link>http://www.tvrage.com/shows/id-10360/episodes/1064801706</link><title>Series 14, Show 1</title></episode>
<episode><epnum>227</epnum><seasonnum>02</seasonnum><prodnum></prodnum><airdate>1992-09-26</airdate><link>http://www.tvrage.com/shows/id-10360/episodes/1064801707</link><title>Series 14, Show 2</title></episode>
<episode><epnum>228</epnum><seasonnum>03</seasonnum><prodnum></prodnum><airdate>1992-10-03</airdate><link>http://www.tvrage.com/shows/id-10360/episodes/1064801708</link><title>Series 14, Show 3</title></episode>
<episode><epnum>229</epnum><seasonnum>04</seasonnum><prodnum></prodnum><airdate>1992-10-10</airdate><link>http://www.tvrage.com/shows/id-10360/episodes/1064801709</link><title>Series 14, Show 4</title></episode>
<episode><epnum>230</epnum><seasonnum>05</seasonnum><prodnum></prodnum><airdate>1992-10-17</airdate><link>http://www.tvrage.com/shows/id-10360/episodes/1064801710</link><title>Series 14, Show 5</title></episode>
<episode><epnum>231</epnum><seasonnum>06</seasonnum><prodnum></prodnum><airdate>1992-10-24</airdate><link>http://www.tvrage.com/shows/id-10360/episodes/1064801711</link><title>Series 14, Show 6</title></episode>
<episode><epnum>232</epnum><seasonnum>07</seasonnum><prodnum></prodnum><airdate>1992-10-31</airdate><link>http://www.tvrage.com/shows/id-10360/episodes/1064801712</link><title>Series 14, Show 7</title></episode>
<episode><epnum>233</epnum><seasonnum>08</seasonnum><prodnum></prodnum><airdate>1992-11-07</airdate><link>http://www.tvrage.com/shows/id-10360/episodes/1064801713</link><title>Series 14, Show 8</title></episode>
<episode><epnum>234</epnum><seasonnum>09</seasonnum><prodnum></prodnum><airdate>1992-11-14</airdate><link>http://www.tvrage.com/shows/id-10360/episodes/1064801714</link><title>Series 14, Show 9</title></episode>
<episode><epnum>235</epnum><seasonnum>10</seasonnum><prodnum></prodnum><airdate>1992-11-21</airdate><link>http://www.tvrage.com/shows/id-10360/episodes/1064801715</link><title>Series 14, Show 10</title></episode>
<episode><epnum>236</epnum><seasonnum>11</seasonnum><prodnum></prodnum><airdate>1992-11-28</airdate><link>http://www.tvrage.com/shows/id-10360/episodes/1064801716</link><title>Series 14, Show 11</title></episode>
<episode><epnum>237</epnum><seasonnum>12</seasonnum><prodnum></prodnum><airdate>1992-12-05</airdate><link>http://www.tvrage.com/shows/id-10360/episodes/1064801717</link><title>Series 14, Show 12</title></episode>
<episode><epnum>238</epnum><seasonnum>13</seasonnum><prodnum></prodnum><airdate>1992-12-12</airdate><link>http://www.tvrage.com/shows/id-10360/episodes/1064801718</link><title>Series 14, Show 13</title></episode>
<episode><epnum>239</epnum><seasonnum>14</seasonnum><prodnum></prodnum><airdate>1992-12-19</airdate><link>http://www.tvrage.com/shows/id-10360/episodes/1064801719</link><title>Series 14, Show 14</title></episode>
<episode><epnum>240</epnum><seasonnum>15</seasonnum><prodnum></prodnum><airdate>1993-01-02</airdate><link>http://www.tvrage.com/shows/id-10360/episodes/1064801720</link><title>Series 14, Show 15</title></episode>
<episode><epnum>241</epnum><seasonnum>16</seasonnum><prodnum></prodnum><airdate>1993-09-03</airdate><link>http://www.tvrage.com/shows/id-10360/episodes/1064802237</link><title>Series 14 Compilation</title></episode>
</Season>

<Season no="15">
<episode><epnum>242</epnum><seasonnum>01</seasonnum><prodnum></prodnum><airdate>1993-09-10</airdate><link>http://www.tvrage.com/shows/id-10360/episodes/1064801721</link><title>Series 15, Show 1</title></episode>
<episode><epnum>243</epnum><seasonnum>02</seasonnum><prodnum></prodnum><airdate>1993-09-17</airdate><link>http://www.tvrage.com/shows/id-10360/episodes/1064801722</link><title>Series 15, Show 2</title></episode>
<episode><epnum>244</epnum><seasonnum>03</seasonnum><prodnum></prodnum><airdate>1993-09-24</airdate><link>http://www.tvrage.com/shows/id-10360/episodes/1064801723</link><title>Series 15, Show 3</title></episode>
<episode><epnum>245</epnum><seasonnum>04</seasonnum><prodnum></prodnum><airdate>1993-10-01</airdate><link>http://www.tvrage.com/shows/id-10360/episodes/1064801724</link><title>Series 15, Show 4</title></episode>
<episode><epnum>246</epnum><seasonnum>05</seasonnum><prodnum></prodnum><airdate>1993-10-08</airdate><link>http://www.tvrage.com/shows/id-10360/episodes/1064801725</link><title>Series 15, Show 5</title></episode>
<episode><epnum>247</epnum><seasonnum>06</seasonnum><prodnum></prodnum><airdate>1993-10-15</airdate><link>http://www.tvrage.com/shows/id-10360/episodes/1064801726</link><title>Series 15, Show 6</title></episode>
<episode><epnum>248</epnum><seasonnum>07</seasonnum><prodnum></prodnum><airdate>1993-10-22</airdate><link>http://www.tvrage.com/shows/id-10360/episodes/1064801727</link><title>Series 15, Show 7</title></episode>
<episode><epnum>249</epnum><seasonnum>08</seasonnum><prodnum></prodnum><airdate>1993-10-29</airdate><link>http://www.tvrage.com/shows/id-10360/episodes/1064801728</link><title>Series 15, Show 8</title></episode>
<episode><epnum>250</epnum><seasonnum>09</seasonnum><prodnum></prodnum><airdate>1993-11-05</airdate><link>http://www.tvrage.com/shows/id-10360/episodes/1064801729</link><title>Series 15, Show 9</title></episode>
<episode><epnum>251</epnum><seasonnum>10</seasonnum><prodnum></prodnum><airdate>1993-11-12</airdate><link>http://www.tvrage.com/shows/id-10360/episodes/1064801730</link><title>Series 15, Show 10</title></episode>
<episode><epnum>252</epnum><seasonnum>11</seasonnum><prodnum></prodnum><airdate>1993-11-19</airdate><link>http://www.tvrage.com/shows/id-10360/episodes/1064801731</link><title>Series 15, Show 11</title></episode>
<episode><epnum>253</epnum><seasonnum>12</seasonnum><prodnum></prodnum><airdate>1993-11-26</airdate><link>http://www.tvrage.com/shows/id-10360/episodes/1064801732</link><title>Series 15, Show 12</title></episode>
<episode><epnum>254</epnum><seasonnum>13</seasonnum><prodnum></prodnum><airdate>1993-12-03</airdate><link>http://www.tvrage.com/shows/id-10360/episodes/1064801733</link><title>Series 15, Show 13</title></episode>
<episode><epnum>255</epnum><seasonnum>14</seasonnum><prodnum></prodnum><airdate>1993-12-10</airdate><link>http://www.tvrage.com/shows/id-10360/episodes/1064801734</link><title>Series 15, Show 14</title></episode>
<episode><epnum>256</epnum><seasonnum>15</seasonnum><prodnum></prodnum><airdate>1993-12-24</airdate><link>http://www.tvrage.com/shows/id-10360/episodes/1064801735</link><title>Series 15, Show 15</title></episode>
<episode><epnum>257</epnum><seasonnum>16</seasonnum><prodnum></prodnum><airdate>1994-09-03</airdate><link>http://www.tvrage.com/shows/id-10360/episodes/1064802239</link><title>Series 15 Compilation</title></episode>
</Season>

<Season no="16">
<episode><epnum>258</epnum><seasonnum>01</seasonnum><prodnum></prodnum><airdate>1994-09-10</airdate><link>http://www.tvrage.com/shows/id-10360/episodes/1064801736</link><title>Series 16, Show 1</title></episode>
<episode><epnum>259</epnum><seasonnum>02</seasonnum><prodnum></prodnum><airdate>1994-09-17</airdate><link>http://www.tvrage.com/shows/id-10360/episodes/1064801737</link><title>Series 16, Show 2</title></episode>
<episode><epnum>260</epnum><seasonnum>03</seasonnum><prodnum></prodnum><airdate>1994-09-24</airdate><link>http://www.tvrage.com/shows/id-10360/episodes/1064801738</link><title>Series 16, Show 3</title></episode>
<episode><epnum>261</epnum><seasonnum>04</seasonnum><prodnum></prodnum><airdate>1994-10-01</airdate><link>http://www.tvrage.com/shows/id-10360/episodes/1064801739</link><title>Series 16, Show 4</title></episode>
<episode><epnum>262</epnum><seasonnum>05</seasonnum><prodnum></prodnum><airdate>1994-10-08</airdate><link>http://www.tvrage.com/shows/id-10360/episodes/1064801740</link><title>Series 16, Show 5</title></episode>
<episode><epnum>263</epnum><seasonnum>06</seasonnum><prodnum></prodnum><airdate>1994-10-15</airdate><link>http://www.tvrage.com/shows/id-10360/episodes/1064801741</link><title>Series 16, Show 6</title></episode>
<episode><epnum>264</epnum><seasonnum>07</seasonnum><prodnum></prodnum><airdate>1994-10-22</airdate><link>http://www.tvrage.com/shows/id-10360/episodes/1064801742</link><title>Series 16, Show 7</title></episode>
<episode><epnum>265</epnum><seasonnum>08</seasonnum><prodnum></prodnum><airdate>1994-10-29</airdate><link>http://www.tvrage.com/shows/id-10360/episodes/1064801743</link><title>Series 16, Show 8</title></episode>
<episode><epnum>266</epnum><seasonnum>09</seasonnum><prodnum></prodnum><airdate>1994-11-05</airdate><link>http://www.tvrage.com/shows/id-10360/episodes/1064801744</link><title>Series 16, Show 9</title></episode>
<episode><epnum>267</epnum><seasonnum>10</seasonnum><prodnum></prodnum><airdate>1994-11-12</airdate><link>http://www.tvrage.com/shows/id-10360/episodes/1064801745</link><title>Series 16, Show 10</title></episode>
<episode><epnum>268</epnum><seasonnum>11</seasonnum><prodnum></prodnum><airdate>1994-11-19</airdate><link>http://www.tvrage.com/shows/id-10360/episodes/1064801746</link><title>Series 16, Show 11</title></episode>
<episode><epnum>269</epnum><seasonnum>12</seasonnum><prodnum></prodnum><airdate>1994-11-26</airdate><link>http://www.tvrage.com/shows/id-10360/episodes/1064801747</link><title>Series 16, Show 12</title></episode>
<episode><epnum>270</epnum><seasonnum>13</seasonnum><prodnum></prodnum><airdate>1994-12-03</airdate><link>http://www.tvrage.com/shows/id-10360/episodes/1064801748</link><title>Series 16, Show 13</title></episode>
<episode><epnum>271</epnum><seasonnum>14</seasonnum><prodnum></prodnum><airdate>1994-12-10</airdate><link>http://www.tvrage.com/shows/id-10360/episodes/1064801749</link><title>Series 16, Show 14</title></episode>
<episode><epnum>272</epnum><seasonnum>15</seasonnum><prodnum></prodnum><airdate>1994-12-17</airdate><link>http://www.tvrage.com/shows/id-10360/episodes/1064801750</link><title>Series 16, Show 15</title></episode>
<episode><epnum>273</epnum><seasonnum>16</seasonnum><prodnum></prodnum><airdate>1994-12-24</airdate><link>http://www.tvrage.com/shows/id-10360/episodes/1064802245</link><title>Christmas Special</title></episode>
</Season>

<Season no="17">
<episode><epnum>274</epnum><seasonnum>01</seasonnum><prodnum></prodnum><airdate>1995-10-21</airdate><link>http://www.tvrage.com/shows/id-10360/episodes/1064801751</link><title>Series 17, Show 1</title></episode>
<episode><epnum>275</epnum><seasonnum>02</seasonnum><prodnum></prodnum><airdate>1995-10-28</airdate><link>http://www.tvrage.com/shows/id-10360/episodes/1064801752</link><title>Series 17, Show 2</title></episode>
<episode><epnum>276</epnum><seasonnum>03</seasonnum><prodnum></prodnum><airdate>1995-11-04</airdate><link>http://www.tvrage.com/shows/id-10360/episodes/1064801753</link><title>Series 17, Show 3</title></episode>
<episode><epnum>277</epnum><seasonnum>04</seasonnum><prodnum></prodnum><airdate>1995-11-11</airdate><link>http://www.tvrage.com/shows/id-10360/episodes/1064801754</link><title>Series 17, Show 4</title></episode>
<episode><epnum>278</epnum><seasonnum>05</seasonnum><prodnum></prodnum><airdate>1995-11-18</airdate><link>http://www.tvrage.com/shows/id-10360/episodes/1064801755</link><title>Series 17, Show 5</title></episode>
<episode><epnum>279</epnum><seasonnum>06</seasonnum><prodnum></prodnum><airdate>1995-11-25</airdate><link>http://www.tvrage.com/shows/id-10360/episodes/1064801756</link><title>Series 17, Show 6</title></episode>
<episode><epnum>280</epnum><seasonnum>07</seasonnum><prodnum></prodnum><airdate>1995-12-02</airdate><link>http://www.tvrage.com/shows/id-10360/episodes/1064801757</link><title>Series 17, Show 7</title></episode>
<episode><epnum>281</epnum><seasonnum>08</seasonnum><prodnum></prodnum><airdate>1995-12-09</airdate><link>http://www.tvrage.com/shows/id-10360/episodes/1064801758</link><title>Series 17, Show 8</title></episode>
<episode><epnum>282</epnum><seasonnum>09</seasonnum><prodnum></prodnum><airdate>1995-12-16</airdate><link>http://www.tvrage.com/shows/id-10360/episodes/1064801759</link><title>Series 17, Show 9</title></episode>
<episode><epnum>283</epnum><seasonnum>10</seasonnum><prodnum></prodnum><airdate>1995-12-23</airdate><link>http://www.tvrage.com/shows/id-10360/episodes/1064801760</link><title>Series 17, Show 10</title></episode>
<episode><epnum>284</epnum><seasonnum>11</seasonnum><prodnum></prodnum><airdate>1995-12-30</airdate><link>http://www.tvrage.com/shows/id-10360/episodes/1064801761</link><title>Series 17, Show 11</title></episode>
<episode><epnum>285</epnum><seasonnum>12</seasonnum><prodnum></prodnum><airdate>1996-01-06</airdate><link>http://www.tvrage.com/shows/id-10360/episodes/1064801762</link><title>Series 17, Show 12</title></episode>
<episode><epnum>286</epnum><seasonnum>13</seasonnum><prodnum></prodnum><airdate>1996-01-13</airdate><link>http://www.tvrage.com/shows/id-10360/episodes/1064801763</link><title>Series 17, Show 13</title></episode>
<episode><epnum>287</epnum><seasonnum>14</seasonnum><prodnum></prodnum><airdate>1996-01-20</airdate><link>http://www.tvrage.com/shows/id-10360/episodes/1064801764</link><title>Series 17, Show 14</title></episode>
<episode><epnum>288</epnum><seasonnum>15</seasonnum><prodnum></prodnum><airdate>1996-01-27</airdate><link>http://www.tvrage.com/shows/id-10360/episodes/1064801765</link><title>Series 17, Show 15</title></episode>
<episode><epnum>289</epnum><seasonnum>16</seasonnum><prodnum></prodnum><airdate>1996-02-03</airdate><link>http://www.tvrage.com/shows/id-10360/episodes/1064801766</link><title>Series 17, Show 16</title></episode>
<episode><epnum>290</epnum><seasonnum>17</seasonnum><prodnum></prodnum><airdate>1996-02-10</airdate><link>http://www.tvrage.com/shows/id-10360/episodes/1064801767</link><title>Series 17, Show 17</title></episode>
</Season>

<Season no="18">
<episode><epnum>291</epnum><seasonnum>01</seasonnum><prodnum></prodnum><airdate>1996-08-31</airdate><link>http://www.tvrage.com/shows/id-10360/episodes/1064801768</link><title>Series 18, Show 1</title></episode>
<episode><epnum>292</epnum><seasonnum>02</seasonnum><prodnum></prodnum><airdate>1996-09-07</airdate><link>http://www.tvrage.com/shows/id-10360/episodes/1064801769</link><title>Series 18, Show 2</title></episode>
<episode><epnum>293</epnum><seasonnum>03</seasonnum><prodnum></prodnum><airdate>1996-09-14</airdate><link>http://www.tvrage.com/shows/id-10360/episodes/1064801770</link><title>Series 18, Show 3</title></episode>
<episode><epnum>294</epnum><seasonnum>04</seasonnum><prodnum></prodnum><airdate>1996-09-21</airdate><link>http://www.tvrage.com/shows/id-10360/episodes/1064801771</link><title>Series 18, Show 4</title></episode>
<episode><epnum>295</epnum><seasonnum>05</seasonnum><prodnum></prodnum><airdate>1996-09-28</airdate><link>http://www.tvrage.com/shows/id-10360/episodes/1064801772</link><title>Series 18, Show 5</title></episode>
<episode><epnum>296</epnum><seasonnum>06</seasonnum><prodnum></prodnum><airdate>1996-10-05</airdate><link>http://www.tvrage.com/shows/id-10360/episodes/1064801773</link><title>Series 18, Show 6</title></episode>
<episode><epnum>297</epnum><seasonnum>07</seasonnum><prodnum></prodnum><airdate>1996-10-12</airdate><link>http://www.tvrage.com/shows/id-10360/episodes/1064801774</link><title>Series 18, Show 7</title></episode>
<episode><epnum>298</epnum><seasonnum>08</seasonnum><prodnum></prodnum><airdate>1996-10-19</airdate><link>http://www.tvrage.com/shows/id-10360/episodes/1064801775</link><title>Series 18, Show 8</title></episode>
<episode><epnum>299</epnum><seasonnum>09</seasonnum><prodnum></prodnum><airdate>1996-10-26</airdate><link>http://www.tvrage.com/shows/id-10360/episodes/1064801776</link><title>Series 18, Show 9</title></episode>
<episode><epnum>300</epnum><seasonnum>10</seasonnum><prodnum></prodnum><airdate>1996-11-02</airdate><link>http://www.tvrage.com/shows/id-10360/episodes/1064801777</link><title>Series 18, Show 10</title></episode>
<episode><epnum>301</epnum><seasonnum>11</seasonnum><prodnum></prodnum><airdate>1996-11-16</airdate><link>http://www.tvrage.com/shows/id-10360/episodes/1064801778</link><title>Series 18, Show 11</title></episode>
<episode><epnum>302</epnum><seasonnum>12</seasonnum><prodnum></prodnum><airdate>1996-11-23</airdate><link>http://www.tvrage.com/shows/id-10360/episodes/1064801779</link><title>Series 18, Show 12</title></episode>
<episode><epnum>303</epnum><seasonnum>13</seasonnum><prodnum></prodnum><airdate>1996-11-30</airdate><link>http://www.tvrage.com/shows/id-10360/episodes/1064801780</link><title>Series 18, Show 13</title></episode>
<episode><epnum>304</epnum><seasonnum>14</seasonnum><prodnum></prodnum><airdate>1996-12-07</airdate><link>http://www.tvrage.com/shows/id-10360/episodes/1064801781</link><title>Series 18, Show 14</title></episode>
<episode><epnum>305</epnum><seasonnum>15</seasonnum><prodnum></prodnum><airdate>1996-12-14</airdate><link>http://www.tvrage.com/shows/id-10360/episodes/1064801782</link><title>Series 18, Show 15</title></episode>
<episode><epnum>306</epnum><seasonnum>16</seasonnum><prodnum></prodnum><airdate>1996-12-21</airdate><link>http://www.tvrage.com/shows/id-10360/episodes/1064802253</link><title>Christmas Special</title></episode>
</Season>

<Season no="19">
<episode><epnum>307</epnum><seasonnum>01</seasonnum><prodnum></prodnum><airdate>1997-10-18</airdate><link>http://www.tvrage.com/shows/id-10360/episodes/1064801783</link><title>Series 19, Show 1</title></episode>
<episode><epnum>308</epnum><seasonnum>02</seasonnum><prodnum></prodnum><airdate>1997-10-25</airdate><link>http://www.tvrage.com/shows/id-10360/episodes/1064801784</link><title>Series 19, Show 2</title></episode>
<episode><epnum>309</epnum><seasonnum>03</seasonnum><prodnum></prodnum><airdate>1997-11-01</airdate><link>http://www.tvrage.com/shows/id-10360/episodes/1064801785</link><title>Series 19, Show 3</title></episode>
<episode><epnum>310</epnum><seasonnum>04</seasonnum><prodnum></prodnum><airdate>1997-11-08</airdate><link>http://www.tvrage.com/shows/id-10360/episodes/1064801786</link><title>Series 19, Show 4</title></episode>
<episode><epnum>311</epnum><seasonnum>05</seasonnum><prodnum></prodnum><airdate>1997-11-15</airdate><link>http://www.tvrage.com/shows/id-10360/episodes/1064801787</link><title>Series 19, Show 5</title></episode>
<episode><epnum>312</epnum><seasonnum>06</seasonnum><prodnum></prodnum><airdate>1997-11-22</airdate><link>http://www.tvrage.com/shows/id-10360/episodes/1064801788</link><title>Series 19, Show 6</title></episode>
<episode><epnum>313</epnum><seasonnum>07</seasonnum><prodnum></prodnum><airdate>1997-11-29</airdate><link>http://www.tvrage.com/shows/id-10360/episodes/1064801789</link><title>Series 19, Show 7</title></episode>
<episode><epnum>314</epnum><seasonnum>08</seasonnum><prodnum></prodnum><airdate>1997-12-06</airdate><link>http://www.tvrage.com/shows/id-10360/episodes/1064801790</link><title>Series 19, Show 8</title></episode>
<episode><epnum>315</epnum><seasonnum>09</seasonnum><prodnum></prodnum><airdate>1997-12-13</airdate><link>http://www.tvrage.com/shows/id-10360/episodes/1064801791</link><title>Series 19, Show 9</title></episode>
<episode><epnum>316</epnum><seasonnum>10</seasonnum><prodnum></prodnum><airdate>1997-12-20</airdate><link>http://www.tvrage.com/shows/id-10360/episodes/1064801792</link><title>Series 19, Show 10</title></episode>
<episode><epnum>317</epnum><seasonnum>11</seasonnum><prodnum></prodnum><airdate>1998-01-03</airdate><link>http://www.tvrage.com/shows/id-10360/episodes/1064801793</link><title>Series 19, Show 11</title></episode>
<episode><epnum>318</epnum><seasonnum>12</seasonnum><prodnum></prodnum><airdate>1998-01-10</airdate><link>http://www.tvrage.com/shows/id-10360/episodes/1064801794</link><title>Series 19, Show 12</title></episode>
<episode><epnum>319</epnum><seasonnum>13</seasonnum><prodnum></prodnum><airdate>1998-01-17</airdate><link>http://www.tvrage.com/shows/id-10360/episodes/1064801795</link><title>Series 19, Show 13</title></episode>
<episode><epnum>320</epnum><seasonnum>14</seasonnum><prodnum></prodnum><airdate>1998-01-24</airdate><link>http://www.tvrage.com/shows/id-10360/episodes/1064801796</link><title>Series 19, Show 14</title></episode>
<episode><epnum>321</epnum><seasonnum>15</seasonnum><prodnum></prodnum><airdate>1998-01-31</airdate><link>http://www.tvrage.com/shows/id-10360/episodes/1064801797</link><title>Series 19, Show 15</title></episode>
<episode><epnum>322</epnum><seasonnum>16</seasonnum><prodnum></prodnum><airdate>1998-02-07</airdate><link>http://www.tvrage.com/shows/id-10360/episodes/1064801798</link><title>Series 19, Show 16</title></episode>
<episode><epnum>323</epnum><seasonnum>17</seasonnum><prodnum></prodnum><airdate>1998-02-14</airdate><link>http://www.tvrage.com/shows/id-10360/episodes/1064801799</link><title>Series 19, Show 17</title></episode>
<episode><epnum>324</epnum><seasonnum>18</seasonnum><prodnum></prodnum><airdate>1998-02-21</airdate><link>http://www.tvrage.com/shows/id-10360/episodes/1064801800</link><title>Series 19, Show 18</title></episode>
<episode><epnum>325</epnum><seasonnum>19</seasonnum><prodnum></prodnum><airdate>1998-02-28</airdate><link>http://www.tvrage.com/shows/id-10360/episodes/1064801801</link><title>Series 19, Show 19</title></episode>
<episode><epnum>326</epnum><seasonnum>20</seasonnum><prodnum></prodnum><airdate>1998-03-07</airdate><link>http://www.tvrage.com/shows/id-10360/episodes/1064802257</link><title>Series 19, Show 20</title></episode>
<episode><epnum>327</epnum><seasonnum>21</seasonnum><prodnum></prodnum><airdate>1998-03-14</airdate><link>http://www.tvrage.com/shows/id-10360/episodes/1064802260</link><title>Series 19, Compilation Part 1</title></episode>
<episode><epnum>328</epnum><seasonnum>22</seasonnum><prodnum></prodnum><airdate>1998-03-21</airdate><link>http://www.tvrage.com/shows/id-10360/episodes/1064802261</link><title>Series 19, Compilation Part 2</title></episode>
</Season>

<Season no="20">
<episode><epnum>329</epnum><seasonnum>01</seasonnum><prodnum></prodnum><airdate>1998-09-05</airdate><link>http://www.tvrage.com/shows/id-10360/episodes/1064802153</link><title>Series 20, Show 1</title></episode>
<episode><epnum>330</epnum><seasonnum>02</seasonnum><prodnum></prodnum><airdate>1998-09-12</airdate><link>http://www.tvrage.com/shows/id-10360/episodes/1064802154</link><title>Series 20, Show 2</title></episode>
<episode><epnum>331</epnum><seasonnum>03</seasonnum><prodnum></prodnum><airdate>1998-09-19</airdate><link>http://www.tvrage.com/shows/id-10360/episodes/1064802155</link><title>Series 20, Show 3</title></episode>
<episode><epnum>332</epnum><seasonnum>04</seasonnum><prodnum></prodnum><airdate>1998-09-26</airdate><link>http://www.tvrage.com/shows/id-10360/episodes/1064802156</link><title>Series 20, Show 4</title></episode>
<episode><epnum>333</epnum><seasonnum>05</seasonnum><prodnum></prodnum><airdate>1998-10-03</airdate><link>http://www.tvrage.com/shows/id-10360/episodes/1064802157</link><title>Series 20, Show 5</title></episode>
<episode><epnum>334</epnum><seasonnum>06</seasonnum><prodnum></prodnum><airdate>1998-10-10</airdate><link>http://www.tvrage.com/shows/id-10360/episodes/1064802158</link><title>Series 20, Show 6</title></episode>
<episode><epnum>335</epnum><seasonnum>07</seasonnum><prodnum></prodnum><airdate>1998-10-17</airdate><link>http://www.tvrage.com/shows/id-10360/episodes/1064802159</link><title>Series 20, Show 7</title></episode>
<episode><epnum>336</epnum><seasonnum>08</seasonnum><prodnum></prodnum><airdate>1998-10-24</airdate><link>http://www.tvrage.com/shows/id-10360/episodes/1064802160</link><title>Series 20, Show 8</title></episode>
<episode><epnum>337</epnum><seasonnum>09</seasonnum><prodnum></prodnum><airdate>1998-10-31</airdate><link>http://www.tvrage.com/shows/id-10360/episodes/1064802161</link><title>Series 20, Show 9</title></episode>
<episode><epnum>338</epnum><seasonnum>10</seasonnum><prodnum></prodnum><airdate>1998-11-07</airdate><link>http://www.tvrage.com/shows/id-10360/episodes/1064802162</link><title>Series 20, Show 10</title></episode>
<episode><epnum>339</epnum><seasonnum>11</seasonnum><prodnum></prodnum><airdate>1998-11-14</airdate><link>http://www.tvrage.com/shows/id-10360/episodes/1064802163</link><title>Series 20, Show 11</title></episode>
<episode><epnum>340</epnum><seasonnum>12</seasonnum><prodnum></prodnum><airdate>1998-11-21</airdate><link>http://www.tvrage.com/shows/id-10360/episodes/1064802164</link><title>Series 20, Show 12</title></episode>
<episode><epnum>341</epnum><seasonnum>13</seasonnum><prodnum></prodnum><airdate>1998-11-28</airdate><link>http://www.tvrage.com/shows/id-10360/episodes/1064802165</link><title>Series 20, Show 13</title></episode>
<episode><epnum>342</epnum><seasonnum>14</seasonnum><prodnum></prodnum><airdate>1998-12-05</airdate><link>http://www.tvrage.com/shows/id-10360/episodes/1064802166</link><title>Series 20, Show 14</title></episode>
<episode><epnum>343</epnum><seasonnum>15</seasonnum><prodnum></prodnum><airdate>1998-12-12</airdate><link>http://www.tvrage.com/shows/id-10360/episodes/1064802167</link><title>Series 20, Show 15</title></episode>
<episode><epnum>344</epnum><seasonnum>16</seasonnum><prodnum></prodnum><airdate>1998-12-19</airdate><link>http://www.tvrage.com/shows/id-10360/episodes/1064802168</link><title>Series 20, Show 16</title></episode>
<episode><epnum>345</epnum><seasonnum>17</seasonnum><prodnum></prodnum><airdate>1999-01-09</airdate><link>http://www.tvrage.com/shows/id-10360/episodes/1064802169</link><title>Series 20, Show 17</title></episode>
<episode><epnum>346</epnum><seasonnum>18</seasonnum><prodnum></prodnum><airdate>1999-01-16</airdate><link>http://www.tvrage.com/shows/id-10360/episodes/1064802170</link><title>Series 20, Show 18</title></episode>
<episode><epnum>347</epnum><seasonnum>19</seasonnum><prodnum></prodnum><airdate>1999-01-23</airdate><link>http://www.tvrage.com/shows/id-10360/episodes/1064802171</link><title>Series 20, Show 19</title></episode>
<episode><epnum>348</epnum><seasonnum>20</seasonnum><prodnum></prodnum><airdate>1999-01-30</airdate><link>http://www.tvrage.com/shows/id-10360/episodes/1064802263</link><title>Best of 1998</title></episode>
</Season>

<Season no="21">
<episode><epnum>349</epnum><seasonnum>01</seasonnum><prodnum></prodnum><airdate>1999-09-04</airdate><link>http://www.tvrage.com/shows/id-10360/episodes/1064802172</link><title>Series 21, Show 1</title></episode>
<episode><epnum>350</epnum><seasonnum>02</seasonnum><prodnum></prodnum><airdate>1999-09-11</airdate><link>http://www.tvrage.com/shows/id-10360/episodes/1064802173</link><title>Series 21, Show 2</title></episode>
<episode><epnum>351</epnum><seasonnum>03</seasonnum><prodnum></prodnum><airdate>1999-09-18</airdate><link>http://www.tvrage.com/shows/id-10360/episodes/1064802174</link><title>Series 21, Show 3</title></episode>
<episode><epnum>352</epnum><seasonnum>04</seasonnum><prodnum></prodnum><airdate>1999-09-25</airdate><link>http://www.tvrage.com/shows/id-10360/episodes/1064802175</link><title>Series 21, Show 4</title></episode>
<episode><epnum>353</epnum><seasonnum>05</seasonnum><prodnum></prodnum><airdate>1999-10-02</airdate><link>http://www.tvrage.com/shows/id-10360/episodes/1064802176</link><title>Series 21, Show 5</title></episode>
<episode><epnum>354</epnum><seasonnum>06</seasonnum><prodnum></prodnum><airdate>1999-10-09</airdate><link>http://www.tvrage.com/shows/id-10360/episodes/1064802177</link><title>Series 21, Show 6</title></episode>
<episode><epnum>355</epnum><seasonnum>07</seasonnum><prodnum></prodnum><airdate>1999-10-16</airdate><link>http://www.tvrage.com/shows/id-10360/episodes/1064802178</link><title>Series 21, Show 7</title></episode>
<episode><epnum>356</epnum><seasonnum>08</seasonnum><prodnum></prodnum><airdate>1999-10-23</airdate><link>http://www.tvrage.com/shows/id-10360/episodes/1064802179</link><title>Series 21, Show 8</title></episode>
<episode><epnum>357</epnum><seasonnum>09</seasonnum><prodnum></prodnum><airdate>1999-10-30</airdate><link>http://www.tvrage.com/shows/id-10360/episodes/1064802180</link><title>Series 21, Show 9</title></episode>
<episode><epnum>358</epnum><seasonnum>10</seasonnum><prodnum></prodnum><airdate>1999-11-06</airdate><link>http://www.tvrage.com/shows/id-10360/episodes/1064802181</link><title>Series 21, Show 10</title></episode>
<episode><epnum>359</epnum><seasonnum>11</seasonnum><prodnum></prodnum><airdate>1999-11-13</airdate><link>http://www.tvrage.com/shows/id-10360/episodes/1064802182</link><title>Series 21, Show 11</title></episode>
<episode><epnum>360</epnum><seasonnum>12</seasonnum><prodnum></prodnum><airdate>1999-11-20</airdate><link>http://www.tvrage.com/shows/id-10360/episodes/1064802183</link><title>Series 21, Show 12</title></episode>
<episode><epnum>361</epnum><seasonnum>13</seasonnum><prodnum></prodnum><airdate>1999-11-27</airdate><link>http://www.tvrage.com/shows/id-10360/episodes/1064802184</link><title>Series 21, Show 13</title></episode>
<episode><epnum>362</epnum><seasonnum>14</seasonnum><prodnum></prodnum><airdate>1999-12-25</airdate><link>http://www.tvrage.com/shows/id-10360/episodes/1064802185</link><title>Series 21, Show 14</title></episode>
<episode><epnum>363</epnum><seasonnum>15</seasonnum><prodnum></prodnum><airdate>2000-01-01</airdate><link>http://www.tvrage.com/shows/id-10360/episodes/1064802186</link><title>Series 21, Show 15</title></episode>
<episode><epnum>364</epnum><seasonnum>16</seasonnum><prodnum></prodnum><airdate>2000-01-08</airdate><link>http://www.tvrage.com/shows/id-10360/episodes/1064802187</link><title>Series 21, Show 16</title></episode>
<episode><epnum>365</epnum><seasonnum>17</seasonnum><prodnum></prodnum><airdate>2000-01-15</airdate><link>http://www.tvrage.com/shows/id-10360/episodes/1064802188</link><title>Series 21, Show 17</title></episode>
<episode><epnum>366</epnum><seasonnum>18</seasonnum><prodnum></prodnum><airdate>2000-01-22</airdate><link>http://www.tvrage.com/shows/id-10360/episodes/1064802264</link><title>Series 21, Show 18</title></episode>
<episode><epnum>367</epnum><seasonnum>19</seasonnum><prodnum></prodnum><airdate>2000-01-29</airdate><link>http://www.tvrage.com/shows/id-10360/episodes/1064802265</link><title>Series 21, Show 19</title></episode>
<episode><epnum>368</epnum><seasonnum>20</seasonnum><prodnum></prodnum><airdate>2000-02-05</airdate><link>http://www.tvrage.com/shows/id-10360/episodes/1064802267</link><title>Best of 1999 Part 1</title></episode>
<episode><epnum>369</epnum><seasonnum>21</seasonnum><prodnum></prodnum><airdate>2000-07-01</airdate><link>http://www.tvrage.com/shows/id-10360/episodes/1064802268</link><title>Best of 1999 Part 2</title></episode>
</Season>

<Season no="22">
<episode><epnum>370</epnum><seasonnum>01</seasonnum><prodnum></prodnum><airdate>2000-10-07</airdate><link>http://www.tvrage.com/shows/id-10360/episodes/1064802189</link><title>Series 22, Show 1</title></episode>
<episode><epnum>371</epnum><seasonnum>02</seasonnum><prodnum></prodnum><airdate>2000-10-14</airdate><link>http://www.tvrage.com/shows/id-10360/episodes/1064802190</link><title>Series 22, Show 2</title></episode>
<episode><epnum>372</epnum><seasonnum>03</seasonnum><prodnum></prodnum><airdate>2000-10-21</airdate><link>http://www.tvrage.com/shows/id-10360/episodes/1064802191</link><title>Series 22, Show 3</title></episode>
<episode><epnum>373</epnum><seasonnum>04</seasonnum><prodnum></prodnum><airdate>2000-10-28</airdate><link>http://www.tvrage.com/shows/id-10360/episodes/1064802192</link><title>Series 22, Show 4</title></episode>
<episode><epnum>374</epnum><seasonnum>05</seasonnum><prodnum></prodnum><airdate>2000-11-04</airdate><link>http://www.tvrage.com/shows/id-10360/episodes/1064802193</link><title>Series 22, Show 5</title></episode>
<episode><epnum>375</epnum><seasonnum>06</seasonnum><prodnum></prodnum><airdate>2000-11-11</airdate><link>http://www.tvrage.com/shows/id-10360/episodes/1064802194</link><title>Series 22, Show 6</title></episode>
<episode><epnum>376</epnum><seasonnum>07</seasonnum><prodnum></prodnum><airdate>2000-11-18</airdate><link>http://www.tvrage.com/shows/id-10360/episodes/1064802195</link><title>Series 22, Show 7</title></episode>
<episode><epnum>377</epnum><seasonnum>08</seasonnum><prodnum></prodnum><airdate>2000-11-25</airdate><link>http://www.tvrage.com/shows/id-10360/episodes/1064802196</link><title>Series 22, Show 8</title></episode>
<episode><epnum>378</epnum><seasonnum>09</seasonnum><prodnum></prodnum><airdate>2000-12-02</airdate><link>http://www.tvrage.com/shows/id-10360/episodes/1064802197</link><title>Series 22, Show 9</title></episode>
<episode><epnum>379</epnum><seasonnum>10</seasonnum><prodnum></prodnum><airdate>2000-12-09</airdate><link>http://www.tvrage.com/shows/id-10360/episodes/1064802198</link><title>Series 22, Show 10</title></episode>
<episode><epnum>380</epnum><seasonnum>11</seasonnum><prodnum></prodnum><airdate>2000-12-16</airdate><link>http://www.tvrage.com/shows/id-10360/episodes/1064802199</link><title>Series 22, Show 11</title></episode>
<episode><epnum>381</epnum><seasonnum>12</seasonnum><prodnum></prodnum><airdate>2001-01-06</airdate><link>http://www.tvrage.com/shows/id-10360/episodes/1064802200</link><title>Series 22, Show 12</title></episode>
<episode><epnum>382</epnum><seasonnum>13</seasonnum><prodnum></prodnum><airdate>2001-01-13</airdate><link>http://www.tvrage.com/shows/id-10360/episodes/1064802201</link><title>Series 22, Show 13</title></episode>
<episode><epnum>383</epnum><seasonnum>14</seasonnum><prodnum></prodnum><airdate>2001-01-20</airdate><link>http://www.tvrage.com/shows/id-10360/episodes/1064802202</link><title>Series 22, Show 14</title></episode>
<episode><epnum>384</epnum><seasonnum>15</seasonnum><prodnum></prodnum><airdate>2001-01-27</airdate><link>http://www.tvrage.com/shows/id-10360/episodes/1064802203</link><title>Series 22, Show 15</title></episode>
<episode><epnum>385</epnum><seasonnum>16</seasonnum><prodnum></prodnum><airdate>2001-02-10</airdate><link>http://www.tvrage.com/shows/id-10360/episodes/1064802204</link><title>Series 22, Show 16</title></episode>
<episode><epnum>386</epnum><seasonnum>17</seasonnum><prodnum></prodnum><airdate>2001-02-17</airdate><link>http://www.tvrage.com/shows/id-10360/episodes/1064802205</link><title>Series 22, Show 17</title></episode>
<episode><epnum>387</epnum><seasonnum>18</seasonnum><prodnum></prodnum><airdate>2001-02-24</airdate><link>http://www.tvrage.com/shows/id-10360/episodes/1064802206</link><title>Series 22, Show 18</title></episode>
<episode><epnum>388</epnum><seasonnum>19</seasonnum><prodnum></prodnum><airdate>2001-05-26</airdate><link>http://www.tvrage.com/shows/id-10360/episodes/1064802270</link><title>Series 22, Compilation</title></episode>
</Season>

<Season no="23">
<episode><epnum>389</epnum><seasonnum>01</seasonnum><prodnum></prodnum><airdate>2001-09-08</airdate><link>http://www.tvrage.com/shows/id-10360/episodes/1064802207</link><title>Series 23, Show 1</title></episode>
<episode><epnum>390</epnum><seasonnum>02</seasonnum><prodnum></prodnum><airdate>2001-09-15</airdate><link>http://www.tvrage.com/shows/id-10360/episodes/1064802208</link><title>Series 23, Show 2</title></episode>
<episode><epnum>391</epnum><seasonnum>03</seasonnum><prodnum></prodnum><airdate>2001-09-22</airdate><link>http://www.tvrage.com/shows/id-10360/episodes/1064802209</link><title>Series 23, Show 3</title></episode>
<episode><epnum>392</epnum><seasonnum>04</seasonnum><prodnum></prodnum><airdate>2001-09-29</airdate><link>http://www.tvrage.com/shows/id-10360/episodes/1064802210</link><title>Series 23, Show 4</title></episode>
<episode><epnum>393</epnum><seasonnum>05</seasonnum><prodnum></prodnum><airdate>2001-10-06</airdate><link>http://www.tvrage.com/shows/id-10360/episodes/1064802271</link><title>Series 23, Show 5</title></episode>
<episode><epnum>394</epnum><seasonnum>06</seasonnum><prodnum></prodnum><airdate>2001-10-13</airdate><link>http://www.tvrage.com/shows/id-10360/episodes/1064802272</link><title>Series 23, Show 6</title></episode>
<episode><epnum>395</epnum><seasonnum>07</seasonnum><prodnum></prodnum><airdate>2001-10-20</airdate><link>http://www.tvrage.com/shows/id-10360/episodes/1064802273</link><title>Series 23, Show 7</title></episode>
<episode><epnum>396</epnum><seasonnum>08</seasonnum><prodnum></prodnum><airdate>2001-10-27</airdate><link>http://www.tvrage.com/shows/id-10360/episodes/1064802274</link><title>Series 23, Show 8</title></episode>
<episode><epnum>397</epnum><seasonnum>09</seasonnum><prodnum></prodnum><airdate>2001-11-03</airdate><link>http://www.tvrage.com/shows/id-10360/episodes/1064802275</link><title>Series 23, Show 9</title></episode>
<episode><epnum>398</epnum><seasonnum>10</seasonnum><prodnum></prodnum><airdate>2001-11-10</airdate><link>http://www.tvrage.com/shows/id-10360/episodes/1064802276</link><title>Series 23, Show 10</title></episode>
<episode><epnum>399</epnum><seasonnum>11</seasonnum><prodnum></prodnum><airdate>2001-11-17</airdate><link>http://www.tvrage.com/shows/id-10360/episodes/1064802277</link><title>Series 23, Show 11</title></episode>
<episode><epnum>400</epnum><seasonnum>12</seasonnum><prodnum></prodnum><airdate>2001-11-24</airdate><link>http://www.tvrage.com/shows/id-10360/episodes/1064802278</link><title>Series 23, Show 12</title></episode>
<episode><epnum>401</epnum><seasonnum>13</seasonnum><prodnum></prodnum><airdate>2001-03-09</airdate><link>http://www.tvrage.com/shows/id-10360/episodes/1064802279</link><title>Series 23, Show 13</title></episode>
<episode><epnum>402</epnum><seasonnum>14</seasonnum><prodnum></prodnum><airdate>2002-03-16</airdate><link>http://www.tvrage.com/shows/id-10360/episodes/1064802280</link><title>Series 23, Show 14</title></episode>
<episode><epnum>403</epnum><seasonnum>15</seasonnum><prodnum></prodnum><airdate>2002-03-23</airdate><link>http://www.tvrage.com/shows/id-10360/episodes/1064802281</link><title>Series 23, Show 15</title></episode>
<episode><epnum>404</epnum><seasonnum>16</seasonnum><prodnum></prodnum><airdate>2002-03-30</airdate><link>http://www.tvrage.com/shows/id-10360/episodes/1064802283</link><title>Series 23, Show 16</title></episode>
<episode><epnum>405</epnum><seasonnum>17</seasonnum><prodnum></prodnum><airdate>2002-04-06</airdate><link>http://www.tvrage.com/shows/id-10360/episodes/1064802284</link><title>Series 23, Show 17</title></episode>
<episode><epnum>406</epnum><seasonnum>18</seasonnum><prodnum></prodnum><airdate>2002-04-13</airdate><link>http://www.tvrage.com/shows/id-10360/episodes/1064802285</link><title>Series 23, Show 18</title></episode>
<episode><epnum>407</epnum><seasonnum>19</seasonnum><prodnum></prodnum><airdate>2002-04-20</airdate><link>http://www.tvrage.com/shows/id-10360/episodes/1064802286</link><title>Series 23, Compilation</title></episode>
</Season>

<Special>
<episode><season>23</season><airdate>2005-12-31</airdate><link>http://www.tvrage.com/shows/id-10360/episodes/1064802287</link><title>Generation Fame</title></episode>
</Special>

</Episodelist>

</Show>