<?xml version="1.0" encoding="UTF-8" ?>


<Show>
<name>Guess My Story (UK)</name>
<totalseasons>1</totalseasons>
<showid>10368</showid>
<showlink>http://tvrage.com/Guess_My_Story_UK</showlink>
<started>Feb/1953</started>
<ended>Mar/1954</ended>
<image>http://images.tvrage.com/shows/11/10368.jpg</image>
<origin_country>UK</origin_country>
<status>Canceled/Ended</status>
<classification>Game Show</classification>
<runtime>30</runtime>
<network country="UK">BBC One</network>
<airtime>12:00</airtime>
<timezone>GMT+0 -DST</timezone>

</Show>