<?xml version="1.0" encoding="UTF-8" ?>


<Show>
<name>Golden Boy (JP)</name>
<totalseasons>1</totalseasons>
<showid>1036</showid>
<showlink>http://tvrage.com/shows/id-1036</showlink>
<started>1995</started>
<ended></ended>
<image>http://images.tvrage.com/shows/2/1036.jpg</image>
<origin_country>JP</origin_country>
<status>Canceled/Ended</status>
<classification>Animation</classification>
<genres><genre>Anime</genre><genre>Adventure</genre><genre>Comedy</genre></genres>
<runtime>25</runtime>
<akas><aka>Golden Boy</aka></akas>
<Episodelist>

<Season no="1">
<episode><epnum>1</epnum><seasonnum>01</seasonnum><prodnum></prodnum><airdate>1995-10-27</airdate><link>http://www.tvrage.com/shows/id-1036/episodes/315262</link><title>Computer Lesson</title><screencap>http://images.tvrage.com/screencaps/6/1036/315262.png</screencap></episode>
<episode><epnum>2</epnum><seasonnum>02</seasonnum><prodnum></prodnum><airdate>1995-11-22</airdate><link>http://www.tvrage.com/shows/id-1036/episodes/315263</link><title>Temptation of the Maiden</title><screencap>http://images.tvrage.com/screencaps/6/1036/315263.png</screencap></episode>
<episode><epnum>3</epnum><seasonnum>03</seasonnum><prodnum></prodnum><airdate>1995-12-22</airdate><link>http://www.tvrage.com/shows/id-1036/episodes/315264</link><title>Danger! The Virgin's First Love</title><screencap>http://images.tvrage.com/screencaps/6/1036/315264.png</screencap></episode>
<episode><epnum>4</epnum><seasonnum>04</seasonnum><prodnum></prodnum><airdate>1996-04-26</airdate><link>http://www.tvrage.com/shows/id-1036/episodes/315265</link><title>Swimming In the Sea of Love</title><screencap>http://images.tvrage.com/screencaps/6/1036/315265.png</screencap></episode>
<episode><epnum>5</epnum><seasonnum>05</seasonnum><prodnum></prodnum><airdate>1996-05-24</airdate><link>http://www.tvrage.com/shows/id-1036/episodes/315266</link><title>B@!!$ to the Wall</title><screencap>http://images.tvrage.com/screencaps/6/1036/315266.png</screencap></episode>
<episode><epnum>6</epnum><seasonnum>06</seasonnum><prodnum></prodnum><airdate>1996-06-28</airdate><link>http://www.tvrage.com/shows/id-1036/episodes/315267</link><title>Animation is Fun!</title><screencap>http://images.tvrage.com/screencaps/6/1036/315267.png</screencap></episode>
</Season>

</Episodelist>

</Show>