<?xml version="1.0" encoding="UTF-8" ?>


<Show>
<name>God's Gift</name>
<totalseasons>1</totalseasons>
<showid>10362</showid>
<showlink>http://tvrage.com/shows/id-10362</showlink>
<started>Jan/1995</started>
<ended>1997</ended>
<image>http://images.tvrage.com/shows/11/10362.jpg</image>
<origin_country>UK</origin_country>
<status>Canceled/Ended</status>
<classification>Game Show</classification>
<runtime>60</runtime>
<network country="UK">ITV</network>
<airtime>12:00</airtime>
<timezone>GMT+0 -DST</timezone>

</Show>