<?xml version="1.0" encoding="UTF-8" ?>


<Show>
<name>The Honeymoon Race</name>
<totalseasons>1</totalseasons>
<showid>10374</showid>
<showlink>http://tvrage.com/shows/id-10374</showlink>
<started>Jul/17/1967</started>
<ended>Dec/01/1967</ended>
<origin_country>US</origin_country>
<status>Canceled/Ended</status>
<classification>Game Show</classification>
<runtime>30</runtime>
<network country="US">ABC</network>
<airtime>11:00</airtime>
<airday>Weekdays</airday>
<timezone>GMT-5 -DST</timezone>

</Show>