<?xml version="1.0" encoding="UTF-8" ?>


<Show>
<name>Headliners</name>
<totalseasons>1</totalseasons>
<showid>10371</showid>
<showlink>http://tvrage.com/shows/id-10371</showlink>
<started>Mar/1988</started>
<ended>Jun/1988</ended>
<image>http://images.tvrage.com/shows/11/10371.jpg</image>
<origin_country>UK</origin_country>
<status>Canceled/Ended</status>
<classification>Game Show</classification>
<runtime>30</runtime>
<network country="UK">ITV London</network>
<airtime>12:00</airtime>
<timezone>GMT+0 -DST</timezone>

</Show>