<?xml version="1.0" encoding="UTF-8" ?>


<Show>
<name>Miracle Girls</name>
<totalseasons>1</totalseasons>
<showid>1037</showid>
<showlink>http://tvrage.com/shows/id-1037</showlink>
<started>Jan/1993</started>
<ended>Dec/1993</ended>
<image>http://images.tvrage.com/shows/2/1037.jpg</image>
<origin_country>JP</origin_country>
<status>Canceled/Ended</status>
<classification>Animation</classification>
<genres><genre>Anime</genre><genre>Drama</genre></genres>
<network country="JP">NTV</network>
<timezone>GMT+9 -DST</timezone>
<akas><aka country="IT">E' un po' magia per Terry e Maggie</aka></akas>
<Episodelist>

<Season no="1">
<episode><epnum>1</epnum><seasonnum>01</seasonnum><prodnum></prodnum><airdate>1993-01-08</airdate><link>http://www.tvrage.com/shows/id-1037/episodes/318279</link><title>Cloudy, Then Mikage</title></episode>
<episode><epnum>2</epnum><seasonnum>02</seasonnum><prodnum></prodnum><airdate>1993-01-15</airdate><link>http://www.tvrage.com/shows/id-1037/episodes/318280</link><title>Rain with a Chance of Hijack</title></episode>
<episode><epnum>3</epnum><seasonnum>03</seasonnum><prodnum></prodnum><airdate>1993-01-22</airdate><link>http://www.tvrage.com/shows/id-1037/episodes/318281</link><title>The Wind Blows Towards London</title></episode>
<episode><epnum>4</epnum><seasonnum>04</seasonnum><prodnum></prodnum><airdate>1993-01-29</airdate><link>http://www.tvrage.com/shows/id-1037/episodes/318282</link><title>Bargain Typhoon</title></episode>
<episode><epnum>5</epnum><seasonnum>05</seasonnum><prodnum></prodnum><airdate>1993-02-05</airdate><link>http://www.tvrage.com/shows/id-1037/episodes/318283</link><title>Mikage, Briefly Tomomi</title></episode>
<episode><epnum>6</epnum><seasonnum>06</seasonnum><prodnum></prodnum><airdate>1993-02-12</airdate><link>http://www.tvrage.com/shows/id-1037/episodes/318284</link><title>Fine Weather for Espers</title></episode>
<episode><epnum>7</epnum><seasonnum>07</seasonnum><prodnum></prodnum><airdate>1993-02-19</airdate><link>http://www.tvrage.com/shows/id-1037/episodes/318285</link><title>A Premonition Index of ?%</title></episode>
<episode><epnum>8</epnum><seasonnum>08</seasonnum><prodnum></prodnum><airdate>1993-02-26</airdate><link>http://www.tvrage.com/shows/id-1037/episodes/318286</link><title>A Chance of Scattered Tears</title></episode>
<episode><epnum>9</epnum><seasonnum>09</seasonnum><prodnum></prodnum><airdate>1993-03-05</airdate><link>http://www.tvrage.com/shows/id-1037/episodes/318287</link><title>Blizzard at the Ski Lodge</title></episode>
<episode><epnum>10</epnum><seasonnum>10</seasonnum><prodnum></prodnum><airdate>1993-03-12</airdate><link>http://www.tvrage.com/shows/id-1037/episodes/318288</link><title>Avalanche Warning Announcement</title></episode>
<episode><epnum>11</epnum><seasonnum>11</seasonnum><prodnum></prodnum><airdate>1993-03-19</airdate><link>http://www.tvrage.com/shows/id-1037/episodes/318289</link><title>Timestream Storm Warning</title></episode>
<episode><epnum>12</epnum><seasonnum>12</seasonnum><prodnum></prodnum><airdate>1993-03-26</airdate><link>http://www.tvrage.com/shows/id-1037/episodes/318290</link><title>The Whirlwind in Tomomi's Heart</title></episode>
<episode><epnum>13</epnum><seasonnum>13</seasonnum><prodnum></prodnum><airdate>1993-04-02</airdate><link>http://www.tvrage.com/shows/id-1037/episodes/318291</link><title>The Mysterious Migratory Love Cyclone</title></episode>
<episode><epnum>14</epnum><seasonnum>14</seasonnum><prodnum></prodnum><airdate>1993-04-09</airdate><link>http://www.tvrage.com/shows/id-1037/episodes/318292</link><title>Drawn into a Tiny Typhoon</title></episode>
<episode><epnum>15</epnum><seasonnum>15</seasonnum><prodnum></prodnum><airdate>1993-04-16</airdate><link>http://www.tvrage.com/shows/id-1037/episodes/318293</link><title>Something Amiss in the Cherry Blossom Front</title></episode>
<episode><epnum>16</epnum><seasonnum>16</seasonnum><prodnum></prodnum><airdate>1993-04-23</airdate><link>http://www.tvrage.com/shows/id-1037/episodes/318294</link><title>The Spring Wind Special Express</title></episode>
<episode><epnum>17</epnum><seasonnum>17</seasonnum><prodnum></prodnum><airdate>1993-04-30</airdate><link>http://www.tvrage.com/shows/id-1037/episodes/318295</link><title>Memory Currents</title></episode>
<episode><epnum>18</epnum><seasonnum>18</seasonnum><prodnum></prodnum><airdate>1993-05-07</airdate><link>http://www.tvrage.com/shows/id-1037/episodes/318296</link><title>Unicorn of the Moonlit Night</title></episode>
<episode><epnum>19</epnum><seasonnum>19</seasonnum><prodnum></prodnum><airdate>1993-05-14</airdate><link>http://www.tvrage.com/shows/id-1037/episodes/318297</link><title>A Voice Calling in the Mist</title></episode>
<episode><epnum>20</epnum><seasonnum>20</seasonnum><prodnum></prodnum><airdate>1993-05-21</airdate><link>http://www.tvrage.com/shows/id-1037/episodes/318298</link><title>A Maiden's Heart is a Hurricane</title></episode>
<episode><epnum>21</epnum><seasonnum>21</seasonnum><prodnum></prodnum><airdate>1993-05-28</airdate><link>http://www.tvrage.com/shows/id-1037/episodes/318299</link><title>Take the Path to the South-Southwest</title></episode>
<episode><epnum>22</epnum><seasonnum>22</seasonnum><prodnum></prodnum><airdate>1993-06-04</airdate><link>http://www.tvrage.com/shows/id-1037/episodes/318300</link><title>Her First Love was a Mirage?!</title></episode>
<episode><epnum>23</epnum><seasonnum>23</seasonnum><prodnum></prodnum><airdate>1993-06-11</airdate><link>http://www.tvrage.com/shows/id-1037/episodes/318301</link><title>The Secret is Revealed?</title></episode>
<episode><epnum>24</epnum><seasonnum>24</seasonnum><prodnum></prodnum><airdate>1993-06-18</airdate><link>http://www.tvrage.com/shows/id-1037/episodes/318302</link><title>What? Sempai Has a Girlfriend?</title></episode>
<episode><epnum>25</epnum><seasonnum>25</seasonnum><prodnum></prodnum><airdate>1993-06-25</airdate><link>http://www.tvrage.com/shows/id-1037/episodes/318303</link><title>The Mysterious Passing Shower</title></episode>
<episode><epnum>26</epnum><seasonnum>26</seasonnum><prodnum></prodnum><airdate>1993-07-02</airdate><link>http://www.tvrage.com/shows/id-1037/episodes/318304</link><title>I'll Change Schools</title></episode>
<episode><epnum>27</epnum><seasonnum>27</seasonnum><prodnum></prodnum><airdate>1993-07-09</airdate><link>http://www.tvrage.com/shows/id-1037/episodes/318305</link><title>The Baseball Miracle</title></episode>
<episode><epnum>28</epnum><seasonnum>28</seasonnum><prodnum></prodnum><airdate>1993-07-16</airdate><link>http://www.tvrage.com/shows/id-1037/episodes/318306</link><title>A Woman's Fight!! It's My Victory</title></episode>
<episode><epnum>29</epnum><seasonnum>29</seasonnum><prodnum></prodnum><airdate>1993-07-23</airdate><link>http://www.tvrage.com/shows/id-1037/episodes/318307</link><title>Do You Like Ghosts?</title></episode>
<episode><epnum>30</epnum><seasonnum>30</seasonnum><prodnum></prodnum><airdate>1993-07-30</airdate><link>http://www.tvrage.com/shows/id-1037/episodes/318308</link><title>It Takes Two to Make a Miracle</title></episode>
<episode><epnum>31</epnum><seasonnum>31</seasonnum><prodnum></prodnum><airdate>1993-08-06</airdate><link>http://www.tvrage.com/shows/id-1037/episodes/318309</link><title>The Night of Star Coral</title></episode>
<episode><epnum>32</epnum><seasonnum>32</seasonnum><prodnum></prodnum><airdate>1993-08-13</airdate><link>http://www.tvrage.com/shows/id-1037/episodes/318310</link><title>Miracle Summer</title></episode>
<episode><epnum>33</epnum><seasonnum>33</seasonnum><prodnum></prodnum><airdate>1993-08-20</airdate><link>http://www.tvrage.com/shows/id-1037/episodes/318311</link><title>A Lost Love on Good Terms?!</title></episode>
<episode><epnum>34</epnum><seasonnum>34</seasonnum><prodnum></prodnum><airdate>1993-08-27</airdate><link>http://www.tvrage.com/shows/id-1037/episodes/318312</link><title>Turning Thoughts</title></episode>
<episode><epnum>35</epnum><seasonnum>35</seasonnum><prodnum></prodnum><airdate>1993-09-03</airdate><link>http://www.tvrage.com/shows/id-1037/episodes/318313</link><title>The Enigmatic Transfer Student</title></episode>
<episode><epnum>36</epnum><seasonnum>36</seasonnum><prodnum></prodnum><airdate>1993-09-10</airdate><link>http://www.tvrage.com/shows/id-1037/episodes/318314</link><title>A Dangerous Fellow</title></episode>
<episode><epnum>37</epnum><seasonnum>37</seasonnum><prodnum></prodnum><airdate>1993-09-17</airdate><link>http://www.tvrage.com/shows/id-1037/episodes/318315</link><title>The Deceptive Young Noble</title></episode>
<episode><epnum>38</epnum><seasonnum>38</seasonnum><prodnum></prodnum><airdate>1993-09-24</airdate><link>http://www.tvrage.com/shows/id-1037/episodes/318316</link><title>I'll Protect You!</title></episode>
<episode><epnum>39</epnum><seasonnum>39</seasonnum><prodnum></prodnum><airdate>1993-10-01</airdate><link>http://www.tvrage.com/shows/id-1037/episodes/318317</link><title>The Twins' Dissolution?!</title></episode>
<episode><epnum>40</epnum><seasonnum>40</seasonnum><prodnum></prodnum><airdate>1993-10-08</airdate><link>http://www.tvrage.com/shows/id-1037/episodes/318318</link><title>Run, Yamagishi!</title></episode>
<episode><epnum>41</epnum><seasonnum>41</seasonnum><prodnum></prodnum><airdate>1993-10-15</airdate><link>http://www.tvrage.com/shows/id-1037/episodes/318319</link><title>A Distant Promise</title></episode>
<episode><epnum>42</epnum><seasonnum>42</seasonnum><prodnum></prodnum><airdate>1993-10-22</airdate><link>http://www.tvrage.com/shows/id-1037/episodes/318320</link><title>Tomomi Enraged?!</title></episode>
<episode><epnum>43</epnum><seasonnum>43</seasonnum><prodnum></prodnum><airdate>1993-10-29</airdate><link>http://www.tvrage.com/shows/id-1037/episodes/318321</link><title>Movies are a Festival! Movies are Life!</title></episode>
<episode><epnum>44</epnum><seasonnum>44</seasonnum><prodnum></prodnum><airdate>1993-11-05</airdate><link>http://www.tvrage.com/shows/id-1037/episodes/318322</link><title>Papa's Lover?!</title></episode>
<episode><epnum>45</epnum><seasonnum>45</seasonnum><prodnum></prodnum><airdate>1993-11-12</airdate><link>http://www.tvrage.com/shows/id-1037/episodes/318323</link><title>My Wife's Coming Back?!</title></episode>
<episode><epnum>46</epnum><seasonnum>46</seasonnum><prodnum></prodnum><airdate>1993-11-19</airdate><link>http://www.tvrage.com/shows/id-1037/episodes/318324</link><title>Heart-Tied Airmail</title></episode>
<episode><epnum>47</epnum><seasonnum>47</seasonnum><prodnum></prodnum><airdate>1993-11-26</airdate><link>http://www.tvrage.com/shows/id-1037/episodes/318325</link><title>Wounded Angels</title></episode>
<episode><epnum>48</epnum><seasonnum>48</seasonnum><prodnum></prodnum><airdate>1993-12-03</airdate><link>http://www.tvrage.com/shows/id-1037/episodes/318326</link><title>A Fated Reunion</title></episode>
<episode><epnum>49</epnum><seasonnum>49</seasonnum><prodnum></prodnum><airdate>1993-12-10</airdate><link>http://www.tvrage.com/shows/id-1037/episodes/318327</link><title>Farewell, Sempai</title></episode>
<episode><epnum>50</epnum><seasonnum>50</seasonnum><prodnum></prodnum><airdate>1993-12-17</airdate><link>http://www.tvrage.com/shows/id-1037/episodes/318328</link><title>A Pair of Princesses</title></episode>
<episode><epnum>51</epnum><seasonnum>51</seasonnum><prodnum></prodnum><airdate>1993-12-24</airdate><link>http://www.tvrage.com/shows/id-1037/episodes/318329</link><title>Believe in Miracles</title></episode>
</Season>

</Episodelist>

</Show>