<?xml version="1.0" encoding="UTF-8" ?>


<Show>
<name>Blue Ribbon</name>
<totalseasons>4</totalseasons>
<showid>10383</showid>
<showlink>http://tvrage.com/shows/id-10383</showlink>
<started>Jul/2003</started>
<ended>2006</ended>
<image>http://images.tvrage.com/shows/11/10383.jpg</image>
<origin_country>US</origin_country>
<status>Canceled/Ended</status>
<classification>Documentary</classification>
<genres><genre>Cooking/Food</genre><genre>Family</genre></genres>
<runtime>25</runtime>
<network country="US">Turner South</network>
<airtime>22:00</airtime>
<airday>Weekends</airday>
<timezone>GMT-5 -DST</timezone>
<Episodelist>

<Season no="1">
<episode><epnum>101</epnum><seasonnum>01</seasonnum><prodnum>BLR101</prodnum><airdate>2003-07-00</airdate><link>http://www.tvrage.com/shows/id-10383/episodes/356139</link><title>Coffee Houses</title></episode>
<episode><epnum>102</epnum><seasonnum>02</seasonnum><prodnum>BLR102</prodnum><airdate>2003-07-00</airdate><link>http://www.tvrage.com/shows/id-10383/episodes/356149</link><title>Burger Joints</title></episode>
<episode><epnum>103</epnum><seasonnum>03</seasonnum><prodnum> BLR103</prodnum><airdate>2003-08-00</airdate><link>http://www.tvrage.com/shows/id-10383/episodes/356150</link><title>Spas</title></episode>
<episode><epnum>104</epnum><seasonnum>04</seasonnum><prodnum>BLR104</prodnum><airdate>2003-08-00</airdate><link>http://www.tvrage.com/shows/id-10383/episodes/356151</link><title>Breweries</title></episode>
<episode><epnum>105</epnum><seasonnum>05</seasonnum><prodnum>BLR105</prodnum><airdate>2003-08-00</airdate><link>http://www.tvrage.com/shows/id-10383/episodes/356152</link><title>Bed &amp; Breakfasts</title></episode>
<episode><epnum>106</epnum><seasonnum>06</seasonnum><prodnum>BLR106</prodnum><airdate>2003-08-00</airdate><link>http://www.tvrage.com/shows/id-10383/episodes/356153</link><title>Tennessee Museums</title></episode>
<episode><epnum>107</epnum><seasonnum>07</seasonnum><prodnum>BLR107</prodnum><airdate>2003-08-00</airdate><link>http://www.tvrage.com/shows/id-10383/episodes/356154</link><title>Whitewater Rafting</title></episode>
<episode><epnum>108</epnum><seasonnum>08</seasonnum><prodnum>BLR108</prodnum><airdate>2003-09-00</airdate><link>http://www.tvrage.com/shows/id-10383/episodes/356155</link><title>Odd Shops</title></episode>
<episode><epnum>109</epnum><seasonnum>09</seasonnum><prodnum>BLR109</prodnum><airdate>2003-09-00</airdate><link>http://www.tvrage.com/shows/id-10383/episodes/356156</link><title>Gardens</title></episode>
<episode><epnum>110</epnum><seasonnum>10</seasonnum><prodnum>BLR110</prodnum><airdate>2003-09-00</airdate><link>http://www.tvrage.com/shows/id-10383/episodes/356157</link><title>Cakes</title></episode>
<episode><epnum>111</epnum><seasonnum>11</seasonnum><prodnum> BLR111</prodnum><airdate>2003-10-00</airdate><link>http://www.tvrage.com/shows/id-10383/episodes/356158</link><title>Plantations</title></episode>
</Season>

<Season no="2">
<episode><epnum>201</epnum><seasonnum>01</seasonnum><prodnum>BLR201</prodnum><airdate>2004-00-00</airdate><link>http://www.tvrage.com/shows/id-10383/episodes/356326</link><title>Tours</title></episode>
<episode><epnum>202</epnum><seasonnum>02</seasonnum><prodnum>BLR202</prodnum><airdate>2004-00-00</airdate><link>http://www.tvrage.com/shows/id-10383/episodes/356970</link><title>BBQ</title></episode>
<episode><epnum>203</epnum><seasonnum>03</seasonnum><prodnum>BLR203</prodnum><airdate>2004-00-00</airdate><link>http://www.tvrage.com/shows/id-10383/episodes/356971</link><title>Tailgating</title></episode>
<episode><epnum>204</epnum><seasonnum>04</seasonnum><prodnum>BLR204</prodnum><airdate>2004-00-00</airdate><link>http://www.tvrage.com/shows/id-10383/episodes/356972</link><title>Scenic Drives</title></episode>
<episode><epnum>205</epnum><seasonnum>05</seasonnum><prodnum>BLR205</prodnum><airdate>2004-00-00</airdate><link>http://www.tvrage.com/shows/id-10383/episodes/356973</link><title>North Carolina Diners</title></episode>
<episode><epnum>206</epnum><seasonnum>06</seasonnum><prodnum>BLR206</prodnum><airdate>2004-00-00</airdate><link>http://www.tvrage.com/shows/id-10383/episodes/356974</link><title>Wineries</title></episode>
<episode><epnum>207</epnum><seasonnum>07</seasonnum><prodnum>BLR207</prodnum><airdate>2004-00-00</airdate><link>http://www.tvrage.com/shows/id-10383/episodes/356975</link><title>Honeymoon Destinations</title></episode>
<episode><epnum>208</epnum><seasonnum>08</seasonnum><prodnum>BLR208</prodnum><airdate>2004-00-00</airdate><link>http://www.tvrage.com/shows/id-10383/episodes/356976</link><title>Food Festivals</title></episode>
<episode><epnum>209</epnum><seasonnum>09</seasonnum><prodnum>BLR209</prodnum><airdate>2004-00-00</airdate><link>http://www.tvrage.com/shows/id-10383/episodes/356977</link><title>Cemeteries</title></episode>
<episode><epnum>210</epnum><seasonnum>10</seasonnum><prodnum>BLR210</prodnum><airdate>2004-00-00</airdate><link>http://www.tvrage.com/shows/id-10383/episodes/356978</link><title>Breakfasts</title></episode>
<episode><epnum>211</epnum><seasonnum>11</seasonnum><prodnum> BLR211</prodnum><airdate>2004-00-00</airdate><link>http://www.tvrage.com/shows/id-10383/episodes/356979</link><title>Holidays</title></episode>
<episode><epnum>212</epnum><seasonnum>12</seasonnum><prodnum>BLR212</prodnum><airdate>2004-00-00</airdate><link>http://www.tvrage.com/shows/id-10383/episodes/356980</link><title>Sunday Brunch</title></episode>
<episode><epnum>214</epnum><seasonnum>14</seasonnum><prodnum>BLR214</prodnum><airdate>2004-00-00</airdate><link>http://www.tvrage.com/shows/id-10383/episodes/356981</link><title>Theaters</title></episode>
<episode><epnum>215</epnum><seasonnum>15</seasonnum><prodnum> BLR215</prodnum><airdate>2004-00-00</airdate><link>http://www.tvrage.com/shows/id-10383/episodes/356982</link><title>  Steak Houses</title></episode>
<episode><epnum>216</epnum><seasonnum>16</seasonnum><prodnum>BLR216</prodnum><airdate>2004-00-00</airdate><link>http://www.tvrage.com/shows/id-10383/episodes/356983</link><title>Midnight Meals</title></episode>
<episode><epnum>217</epnum><seasonnum>17</seasonnum><prodnum>BLR217</prodnum><airdate>2004-00-00</airdate><link>http://www.tvrage.com/shows/id-10383/episodes/356984</link><title>Bakeries</title></episode>
<episode><epnum>218</epnum><seasonnum>18</seasonnum><prodnum>BLR218</prodnum><airdate>2004-00-00</airdate><link>http://www.tvrage.com/shows/id-10383/episodes/356985</link><title>Mississippi Museums</title></episode>
<episode><epnum>219</epnum><seasonnum>19</seasonnum><prodnum>BLR219</prodnum><airdate>2004-00-00</airdate><link>http://www.tvrage.com/shows/id-10383/episodes/356986</link><title>Barber Shops &amp; Beauty Salons</title></episode>
<episode><epnum>220</epnum><seasonnum>20</seasonnum><prodnum>BLR220</prodnum><airdate>2004-00-00</airdate><link>http://www.tvrage.com/shows/id-10383/episodes/356987</link><title>Antique Shops</title></episode>
<episode><epnum>221</epnum><seasonnum>21</seasonnum><prodnum> BLR221</prodnum><airdate>2004-00-00</airdate><link>http://www.tvrage.com/shows/id-10383/episodes/356988</link><title>Fried Chicken</title></episode>
<episode><epnum>222</epnum><seasonnum>22</seasonnum><prodnum> BLR222</prodnum><airdate>2004-00-00</airdate><link>http://www.tvrage.com/shows/id-10383/episodes/356989</link><title>Pies</title></episode>
<episode><epnum>261</epnum><seasonnum>23</seasonnum><prodnum>BLR261</prodnum><airdate>2004-00-00</airdate><link>http://www.tvrage.com/shows/id-10383/episodes/356990</link><title>Braves Favorites</title></episode>
<episode><epnum>262</epnum><seasonnum>24</seasonnum><prodnum>BLR262</prodnum><airdate>2004-00-00</airdate><link>http://www.tvrage.com/shows/id-10383/episodes/356991</link><title>SEC Mascots</title></episode>
<episode><epnum>263</epnum><seasonnum>25</seasonnum><prodnum>BLR263</prodnum><airdate>2004-00-00</airdate><link>http://www.tvrage.com/shows/id-10383/episodes/356992</link><title>  ACC Mascots</title></episode>
<episode><epnum>264</epnum><seasonnum>26</seasonnum><prodnum>BLR264</prodnum><airdate>2004-00-00</airdate><link>http://www.tvrage.com/shows/id-10383/episodes/356993</link><title>Blue Ribbon Awards Show</title></episode>
</Season>

<Season no="3">
<episode><epnum>301</epnum><seasonnum>01</seasonnum><prodnum>BLR301</prodnum><airdate>2005-00-00</airdate><link>http://www.tvrage.com/shows/id-10383/episodes/356327</link><title>Wet Ribs</title></episode>
<episode><epnum>302</epnum><seasonnum>02</seasonnum><prodnum>BLR302</prodnum><airdate>2005-00-00</airdate><link>http://www.tvrage.com/shows/id-10383/episodes/356837</link><title>Stranded</title></episode>
<episode><epnum>303</epnum><seasonnum>03</seasonnum><prodnum>BLR303</prodnum><airdate>2005-00-00</airdate><link>http://www.tvrage.com/shows/id-10383/episodes/356838</link><title>Zoos</title></episode>
<episode><epnum>304</epnum><seasonnum>04</seasonnum><prodnum> BLR304</prodnum><airdate>2005-00-00</airdate><link>http://www.tvrage.com/shows/id-10383/episodes/356839</link><title>Ice Cream</title></episode>
<episode><epnum>305</epnum><seasonnum>05</seasonnum><prodnum>BLR305</prodnum><airdate>2005-00-00</airdate><link>http://www.tvrage.com/shows/id-10383/episodes/356840</link><title>Ribs (Part 1)</title></episode>
<episode><epnum>306</epnum><seasonnum>06</seasonnum><prodnum>BLR306</prodnum><airdate>2005-00-00</airdate><link>http://www.tvrage.com/shows/id-10383/episodes/356841</link><title>Amusement Parks</title></episode>
<episode><epnum>307</epnum><seasonnum>07</seasonnum><prodnum>BLR307</prodnum><airdate>2005-00-00</airdate><link>http://www.tvrage.com/shows/id-10383/episodes/356842</link><title>Minor League Ballparks</title></episode>
<episode><epnum>308</epnum><seasonnum>08</seasonnum><prodnum>BLR308</prodnum><airdate>2005-00-00</airdate><link>http://www.tvrage.com/shows/id-10383/episodes/356843</link><title>Parades</title></episode>
<episode><epnum>309</epnum><seasonnum>09</seasonnum><prodnum>BLR309</prodnum><airdate>2005-00-00</airdate><link>http://www.tvrage.com/shows/id-10383/episodes/356844</link><title>Swimming Holes</title></episode>
<episode><epnum>310</epnum><seasonnum>10</seasonnum><prodnum>BLR310</prodnum><airdate>2005-00-00</airdate><link>http://www.tvrage.com/shows/id-10383/episodes/356845</link><title>Campgrounds</title></episode>
<episode><epnum>311</epnum><seasonnum>11</seasonnum><prodnum>BLR311</prodnum><airdate>2005-00-00</airdate><link>http://www.tvrage.com/shows/id-10383/episodes/356846</link><title>Aquariums</title></episode>
<episode><epnum>312</epnum><seasonnum>12</seasonnum><prodnum> BLR312</prodnum><airdate>2005-00-00</airdate><link>http://www.tvrage.com/shows/id-10383/episodes/356847</link><title>Water Parks</title></episode>
<episode><epnum>313</epnum><seasonnum>13</seasonnum><prodnum>BLR313</prodnum><airdate>2005-00-00</airdate><link>http://www.tvrage.com/shows/id-10383/episodes/356848</link><title>Public Golf Courses</title></episode>
<episode><epnum>314</epnum><seasonnum>14</seasonnum><prodnum>BLR314</prodnum><airdate>2005-00-00</airdate><link>http://www.tvrage.com/shows/id-10383/episodes/356849</link><title>Soups &amp; Stews</title></episode>
<episode><epnum>315</epnum><seasonnum>15</seasonnum><prodnum>BLR315</prodnum><airdate>2005-00-00</airdate><link>http://www.tvrage.com/shows/id-10383/episodes/356850</link><title>Cheerleading Squads</title></episode>
<episode><epnum>316</epnum><seasonnum>16</seasonnum><prodnum>BLR316</prodnum><airdate>2005-00-00</airdate><link>http://www.tvrage.com/shows/id-10383/episodes/356851</link><title>Natural Wonders</title></episode>
<episode><epnum>317</epnum><seasonnum>17</seasonnum><prodnum>BLR317</prodnum><airdate>2005-00-00</airdate><link>http://www.tvrage.com/shows/id-10383/episodes/356852</link><title>Buffets</title></episode>
<episode><epnum>318</epnum><seasonnum>18</seasonnum><prodnum>BLR318</prodnum><airdate>2005-00-00</airdate><link>http://www.tvrage.com/shows/id-10383/episodes/356853</link><title>Chocolates</title></episode>
<episode><epnum>319</epnum><seasonnum>19</seasonnum><prodnum>BLR319</prodnum><airdate>2005-00-00</airdate><link>http://www.tvrage.com/shows/id-10383/episodes/356854</link><title>Halloween</title></episode>
<episode><epnum>320</epnum><seasonnum>20</seasonnum><prodnum>BLR320</prodnum><airdate>2005-00-00</airdate><link>http://www.tvrage.com/shows/id-10383/episodes/356855</link><title>Marching Bands</title></episode>
<episode><epnum>0</epnum><seasonnum>21</seasonnum><prodnum></prodnum><airdate>2005-00-00</airdate><link>http://www.tvrage.com/shows/id-10383/episodes/356969</link><title>2005 Blue Ribbon Awards Show</title></episode>
<episode><epnum>321</epnum><seasonnum>21</seasonnum><prodnum>BLR321</prodnum><airdate>2005-00-00</airdate><link>http://www.tvrage.com/shows/id-10383/episodes/356965</link><title>Main Streets</title></episode>
<episode><epnum>322</epnum><seasonnum>22</seasonnum><prodnum>BLR322</prodnum><airdate>2005-00-00</airdate><link>http://www.tvrage.com/shows/id-10383/episodes/356966</link><title>Historic Hotels</title></episode>
<episode><epnum>323</epnum><seasonnum>23</seasonnum><prodnum>BLR323</prodnum><airdate>2005-00-00</airdate><link>http://www.tvrage.com/shows/id-10383/episodes/356967</link><title>Clothing Optional</title></episode>
<episode><epnum>324</epnum><seasonnum>24</seasonnum><prodnum>BLR324</prodnum><airdate>2005-00-00</airdate><link>http://www.tvrage.com/shows/id-10383/episodes/356968</link><title>Tiki Bars</title></episode>
</Season>

<Season no="4">
<episode><epnum>401</epnum><seasonnum>01</seasonnum><prodnum>BLR401</prodnum><airdate>2005-11-00</airdate><link>http://www.tvrage.com/shows/id-10383/episodes/356328</link><title>Pizza</title></episode>
<episode><epnum>402</epnum><seasonnum>02</seasonnum><prodnum>BLR402</prodnum><airdate>2005-11-00</airdate><link>http://www.tvrage.com/shows/id-10383/episodes/356829</link><title>Rock Climbing</title></episode>
<episode><epnum>403</epnum><seasonnum>03</seasonnum><prodnum>BLR403</prodnum><airdate>2005-12-00</airdate><link>http://www.tvrage.com/shows/id-10383/episodes/356830</link><title>Georgia Unique Museums</title></episode>
<episode><epnum>404</epnum><seasonnum>04</seasonnum><prodnum>BLR404</prodnum><airdate>2005-12-00</airdate><link>http://www.tvrage.com/shows/id-10383/episodes/356831</link><title>High School Football</title></episode>
<episode><epnum>405</epnum><seasonnum>05</seasonnum><prodnum> BLR405</prodnum><airdate>2006-01-00</airdate><link>http://www.tvrage.com/shows/id-10383/episodes/356832</link><title>Sweet Drinks</title></episode>
<episode><epnum>406</epnum><seasonnum>06</seasonnum><prodnum>BLR406</prodnum><airdate>2006-00-00</airdate><link>http://www.tvrage.com/shows/id-10383/episodes/356833</link><title>Best Seat in the House</title></episode>
<episode><epnum>407</epnum><seasonnum>07</seasonnum><prodnum>BLR407</prodnum><airdate>2006-00-00</airdate><link>http://www.tvrage.com/shows/id-10383/episodes/356834</link><title>BBQ Hole in the Walls</title></episode>
<episode><epnum>408</epnum><seasonnum>08</seasonnum><prodnum>BLR408</prodnum><airdate>2006-00-00</airdate><link>http://www.tvrage.com/shows/id-10383/episodes/356835</link><title>College Campuses</title></episode>
<episode><epnum>411</epnum><seasonnum>11</seasonnum><prodnum>BLR411</prodnum><airdate>2006-00-00</airdate><link>http://www.tvrage.com/shows/id-10383/episodes/356836</link><title>Georgia Getaways</title></episode>
</Season>

</Episodelist>

</Show>