<?xml version="1.0" encoding="UTF-8" ?>


<Show>
<name>Skipper And Co</name>
<totalseasons>1</totalseasons>
<showid>10387</showid>
<showlink>http://tvrage.com/shows/id-10387</showlink>
<started>Apr/03/1974</started>
<ended>Mar/27/1982</ended>
<origin_country>CA</origin_country>
<status>Canceled/Ended</status>
<classification>Variety</classification>
<genres><genre>Children</genre></genres>
<runtime>30</runtime>
<network country="CA">CBC</network>
<airtime>12:00</airtime>
<timezone>GMT-5 -DST</timezone>

</Show>