<?xml version="1.0" encoding="UTF-8" ?>


<Show>
<name>Shadow Skill</name>
<totalseasons>1</totalseasons>
<showid>1038</showid>
<showlink>http://tvrage.com/shows/id-1038</showlink>
<started>Jan/1995</started>
<ended>Jan/1995</ended>
<image>http://images.tvrage.com/shows/2/1038.jpg</image>
<origin_country>JP</origin_country>
<status>Canceled/Ended</status>
<classification>Animation</classification>
<genres><genre>Anime</genre><genre>Action</genre><genre>Adventure</genre></genres>
<runtime>30</runtime>
<airtime>00:00</airtime>
<Episodelist>

<Season no="1">
<episode><epnum>1</epnum><seasonnum>01</seasonnum><prodnum></prodnum><airdate>1998-07-02</airdate><link>http://www.tvrage.com/shows/id-1038/episodes/420485</link><title>The Power of My Blow has No Equal!</title></episode>
<episode><epnum>2</epnum><seasonnum>02</seasonnum><prodnum></prodnum><airdate>1998-07-09</airdate><link>http://www.tvrage.com/shows/id-1038/episodes/420486</link><title>Duelists</title></episode>
<episode><epnum>3</epnum><seasonnum>03</seasonnum><prodnum></prodnum><airdate>1998-07-16</airdate><link>http://www.tvrage.com/shows/id-1038/episodes/420487</link><title>Phantom's Keepsake</title></episode>
<episode><epnum>4</epnum><seasonnum>04</seasonnum><prodnum></prodnum><airdate>1998-07-23</airdate><link>http://www.tvrage.com/shows/id-1038/episodes/420488</link><title>What My Father Left Me</title></episode>
<episode><epnum>5</epnum><seasonnum>05</seasonnum><prodnum></prodnum><airdate>1998-07-30</airdate><link>http://www.tvrage.com/shows/id-1038/episodes/420489</link><title>Proud Battlefield</title></episode>
<episode><epnum>6</epnum><seasonnum>06</seasonnum><prodnum></prodnum><airdate>1998-08-06</airdate><link>http://www.tvrage.com/shows/id-1038/episodes/420490</link><title>White and Black Flash</title></episode>
<episode><epnum>7</epnum><seasonnum>07</seasonnum><prodnum></prodnum><airdate>1998-08-13</airdate><link>http://www.tvrage.com/shows/id-1038/episodes/420491</link><title>Destined Confrontation</title></episode>
<episode><epnum>8</epnum><seasonnum>08</seasonnum><prodnum></prodnum><airdate>1998-08-20</airdate><link>http://www.tvrage.com/shows/id-1038/episodes/420492</link><title>Dangerous Human Weapon. To the North</title></episode>
<episode><epnum>9</epnum><seasonnum>09</seasonnum><prodnum></prodnum><airdate>1998-08-27</airdate><link>http://www.tvrage.com/shows/id-1038/episodes/420493</link><title>Violent Bombing of the Holy City</title></episode>
<episode><epnum>10</epnum><seasonnum>10</seasonnum><prodnum></prodnum><airdate>1998-09-03</airdate><link>http://www.tvrage.com/shows/id-1038/episodes/420494</link><title>Clash of White and Black</title></episode>
<episode><epnum>11</epnum><seasonnum>11</seasonnum><prodnum></prodnum><airdate>1998-09-10</airdate><link>http://www.tvrage.com/shows/id-1038/episodes/420495</link><title>Invasion</title></episode>
<episode><epnum>12</epnum><seasonnum>12</seasonnum><prodnum></prodnum><airdate>1998-09-17</airdate><link>http://www.tvrage.com/shows/id-1038/episodes/420496</link><title>Black Howling</title></episode>
<episode><epnum>13</epnum><seasonnum>13</seasonnum><prodnum></prodnum><airdate>1998-09-24</airdate><link>http://www.tvrage.com/shows/id-1038/episodes/420497</link><title>With the Heart of a Friend</title></episode>
<episode><epnum>14</epnum><seasonnum>14</seasonnum><prodnum></prodnum><airdate>1998-10-01</airdate><link>http://www.tvrage.com/shows/id-1038/episodes/420498</link><title>The Temple of Moonlight</title></episode>
<episode><epnum>15</epnum><seasonnum>15</seasonnum><prodnum></prodnum><airdate>1998-10-08</airdate><link>http://www.tvrage.com/shows/id-1038/episodes/420499</link><title>Ghost</title></episode>
<episode><epnum>16</epnum><seasonnum>16</seasonnum><prodnum></prodnum><airdate>1998-10-15</airdate><link>http://www.tvrage.com/shows/id-1038/episodes/420500</link><title>An Attacker From the Past</title></episode>
<episode><epnum>17</epnum><seasonnum>17</seasonnum><prodnum></prodnum><airdate>1998-10-22</airdate><link>http://www.tvrage.com/shows/id-1038/episodes/420501</link><title>Crimson</title></episode>
<episode><epnum>18</epnum><seasonnum>18</seasonnum><prodnum></prodnum><airdate>1998-10-29</airdate><link>http://www.tvrage.com/shows/id-1038/episodes/420502</link><title>The Seventh Dawn</title></episode>
<episode><epnum>19</epnum><seasonnum>19</seasonnum><prodnum></prodnum><airdate>1998-11-05</airdate><link>http://www.tvrage.com/shows/id-1038/episodes/420503</link><title>Fang, 2nd Generation</title></episode>
<episode><epnum>20</epnum><seasonnum>20</seasonnum><prodnum></prodnum><airdate>1998-11-12</airdate><link>http://www.tvrage.com/shows/id-1038/episodes/420504</link><title>Darkness and Death</title></episode>
<episode><epnum>21</epnum><seasonnum>21</seasonnum><prodnum></prodnum><airdate>1998-11-19</airdate><link>http://www.tvrage.com/shows/id-1038/episodes/420505</link><title>Cannon</title></episode>
<episode><epnum>22</epnum><seasonnum>22</seasonnum><prodnum></prodnum><airdate>1998-11-26</airdate><link>http://www.tvrage.com/shows/id-1038/episodes/420506</link><title>Older Sister, Younger Brother</title></episode>
<episode><epnum>23</epnum><seasonnum>23</seasonnum><prodnum></prodnum><airdate>1998-12-03</airdate><link>http://www.tvrage.com/shows/id-1038/episodes/420507</link><title>Prepare Yourself</title></episode>
<episode><epnum>24</epnum><seasonnum>24</seasonnum><prodnum></prodnum><airdate>1998-12-10</airdate><link>http://www.tvrage.com/shows/id-1038/episodes/420508</link><title>Fist of God</title></episode>
<episode><epnum>25</epnum><seasonnum>25</seasonnum><prodnum></prodnum><airdate>1998-12-17</airdate><link>http://www.tvrage.com/shows/id-1038/episodes/420509</link><title>Ying-style Demon</title></episode>
<episode><epnum>26</epnum><seasonnum>26</seasonnum><prodnum></prodnum><airdate>1998-12-24</airdate><link>http://www.tvrage.com/shows/id-1038/episodes/420510</link><title>Path of a Sevaar</title></episode>
</Season>

</Episodelist>

</Show>