<?xml version="1.0" encoding="UTF-8" ?>


<Show>
<name>Skullduggery</name>
<totalseasons>1</totalseasons>
<showid>10388</showid>
<showlink>http://tvrage.com/shows/id-10388</showlink>
<started>2000</started>
<ended></ended>
<origin_country>CA</origin_country>
<status>Canceled/Ended</status>
<classification>Scripted</classification>
<genres><genre>Comedy</genre></genres>
<runtime>30</runtime>
<network country="CA">The Comedy Network</network>
<airtime>12:00</airtime>
<timezone>GMT-5 -DST</timezone>

</Show>