<?xml version="1.0" encoding="UTF-8" ?>


<Show>
<name>Bill and Ben</name>
<totalseasons>1</totalseasons>
<showid>10382</showid>
<showlink>http://tvrage.com/shows/id-10382</showlink>
<started>1952</started>
<ended>1954</ended>
<image>http://images.tvrage.com/shows/11/10382.jpg</image>
<origin_country>UK</origin_country>
<status>Canceled/Ended</status>
<classification>Variety</classification>
<genres><genre>Children</genre><genre>Puppets</genre></genres>
<runtime>15</runtime>
<network country="UK">BBC One</network>
<airtime>12:00</airtime>
<timezone>GMT+0 -DST</timezone>

</Show>