<?xml version="1.0" encoding="UTF-8" ?>


<Show>
<name>Up At Ours</name>
<totalseasons>1</totalseasons>
<showid>10395</showid>
<showlink>http://tvrage.com/shows/id-10395</showlink>
<started>Apr/06/1979</started>
<ended>Apr/29/1982</ended>
<origin_country>CA</origin_country>
<status>Canceled/Ended</status>
<classification>Scripted</classification>
<genres><genre>Comedy</genre></genres>
<runtime>30</runtime>
<network country="CA">CBC</network>
<airtime>12:00</airtime>
<timezone>GMT-5 -DST</timezone>

</Show>