<?xml version="1.0" encoding="UTF-8" ?>


<Show>
<name>Toby</name>
<totalseasons>1</totalseasons>
<showid>10394</showid>
<showlink>http://tvrage.com/shows/id-10394</showlink>
<started>Oct/04/1968</started>
<ended>Jun/27/1969</ended>
<origin_country>CA</origin_country>
<status>Canceled/Ended</status>
<classification>Scripted</classification>
<genres><genre>Comedy</genre></genres>
<runtime>30</runtime>
<network country="CA">CBC</network>
<airtime>16:30</airtime>
<airday>Friday</airday>
<timezone>GMT-5 -DST</timezone>

</Show>