<?xml version="1.0" encoding="UTF-8" ?>


<Show>
<name>Tidewater Tramp</name>
<totalseasons>1</totalseasons>
<showid>10393</showid>
<showlink>http://tvrage.com/shows/id-10393</showlink>
<started>Oct/02/1959</started>
<ended>Jun/29/1962</ended>
<origin_country>CA</origin_country>
<status>Canceled/Ended</status>
<classification>Scripted</classification>
<genres><genre>Children</genre><genre>Drama</genre></genres>
<runtime>30</runtime>
<network country="CA">CBC</network>
<airtime>17:00</airtime>
<airday>Friday</airday>
<timezone>GMT-5 -DST</timezone>

</Show>