<?xml version="1.0" encoding="UTF-8" ?>


<Show>
<name>Talking To A Stranger (CA)</name>
<totalseasons>1</totalseasons>
<showid>10391</showid>
<showlink>http://tvrage.com/Talking_To_A_Stranger_CA</showlink>
<started>Nov/24/1971</started>
<ended>Dec/15/1971</ended>
<origin_country>CA</origin_country>
<status>Canceled/Ended</status>
<classification>Scripted</classification>
<genres><genre>Drama</genre><genre>Family</genre></genres>
<runtime>60</runtime>
<network country="CA">CBC</network>
<airtime>22:00</airtime>
<airday>Wednesday</airday>
<timezone>GMT-5 -DST</timezone>

</Show>