<?xml version="1.0" encoding="UTF-8" ?>


<Show>
<name>10-07: L'affaire Zeus</name>
<totalseasons>1</totalseasons>
<showid>10392</showid>
<showlink>http://tvrage.com/shows/id-10392</showlink>
<started>1995</started>
<ended>1995</ended>
<image>http://images.tvrage.com/shows/11/10392.jpg</image>
<origin_country>CA</origin_country>
<status>Canceled/Ended</status>
<classification>Scripted</classification>
<genres><genre>Action</genre><genre>Crime</genre><genre>Drama</genre></genres>
<runtime>50</runtime>
<network country="CA">Unknown</network>
<airtime>12:00</airtime>
<timezone>GMT-5 -DST</timezone>

</Show>