<?xml version="1.0" encoding="UTF-8" ?>


<Show>
<name>Pieces Of Eight</name>
<totalseasons>1</totalseasons>
<showid>10399</showid>
<showlink>http://tvrage.com/shows/id-10399</showlink>
<started>Oct/1958</started>
<ended>Jun/1959</ended>
<origin_country>CA</origin_country>
<status>Canceled/Ended</status>
<classification>Scripted</classification>
<genres><genre>Children</genre></genres>
<runtime>15</runtime>
<network country="CA">CBC</network>
<airtime>16:45</airtime>
<airday>Thursday</airday>
<timezone>GMT-5 -DST</timezone>

</Show>