<?xml version="1.0" encoding="UTF-8" ?>


<Show>
<name>Breaking Away</name>
<totalseasons>1</totalseasons>
<showid>104</showid>
<showlink>http://tvrage.com/shows/id-104</showlink>
<started>Nov/29/1980</started>
<ended>Jan/10/1981</ended>
<image>http://images.tvrage.com/shows/1/104.jpg</image>
<origin_country>US</origin_country>
<status>Canceled/Ended</status>
<classification>Scripted</classification>
<genres><genre>Drama</genre></genres>
<runtime>60</runtime>
<network country="US">ABC</network>
<airtime>20:00</airtime>
<airday>Saturday</airday>
<timezone>GMT-5 -DST</timezone>
<Episodelist>

<Season no="1">
<episode><epnum>1</epnum><seasonnum>01</seasonnum><prodnum></prodnum><airdate>1980-11-29</airdate><link>http://www.tvrage.com/shows/id-104/episodes/588276</link><title>The Cutters</title></episode>
<episode><epnum>2</epnum><seasonnum>02</seasonnum><prodnum></prodnum><airdate>1980-12-06</airdate><link>http://www.tvrage.com/shows/id-104/episodes/588277</link><title>The American Dream</title></episode>
<episode><epnum>3</epnum><seasonnum>03</seasonnum><prodnum></prodnum><airdate>1980-12-13</airdate><link>http://www.tvrage.com/shows/id-104/episodes/588278</link><title>Knowing Her</title></episode>
<episode><epnum>4</epnum><seasonnum>04</seasonnum><prodnum></prodnum><airdate>1980-12-20</airdate><link>http://www.tvrage.com/shows/id-104/episodes/588279</link><title>King of the Quarry</title></episode>
<episode><epnum>5</epnum><seasonnum>05</seasonnum><prodnum></prodnum><airdate>1980-12-27</airdate><link>http://www.tvrage.com/shows/id-104/episodes/588280</link><title>Heart Like a Wheel</title></episode>
<episode><epnum>6</epnum><seasonnum>06</seasonnum><prodnum></prodnum><airdate>1981-01-03</airdate><link>http://www.tvrage.com/shows/id-104/episodes/588281</link><title>Rainy Night in Georgia</title></episode>
<episode><epnum>7</epnum><seasonnum>07</seasonnum><prodnum></prodnum><airdate>1981-01-10</airdate><link>http://www.tvrage.com/shows/id-104/episodes/588282</link><title>La Strada</title></episode>
<episode><epnum>8</epnum><seasonnum>08</seasonnum><prodnum></prodnum><airdate>0000-00-00</airdate><link>http://www.tvrage.com/shows/id-104/episodes/588283</link><title>The Grand Illusion</title></episode>
</Season>

</Episodelist>

</Show>