<?xml version="1.0" encoding="UTF-8" ?>


<Show>
<name>Piffle And Co</name>
<totalseasons>1</totalseasons>
<showid>10405</showid>
<showlink>http://tvrage.com/shows/id-10405</showlink>
<started>Jul/11/1971</started>
<ended>Sep/26/1971</ended>
<origin_country>CA</origin_country>
<status>Canceled/Ended</status>
<classification>Variety</classification>
<genres><genre>Comedy</genre></genres>
<runtime>30</runtime>
<network country="CA">CBC</network>
<airtime>17:30</airtime>
<airday>Sunday</airday>
<timezone>GMT-5 -DST</timezone>

</Show>