<?xml version="1.0" encoding="UTF-8" ?>


<Show>
<name>Misguided Angels</name>
<totalseasons>1</totalseasons>
<showid>10404</showid>
<showlink>http://tvrage.com/shows/id-10404</showlink>
<started>1999</started>
<ended></ended>
<image>http://images.tvrage.com/shows/11/10404.jpg</image>
<origin_country>CA</origin_country>
<status>Never Aired</status>
<classification>Scripted</classification>
<genres><genre>Comedy</genre><genre>Fantasy</genre></genres>
<runtime>30</runtime>
<network country="US">ABC Family</network>
<airtime>12:00</airtime>
<timezone>GMT-5 -DST</timezone>
<Episodelist>

<Season no="1">
<episode><epnum>1</epnum><seasonnum>01</seasonnum><prodnum></prodnum><airdate>0000-00-00</airdate><link>http://www.tvrage.com/shows/id-10404/episodes/357769</link><title>In the Beginning</title></episode>
<episode><epnum>3</epnum><seasonnum>03</seasonnum><prodnum></prodnum><airdate>0000-00-00</airdate><link>http://www.tvrage.com/shows/id-10404/episodes/357770</link><title>You Say Goobbye and I say Halo</title></episode>
<episode><epnum>4</epnum><seasonnum>04</seasonnum><prodnum></prodnum><airdate>0000-00-00</airdate><link>http://www.tvrage.com/shows/id-10404/episodes/357771</link><title>The Devil Came Down to Clarence</title></episode>
<episode><epnum>9</epnum><seasonnum>09</seasonnum><prodnum></prodnum><airdate>0000-00-00</airdate><link>http://www.tvrage.com/shows/id-10404/episodes/357772</link><title>The Postman and the Preacher</title></episode>
<episode><epnum>11</epnum><seasonnum>11</seasonnum><prodnum></prodnum><airdate>0000-00-00</airdate><link>http://www.tvrage.com/shows/id-10404/episodes/357773</link><title>Gunga Dundee</title></episode>
<episode><epnum>13</epnum><seasonnum>13</seasonnum><prodnum></prodnum><airdate>0000-00-00</airdate><link>http://www.tvrage.com/shows/id-10404/episodes/357774</link><title>Penny's form heaven</title></episode>
<episode><epnum>16</epnum><seasonnum>16</seasonnum><prodnum></prodnum><airdate>0000-00-00</airdate><link>http://www.tvrage.com/shows/id-10404/episodes/357775</link><title>Son for the Road</title></episode>
<episode><epnum>21</epnum><seasonnum>21</seasonnum><prodnum></prodnum><airdate>0000-00-00</airdate><link>http://www.tvrage.com/shows/id-10404/episodes/357776</link><title>Lights, Camera, Fatman</title></episode>
</Season>

</Episodelist>

</Show>