<?xml version="1.0" encoding="UTF-8" ?>


<Show>
<name>Planet Toley</name>
<totalseasons>1</totalseasons>
<showid>10406</showid>
<showlink>http://tvrage.com/shows/id-10406</showlink>
<started>Oct/1953</started>
<ended>Apr/1954</ended>
<origin_country>CA</origin_country>
<status>Canceled/Ended</status>
<classification>Scripted</classification>
<genres><genre>Children</genre></genres>
<runtime>30</runtime>
<network country="CA">CBC</network>
<airtime>12:00</airtime>
<timezone>GMT-5 -DST</timezone>

</Show>