<?xml version="1.0" encoding="UTF-8" ?>


<Show>
<name>The Play's The Thing (CA)</name>
<totalseasons>1</totalseasons>
<showid>10409</showid>
<showlink>http://tvrage.com/The_Plays_The_Thing_CA</showlink>
<started>Jan/1974</started>
<ended>Mar/1974</ended>
<origin_country>CA</origin_country>
<status>Canceled/Ended</status>
<classification>Scripted</classification>
<genres><genre>Drama</genre></genres>
<runtime>60</runtime>
<network country="CA">CBC</network>
<airtime>21:00</airtime>
<airday>Thursday</airday>
<timezone>GMT-5 -DST</timezone>

</Show>