<?xml version="1.0" encoding="UTF-8" ?>


<Show>
<name>Один за в�?іх</name>
<totalseasons>1</totalseasons>
<showid>10403</showid>
<showlink>http://tvrage.com/shows/id-10403</showlink>
<started>Nov/14/2005</started>
<ended></ended>
<image>http://images.tvrage.com/shows/11/10403.jpg</image>
<origin_country>UA</origin_country>
<status>TBD/On The Bubble</status>
<classification>Scripted</classification>
<genres><genre>Comedy</genre><genre>Drama</genre><genre>Fantasy</genre></genres>
<runtime>45</runtime>
<airtime>12:00</airtime>
<akas><aka attr="English translation">One for All</aka></akas>
<Episodelist>

<Season no="1">
<episode><epnum>1</epnum><seasonnum>01</seasonnum><prodnum></prodnum><airdate>2005-11-14</airdate><link>http://www.tvrage.com/shows/id-10403/episodes/357267</link><title>Episode 1</title></episode>
<episode><epnum>2</epnum><seasonnum>02</seasonnum><prodnum></prodnum><airdate>2005-11-15</airdate><link>http://www.tvrage.com/shows/id-10403/episodes/357268</link><title>Episode 2</title></episode>
<episode><epnum>3</epnum><seasonnum>03</seasonnum><prodnum></prodnum><airdate>2005-11-16</airdate><link>http://www.tvrage.com/shows/id-10403/episodes/357269</link><title>Episode 3</title></episode>
<episode><epnum>4</epnum><seasonnum>04</seasonnum><prodnum></prodnum><airdate>2005-11-17</airdate><link>http://www.tvrage.com/shows/id-10403/episodes/357271</link><title>Episode 4</title></episode>
<episode><epnum>5</epnum><seasonnum>05</seasonnum><prodnum></prodnum><airdate>2005-11-18</airdate><link>http://www.tvrage.com/shows/id-10403/episodes/357272</link><title>Episode 5</title></episode>
</Season>

</Episodelist>

</Show>