<?xml version="1.0" encoding="UTF-8" ?>


<Show>
<name>America's Got Talent</name>
<totalseasons>8</totalseasons>
<showid>10408</showid>
<showlink>http://tvrage.com/Americas_Got_Talent</showlink>
<started>Jun/21/2006</started>
<ended></ended>
<image>http://images.tvrage.com/shows/11/10408.jpg</image>
<origin_country>US</origin_country>
<status>Returning Series</status>
<classification>Reality</classification>
<genres><genre>Comedy</genre><genre>Dance</genre><genre>Family</genre><genre>Music</genre><genre>Talent</genre></genres>
<runtime>60</runtime>
<network country="US">NBC</network>
<airtime>20:00</airtime>
<timezone>GMT-5 -DST</timezone>
<akas><aka attr="Abbreviated title" country="US">AGT</aka><aka attr="Lithuania translation" country="LT">Amerikos talentai</aka><aka attr="Working title" country="US">Untitled Simon Cowell/Las Vegas Project</aka></akas>
<Episodelist>

<Season no="1">
<episode><epnum>1</epnum><seasonnum>01</seasonnum><prodnum></prodnum><airdate>2006-06-21</airdate><link>http://www.tvrage.com/Americas_Got_Talent/episodes/356417</link><title>Pilot Episode</title></episode>
<episode><epnum>2</epnum><seasonnum>02</seasonnum><prodnum></prodnum><airdate>2006-06-21</airdate><link>http://www.tvrage.com/Americas_Got_Talent/episodes/396171</link><title>Episode 2</title></episode>
<episode><epnum>3</epnum><seasonnum>03</seasonnum><prodnum></prodnum><airdate>2006-06-28</airdate><link>http://www.tvrage.com/Americas_Got_Talent/episodes/403343</link><title>Episode 3</title></episode>
<episode><epnum>4</epnum><seasonnum>04</seasonnum><prodnum></prodnum><airdate>2006-07-05</airdate><link>http://www.tvrage.com/Americas_Got_Talent/episodes/404778</link><title>Episode 4</title></episode>
<episode><epnum>5</epnum><seasonnum>05</seasonnum><prodnum></prodnum><airdate>2006-07-12</airdate><link>http://www.tvrage.com/Americas_Got_Talent/episodes/404779</link><title>Episode 5</title></episode>
<episode><epnum>6</epnum><seasonnum>06</seasonnum><prodnum></prodnum><airdate>2006-07-13</airdate><link>http://www.tvrage.com/Americas_Got_Talent/episodes/405052</link><title>Episode 5A</title></episode>
<episode><epnum>7</epnum><seasonnum>07</seasonnum><prodnum></prodnum><airdate>2006-07-19</airdate><link>http://www.tvrage.com/Americas_Got_Talent/episodes/405117</link><title>Episode 6</title></episode>
<episode><epnum>8</epnum><seasonnum>08</seasonnum><prodnum></prodnum><airdate>2006-07-20</airdate><link>http://www.tvrage.com/Americas_Got_Talent/episodes/405118</link><title>Episode 6A</title></episode>
<episode><epnum>9</epnum><seasonnum>09</seasonnum><prodnum></prodnum><airdate>2006-07-26</airdate><link>http://www.tvrage.com/Americas_Got_Talent/episodes/405119</link><title>Episode 7</title></episode>
<episode><epnum>10</epnum><seasonnum>10</seasonnum><prodnum></prodnum><airdate>2006-07-27</airdate><link>http://www.tvrage.com/Americas_Got_Talent/episodes/405121</link><title>Episode 7A</title></episode>
<episode><epnum>11</epnum><seasonnum>11</seasonnum><prodnum></prodnum><airdate>2006-08-02</airdate><link>http://www.tvrage.com/Americas_Got_Talent/episodes/405122</link><title>Episode 8</title></episode>
<episode><epnum>12</epnum><seasonnum>12</seasonnum><prodnum></prodnum><airdate>2006-08-03</airdate><link>http://www.tvrage.com/Americas_Got_Talent/episodes/405123</link><title>Episode 8A</title></episode>
<episode><epnum>13</epnum><seasonnum>13</seasonnum><prodnum></prodnum><airdate>2006-08-09</airdate><link>http://www.tvrage.com/Americas_Got_Talent/episodes/405124</link><title>Episode 9</title></episode>
<episode><epnum>14</epnum><seasonnum>14</seasonnum><prodnum></prodnum><airdate>2006-08-10</airdate><link>http://www.tvrage.com/Americas_Got_Talent/episodes/405125</link><title>Episode 9A</title></episode>
<episode><epnum>15</epnum><seasonnum>15</seasonnum><prodnum></prodnum><airdate>2006-08-16</airdate><link>http://www.tvrage.com/Americas_Got_Talent/episodes/405126</link><title>Episode 10</title></episode>
<episode><epnum>16</epnum><seasonnum>16</seasonnum><prodnum></prodnum><airdate>2006-08-17</airdate><link>http://www.tvrage.com/Americas_Got_Talent/episodes/405127</link><title>Episode 10A</title></episode>
</Season>

<Season no="2">
<episode><epnum>17</epnum><seasonnum>01</seasonnum><prodnum>201A/B</prodnum><airdate>2007-06-05</airdate><link>http://www.tvrage.com/Americas_Got_Talent/episodes/546146</link><title>Dallas Auditions</title><runtime>120</runtime></episode>
<episode><epnum>18</epnum><seasonnum>02</seasonnum><prodnum>202A/B</prodnum><airdate>2007-06-12</airdate><link>http://www.tvrage.com/Americas_Got_Talent/episodes/546148</link><title>Los Angeles Auditions</title><runtime>120</runtime></episode>
<episode><epnum>19</epnum><seasonnum>03</seasonnum><prodnum>203A/B</prodnum><airdate>2007-06-19</airdate><link>http://www.tvrage.com/Americas_Got_Talent/episodes/546149</link><title>Chicago Auditions</title><runtime>120</runtime></episode>
<episode><epnum>20</epnum><seasonnum>04</seasonnum><prodnum>204A/B</prodnum><airdate>2007-06-26</airdate><link>http://www.tvrage.com/Americas_Got_Talent/episodes/546150</link><title>New York Auditions</title><runtime>120</runtime></episode>
<episode><epnum>21</epnum><seasonnum>05</seasonnum><prodnum>205A</prodnum><airdate>2007-07-10</airdate><link>http://www.tvrage.com/Americas_Got_Talent/episodes/546151</link><title>Las Vegas Callbacks, Part 1</title><runtime>90</runtime></episode>
<episode><epnum>22</epnum><seasonnum>06</seasonnum><prodnum>205B</prodnum><airdate>2007-07-11</airdate><link>http://www.tvrage.com/Americas_Got_Talent/episodes/580741</link><title>Las Vegas Callbacks, Part 2</title></episode>
<episode><epnum>23</epnum><seasonnum>07</seasonnum><prodnum>207</prodnum><airdate>2007-07-17</airdate><link>http://www.tvrage.com/Americas_Got_Talent/episodes/546152</link><title>Performance #1</title></episode>
<episode><epnum>24</epnum><seasonnum>08</seasonnum><prodnum>207</prodnum><airdate>2007-07-24</airdate><link>http://www.tvrage.com/Americas_Got_Talent/episodes/546153</link><title>Performance #2</title><runtime>90</runtime></episode>
<episode><epnum>25</epnum><seasonnum>09</seasonnum><prodnum>208</prodnum><airdate>2007-07-31</airdate><link>http://www.tvrage.com/Americas_Got_Talent/episodes/546154</link><title>Performance #3</title></episode>
<episode><epnum>26</epnum><seasonnum>10</seasonnum><prodnum>209</prodnum><airdate>2007-08-07</airdate><link>http://www.tvrage.com/Americas_Got_Talent/episodes/546155</link><title>Performance #4</title></episode>
<episode><epnum>27</epnum><seasonnum>11</seasonnum><prodnum>210</prodnum><airdate>2007-08-14</airdate><link>http://www.tvrage.com/Americas_Got_Talent/episodes/546156</link><title>Final Performances</title></episode>
<episode><epnum>28</epnum><seasonnum>12</seasonnum><prodnum>211</prodnum><airdate>2007-08-21</airdate><link>http://www.tvrage.com/Americas_Got_Talent/episodes/546157</link><title>Season Finale</title></episode>
</Season>

<Season no="3">
<episode><epnum>29</epnum><seasonnum>01</seasonnum><prodnum>301-120</prodnum><airdate>2008-06-17</airdate><link>http://www.tvrage.com/Americas_Got_Talent/episodes/663694</link><title>Episode 301</title><runtime>120</runtime></episode>
<episode><epnum>30</epnum><seasonnum>02</seasonnum><prodnum>302-120</prodnum><airdate>2008-06-24</airdate><link>http://www.tvrage.com/Americas_Got_Talent/episodes/675780</link><title>Episode 302</title><runtime>120</runtime></episode>
<episode><epnum>31</epnum><seasonnum>03</seasonnum><prodnum>303-120</prodnum><airdate>2008-07-01</airdate><link>http://www.tvrage.com/Americas_Got_Talent/episodes/676998</link><title>Episode 303</title><runtime>120</runtime></episode>
<episode><epnum>32</epnum><seasonnum>04</seasonnum><prodnum>304-60</prodnum><airdate>2008-07-08</airdate><link>http://www.tvrage.com/Americas_Got_Talent/episodes/676999</link><title>Episode 304</title></episode>
<episode><epnum>33</epnum><seasonnum>05</seasonnum><prodnum>305-60</prodnum><airdate>2008-07-15</airdate><link>http://www.tvrage.com/Americas_Got_Talent/episodes/679618</link><title>Episode 305</title></episode>
<episode><epnum>34</epnum><seasonnum>06</seasonnum><prodnum>306-60</prodnum><airdate>2008-07-22</airdate><link>http://www.tvrage.com/Americas_Got_Talent/episodes/679620</link><title>Episode 306</title></episode>
<episode><epnum>35</epnum><seasonnum>07</seasonnum><prodnum>307-60</prodnum><airdate>2008-07-29</airdate><link>http://www.tvrage.com/Americas_Got_Talent/episodes/691464</link><title>Episode 307</title></episode>
<episode><epnum>36</epnum><seasonnum>08</seasonnum><prodnum>308-120</prodnum><airdate>2008-08-05</airdate><link>http://www.tvrage.com/Americas_Got_Talent/episodes/692100</link><title>Episode 308</title><runtime>120</runtime></episode>
<episode><epnum>37</epnum><seasonnum>09</seasonnum><prodnum>309-90</prodnum><airdate>2008-08-07</airdate><link>http://www.tvrage.com/Americas_Got_Talent/episodes/692101</link><title>Episode 309</title><runtime>90</runtime></episode>
<episode><epnum>38</epnum><seasonnum>10</seasonnum><prodnum>310-120</prodnum><airdate>2008-08-26</airdate><link>http://www.tvrage.com/Americas_Got_Talent/episodes/702964</link><title>Episode 310</title><runtime>120</runtime></episode>
<episode><epnum>39</epnum><seasonnum>11</seasonnum><prodnum>311-120</prodnum><airdate>2008-08-27</airdate><link>http://www.tvrage.com/Americas_Got_Talent/episodes/703241</link><title>Episode 311</title><runtime>120</runtime></episode>
<episode><epnum>40</epnum><seasonnum>12</seasonnum><prodnum>312-120</prodnum><airdate>2008-09-02</airdate><link>http://www.tvrage.com/Americas_Got_Talent/episodes/703242</link><title>Episode 312</title><runtime>120</runtime></episode>
<episode><epnum>41</epnum><seasonnum>13</seasonnum><prodnum>313-120</prodnum><airdate>2008-09-03</airdate><link>http://www.tvrage.com/Americas_Got_Talent/episodes/703243</link><title>Episode 313</title><runtime>120</runtime></episode>
<episode><epnum>42</epnum><seasonnum>14</seasonnum><prodnum>314-120</prodnum><airdate>2008-09-09</airdate><link>http://www.tvrage.com/Americas_Got_Talent/episodes/706823</link><title>Episode 314</title><runtime>120</runtime></episode>
<episode><epnum>43</epnum><seasonnum>15</seasonnum><prodnum>314A-120</prodnum><airdate>2008-09-10</airdate><link>http://www.tvrage.com/Americas_Got_Talent/episodes/706824</link><title>Episode 314A</title><runtime>120</runtime></episode>
<episode><epnum>44</epnum><seasonnum>16</seasonnum><prodnum>314B-30</prodnum><airdate>2008-09-11</airdate><link>http://www.tvrage.com/Americas_Got_Talent/episodes/706825</link><title>Episode 314B</title><runtime>30</runtime></episode>
<episode><epnum>45</epnum><seasonnum>17</seasonnum><prodnum> 315-60</prodnum><airdate>2008-09-17</airdate><link>http://www.tvrage.com/Americas_Got_Talent/episodes/710976</link><title>Episode 315</title><runtime>60</runtime></episode>
<episode><epnum>46</epnum><seasonnum>18</seasonnum><prodnum>315B-30 </prodnum><airdate>2008-09-18</airdate><link>http://www.tvrage.com/Americas_Got_Talent/episodes/710977</link><title>Episode 315B</title><runtime>30</runtime></episode>
<episode><epnum>47</epnum><seasonnum>19</seasonnum><prodnum>316-43 </prodnum><airdate>2008-09-24</airdate><link>http://www.tvrage.com/Americas_Got_Talent/episodes/714253</link><title>Episode 316</title><runtime>43</runtime></episode>
<episode><epnum>48</epnum><seasonnum>20</seasonnum><prodnum>317-60 </prodnum><airdate>2008-10-01</airdate><link>http://www.tvrage.com/Americas_Got_Talent/episodes/714967</link><title>Episode 317</title></episode>
</Season>

<Season no="4">
<episode><epnum>49</epnum><seasonnum>01</seasonnum><prodnum>401-120</prodnum><airdate>2009-06-23</airdate><link>http://www.tvrage.com/Americas_Got_Talent/episodes/1064810598</link><title>Audition Show #1 New York, Chicago, Seattle</title><runtime>120</runtime></episode>
<episode><epnum>50</epnum><seasonnum>02</seasonnum><prodnum>402-60</prodnum><airdate>2009-06-24</airdate><link>http://www.tvrage.com/Americas_Got_Talent/episodes/1064810599</link><title>Audition Show #2 Seattle(2), Miami</title></episode>
<episode><epnum>51</epnum><seasonnum>03</seasonnum><prodnum>403-60</prodnum><airdate>2009-06-30</airdate><link>http://www.tvrage.com/Americas_Got_Talent/episodes/1064810600</link><title>Audition Show #3 New York(2), Chicago(2)</title></episode>
<episode><epnum>52</epnum><seasonnum>04</seasonnum><prodnum>404-60</prodnum><airdate>2009-07-01</airdate><link>http://www.tvrage.com/Americas_Got_Talent/episodes/1064810601</link><title>Audition Show #4 Houston, Miami(2)</title></episode>
<episode><epnum>53</epnum><seasonnum>05</seasonnum><prodnum>405-60</prodnum><airdate>2009-07-07</airdate><link>http://www.tvrage.com/Americas_Got_Talent/episodes/1064810602</link><title>Audition Show #5 Los Angeles</title></episode>
<episode><epnum>54</epnum><seasonnum>06</seasonnum><prodnum>406-60</prodnum><airdate>2009-07-08</airdate><link>http://www.tvrage.com/Americas_Got_Talent/episodes/1064810603</link><title>Audition Show #6 Houston(2)</title></episode>
<episode><epnum>55</epnum><seasonnum>07</seasonnum><prodnum>407-60</prodnum><airdate>2009-07-14</airdate><link>http://www.tvrage.com/Americas_Got_Talent/episodes/1064818920</link><title>Audition Show #7 New York(3)</title></episode>
<episode><epnum>56</epnum><seasonnum>08</seasonnum><prodnum>408-60</prodnum><airdate>2009-07-15</airdate><link>http://www.tvrage.com/Americas_Got_Talent/episodes/1064818921</link><title>Audition Show #8 &amp; 9 New York(4), Seattle(3)</title></episode>
<episode><epnum>57</epnum><seasonnum>09</seasonnum><prodnum>409-60</prodnum><airdate>2009-07-21</airdate><link>http://www.tvrage.com/Americas_Got_Talent/episodes/1064818922</link><title>MySpace.com audition show</title></episode>
<episode><epnum>58</epnum><seasonnum>10</seasonnum><prodnum>410-60</prodnum><airdate>2009-07-22</airdate><link>http://www.tvrage.com/Americas_Got_Talent/episodes/1064818923</link><title>Final audition show Los Angeles (2) / Susan Boyle interview</title><runtime>60</runtime></episode>
<episode><epnum>59</epnum><seasonnum>11</seasonnum><prodnum>411-60</prodnum><airdate>2009-07-28</airdate><link>http://www.tvrage.com/Americas_Got_Talent/episodes/1064818924</link><title>Vegas Verdicts (1)</title></episode>
<episode><epnum>60</epnum><seasonnum>12</seasonnum><prodnum>412-60</prodnum><airdate>2009-07-29</airdate><link>http://www.tvrage.com/Americas_Got_Talent/episodes/1064818925</link><title>Vegas Verdicts (2)</title></episode>
<episode><epnum>61</epnum><seasonnum>13</seasonnum><prodnum>413-120</prodnum><airdate>2009-08-04</airdate><link>http://www.tvrage.com/Americas_Got_Talent/episodes/1064818926</link><title>1st Ten of Top 40 Perform (live)</title><runtime>120</runtime></episode>
<episode><epnum>62</epnum><seasonnum>14</seasonnum><prodnum>414-60</prodnum><airdate>2009-08-05</airdate><link>http://www.tvrage.com/Americas_Got_Talent/episodes/1064818927</link><title>1st Results Show: 5 move on to Top 20 (live)</title></episode>
<episode><epnum>63</epnum><seasonnum>15</seasonnum><prodnum>415-120</prodnum><airdate>2009-08-11</airdate><link>http://www.tvrage.com/Americas_Got_Talent/episodes/1064818928</link><title>2nd Ten of Top 40 Perform (live)</title><runtime>120</runtime></episode>
<episode><epnum>64</epnum><seasonnum>16</seasonnum><prodnum>416-60</prodnum><airdate>2009-08-12</airdate><link>http://www.tvrage.com/Americas_Got_Talent/episodes/1064818929</link><title>2nd Results Show: 5 move on to Top 20 (live)</title></episode>
<episode><epnum>65</epnum><seasonnum>17</seasonnum><prodnum>417-120</prodnum><airdate>2009-08-18</airdate><link>http://www.tvrage.com/Americas_Got_Talent/episodes/1064818930</link><title>3rd Ten of Top 40 Perform (live)</title><runtime>120</runtime></episode>
<episode><epnum>66</epnum><seasonnum>18</seasonnum><prodnum>418-60</prodnum><airdate>2009-08-19</airdate><link>http://www.tvrage.com/Americas_Got_Talent/episodes/1064818931</link><title>3rd Results Show: 5 move on to Top 20 (live)</title></episode>
<episode><epnum>67</epnum><seasonnum>19</seasonnum><prodnum>419-120</prodnum><airdate>2009-08-25</airdate><link>http://www.tvrage.com/Americas_Got_Talent/episodes/1064818932</link><title>4th Ten of Top 40 Perform (live)</title><runtime>120</runtime></episode>
<episode><epnum>68</epnum><seasonnum>20</seasonnum><prodnum>420-60</prodnum><airdate>2009-08-26</airdate><link>http://www.tvrage.com/Americas_Got_Talent/episodes/1064818933</link><title>4th Results Show: Final 5 move on to Top 20 (live)</title></episode>
<episode><epnum>69</epnum><seasonnum>21</seasonnum><prodnum>421-120</prodnum><airdate>2009-09-01</airdate><link>http://www.tvrage.com/Americas_Got_Talent/episodes/1064818934</link><title>Season 4, Episode 21</title><runtime>120</runtime></episode>
<episode><epnum>70</epnum><seasonnum>22</seasonnum><prodnum>422-60</prodnum><airdate>2009-09-02</airdate><link>http://www.tvrage.com/Americas_Got_Talent/episodes/1064818935</link><title>Season 4, Episode 22</title></episode>
<episode><epnum>71</epnum><seasonnum>23</seasonnum><prodnum>423-120</prodnum><airdate>2009-09-08</airdate><link>http://www.tvrage.com/Americas_Got_Talent/episodes/1064818936</link><title>Season 4, Episode 23</title><runtime>120</runtime></episode>
<episode><epnum>72</epnum><seasonnum>24</seasonnum><prodnum>424-60</prodnum><airdate>2009-09-09</airdate><link>http://www.tvrage.com/Americas_Got_Talent/episodes/1064818937</link><title>Season 4, Episode 24</title><runtime>60</runtime></episode>
<episode><epnum>73</epnum><seasonnum>25</seasonnum><prodnum>425-120</prodnum><airdate>2009-09-14</airdate><link>http://www.tvrage.com/Americas_Got_Talent/episodes/1064833865</link><title>Episode 425</title><runtime>120</runtime></episode>
<episode><epnum>74</epnum><seasonnum>26</seasonnum><prodnum>426-120</prodnum><airdate>2009-09-16</airdate><link>http://www.tvrage.com/Americas_Got_Talent/episodes/1064842223</link><title>4th season finale - Winner declared</title><runtime>120</runtime></episode>
</Season>

<Season no="5">
<episode><epnum>75</epnum><seasonnum>01</seasonnum><prodnum>501-120</prodnum><airdate>2010-06-01</airdate><link>http://www.tvrage.com/Americas_Got_Talent/episodes/1064924117</link><title>Los Angeles auditions</title><runtime>120</runtime></episode>
<episode><epnum>76</epnum><seasonnum>02</seasonnum><prodnum>502-60</prodnum><airdate>2010-06-02</airdate><link>http://www.tvrage.com/Americas_Got_Talent/episodes/1064924118</link><title>Dallas auditions</title></episode>
<episode><epnum>77</epnum><seasonnum>03</seasonnum><prodnum>503-60</prodnum><airdate>2010-06-08</airdate><link>http://www.tvrage.com/Americas_Got_Talent/episodes/1064924119</link><title>New York City auditions, Part 1</title></episode>
<episode><epnum>78</epnum><seasonnum>04</seasonnum><prodnum>504-60</prodnum><airdate>2010-06-15</airdate><link>http://www.tvrage.com/Americas_Got_Talent/episodes/1064924120</link><title>New York City auditions, Part 2</title></episode>
<episode><epnum>79</epnum><seasonnum>05</seasonnum><prodnum>505-60</prodnum><airdate>2010-06-16</airdate><link>http://www.tvrage.com/Americas_Got_Talent/episodes/1064924121</link><title>Orlando auditions, Part 1</title></episode>
<episode><epnum>80</epnum><seasonnum>06</seasonnum><prodnum>506-60</prodnum><airdate>2010-06-22</airdate><link>http://www.tvrage.com/Americas_Got_Talent/episodes/1064924122</link><title>Orlando auditions, Part 2</title></episode>
<episode><epnum>81</epnum><seasonnum>07</seasonnum><prodnum>507-60</prodnum><airdate>2010-06-22</airdate><link>http://www.tvrage.com/Americas_Got_Talent/episodes/1064924123</link><title>Portland auditions, Part 1</title></episode>
<episode><epnum>82</epnum><seasonnum>08</seasonnum><prodnum>508-60</prodnum><airdate>2010-06-23</airdate><link>http://www.tvrage.com/Americas_Got_Talent/episodes/1064924124</link><title>Portland auditions, Part 2</title></episode>
<episode><epnum>83</epnum><seasonnum>09</seasonnum><prodnum>509-60</prodnum><airdate>2010-06-29</airdate><link>http://www.tvrage.com/Americas_Got_Talent/episodes/1064924125</link><title>Chicago auditions</title></episode>
<episode><epnum>84</epnum><seasonnum>10</seasonnum><prodnum>510-60</prodnum><airdate>2010-06-30</airdate><link>http://www.tvrage.com/Americas_Got_Talent/episodes/1064924126</link><title>Final auditions (unseen from all locations)</title></episode>
<episode><epnum>85</epnum><seasonnum>11</seasonnum><prodnum>511-120</prodnum><airdate>2010-07-06</airdate><link>http://www.tvrage.com/Americas_Got_Talent/episodes/1064924127</link><title>Vegas Week Part 1</title><runtime>120</runtime></episode>
<episode><epnum>86</epnum><seasonnum>12</seasonnum><prodnum>512-60</prodnum><airdate>2010-07-07</airdate><link>http://www.tvrage.com/Americas_Got_Talent/episodes/1064924128</link><title>Vegas Week Part 2</title></episode>
<episode><epnum>87</epnum><seasonnum>13</seasonnum><prodnum>513-120</prodnum><airdate>2010-07-13</airdate><link>http://www.tvrage.com/Americas_Got_Talent/episodes/1064924129</link><title>HOLLYWOOD Part 1, 1st 12 of Top 60 perform</title><runtime>120</runtime></episode>
<episode><epnum>88</epnum><seasonnum>14</seasonnum><prodnum>514-60</prodnum><airdate>2010-07-14</airdate><link>http://www.tvrage.com/Americas_Got_Talent/episodes/1064924130</link><title>Results Show #1</title></episode>
<episode><epnum>89</epnum><seasonnum>15</seasonnum><prodnum>515-120</prodnum><airdate>2010-07-20</airdate><link>http://www.tvrage.com/Americas_Got_Talent/episodes/1064924131</link><title>HOLLYWOOD Part 2, 2nd 12 of Top 60 perform</title><runtime>120</runtime></episode>
<episode><epnum>90</epnum><seasonnum>16</seasonnum><prodnum>516-60</prodnum><airdate>2010-07-21</airdate><link>http://www.tvrage.com/Americas_Got_Talent/episodes/1064924132</link><title>Results Show #2</title></episode>
<episode><epnum>91</epnum><seasonnum>17</seasonnum><prodnum>517-120</prodnum><airdate>2010-07-27</airdate><link>http://www.tvrage.com/Americas_Got_Talent/episodes/1064938249</link><title>HOLLYWOOD Part 3, 3rd 12 of Top 60 perform</title><runtime>120</runtime></episode>
<episode><epnum>92</epnum><seasonnum>18</seasonnum><prodnum>518-60</prodnum><airdate>2010-07-28</airdate><link>http://www.tvrage.com/Americas_Got_Talent/episodes/1064938250</link><title>Results Show #3</title></episode>
<episode><epnum>93</epnum><seasonnum>19</seasonnum><prodnum>519-120</prodnum><airdate>2010-08-03</airdate><link>http://www.tvrage.com/Americas_Got_Talent/episodes/1064938251</link><title>HOLLYWOOD Part 4, 4th 12 of Top 60 perform</title><runtime>120</runtime></episode>
<episode><epnum>94</epnum><seasonnum>20</seasonnum><prodnum>520-60</prodnum><airdate>2010-08-04</airdate><link>http://www.tvrage.com/Americas_Got_Talent/episodes/1064938252</link><title>Results Show #4</title></episode>
<episode><epnum>95</epnum><seasonnum>21</seasonnum><prodnum>521-120</prodnum><airdate>2010-08-10</airdate><link>http://www.tvrage.com/Americas_Got_Talent/episodes/1064938253</link><title>HOLLYWOOD Part 5, 5th 12 of Top 60 perform - You Tube contestants</title><runtime>120</runtime></episode>
<episode><epnum>96</epnum><seasonnum>22</seasonnum><prodnum>522-60</prodnum><airdate>2010-08-11</airdate><link>http://www.tvrage.com/Americas_Got_Talent/episodes/1064938254</link><title>Results Show #5 - You Tube results show</title></episode>
<episode><epnum>97</epnum><seasonnum>23</seasonnum><prodnum>523-120</prodnum><airdate>2010-08-17</airdate><link>http://www.tvrage.com/Americas_Got_Talent/episodes/1064938255</link><title>Wild Card Show - 2nd chance</title><runtime>120</runtime></episode>
<episode><epnum>98</epnum><seasonnum>24</seasonnum><prodnum>524-60</prodnum><airdate>2010-08-18</airdate><link>http://www.tvrage.com/Americas_Got_Talent/episodes/1064938256</link><title>Wild Card Results Show</title></episode>
<episode><epnum>99</epnum><seasonnum>25</seasonnum><prodnum>525-120</prodnum><airdate>2010-08-24</airdate><link>http://www.tvrage.com/Americas_Got_Talent/episodes/1064938257</link><title>Semi Finals Part 1 of 2 - 1st 12 of Top 24 perform</title></episode>
<episode><epnum>100</epnum><seasonnum>26</seasonnum><prodnum>526-60</prodnum><airdate>2010-08-25</airdate><link>http://www.tvrage.com/Americas_Got_Talent/episodes/1064938258</link><title>Special 100th Episode - Semi Finals Results #1 of 2</title></episode>
<episode><epnum>101</epnum><seasonnum>27</seasonnum><prodnum>527-120</prodnum><airdate>2010-08-31</airdate><link>http://www.tvrage.com/Americas_Got_Talent/episodes/1064938259</link><title>Semi Finals Part 2 of 2 - 2nd 12 of Top 24 perform</title><runtime>120</runtime></episode>
<episode><epnum>102</epnum><seasonnum>28</seasonnum><prodnum>528-60</prodnum><airdate>2010-09-01</airdate><link>http://www.tvrage.com/Americas_Got_Talent/episodes/1064938260</link><title>Semi Finals Results #2 of 2</title></episode>
<episode><epnum>103</epnum><seasonnum>29</seasonnum><prodnum>529-120</prodnum><airdate>2010-09-07</airdate><link>http://www.tvrage.com/Americas_Got_Talent/episodes/1064938261</link><title>Top 10 Compete</title><runtime>120</runtime></episode>
<episode><epnum>104</epnum><seasonnum>30</seasonnum><prodnum>530-60</prodnum><airdate>2010-09-08</airdate><link>http://www.tvrage.com/Americas_Got_Talent/episodes/1064938262</link><title>Top 10 Results show</title></episode>
<episode><epnum>105</epnum><seasonnum>31</seasonnum><prodnum>531-120</prodnum><airdate>2010-09-14</airdate><link>http://www.tvrage.com/Americas_Got_Talent/episodes/1064938263</link><title>Top 4 Compete</title><runtime>60</runtime></episode>
<episode><epnum>106</epnum><seasonnum>32</seasonnum><prodnum>532-120</prodnum><airdate>2010-09-15</airdate><link>http://www.tvrage.com/Americas_Got_Talent/episodes/1064938264</link><title>Final results show - Winner Announced</title><runtime>120</runtime></episode>
</Season>

<Season no="6">
<episode><epnum>107</epnum><seasonnum>01</seasonnum><prodnum>601-120</prodnum><airdate>2011-05-31</airdate><link>http://www.tvrage.com/Americas_Got_Talent/episodes/1065035004</link><title>Los Angeles and Atlanta auditions</title><screencap>http://images.tvrage.com/screencaps/53/10408/1065035004.jpg</screencap><runtime>120</runtime></episode>
<episode><epnum>108</epnum><seasonnum>02</seasonnum><prodnum>602-60</prodnum><airdate>2011-06-07</airdate><link>http://www.tvrage.com/Americas_Got_Talent/episodes/1065035005</link><title>Seattle auditions, Part 1</title><screencap>http://images.tvrage.com/screencaps/53/10408/1065035005.jpg</screencap></episode>
<episode><epnum>109</epnum><seasonnum>03</seasonnum><prodnum>603-60</prodnum><airdate>2011-06-08</airdate><link>http://www.tvrage.com/Americas_Got_Talent/episodes/1065035006</link><title>Houston auditions</title><screencap>http://images.tvrage.com/screencaps/53/10408/1065035006.png</screencap></episode>
<episode><epnum>110</epnum><seasonnum>04</seasonnum><prodnum>604-60</prodnum><airdate>2011-06-08</airdate><link>http://www.tvrage.com/Americas_Got_Talent/episodes/1065035007</link><title>Minneapolis auditions</title><screencap>http://images.tvrage.com/screencaps/53/10408/1065035007.png</screencap></episode>
<episode><epnum>111</epnum><seasonnum>05</seasonnum><prodnum>605-60</prodnum><airdate>2011-06-14</airdate><link>http://www.tvrage.com/Americas_Got_Talent/episodes/1065035008</link><title>Seattle auditions, Part 2</title><screencap>http://images.tvrage.com/screencaps/53/10408/1065035008.png</screencap></episode>
<episode><epnum>112</epnum><seasonnum>06</seasonnum><prodnum>606-60</prodnum><airdate>2011-06-21</airdate><link>http://www.tvrage.com/Americas_Got_Talent/episodes/1065035009</link><title>Atlanta auditions, Part 1 (Day 2)</title><screencap>http://images.tvrage.com/screencaps/53/10408/1065035009.png</screencap></episode>
<episode><epnum>113</epnum><seasonnum>07</seasonnum><prodnum>607-60</prodnum><airdate>2011-06-22</airdate><link>http://www.tvrage.com/Americas_Got_Talent/episodes/1065035010</link><title>New York auditions, Part 1</title><screencap>http://images.tvrage.com/screencaps/53/10408/1065035010.png</screencap></episode>
<episode><epnum>114</epnum><seasonnum>08</seasonnum><prodnum>608-60</prodnum><airdate>2011-06-28</airdate><link>http://www.tvrage.com/Americas_Got_Talent/episodes/1065035011</link><title>New York auditions, Part 2</title><screencap>http://images.tvrage.com/screencaps/53/10408/1065035011.jpg</screencap></episode>
<episode><epnum>115</epnum><seasonnum>09</seasonnum><prodnum>609-60</prodnum><airdate>2011-06-29</airdate><link>http://www.tvrage.com/Americas_Got_Talent/episodes/1065035012</link><title>Atlanta auditions, Part 2 (Day 1)</title><screencap>http://images.tvrage.com/screencaps/53/10408/1065035012.png</screencap><runtime>60</runtime></episode>
<episode><epnum>116</epnum><seasonnum>10</seasonnum><prodnum>610-60</prodnum><airdate>2011-07-05</airdate><link>http://www.tvrage.com/Americas_Got_Talent/episodes/1065035013</link><title>Final auditions</title><screencap>http://images.tvrage.com/screencaps/53/10408/1065035013.png</screencap></episode>
<episode><epnum>117</epnum><seasonnum>11</seasonnum><prodnum>611-120</prodnum><airdate>2011-07-05</airdate><link>http://www.tvrage.com/Americas_Got_Talent/episodes/1065035014</link><title>The acts compete for a spot in the top 48 in Vegas</title><screencap>http://images.tvrage.com/screencaps/53/10408/1065035014.jpg</screencap><runtime>120</runtime></episode>
<episode><epnum>118</epnum><seasonnum>12</seasonnum><prodnum>612-60</prodnum><airdate>2011-07-06</airdate><link>http://www.tvrage.com/Americas_Got_Talent/episodes/1065035015</link><title>The top 48 contestants are revealed</title><screencap>http://images.tvrage.com/screencaps/53/10408/1065035015.png</screencap></episode>
<episode><epnum>119</epnum><seasonnum>13</seasonnum><prodnum>613-120</prodnum><airdate>2011-07-12</airdate><link>http://www.tvrage.com/Americas_Got_Talent/episodes/1065035016</link><title>Twelve of the top 48 acts perform</title><screencap>http://images.tvrage.com/screencaps/53/10408/1065035016.png</screencap><runtime>120</runtime></episode>
<episode><epnum>120</epnum><seasonnum>14</seasonnum><prodnum>614-60</prodnum><airdate>2011-07-13</airdate><link>http://www.tvrage.com/Americas_Got_Talent/episodes/1065035017</link><title>Four acts advance to the top 24</title><screencap>http://images.tvrage.com/screencaps/53/10408/1065035017.png</screencap></episode>
<episode><epnum>121</epnum><seasonnum>15</seasonnum><prodnum>615-120</prodnum><airdate>2011-07-19</airdate><link>http://www.tvrage.com/Americas_Got_Talent/episodes/1065035018</link><title>Twelve of the top 48 acts perform</title><screencap>http://images.tvrage.com/screencaps/53/10408/1065035018.png</screencap><runtime>120</runtime></episode>
<episode><epnum>122</epnum><seasonnum>16</seasonnum><prodnum>616-60</prodnum><airdate>2011-07-20</airdate><link>http://www.tvrage.com/Americas_Got_Talent/episodes/1065035019</link><title>Four acts advance to the top 24</title><screencap>http://images.tvrage.com/screencaps/53/10408/1065035019.png</screencap></episode>
<episode><epnum>123</epnum><seasonnum>17</seasonnum><prodnum>617-120</prodnum><airdate>2011-07-26</airdate><link>http://www.tvrage.com/Americas_Got_Talent/episodes/1065035020</link><title>Twelve of the top 48 acts perform</title><screencap>http://images.tvrage.com/screencaps/53/10408/1065035020.png</screencap><runtime>120</runtime></episode>
<episode><epnum>124</epnum><seasonnum>18</seasonnum><prodnum>618-60</prodnum><airdate>2011-07-27</airdate><link>http://www.tvrage.com/Americas_Got_Talent/episodes/1065035021</link><title>Four acts advance to the top 24</title><screencap>http://images.tvrage.com/screencaps/53/10408/1065035021.png</screencap></episode>
<episode><epnum>125</epnum><seasonnum>19</seasonnum><prodnum>619-120</prodnum><airdate>2011-08-02</airdate><link>http://www.tvrage.com/Americas_Got_Talent/episodes/1065048745</link><title>Twelve of the top 48 acts perform</title><screencap>http://images.tvrage.com/screencaps/53/10408/1065048745.png</screencap><runtime>120</runtime></episode>
<episode><epnum>126</epnum><seasonnum>20</seasonnum><prodnum>620-60</prodnum><airdate>2011-08-03</airdate><link>http://www.tvrage.com/Americas_Got_Talent/episodes/1065048746</link><title>Four acts advance to the top 24</title><screencap>http://images.tvrage.com/screencaps/53/10408/1065048746.png</screencap></episode>
<episode><epnum>127</epnum><seasonnum>21</seasonnum><prodnum>621-120</prodnum><airdate>2011-08-09</airdate><link>http://www.tvrage.com/Americas_Got_Talent/episodes/1065048747</link><title>Twelve You Tube Acts perform</title><screencap>http://images.tvrage.com/screencaps/53/10408/1065048747.png</screencap><runtime>120</runtime></episode>
<episode><epnum>128</epnum><seasonnum>22</seasonnum><prodnum>622-60</prodnum><airdate>2011-08-10</airdate><link>http://www.tvrage.com/Americas_Got_Talent/episodes/1065048748</link><title>Four acts advance to the top 24</title><screencap>http://images.tvrage.com/screencaps/53/10408/1065048748.png</screencap></episode>
<episode><epnum>129</epnum><seasonnum>23</seasonnum><prodnum>623-120</prodnum><airdate>2011-08-16</airdate><link>http://www.tvrage.com/Americas_Got_Talent/episodes/1065048749</link><title>Twelve Wildcard acts perform</title><screencap>http://images.tvrage.com/screencaps/53/10408/1065048749.png</screencap><runtime>120</runtime></episode>
<episode><epnum>130</epnum><seasonnum>24</seasonnum><prodnum>624-60</prodnum><airdate>2011-08-17</airdate><link>http://www.tvrage.com/Americas_Got_Talent/episodes/1065051288</link><title>Four acts advance to the top 24</title><screencap>http://images.tvrage.com/screencaps/53/10408/1065051288.png</screencap></episode>
<episode><epnum>131</epnum><seasonnum>25</seasonnum><prodnum>625-120</prodnum><airdate>2011-08-23</airdate><link>http://www.tvrage.com/Americas_Got_Talent/episodes/1065051289</link><title>The Semi Finals Part 1 - 12 Acts Compete</title><runtime>120</runtime></episode>
<episode><epnum>132</epnum><seasonnum>26</seasonnum><prodnum>626-60</prodnum><airdate>2011-08-24</airdate><link>http://www.tvrage.com/Americas_Got_Talent/episodes/1065051290</link><title>Semi Finals Results Show #1: 5 Acts are chosen for the Top 10</title><screencap>http://images.tvrage.com/screencaps/53/10408/1065051290.png</screencap></episode>
<episode><epnum>133</epnum><seasonnum>27</seasonnum><prodnum>627-120</prodnum><airdate>2011-08-30</airdate><link>http://www.tvrage.com/Americas_Got_Talent/episodes/1065051291</link><title>The Semi Finals Part 2 - 12 Acts Compete</title><screencap>http://images.tvrage.com/screencaps/53/10408/1065051291.png</screencap><runtime>120</runtime></episode>
<episode><epnum>134</epnum><seasonnum>28</seasonnum><prodnum>628-60</prodnum><airdate>2011-08-31</airdate><link>http://www.tvrage.com/Americas_Got_Talent/episodes/1065051292</link><title>Semi Finals Results Show #2: 5 Acts are chosen for the Top 10</title><screencap>http://images.tvrage.com/screencaps/53/10408/1065051292.png</screencap></episode>
<episode><epnum>135</epnum><seasonnum>29</seasonnum><prodnum>629-120</prodnum><airdate>2011-09-06</airdate><link>http://www.tvrage.com/Americas_Got_Talent/episodes/1065068060</link><title>The Top 10 perform</title><screencap>http://images.tvrage.com/screencaps/53/10408/1065068060.png</screencap><runtime>120</runtime></episode>
<episode><epnum>136</epnum><seasonnum>30</seasonnum><prodnum>630-60</prodnum><airdate>2011-09-07</airdate><link>http://www.tvrage.com/Americas_Got_Talent/episodes/1065068061</link><title>4 Finalists are chosen</title><screencap>http://images.tvrage.com/screencaps/53/10408/1065068061.png</screencap></episode>
<episode><epnum>137</epnum><seasonnum>31</seasonnum><prodnum>631-60</prodnum><airdate>2011-09-13</airdate><link>http://www.tvrage.com/Americas_Got_Talent/episodes/1065068062</link><title>The Final 4 perform</title><screencap>http://images.tvrage.com/screencaps/53/10408/1065068062.png</screencap></episode>
<episode><epnum>138</epnum><seasonnum>32</seasonnum><prodnum>632-120</prodnum><airdate>2011-09-14</airdate><link>http://www.tvrage.com/Americas_Got_Talent/episodes/1065068063</link><title>The $1,000,000 Winner is announced!</title><screencap>http://images.tvrage.com/screencaps/53/10408/1065068063.png</screencap><runtime>120</runtime></episode>
</Season>

<Season no="7">
<episode><epnum>139</epnum><seasonnum>01</seasonnum><prodnum>701-120</prodnum><airdate>2012-05-14</airdate><link>http://www.tvrage.com/Americas_Got_Talent/episodes/1065174427</link><title>Los Angeles and St. Louis Auditions</title><screencap>http://images.tvrage.com/screencaps/53/10408/1065174427.jpg</screencap><runtime>120</runtime></episode>
<episode><epnum>140</epnum><seasonnum>02</seasonnum><prodnum>702-120</prodnum><airdate>2012-05-15</airdate><link>http://www.tvrage.com/Americas_Got_Talent/episodes/1065174428</link><title>San Francisco Auditions</title><screencap>http://images.tvrage.com/screencaps/53/10408/1065174428.jpg</screencap><runtime>120</runtime></episode>
<episode><epnum>141</epnum><seasonnum>03</seasonnum><prodnum>703-60</prodnum><airdate>2012-05-21</airdate><link>http://www.tvrage.com/Americas_Got_Talent/episodes/1065174429</link><title>New York Auditions (Part 1)</title><screencap>http://images.tvrage.com/screencaps/53/10408/1065174429.jpg</screencap></episode>
<episode><epnum>142</epnum><seasonnum>04</seasonnum><prodnum>704-60</prodnum><airdate>2012-05-22</airdate><link>http://www.tvrage.com/Americas_Got_Talent/episodes/1065174430</link><title>New York Auditions (Part 2)</title><screencap>http://images.tvrage.com/screencaps/53/10408/1065174430.jpg</screencap></episode>
<episode><epnum>143</epnum><seasonnum>05</seasonnum><prodnum>705-60</prodnum><airdate>2012-05-28</airdate><link>http://www.tvrage.com/Americas_Got_Talent/episodes/1065174431</link><title>Tampa Auditions (Part 1)</title><screencap>http://images.tvrage.com/screencaps/53/10408/1065174431.jpg</screencap></episode>
<episode><epnum>144</epnum><seasonnum>06</seasonnum><prodnum>706-60</prodnum><airdate>2012-05-29</airdate><link>http://www.tvrage.com/Americas_Got_Talent/episodes/1065174432</link><title>St. Louis Auditions (Part 2)</title><screencap>http://images.tvrage.com/screencaps/53/10408/1065174432.jpg</screencap></episode>
<episode><epnum>145</epnum><seasonnum>07</seasonnum><prodnum>707-60</prodnum><airdate>2012-06-04</airdate><link>http://www.tvrage.com/Americas_Got_Talent/episodes/1065184264</link><title>Austin Auditions (Part 1)</title><screencap>http://images.tvrage.com/screencaps/53/10408/1065184264.jpg</screencap></episode>
<episode><epnum>146</epnum><seasonnum>08</seasonnum><prodnum>708-60</prodnum><airdate>2012-06-05</airdate><link>http://www.tvrage.com/Americas_Got_Talent/episodes/1065184265</link><title>Austin Auditions (Part 2)</title><screencap>http://images.tvrage.com/screencaps/53/10408/1065184265.jpg</screencap></episode>
<episode><epnum>147</epnum><seasonnum>09</seasonnum><prodnum>709-60</prodnum><airdate>2012-06-12</airdate><link>http://www.tvrage.com/Americas_Got_Talent/episodes/1065184266</link><title>Tampa Auditions (Part 2)</title><screencap>http://images.tvrage.com/screencaps/53/10408/1065184266.jpg</screencap></episode>
<episode><epnum>148</epnum><seasonnum>10</seasonnum><prodnum>710-60</prodnum><airdate>2012-06-18</airdate><link>http://www.tvrage.com/Americas_Got_Talent/episodes/1065184267</link><title>Final Audtions</title><screencap>http://images.tvrage.com/screencaps/53/10408/1065184267.jpg</screencap></episode>
<episode><epnum>149</epnum><seasonnum>11</seasonnum><prodnum>711-60</prodnum><airdate>2012-06-25</airdate><link>http://www.tvrage.com/Americas_Got_Talent/episodes/1065188208</link><title>Las Vegas Round (Part 1)</title><screencap>http://images.tvrage.com/screencaps/53/10408/1065188208.jpg</screencap></episode>
<episode><epnum>150</epnum><seasonnum>12</seasonnum><prodnum>712-60</prodnum><airdate>2012-06-26</airdate><link>http://www.tvrage.com/Americas_Got_Talent/episodes/1065188209</link><title>Las Vegas Round (Part 2)</title><screencap>http://images.tvrage.com/screencaps/53/10408/1065188209.jpg</screencap></episode>
<episode><epnum>151</epnum><seasonnum>13</seasonnum><prodnum>713-120</prodnum><airdate>2012-06-27</airdate><link>http://www.tvrage.com/Americas_Got_Talent/episodes/1065188210</link><title>Las Vegas Round (Part 3) - The top 48 contestants are revealed</title><screencap>http://images.tvrage.com/screencaps/53/10408/1065188210.jpg</screencap><runtime>120</runtime></episode>
<episode><epnum>152</epnum><seasonnum>14</seasonnum><prodnum>714-120</prodnum><airdate>2012-07-02</airdate><link>http://www.tvrage.com/Americas_Got_Talent/episodes/1065188211</link><title>12 of the top 48 acts perform</title><screencap>http://images.tvrage.com/screencaps/53/10408/1065188211.jpg</screencap><runtime>150</runtime></episode>
<episode><epnum>153</epnum><seasonnum>15</seasonnum><prodnum>715-60</prodnum><airdate>2012-07-03</airdate><link>http://www.tvrage.com/Americas_Got_Talent/episodes/1065188212</link><title>4 acts advance to the top 24</title><screencap>http://images.tvrage.com/screencaps/53/10408/1065188212.jpg</screencap></episode>
<episode><epnum>154</epnum><seasonnum>16</seasonnum><prodnum>716-120</prodnum><airdate>2012-07-10</airdate><link>http://www.tvrage.com/Americas_Got_Talent/episodes/1065188213</link><title>12 of the top 48 acts perform</title><screencap>http://images.tvrage.com/screencaps/53/10408/1065188213.jpg</screencap><runtime>120</runtime></episode>
<episode><epnum>155</epnum><seasonnum>17</seasonnum><prodnum>717-60</prodnum><airdate>2012-07-11</airdate><link>http://www.tvrage.com/Americas_Got_Talent/episodes/1065188214</link><title>4 acts advance to the top 24</title><screencap>http://images.tvrage.com/screencaps/53/10408/1065188214.jpg</screencap></episode>
<episode><epnum>156</epnum><seasonnum>18</seasonnum><prodnum>718-120</prodnum><airdate>2012-07-17</airdate><link>http://www.tvrage.com/Americas_Got_Talent/episodes/1065188215</link><title>12 of the top 48 acts perform</title><screencap>http://images.tvrage.com/screencaps/53/10408/1065188215.jpg</screencap><runtime>120</runtime></episode>
<episode><epnum>157</epnum><seasonnum>19</seasonnum><prodnum>719-60</prodnum><airdate>2012-07-18</airdate><link>http://www.tvrage.com/Americas_Got_Talent/episodes/1065188216</link><title>4 acts advance to the top 24</title><screencap>http://images.tvrage.com/screencaps/53/10408/1065188216.jpg</screencap></episode>
<episode><epnum>158</epnum><seasonnum>20</seasonnum><prodnum>720-120</prodnum><airdate>2012-07-24</airdate><link>http://www.tvrage.com/Americas_Got_Talent/episodes/1065188217</link><title>12 of the top 48 acts perform</title><screencap>http://images.tvrage.com/screencaps/53/10408/1065188217.jpg</screencap><runtime>120</runtime></episode>
<episode><epnum>159</epnum><seasonnum>21</seasonnum><prodnum>721-60</prodnum><airdate>2012-07-25</airdate><link>http://www.tvrage.com/Americas_Got_Talent/episodes/1065188218</link><title>4 acts advance to the top 24</title><screencap>http://images.tvrage.com/screencaps/53/10408/1065188218.jpg</screencap></episode>
<episode><epnum>160</epnum><seasonnum>22</seasonnum><prodnum>722-120</prodnum><airdate>2012-08-14</airdate><link>http://www.tvrage.com/Americas_Got_Talent/episodes/1065188219</link><title>12 You Tube acts perform</title><screencap>http://images.tvrage.com/screencaps/53/10408/1065188219.jpg</screencap><runtime>120</runtime></episode>
<episode><epnum>161</epnum><seasonnum>23</seasonnum><prodnum>723-60</prodnum><airdate>2012-08-15</airdate><link>http://www.tvrage.com/Americas_Got_Talent/episodes/1065188220</link><title>4 You Tube acts advance to the top 24</title><screencap>http://images.tvrage.com/screencaps/53/10408/1065188220.jpg</screencap></episode>
<episode><epnum>162</epnum><seasonnum>24</seasonnum><prodnum>724-120</prodnum><airdate>2012-08-21</airdate><link>http://www.tvrage.com/Americas_Got_Talent/episodes/1065188221</link><title>12 Wildcard acts perform</title><screencap>http://images.tvrage.com/screencaps/53/10408/1065188221.jpg</screencap><runtime>120</runtime></episode>
<episode><epnum>163</epnum><seasonnum>25</seasonnum><prodnum>725-60</prodnum><airdate>2012-08-22</airdate><link>http://www.tvrage.com/Americas_Got_Talent/episodes/1065188222</link><title>4 Wildcard acts advance to the top 24</title><screencap>http://images.tvrage.com/screencaps/53/10408/1065188222.jpg</screencap></episode>
<episode><epnum>164</epnum><seasonnum>26</seasonnum><prodnum>726-120</prodnum><airdate>2012-08-28</airdate><link>http://www.tvrage.com/Americas_Got_Talent/episodes/1065188223</link><title>The Semi Finals Part 1 - 12 of the top 24 acts perform</title><screencap>http://images.tvrage.com/screencaps/53/10408/1065188223.jpg</screencap><runtime>120</runtime></episode>
<episode><epnum>165</epnum><seasonnum>27</seasonnum><prodnum>727-60</prodnum><airdate>2012-08-29</airdate><link>http://www.tvrage.com/Americas_Got_Talent/episodes/1065203121</link><title>3 Finalists are chosen to move on to the Top 6</title><screencap>http://images.tvrage.com/screencaps/53/10408/1065203121.jpg</screencap></episode>
<episode><epnum>166</epnum><seasonnum>28</seasonnum><prodnum>728-120</prodnum><airdate>2012-09-04</airdate><link>http://www.tvrage.com/Americas_Got_Talent/episodes/1065211198</link><title>The Semi Finals Part 2 - the final 12 of the top 24 acts perform</title><screencap>http://images.tvrage.com/screencaps/53/10408/1065211198.jpg</screencap><runtime>120</runtime></episode>
<episode><epnum>167</epnum><seasonnum>29</seasonnum><prodnum>729-60</prodnum><airdate>2012-09-06</airdate><link>http://www.tvrage.com/Americas_Got_Talent/episodes/1065211199</link><title>3 Finalist are chosen to move on to the Top 6</title><screencap>http://images.tvrage.com/screencaps/53/10408/1065211199.jpg</screencap></episode>
<episode><epnum>168</epnum><seasonnum>30</seasonnum><prodnum>730-60</prodnum><airdate>2012-09-12</airdate><link>http://www.tvrage.com/Americas_Got_Talent/episodes/1065214229</link><title>The Top 6 perform</title><screencap>http://images.tvrage.com/screencaps/53/10408/1065214229.jpg</screencap></episode>
<episode><epnum>169</epnum><seasonnum>31</seasonnum><prodnum>731-120</prodnum><airdate>2012-09-13</airdate><link>http://www.tvrage.com/Americas_Got_Talent/episodes/1065214230</link><title>The 1 Million Dollar WINNER is announced!</title><screencap>http://images.tvrage.com/screencaps/53/10408/1065214230.jpg</screencap><runtime>120</runtime></episode>
</Season>

</Episodelist>

</Show>