<?xml version="1.0" encoding="UTF-8" ?>


<Show>
<name>UFO's What You Didn't Know</name>
<totalseasons>1</totalseasons>
<showid>10401</showid>
<showlink>http://tvrage.com/shows/id-10401</showlink>
<started>Jan/2002</started>
<ended></ended>
<origin_country>US</origin_country>
<status>Canceled/Ended</status>
<classification>Documentary</classification>
<genres><genre>Family</genre></genres>
<runtime>60</runtime>
<network country="US">History Channel</network>
<airtime>12:00</airtime>
<timezone>GMT-5 -DST</timezone>

</Show>