<?xml version="1.0" encoding="UTF-8" ?>


<Show>
<name>Three Steps To Heaven</name>
<totalseasons>2</totalseasons>
<showid>10402</showid>
<showlink>http://tvrage.com/shows/id-10402</showlink>
<started>Aug/03/1953</started>
<ended>Dec/31/1954</ended>
<origin_country>US</origin_country>
<status>Canceled/Ended</status>
<classification>Scripted</classification>
<genres><genre>Soaps</genre></genres>
<runtime>15</runtime>
<network country="US">NBC</network>
<airtime>10:45</airtime>
<airday>Weekdays</airday>
<timezone>GMT-5 -DST</timezone>
<Episodelist>

<Season no="1">
<episode><epnum>1</epnum><seasonnum>01</seasonnum><prodnum></prodnum><airdate>1953-08-03</airdate><link>http://www.tvrage.com/shows/id-10402/episodes/357050</link><title>Episode 1</title></episode>
<episode><epnum>2</epnum><seasonnum>02</seasonnum><prodnum></prodnum><airdate>1953-08-04</airdate><link>http://www.tvrage.com/shows/id-10402/episodes/357051</link><title>Episode 2</title></episode>
<episode><epnum>3</epnum><seasonnum>03</seasonnum><prodnum></prodnum><airdate>1953-08-05</airdate><link>http://www.tvrage.com/shows/id-10402/episodes/357052</link><title>Episode 3</title></episode>
<episode><epnum>4</epnum><seasonnum>04</seasonnum><prodnum></prodnum><airdate>1953-08-06</airdate><link>http://www.tvrage.com/shows/id-10402/episodes/357053</link><title>Episode 4</title></episode>
<episode><epnum>5</epnum><seasonnum>05</seasonnum><prodnum></prodnum><airdate>1953-08-07</airdate><link>http://www.tvrage.com/shows/id-10402/episodes/357054</link><title>Episode 5</title></episode>
<episode><epnum>6</epnum><seasonnum>06</seasonnum><prodnum></prodnum><airdate>1953-08-10</airdate><link>http://www.tvrage.com/shows/id-10402/episodes/357055</link><title>Episode 6</title></episode>
<episode><epnum>7</epnum><seasonnum>07</seasonnum><prodnum></prodnum><airdate>1953-08-11</airdate><link>http://www.tvrage.com/shows/id-10402/episodes/357056</link><title>Episode 7</title></episode>
<episode><epnum>8</epnum><seasonnum>08</seasonnum><prodnum></prodnum><airdate>1953-08-12</airdate><link>http://www.tvrage.com/shows/id-10402/episodes/357057</link><title>Episode 8</title></episode>
<episode><epnum>9</epnum><seasonnum>09</seasonnum><prodnum></prodnum><airdate>1953-08-13</airdate><link>http://www.tvrage.com/shows/id-10402/episodes/357058</link><title>Episode 9</title></episode>
<episode><epnum>10</epnum><seasonnum>10</seasonnum><prodnum></prodnum><airdate>1953-08-14</airdate><link>http://www.tvrage.com/shows/id-10402/episodes/357059</link><title>Episode 10</title></episode>
<episode><epnum>11</epnum><seasonnum>11</seasonnum><prodnum></prodnum><airdate>1953-08-17</airdate><link>http://www.tvrage.com/shows/id-10402/episodes/357060</link><title>Episode 11</title></episode>
<episode><epnum>12</epnum><seasonnum>12</seasonnum><prodnum></prodnum><airdate>1953-08-18</airdate><link>http://www.tvrage.com/shows/id-10402/episodes/357061</link><title>Episode 12</title></episode>
<episode><epnum>13</epnum><seasonnum>13</seasonnum><prodnum></prodnum><airdate>1953-08-19</airdate><link>http://www.tvrage.com/shows/id-10402/episodes/357062</link><title>Episode 13</title></episode>
<episode><epnum>14</epnum><seasonnum>14</seasonnum><prodnum></prodnum><airdate>1953-08-20</airdate><link>http://www.tvrage.com/shows/id-10402/episodes/357063</link><title>Episode 14</title></episode>
<episode><epnum>15</epnum><seasonnum>15</seasonnum><prodnum></prodnum><airdate>1953-08-21</airdate><link>http://www.tvrage.com/shows/id-10402/episodes/357064</link><title>Episode 15</title></episode>
<episode><epnum>16</epnum><seasonnum>16</seasonnum><prodnum></prodnum><airdate>1953-08-24</airdate><link>http://www.tvrage.com/shows/id-10402/episodes/357065</link><title>Episode 16</title></episode>
<episode><epnum>17</epnum><seasonnum>17</seasonnum><prodnum></prodnum><airdate>1953-08-25</airdate><link>http://www.tvrage.com/shows/id-10402/episodes/357066</link><title>Episode 17</title></episode>
<episode><epnum>18</epnum><seasonnum>18</seasonnum><prodnum></prodnum><airdate>1953-08-26</airdate><link>http://www.tvrage.com/shows/id-10402/episodes/357067</link><title>Episode 18</title></episode>
<episode><epnum>19</epnum><seasonnum>19</seasonnum><prodnum></prodnum><airdate>1953-08-27</airdate><link>http://www.tvrage.com/shows/id-10402/episodes/357068</link><title>Episode 19</title></episode>
<episode><epnum>20</epnum><seasonnum>20</seasonnum><prodnum></prodnum><airdate>1953-08-28</airdate><link>http://www.tvrage.com/shows/id-10402/episodes/357069</link><title>Episode 20</title></episode>
<episode><epnum>21</epnum><seasonnum>21</seasonnum><prodnum></prodnum><airdate>1953-08-31</airdate><link>http://www.tvrage.com/shows/id-10402/episodes/357070</link><title>Episode 21</title></episode>
<episode><epnum>22</epnum><seasonnum>22</seasonnum><prodnum></prodnum><airdate>1953-09-01</airdate><link>http://www.tvrage.com/shows/id-10402/episodes/357071</link><title>Episode 22</title></episode>
<episode><epnum>23</epnum><seasonnum>23</seasonnum><prodnum></prodnum><airdate>1953-09-02</airdate><link>http://www.tvrage.com/shows/id-10402/episodes/357072</link><title>Episode 23</title></episode>
<episode><epnum>24</epnum><seasonnum>24</seasonnum><prodnum></prodnum><airdate>1953-09-03</airdate><link>http://www.tvrage.com/shows/id-10402/episodes/357073</link><title>Episode 24</title></episode>
<episode><epnum>25</epnum><seasonnum>25</seasonnum><prodnum></prodnum><airdate>1953-09-04</airdate><link>http://www.tvrage.com/shows/id-10402/episodes/357074</link><title>Episode 25</title></episode>
<episode><epnum>26</epnum><seasonnum>26</seasonnum><prodnum></prodnum><airdate>1953-09-07</airdate><link>http://www.tvrage.com/shows/id-10402/episodes/357075</link><title>Episode 26</title></episode>
<episode><epnum>27</epnum><seasonnum>27</seasonnum><prodnum></prodnum><airdate>1953-09-08</airdate><link>http://www.tvrage.com/shows/id-10402/episodes/357076</link><title>Episode 27</title></episode>
<episode><epnum>28</epnum><seasonnum>28</seasonnum><prodnum></prodnum><airdate>1953-09-09</airdate><link>http://www.tvrage.com/shows/id-10402/episodes/357077</link><title>Episode 28</title></episode>
<episode><epnum>29</epnum><seasonnum>29</seasonnum><prodnum></prodnum><airdate>1953-09-10</airdate><link>http://www.tvrage.com/shows/id-10402/episodes/357078</link><title>Episode 29</title></episode>
<episode><epnum>30</epnum><seasonnum>30</seasonnum><prodnum></prodnum><airdate>1953-09-11</airdate><link>http://www.tvrage.com/shows/id-10402/episodes/357079</link><title>Episode 30</title></episode>
<episode><epnum>31</epnum><seasonnum>31</seasonnum><prodnum></prodnum><airdate>1953-09-14</airdate><link>http://www.tvrage.com/shows/id-10402/episodes/357080</link><title>Episode 31</title></episode>
<episode><epnum>32</epnum><seasonnum>32</seasonnum><prodnum></prodnum><airdate>1953-09-15</airdate><link>http://www.tvrage.com/shows/id-10402/episodes/357081</link><title>Episode 32</title></episode>
<episode><epnum>33</epnum><seasonnum>33</seasonnum><prodnum></prodnum><airdate>1953-09-16</airdate><link>http://www.tvrage.com/shows/id-10402/episodes/357082</link><title>Episode 33</title></episode>
<episode><epnum>34</epnum><seasonnum>34</seasonnum><prodnum></prodnum><airdate>1953-09-17</airdate><link>http://www.tvrage.com/shows/id-10402/episodes/357083</link><title>Episode 34</title></episode>
<episode><epnum>35</epnum><seasonnum>35</seasonnum><prodnum></prodnum><airdate>1953-09-18</airdate><link>http://www.tvrage.com/shows/id-10402/episodes/357084</link><title>Episode 35</title></episode>
<episode><epnum>36</epnum><seasonnum>36</seasonnum><prodnum></prodnum><airdate>1953-09-21</airdate><link>http://www.tvrage.com/shows/id-10402/episodes/357085</link><title>Episode 36</title></episode>
<episode><epnum>37</epnum><seasonnum>37</seasonnum><prodnum></prodnum><airdate>1953-09-22</airdate><link>http://www.tvrage.com/shows/id-10402/episodes/357086</link><title>Episode 37</title></episode>
<episode><epnum>38</epnum><seasonnum>38</seasonnum><prodnum></prodnum><airdate>1953-09-23</airdate><link>http://www.tvrage.com/shows/id-10402/episodes/357087</link><title>Episode 38</title></episode>
<episode><epnum>39</epnum><seasonnum>39</seasonnum><prodnum></prodnum><airdate>1953-09-24</airdate><link>http://www.tvrage.com/shows/id-10402/episodes/357088</link><title>Episode 39</title></episode>
<episode><epnum>40</epnum><seasonnum>40</seasonnum><prodnum></prodnum><airdate>1953-09-25</airdate><link>http://www.tvrage.com/shows/id-10402/episodes/357089</link><title>Episode 40</title></episode>
<episode><epnum>41</epnum><seasonnum>41</seasonnum><prodnum></prodnum><airdate>1953-09-28</airdate><link>http://www.tvrage.com/shows/id-10402/episodes/357090</link><title>Episode 41</title></episode>
<episode><epnum>42</epnum><seasonnum>42</seasonnum><prodnum></prodnum><airdate>1953-09-29</airdate><link>http://www.tvrage.com/shows/id-10402/episodes/357091</link><title>Episode 42</title></episode>
<episode><epnum>43</epnum><seasonnum>43</seasonnum><prodnum></prodnum><airdate>1953-09-30</airdate><link>http://www.tvrage.com/shows/id-10402/episodes/357092</link><title>Episode 43</title></episode>
<episode><epnum>44</epnum><seasonnum>44</seasonnum><prodnum></prodnum><airdate>1953-10-01</airdate><link>http://www.tvrage.com/shows/id-10402/episodes/357093</link><title>Episode 44</title></episode>
<episode><epnum>45</epnum><seasonnum>45</seasonnum><prodnum></prodnum><airdate>1953-10-02</airdate><link>http://www.tvrage.com/shows/id-10402/episodes/357094</link><title>Episode 45</title></episode>
<episode><epnum>46</epnum><seasonnum>46</seasonnum><prodnum></prodnum><airdate>1953-10-05</airdate><link>http://www.tvrage.com/shows/id-10402/episodes/357095</link><title>Episode 46</title></episode>
<episode><epnum>47</epnum><seasonnum>47</seasonnum><prodnum></prodnum><airdate>1953-10-06</airdate><link>http://www.tvrage.com/shows/id-10402/episodes/357096</link><title>Episode 47</title></episode>
<episode><epnum>48</epnum><seasonnum>48</seasonnum><prodnum></prodnum><airdate>1953-10-07</airdate><link>http://www.tvrage.com/shows/id-10402/episodes/357097</link><title>Episode 48</title></episode>
<episode><epnum>49</epnum><seasonnum>49</seasonnum><prodnum></prodnum><airdate>1953-10-08</airdate><link>http://www.tvrage.com/shows/id-10402/episodes/357098</link><title>Episode 49</title></episode>
<episode><epnum>50</epnum><seasonnum>50</seasonnum><prodnum></prodnum><airdate>1953-10-09</airdate><link>http://www.tvrage.com/shows/id-10402/episodes/357099</link><title>Episode 50</title></episode>
<episode><epnum>51</epnum><seasonnum>51</seasonnum><prodnum></prodnum><airdate>1953-10-12</airdate><link>http://www.tvrage.com/shows/id-10402/episodes/357100</link><title>Episode 51</title></episode>
<episode><epnum>52</epnum><seasonnum>52</seasonnum><prodnum></prodnum><airdate>1953-10-13</airdate><link>http://www.tvrage.com/shows/id-10402/episodes/357101</link><title>Episode 52</title></episode>
<episode><epnum>53</epnum><seasonnum>53</seasonnum><prodnum></prodnum><airdate>1953-10-14</airdate><link>http://www.tvrage.com/shows/id-10402/episodes/357102</link><title>Episode 53</title></episode>
<episode><epnum>54</epnum><seasonnum>54</seasonnum><prodnum></prodnum><airdate>1953-10-15</airdate><link>http://www.tvrage.com/shows/id-10402/episodes/357103</link><title>Episode 54</title></episode>
<episode><epnum>55</epnum><seasonnum>55</seasonnum><prodnum></prodnum><airdate>1953-10-16</airdate><link>http://www.tvrage.com/shows/id-10402/episodes/357104</link><title>Episode 55</title></episode>
<episode><epnum>56</epnum><seasonnum>56</seasonnum><prodnum></prodnum><airdate>1953-10-19</airdate><link>http://www.tvrage.com/shows/id-10402/episodes/357105</link><title>Episode 56</title></episode>
<episode><epnum>57</epnum><seasonnum>57</seasonnum><prodnum></prodnum><airdate>1953-10-20</airdate><link>http://www.tvrage.com/shows/id-10402/episodes/357106</link><title>Episode 57</title></episode>
<episode><epnum>58</epnum><seasonnum>58</seasonnum><prodnum></prodnum><airdate>1953-10-21</airdate><link>http://www.tvrage.com/shows/id-10402/episodes/357107</link><title>Episode 58</title></episode>
<episode><epnum>59</epnum><seasonnum>59</seasonnum><prodnum></prodnum><airdate>1953-10-22</airdate><link>http://www.tvrage.com/shows/id-10402/episodes/357109</link><title>Episode 59</title></episode>
<episode><epnum>60</epnum><seasonnum>60</seasonnum><prodnum></prodnum><airdate>1953-10-23</airdate><link>http://www.tvrage.com/shows/id-10402/episodes/357110</link><title>Episode 60</title></episode>
<episode><epnum>61</epnum><seasonnum>61</seasonnum><prodnum></prodnum><airdate>1953-10-26</airdate><link>http://www.tvrage.com/shows/id-10402/episodes/357111</link><title>Episode 61</title></episode>
<episode><epnum>62</epnum><seasonnum>62</seasonnum><prodnum></prodnum><airdate>1953-10-27</airdate><link>http://www.tvrage.com/shows/id-10402/episodes/357112</link><title>Episode 62</title></episode>
<episode><epnum>63</epnum><seasonnum>63</seasonnum><prodnum></prodnum><airdate>1953-10-28</airdate><link>http://www.tvrage.com/shows/id-10402/episodes/357113</link><title>Episode 63</title></episode>
<episode><epnum>64</epnum><seasonnum>64</seasonnum><prodnum></prodnum><airdate>1953-10-29</airdate><link>http://www.tvrage.com/shows/id-10402/episodes/357114</link><title>Episode 64</title></episode>
<episode><epnum>65</epnum><seasonnum>65</seasonnum><prodnum></prodnum><airdate>1953-10-30</airdate><link>http://www.tvrage.com/shows/id-10402/episodes/357115</link><title>Episode 65</title></episode>
<episode><epnum>66</epnum><seasonnum>66</seasonnum><prodnum></prodnum><airdate>1953-11-02</airdate><link>http://www.tvrage.com/shows/id-10402/episodes/357116</link><title>Episode 66</title></episode>
<episode><epnum>67</epnum><seasonnum>67</seasonnum><prodnum></prodnum><airdate>1953-11-03</airdate><link>http://www.tvrage.com/shows/id-10402/episodes/357117</link><title>Episode 67</title></episode>
<episode><epnum>68</epnum><seasonnum>68</seasonnum><prodnum></prodnum><airdate>1953-11-04</airdate><link>http://www.tvrage.com/shows/id-10402/episodes/357118</link><title>Episode 68</title></episode>
<episode><epnum>69</epnum><seasonnum>69</seasonnum><prodnum></prodnum><airdate>1953-11-05</airdate><link>http://www.tvrage.com/shows/id-10402/episodes/357119</link><title>Episode 69</title></episode>
<episode><epnum>70</epnum><seasonnum>70</seasonnum><prodnum></prodnum><airdate>1953-11-06</airdate><link>http://www.tvrage.com/shows/id-10402/episodes/357120</link><title>Episode 70</title></episode>
<episode><epnum>71</epnum><seasonnum>71</seasonnum><prodnum></prodnum><airdate>1953-11-09</airdate><link>http://www.tvrage.com/shows/id-10402/episodes/357121</link><title>Episode 71</title></episode>
<episode><epnum>72</epnum><seasonnum>72</seasonnum><prodnum></prodnum><airdate>1953-11-10</airdate><link>http://www.tvrage.com/shows/id-10402/episodes/357122</link><title>Episode 72</title></episode>
<episode><epnum>73</epnum><seasonnum>73</seasonnum><prodnum></prodnum><airdate>1953-11-11</airdate><link>http://www.tvrage.com/shows/id-10402/episodes/357123</link><title>Episode 73</title></episode>
<episode><epnum>74</epnum><seasonnum>74</seasonnum><prodnum></prodnum><airdate>1953-11-12</airdate><link>http://www.tvrage.com/shows/id-10402/episodes/357124</link><title>Episode 74</title></episode>
<episode><epnum>75</epnum><seasonnum>75</seasonnum><prodnum></prodnum><airdate>1953-11-13</airdate><link>http://www.tvrage.com/shows/id-10402/episodes/357125</link><title>Episode 75</title></episode>
<episode><epnum>76</epnum><seasonnum>76</seasonnum><prodnum></prodnum><airdate>1953-11-16</airdate><link>http://www.tvrage.com/shows/id-10402/episodes/357126</link><title>Episode 76</title></episode>
<episode><epnum>77</epnum><seasonnum>77</seasonnum><prodnum></prodnum><airdate>1953-11-17</airdate><link>http://www.tvrage.com/shows/id-10402/episodes/357127</link><title>Episode 77</title></episode>
<episode><epnum>78</epnum><seasonnum>78</seasonnum><prodnum></prodnum><airdate>1953-11-18</airdate><link>http://www.tvrage.com/shows/id-10402/episodes/357128</link><title>Episode 78</title></episode>
<episode><epnum>79</epnum><seasonnum>79</seasonnum><prodnum></prodnum><airdate>1953-11-19</airdate><link>http://www.tvrage.com/shows/id-10402/episodes/357129</link><title>Episode 79</title></episode>
<episode><epnum>80</epnum><seasonnum>80</seasonnum><prodnum></prodnum><airdate>1953-11-20</airdate><link>http://www.tvrage.com/shows/id-10402/episodes/357130</link><title>Episode 80</title></episode>
<episode><epnum>81</epnum><seasonnum>81</seasonnum><prodnum></prodnum><airdate>1953-11-23</airdate><link>http://www.tvrage.com/shows/id-10402/episodes/357131</link><title>Episode 81</title></episode>
<episode><epnum>82</epnum><seasonnum>82</seasonnum><prodnum></prodnum><airdate>1953-11-24</airdate><link>http://www.tvrage.com/shows/id-10402/episodes/357132</link><title>Episode 82</title></episode>
<episode><epnum>83</epnum><seasonnum>83</seasonnum><prodnum></prodnum><airdate>1953-11-25</airdate><link>http://www.tvrage.com/shows/id-10402/episodes/357133</link><title>Episode 83</title></episode>
<episode><epnum>84</epnum><seasonnum>84</seasonnum><prodnum></prodnum><airdate>1953-11-27</airdate><link>http://www.tvrage.com/shows/id-10402/episodes/357134</link><title>Episode 84</title></episode>
<episode><epnum>85</epnum><seasonnum>85</seasonnum><prodnum></prodnum><airdate>1953-11-30</airdate><link>http://www.tvrage.com/shows/id-10402/episodes/357135</link><title>Episode 85</title></episode>
<episode><epnum>86</epnum><seasonnum>86</seasonnum><prodnum></prodnum><airdate>1953-12-01</airdate><link>http://www.tvrage.com/shows/id-10402/episodes/357136</link><title>Episode 86</title></episode>
<episode><epnum>87</epnum><seasonnum>87</seasonnum><prodnum></prodnum><airdate>1953-12-02</airdate><link>http://www.tvrage.com/shows/id-10402/episodes/357137</link><title>Episode 87</title></episode>
<episode><epnum>88</epnum><seasonnum>88</seasonnum><prodnum></prodnum><airdate>1953-12-03</airdate><link>http://www.tvrage.com/shows/id-10402/episodes/357138</link><title>Episode 88</title></episode>
<episode><epnum>89</epnum><seasonnum>89</seasonnum><prodnum></prodnum><airdate>1953-12-04</airdate><link>http://www.tvrage.com/shows/id-10402/episodes/357139</link><title>Episode 89</title></episode>
<episode><epnum>90</epnum><seasonnum>90</seasonnum><prodnum></prodnum><airdate>1953-12-07</airdate><link>http://www.tvrage.com/shows/id-10402/episodes/357140</link><title>Episode 90</title></episode>
<episode><epnum>91</epnum><seasonnum>91</seasonnum><prodnum></prodnum><airdate>1953-12-08</airdate><link>http://www.tvrage.com/shows/id-10402/episodes/357141</link><title>Episode 91</title></episode>
<episode><epnum>92</epnum><seasonnum>92</seasonnum><prodnum></prodnum><airdate>1953-12-09</airdate><link>http://www.tvrage.com/shows/id-10402/episodes/357142</link><title>Episode 92</title></episode>
<episode><epnum>93</epnum><seasonnum>93</seasonnum><prodnum></prodnum><airdate>1953-12-10</airdate><link>http://www.tvrage.com/shows/id-10402/episodes/357143</link><title>Episode 93</title></episode>
<episode><epnum>94</epnum><seasonnum>94</seasonnum><prodnum></prodnum><airdate>1953-12-11</airdate><link>http://www.tvrage.com/shows/id-10402/episodes/357144</link><title>Episode 94</title></episode>
<episode><epnum>95</epnum><seasonnum>95</seasonnum><prodnum></prodnum><airdate>1953-12-14</airdate><link>http://www.tvrage.com/shows/id-10402/episodes/357145</link><title>Episode 95</title></episode>
<episode><epnum>96</epnum><seasonnum>96</seasonnum><prodnum></prodnum><airdate>1953-12-15</airdate><link>http://www.tvrage.com/shows/id-10402/episodes/357146</link><title>Episode 96</title></episode>
<episode><epnum>97</epnum><seasonnum>97</seasonnum><prodnum></prodnum><airdate>1953-12-16</airdate><link>http://www.tvrage.com/shows/id-10402/episodes/357147</link><title>Episode 97</title></episode>
<episode><epnum>98</epnum><seasonnum>98</seasonnum><prodnum></prodnum><airdate>1953-12-17</airdate><link>http://www.tvrage.com/shows/id-10402/episodes/357148</link><title>Episode 98</title></episode>
<episode><epnum>99</epnum><seasonnum>99</seasonnum><prodnum></prodnum><airdate>1953-12-18</airdate><link>http://www.tvrage.com/shows/id-10402/episodes/357149</link><title>Episode 99</title></episode>
<episode><epnum>100</epnum><seasonnum>100</seasonnum><prodnum></prodnum><airdate>1953-12-21</airdate><link>http://www.tvrage.com/shows/id-10402/episodes/357150</link><title>Episode 100</title></episode>
<episode><epnum>101</epnum><seasonnum>101</seasonnum><prodnum></prodnum><airdate>1953-12-22</airdate><link>http://www.tvrage.com/shows/id-10402/episodes/357151</link><title>Episode 101</title></episode>
<episode><epnum>102</epnum><seasonnum>102</seasonnum><prodnum></prodnum><airdate>1953-12-23</airdate><link>http://www.tvrage.com/shows/id-10402/episodes/357152</link><title>Episode 102</title></episode>
<episode><epnum>103</epnum><seasonnum>103</seasonnum><prodnum></prodnum><airdate>1953-12-24</airdate><link>http://www.tvrage.com/shows/id-10402/episodes/357153</link><title>Episode 103</title></episode>
<episode><epnum>104</epnum><seasonnum>104</seasonnum><prodnum></prodnum><airdate>1953-12-28</airdate><link>http://www.tvrage.com/shows/id-10402/episodes/357154</link><title>Episode 104</title></episode>
<episode><epnum>105</epnum><seasonnum>105</seasonnum><prodnum></prodnum><airdate>1953-12-29</airdate><link>http://www.tvrage.com/shows/id-10402/episodes/357155</link><title>Episode 105</title></episode>
<episode><epnum>106</epnum><seasonnum>106</seasonnum><prodnum></prodnum><airdate>1953-12-30</airdate><link>http://www.tvrage.com/shows/id-10402/episodes/357156</link><title>Episode 106</title></episode>
<episode><epnum>107</epnum><seasonnum>107</seasonnum><prodnum></prodnum><airdate>1953-12-31</airdate><link>http://www.tvrage.com/shows/id-10402/episodes/357157</link><title>Episode 107</title></episode>
<episode><epnum>108</epnum><seasonnum>108</seasonnum><prodnum></prodnum><airdate>1954-01-04</airdate><link>http://www.tvrage.com/shows/id-10402/episodes/357158</link><title>Episode 108</title></episode>
<episode><epnum>109</epnum><seasonnum>109</seasonnum><prodnum></prodnum><airdate>1954-01-05</airdate><link>http://www.tvrage.com/shows/id-10402/episodes/357159</link><title>Episode 109</title></episode>
<episode><epnum>110</epnum><seasonnum>110</seasonnum><prodnum></prodnum><airdate>1954-01-06</airdate><link>http://www.tvrage.com/shows/id-10402/episodes/357160</link><title>Episode 110</title></episode>
<episode><epnum>111</epnum><seasonnum>111</seasonnum><prodnum></prodnum><airdate>1954-01-07</airdate><link>http://www.tvrage.com/shows/id-10402/episodes/357161</link><title>Episode 111</title></episode>
<episode><epnum>112</epnum><seasonnum>112</seasonnum><prodnum></prodnum><airdate>1954-01-08</airdate><link>http://www.tvrage.com/shows/id-10402/episodes/357162</link><title>Episode 112</title></episode>
<episode><epnum>113</epnum><seasonnum>113</seasonnum><prodnum></prodnum><airdate>1954-01-11</airdate><link>http://www.tvrage.com/shows/id-10402/episodes/357164</link><title>Episode 113</title></episode>
<episode><epnum>114</epnum><seasonnum>114</seasonnum><prodnum></prodnum><airdate>1954-01-12</airdate><link>http://www.tvrage.com/shows/id-10402/episodes/357165</link><title>Episode 114</title></episode>
<episode><epnum>115</epnum><seasonnum>115</seasonnum><prodnum></prodnum><airdate>1954-01-13</airdate><link>http://www.tvrage.com/shows/id-10402/episodes/357166</link><title>Episode 115</title></episode>
<episode><epnum>116</epnum><seasonnum>116</seasonnum><prodnum></prodnum><airdate>1954-01-14</airdate><link>http://www.tvrage.com/shows/id-10402/episodes/357167</link><title>Episode 116</title></episode>
<episode><epnum>117</epnum><seasonnum>117</seasonnum><prodnum></prodnum><airdate>1954-01-15</airdate><link>http://www.tvrage.com/shows/id-10402/episodes/357168</link><title>Episode 117</title></episode>
<episode><epnum>118</epnum><seasonnum>118</seasonnum><prodnum></prodnum><airdate>1954-01-18</airdate><link>http://www.tvrage.com/shows/id-10402/episodes/357169</link><title>Episode 118</title></episode>
<episode><epnum>119</epnum><seasonnum>119</seasonnum><prodnum></prodnum><airdate>1954-01-19</airdate><link>http://www.tvrage.com/shows/id-10402/episodes/357170</link><title>Episode 119</title></episode>
<episode><epnum>120</epnum><seasonnum>120</seasonnum><prodnum></prodnum><airdate>1954-01-20</airdate><link>http://www.tvrage.com/shows/id-10402/episodes/357171</link><title>Episode 120</title></episode>
<episode><epnum>121</epnum><seasonnum>121</seasonnum><prodnum></prodnum><airdate>1954-01-21</airdate><link>http://www.tvrage.com/shows/id-10402/episodes/357172</link><title>Episode 121</title></episode>
<episode><epnum>122</epnum><seasonnum>122</seasonnum><prodnum></prodnum><airdate>1954-01-22</airdate><link>http://www.tvrage.com/shows/id-10402/episodes/357173</link><title>Episode 122</title></episode>
<episode><epnum>123</epnum><seasonnum>123</seasonnum><prodnum></prodnum><airdate>1954-01-25</airdate><link>http://www.tvrage.com/shows/id-10402/episodes/357174</link><title>Episode 123</title></episode>
<episode><epnum>124</epnum><seasonnum>124</seasonnum><prodnum></prodnum><airdate>1954-01-26</airdate><link>http://www.tvrage.com/shows/id-10402/episodes/357175</link><title>Episode 124</title></episode>
<episode><epnum>125</epnum><seasonnum>125</seasonnum><prodnum></prodnum><airdate>1954-01-27</airdate><link>http://www.tvrage.com/shows/id-10402/episodes/357176</link><title>Episode 125</title></episode>
<episode><epnum>126</epnum><seasonnum>126</seasonnum><prodnum></prodnum><airdate>1954-01-28</airdate><link>http://www.tvrage.com/shows/id-10402/episodes/357177</link><title>Episode 126</title></episode>
<episode><epnum>127</epnum><seasonnum>127</seasonnum><prodnum></prodnum><airdate>1954-01-29</airdate><link>http://www.tvrage.com/shows/id-10402/episodes/357178</link><title>Episode 127</title></episode>
<episode><epnum>128</epnum><seasonnum>128</seasonnum><prodnum></prodnum><airdate>1954-02-01</airdate><link>http://www.tvrage.com/shows/id-10402/episodes/357179</link><title>Episode 128</title></episode>
<episode><epnum>129</epnum><seasonnum>129</seasonnum><prodnum></prodnum><airdate>1954-02-02</airdate><link>http://www.tvrage.com/shows/id-10402/episodes/357180</link><title>Episode 129</title></episode>
<episode><epnum>130</epnum><seasonnum>130</seasonnum><prodnum></prodnum><airdate>1954-02-03</airdate><link>http://www.tvrage.com/shows/id-10402/episodes/357181</link><title>Episode 130</title></episode>
<episode><epnum>131</epnum><seasonnum>131</seasonnum><prodnum></prodnum><airdate>1954-02-04</airdate><link>http://www.tvrage.com/shows/id-10402/episodes/357182</link><title>Episode 131</title></episode>
<episode><epnum>132</epnum><seasonnum>132</seasonnum><prodnum></prodnum><airdate>1954-02-05</airdate><link>http://www.tvrage.com/shows/id-10402/episodes/357183</link><title>Episode 132</title></episode>
<episode><epnum>133</epnum><seasonnum>133</seasonnum><prodnum></prodnum><airdate>1954-02-08</airdate><link>http://www.tvrage.com/shows/id-10402/episodes/357184</link><title>Episode 133</title></episode>
<episode><epnum>134</epnum><seasonnum>134</seasonnum><prodnum></prodnum><airdate>1954-02-09</airdate><link>http://www.tvrage.com/shows/id-10402/episodes/357185</link><title>Episode 134</title></episode>
<episode><epnum>135</epnum><seasonnum>135</seasonnum><prodnum></prodnum><airdate>1954-02-10</airdate><link>http://www.tvrage.com/shows/id-10402/episodes/357186</link><title>Episode 135</title></episode>
<episode><epnum>136</epnum><seasonnum>136</seasonnum><prodnum></prodnum><airdate>1954-02-11</airdate><link>http://www.tvrage.com/shows/id-10402/episodes/357187</link><title>Episode 136</title></episode>
<episode><epnum>137</epnum><seasonnum>137</seasonnum><prodnum></prodnum><airdate>1954-02-12</airdate><link>http://www.tvrage.com/shows/id-10402/episodes/357188</link><title>Episode 137</title></episode>
<episode><epnum>138</epnum><seasonnum>138</seasonnum><prodnum></prodnum><airdate>1954-02-15</airdate><link>http://www.tvrage.com/shows/id-10402/episodes/357189</link><title>Episode 138</title></episode>
<episode><epnum>139</epnum><seasonnum>139</seasonnum><prodnum></prodnum><airdate>1954-02-16</airdate><link>http://www.tvrage.com/shows/id-10402/episodes/357190</link><title>Episode 139</title></episode>
<episode><epnum>140</epnum><seasonnum>140</seasonnum><prodnum></prodnum><airdate>1954-02-17</airdate><link>http://www.tvrage.com/shows/id-10402/episodes/357191</link><title>Episode 140</title></episode>
<episode><epnum>141</epnum><seasonnum>141</seasonnum><prodnum></prodnum><airdate>1954-02-18</airdate><link>http://www.tvrage.com/shows/id-10402/episodes/357192</link><title>Episode 141</title></episode>
<episode><epnum>142</epnum><seasonnum>142</seasonnum><prodnum></prodnum><airdate>1954-02-19</airdate><link>http://www.tvrage.com/shows/id-10402/episodes/357193</link><title>Episode 142</title></episode>
<episode><epnum>143</epnum><seasonnum>143</seasonnum><prodnum></prodnum><airdate>1954-02-22</airdate><link>http://www.tvrage.com/shows/id-10402/episodes/357194</link><title>Episode 143</title></episode>
<episode><epnum>144</epnum><seasonnum>144</seasonnum><prodnum></prodnum><airdate>1954-02-23</airdate><link>http://www.tvrage.com/shows/id-10402/episodes/357195</link><title>Episode 144</title></episode>
<episode><epnum>145</epnum><seasonnum>145</seasonnum><prodnum></prodnum><airdate>1954-02-24</airdate><link>http://www.tvrage.com/shows/id-10402/episodes/357196</link><title>Episode 145</title></episode>
<episode><epnum>146</epnum><seasonnum>146</seasonnum><prodnum></prodnum><airdate>1954-02-25</airdate><link>http://www.tvrage.com/shows/id-10402/episodes/357197</link><title>Episode 146</title></episode>
<episode><epnum>147</epnum><seasonnum>147</seasonnum><prodnum></prodnum><airdate>1954-02-26</airdate><link>http://www.tvrage.com/shows/id-10402/episodes/357198</link><title>Episode 147</title></episode>
<episode><epnum>148</epnum><seasonnum>148</seasonnum><prodnum></prodnum><airdate>1954-03-01</airdate><link>http://www.tvrage.com/shows/id-10402/episodes/357199</link><title>Episode 148</title></episode>
<episode><epnum>149</epnum><seasonnum>149</seasonnum><prodnum></prodnum><airdate>1954-03-02</airdate><link>http://www.tvrage.com/shows/id-10402/episodes/357200</link><title>Episode 149</title></episode>
<episode><epnum>150</epnum><seasonnum>150</seasonnum><prodnum></prodnum><airdate>1954-03-03</airdate><link>http://www.tvrage.com/shows/id-10402/episodes/357201</link><title>Episode 150</title></episode>
<episode><epnum>151</epnum><seasonnum>151</seasonnum><prodnum></prodnum><airdate>1954-03-04</airdate><link>http://www.tvrage.com/shows/id-10402/episodes/357202</link><title>Episode 151</title></episode>
<episode><epnum>152</epnum><seasonnum>152</seasonnum><prodnum></prodnum><airdate>1954-03-05</airdate><link>http://www.tvrage.com/shows/id-10402/episodes/357203</link><title>Episode 152</title></episode>
<episode><epnum>153</epnum><seasonnum>153</seasonnum><prodnum></prodnum><airdate>1954-03-08</airdate><link>http://www.tvrage.com/shows/id-10402/episodes/357204</link><title>Episode 153</title></episode>
<episode><epnum>154</epnum><seasonnum>154</seasonnum><prodnum></prodnum><airdate>1954-03-09</airdate><link>http://www.tvrage.com/shows/id-10402/episodes/357205</link><title>Episode 154</title></episode>
<episode><epnum>155</epnum><seasonnum>155</seasonnum><prodnum></prodnum><airdate>1954-03-10</airdate><link>http://www.tvrage.com/shows/id-10402/episodes/357206</link><title>Episode 155</title></episode>
<episode><epnum>156</epnum><seasonnum>156</seasonnum><prodnum></prodnum><airdate>1954-03-11</airdate><link>http://www.tvrage.com/shows/id-10402/episodes/357207</link><title>Episode 156</title></episode>
<episode><epnum>157</epnum><seasonnum>157</seasonnum><prodnum></prodnum><airdate>1954-03-12</airdate><link>http://www.tvrage.com/shows/id-10402/episodes/357208</link><title>Episode 157</title></episode>
<episode><epnum>158</epnum><seasonnum>158</seasonnum><prodnum></prodnum><airdate>1954-03-15</airdate><link>http://www.tvrage.com/shows/id-10402/episodes/357480</link><title>Episode 158</title></episode>
<episode><epnum>159</epnum><seasonnum>159</seasonnum><prodnum></prodnum><airdate>1954-03-16</airdate><link>http://www.tvrage.com/shows/id-10402/episodes/357485</link><title>Episode 159</title></episode>
<episode><epnum>160</epnum><seasonnum>160</seasonnum><prodnum></prodnum><airdate>1954-03-17</airdate><link>http://www.tvrage.com/shows/id-10402/episodes/357488</link><title>Episode 160</title></episode>
<episode><epnum>161</epnum><seasonnum>161</seasonnum><prodnum></prodnum><airdate>1954-03-18</airdate><link>http://www.tvrage.com/shows/id-10402/episodes/357492</link><title>Episode 161</title></episode>
<episode><epnum>162</epnum><seasonnum>162</seasonnum><prodnum></prodnum><airdate>1954-03-19</airdate><link>http://www.tvrage.com/shows/id-10402/episodes/357494</link><title>Episode 162</title></episode>
<episode><epnum>163</epnum><seasonnum>163</seasonnum><prodnum></prodnum><airdate>1954-03-22</airdate><link>http://www.tvrage.com/shows/id-10402/episodes/357495</link><title>Episode 163</title></episode>
<episode><epnum>164</epnum><seasonnum>164</seasonnum><prodnum></prodnum><airdate>1954-03-23</airdate><link>http://www.tvrage.com/shows/id-10402/episodes/357500</link><title>Episode 164</title></episode>
<episode><epnum>165</epnum><seasonnum>165</seasonnum><prodnum></prodnum><airdate>1954-03-24</airdate><link>http://www.tvrage.com/shows/id-10402/episodes/357502</link><title>Episode 165</title></episode>
<episode><epnum>166</epnum><seasonnum>166</seasonnum><prodnum></prodnum><airdate>1954-03-25</airdate><link>http://www.tvrage.com/shows/id-10402/episodes/357503</link><title>Episode 166</title></episode>
<episode><epnum>167</epnum><seasonnum>167</seasonnum><prodnum></prodnum><airdate>1954-03-26</airdate><link>http://www.tvrage.com/shows/id-10402/episodes/357505</link><title>Episode 167</title></episode>
<episode><epnum>168</epnum><seasonnum>168</seasonnum><prodnum></prodnum><airdate>1954-03-29</airdate><link>http://www.tvrage.com/shows/id-10402/episodes/357507</link><title>Episode 168</title></episode>
<episode><epnum>169</epnum><seasonnum>169</seasonnum><prodnum></prodnum><airdate>1954-03-30</airdate><link>http://www.tvrage.com/shows/id-10402/episodes/357509</link><title>Episode 169</title></episode>
<episode><epnum>170</epnum><seasonnum>170</seasonnum><prodnum></prodnum><airdate>1954-03-31</airdate><link>http://www.tvrage.com/shows/id-10402/episodes/357511</link><title>Episode 170</title></episode>
<episode><epnum>171</epnum><seasonnum>171</seasonnum><prodnum></prodnum><airdate>1954-04-01</airdate><link>http://www.tvrage.com/shows/id-10402/episodes/357514</link><title>Episode 171</title></episode>
<episode><epnum>172</epnum><seasonnum>172</seasonnum><prodnum></prodnum><airdate>1954-04-02</airdate><link>http://www.tvrage.com/shows/id-10402/episodes/357516</link><title>Episode 172</title></episode>
<episode><epnum>173</epnum><seasonnum>173</seasonnum><prodnum></prodnum><airdate>1954-04-05</airdate><link>http://www.tvrage.com/shows/id-10402/episodes/357519</link><title>Episode 173</title></episode>
<episode><epnum>174</epnum><seasonnum>174</seasonnum><prodnum></prodnum><airdate>1954-04-06</airdate><link>http://www.tvrage.com/shows/id-10402/episodes/357520</link><title>Episode 174</title></episode>
<episode><epnum>175</epnum><seasonnum>175</seasonnum><prodnum></prodnum><airdate>1954-04-07</airdate><link>http://www.tvrage.com/shows/id-10402/episodes/357523</link><title>Episode 175</title></episode>
<episode><epnum>176</epnum><seasonnum>176</seasonnum><prodnum></prodnum><airdate>1954-04-08</airdate><link>http://www.tvrage.com/shows/id-10402/episodes/357524</link><title>Episode 176</title></episode>
<episode><epnum>177</epnum><seasonnum>177</seasonnum><prodnum></prodnum><airdate>1954-04-09</airdate><link>http://www.tvrage.com/shows/id-10402/episodes/357526</link><title>Episode 177</title></episode>
<episode><epnum>178</epnum><seasonnum>178</seasonnum><prodnum></prodnum><airdate>1954-04-12</airdate><link>http://www.tvrage.com/shows/id-10402/episodes/357528</link><title>Episode 178</title></episode>
<episode><epnum>179</epnum><seasonnum>179</seasonnum><prodnum></prodnum><airdate>1954-04-13</airdate><link>http://www.tvrage.com/shows/id-10402/episodes/357529</link><title>Episode 179</title></episode>
<episode><epnum>180</epnum><seasonnum>180</seasonnum><prodnum></prodnum><airdate>1954-04-14</airdate><link>http://www.tvrage.com/shows/id-10402/episodes/357531</link><title>Episode 180</title></episode>
<episode><epnum>181</epnum><seasonnum>181</seasonnum><prodnum></prodnum><airdate>1954-04-15</airdate><link>http://www.tvrage.com/shows/id-10402/episodes/357533</link><title>Episode 181</title></episode>
<episode><epnum>182</epnum><seasonnum>182</seasonnum><prodnum></prodnum><airdate>1954-04-16</airdate><link>http://www.tvrage.com/shows/id-10402/episodes/357535</link><title>Episode 182</title></episode>
<episode><epnum>183</epnum><seasonnum>183</seasonnum><prodnum></prodnum><airdate>1954-04-19</airdate><link>http://www.tvrage.com/shows/id-10402/episodes/357537</link><title>Episode 183</title></episode>
<episode><epnum>184</epnum><seasonnum>184</seasonnum><prodnum></prodnum><airdate>1954-04-20</airdate><link>http://www.tvrage.com/shows/id-10402/episodes/357538</link><title>Episode 184</title></episode>
<episode><epnum>185</epnum><seasonnum>185</seasonnum><prodnum></prodnum><airdate>1954-04-21</airdate><link>http://www.tvrage.com/shows/id-10402/episodes/357541</link><title>Episode 185</title></episode>
<episode><epnum>186</epnum><seasonnum>186</seasonnum><prodnum></prodnum><airdate>1954-04-22</airdate><link>http://www.tvrage.com/shows/id-10402/episodes/357543</link><title>Episode 186</title></episode>
<episode><epnum>187</epnum><seasonnum>187</seasonnum><prodnum></prodnum><airdate>1954-04-23</airdate><link>http://www.tvrage.com/shows/id-10402/episodes/357545</link><title>Episode 187</title></episode>
<episode><epnum>188</epnum><seasonnum>188</seasonnum><prodnum></prodnum><airdate>1954-04-26</airdate><link>http://www.tvrage.com/shows/id-10402/episodes/357547</link><title>Episode 188</title></episode>
<episode><epnum>189</epnum><seasonnum>189</seasonnum><prodnum></prodnum><airdate>1954-04-27</airdate><link>http://www.tvrage.com/shows/id-10402/episodes/357549</link><title>Episode 189</title></episode>
<episode><epnum>190</epnum><seasonnum>190</seasonnum><prodnum></prodnum><airdate>1954-04-28</airdate><link>http://www.tvrage.com/shows/id-10402/episodes/357551</link><title>Episode 190</title></episode>
<episode><epnum>191</epnum><seasonnum>191</seasonnum><prodnum></prodnum><airdate>1954-04-29</airdate><link>http://www.tvrage.com/shows/id-10402/episodes/357553</link><title>Episode 191</title></episode>
<episode><epnum>192</epnum><seasonnum>192</seasonnum><prodnum></prodnum><airdate>1954-04-30</airdate><link>http://www.tvrage.com/shows/id-10402/episodes/357555</link><title>Episode 192</title></episode>
<episode><epnum>193</epnum><seasonnum>193</seasonnum><prodnum></prodnum><airdate>1954-05-03</airdate><link>http://www.tvrage.com/shows/id-10402/episodes/357558</link><title>Episode 193</title></episode>
<episode><epnum>194</epnum><seasonnum>194</seasonnum><prodnum></prodnum><airdate>1954-05-04</airdate><link>http://www.tvrage.com/shows/id-10402/episodes/357560</link><title>Episode 194</title></episode>
<episode><epnum>195</epnum><seasonnum>195</seasonnum><prodnum></prodnum><airdate>1954-05-05</airdate><link>http://www.tvrage.com/shows/id-10402/episodes/357562</link><title>Episode 195</title></episode>
<episode><epnum>196</epnum><seasonnum>196</seasonnum><prodnum></prodnum><airdate>1954-05-06</airdate><link>http://www.tvrage.com/shows/id-10402/episodes/357565</link><title>Episode 196</title></episode>
<episode><epnum>197</epnum><seasonnum>197</seasonnum><prodnum></prodnum><airdate>1954-05-07</airdate><link>http://www.tvrage.com/shows/id-10402/episodes/357567</link><title>Episode 197</title></episode>
<episode><epnum>198</epnum><seasonnum>198</seasonnum><prodnum></prodnum><airdate>1954-05-10</airdate><link>http://www.tvrage.com/shows/id-10402/episodes/357569</link><title>Episode 198</title></episode>
<episode><epnum>199</epnum><seasonnum>199</seasonnum><prodnum></prodnum><airdate>1954-05-11</airdate><link>http://www.tvrage.com/shows/id-10402/episodes/357571</link><title>Episode 199</title></episode>
<episode><epnum>200</epnum><seasonnum>200</seasonnum><prodnum></prodnum><airdate>1954-05-12</airdate><link>http://www.tvrage.com/shows/id-10402/episodes/357574</link><title>Episode 200</title></episode>
<episode><epnum>201</epnum><seasonnum>201</seasonnum><prodnum></prodnum><airdate>1954-05-13</airdate><link>http://www.tvrage.com/shows/id-10402/episodes/357576</link><title>Episode 201</title></episode>
<episode><epnum>202</epnum><seasonnum>202</seasonnum><prodnum></prodnum><airdate>1954-05-14</airdate><link>http://www.tvrage.com/shows/id-10402/episodes/357578</link><title>Episode 202</title></episode>
<episode><epnum>203</epnum><seasonnum>203</seasonnum><prodnum></prodnum><airdate>1954-05-17</airdate><link>http://www.tvrage.com/shows/id-10402/episodes/357580</link><title>Episode 203</title></episode>
<episode><epnum>204</epnum><seasonnum>204</seasonnum><prodnum></prodnum><airdate>1954-05-18</airdate><link>http://www.tvrage.com/shows/id-10402/episodes/357582</link><title>Episode 204</title></episode>
<episode><epnum>205</epnum><seasonnum>205</seasonnum><prodnum></prodnum><airdate>1954-05-19</airdate><link>http://www.tvrage.com/shows/id-10402/episodes/357584</link><title>Episode 205</title></episode>
<episode><epnum>206</epnum><seasonnum>206</seasonnum><prodnum></prodnum><airdate>1954-05-20</airdate><link>http://www.tvrage.com/shows/id-10402/episodes/357587</link><title>Episode 206</title></episode>
<episode><epnum>207</epnum><seasonnum>207</seasonnum><prodnum></prodnum><airdate>1954-05-21</airdate><link>http://www.tvrage.com/shows/id-10402/episodes/357589</link><title>Episode 207</title></episode>
<episode><epnum>208</epnum><seasonnum>208</seasonnum><prodnum></prodnum><airdate>1954-05-24</airdate><link>http://www.tvrage.com/shows/id-10402/episodes/357591</link><title>Episode 208</title></episode>
<episode><epnum>209</epnum><seasonnum>209</seasonnum><prodnum></prodnum><airdate>1954-05-25</airdate><link>http://www.tvrage.com/shows/id-10402/episodes/357593</link><title>Episode 209</title></episode>
<episode><epnum>210</epnum><seasonnum>210</seasonnum><prodnum></prodnum><airdate>1954-05-26</airdate><link>http://www.tvrage.com/shows/id-10402/episodes/357595</link><title>Episode 210</title></episode>
<episode><epnum>211</epnum><seasonnum>211</seasonnum><prodnum></prodnum><airdate>1954-05-27</airdate><link>http://www.tvrage.com/shows/id-10402/episodes/357597</link><title>Episode 211</title></episode>
<episode><epnum>212</epnum><seasonnum>212</seasonnum><prodnum></prodnum><airdate>1954-05-28</airdate><link>http://www.tvrage.com/shows/id-10402/episodes/357599</link><title>Episode 212</title></episode>
</Season>

<Season no="2">
<episode><epnum>380</epnum><seasonnum>160</seasonnum><prodnum></prodnum><airdate>1954-12-31</airdate><link>http://www.tvrage.com/shows/id-10402/episodes/357163</link><title>The Final Episode</title></episode>
</Season>

</Episodelist>

</Show>