<?xml version="1.0" encoding="UTF-8" ?>


<Show>
<name>R.C.M.P</name>
<totalseasons>1</totalseasons>
<showid>10413</showid>
<showlink>http://tvrage.com/shows/id-10413</showlink>
<started>Oct/28/1959</started>
<ended>Oct/19/1960</ended>
<origin_country>CA</origin_country>
<status>Canceled/Ended</status>
<classification>Scripted</classification>
<genres><genre>Crime</genre><genre>Drama</genre></genres>
<runtime>30</runtime>
<network country="CA">CBC</network>
<airtime>20:00</airtime>
<airday>Wednesday</airday>
<timezone>GMT-5 -DST</timezone>
<Episodelist>

<Season no="1">
<episode><epnum>1</epnum><seasonnum>01</seasonnum><prodnum></prodnum><airdate>1959-10-28</airdate><link>http://www.tvrage.com/shows/id-10413/episodes/645173</link><title>Crash on 21</title></episode>
<episode><epnum>2</epnum><seasonnum>02</seasonnum><prodnum></prodnum><airdate>1959-11-04</airdate><link>http://www.tvrage.com/shows/id-10413/episodes/645174</link><title>Poison Pen</title></episode>
<episode><epnum>3</epnum><seasonnum>03</seasonnum><prodnum></prodnum><airdate>1959-11-11</airdate><link>http://www.tvrage.com/shows/id-10413/episodes/645175</link><title>The Accused</title></episode>
<episode><epnum>4</epnum><seasonnum>04</seasonnum><prodnum></prodnum><airdate>1959-11-18</airdate><link>http://www.tvrage.com/shows/id-10413/episodes/645176</link><title>Husband Trouble</title></episode>
<episode><epnum>5</epnum><seasonnum>05</seasonnum><prodnum></prodnum><airdate>1959-11-25</airdate><link>http://www.tvrage.com/shows/id-10413/episodes/645177</link><title>The 10-Mile Tombstone</title></episode>
<episode><epnum>6</epnum><seasonnum>06</seasonnum><prodnum></prodnum><airdate>1959-12-02</airdate><link>http://www.tvrage.com/shows/id-10413/episodes/645178</link><title>David and Goliath</title></episode>
<episode><epnum>7</epnum><seasonnum>07</seasonnum><prodnum></prodnum><airdate>1959-12-09</airdate><link>http://www.tvrage.com/shows/id-10413/episodes/645179</link><title>The Smiling People</title></episode>
<episode><epnum>8</epnum><seasonnum>08</seasonnum><prodnum></prodnum><airdate>1959-12-16</airdate><link>http://www.tvrage.com/shows/id-10413/episodes/645180</link><title>The Safeman Cometh</title></episode>
<episode><epnum>9</epnum><seasonnum>09</seasonnum><prodnum></prodnum><airdate>1959-12-23</airdate><link>http://www.tvrage.com/shows/id-10413/episodes/645181</link><title>Little Girl Lost</title></episode>
<episode><epnum>10</epnum><seasonnum>10</seasonnum><prodnum></prodnum><airdate>1959-12-30</airdate><link>http://www.tvrage.com/shows/id-10413/episodes/645182</link><title>The Replacement</title></episode>
<episode><epnum>11</epnum><seasonnum>11</seasonnum><prodnum></prodnum><airdate>1960-01-06</airdate><link>http://www.tvrage.com/shows/id-10413/episodes/645183</link><title>Gunslinger</title></episode>
<episode><epnum>12</epnum><seasonnum>12</seasonnum><prodnum></prodnum><airdate>1960-01-13</airdate><link>http://www.tvrage.com/shows/id-10413/episodes/645280</link><title>The Counterfeiter</title></episode>
<episode><epnum>13</epnum><seasonnum>13</seasonnum><prodnum></prodnum><airdate>1960-01-20</airdate><link>http://www.tvrage.com/shows/id-10413/episodes/645281</link><title>Bad Medicine</title></episode>
<episode><epnum>14</epnum><seasonnum>14</seasonnum><prodnum></prodnum><airdate>1960-02-10</airdate><link>http://www.tvrage.com/shows/id-10413/episodes/645282</link><title>Three Big Men</title></episode>
<episode><epnum>15</epnum><seasonnum>15</seasonnum><prodnum></prodnum><airdate>1960-02-17</airdate><link>http://www.tvrage.com/shows/id-10413/episodes/645283</link><title>Trackdown</title></episode>
<episode><epnum>16</epnum><seasonnum>16</seasonnum><prodnum></prodnum><airdate>1960-02-24</airdate><link>http://www.tvrage.com/shows/id-10413/episodes/645284</link><title>Johnny Wolf</title></episode>
<episode><epnum>17</epnum><seasonnum>17</seasonnum><prodnum></prodnum><airdate>1960-03-02</airdate><link>http://www.tvrage.com/shows/id-10413/episodes/645285</link><title>The Marked Man</title></episode>
<episode><epnum>18</epnum><seasonnum>18</seasonnum><prodnum></prodnum><airdate>1960-03-16</airdate><link>http://www.tvrage.com/shows/id-10413/episodes/645286</link><title>The Hunt</title></episode>
<episode><epnum>19</epnum><seasonnum>19</seasonnum><prodnum></prodnum><airdate>1960-03-23</airdate><link>http://www.tvrage.com/shows/id-10413/episodes/645287</link><title>Tourist Bait</title></episode>
<episode><epnum>20</epnum><seasonnum>20</seasonnum><prodnum></prodnum><airdate>1960-03-30</airdate><link>http://www.tvrage.com/shows/id-10413/episodes/645288</link><title>Moonshine</title></episode>
<episode><epnum>21</epnum><seasonnum>21</seasonnum><prodnum></prodnum><airdate>1960-04-06</airdate><link>http://www.tvrage.com/shows/id-10413/episodes/645289</link><title>The Extortionist</title></episode>
<episode><epnum>22</epnum><seasonnum>22</seasonnum><prodnum></prodnum><airdate>1960-04-13</airdate><link>http://www.tvrage.com/shows/id-10413/episodes/645290</link><title>The Longest Week of the Year</title></episode>
<episode><epnum>23</epnum><seasonnum>23</seasonnum><prodnum></prodnum><airdate>1960-04-20</airdate><link>http://www.tvrage.com/shows/id-10413/episodes/645291</link><title>Number 34</title></episode>
<episode><epnum>24</epnum><seasonnum>24</seasonnum><prodnum></prodnum><airdate>1960-04-27</airdate><link>http://www.tvrage.com/shows/id-10413/episodes/645292</link><title>Back to School</title></episode>
<episode><epnum>25</epnum><seasonnum>25</seasonnum><prodnum></prodnum><airdate>1960-05-04</airdate><link>http://www.tvrage.com/shows/id-10413/episodes/645293</link><title>Target for the Law</title></episode>
<episode><epnum>26</epnum><seasonnum>26</seasonnum><prodnum></prodnum><airdate>1960-05-11</airdate><link>http://www.tvrage.com/shows/id-10413/episodes/645294</link><title>Killer Instinct</title></episode>
<episode><epnum>27</epnum><seasonnum>27</seasonnum><prodnum></prodnum><airdate>1960-05-18</airdate><link>http://www.tvrage.com/shows/id-10413/episodes/645295</link><title>The Gentle Executioner</title></episode>
<episode><epnum>28</epnum><seasonnum>28</seasonnum><prodnum></prodnum><airdate>1960-05-25</airdate><link>http://www.tvrage.com/shows/id-10413/episodes/645296</link><title>Day of Reckoning</title></episode>
<episode><epnum>29</epnum><seasonnum>29</seasonnum><prodnum></prodnum><airdate>1960-06-01</airdate><link>http://www.tvrage.com/shows/id-10413/episodes/645297</link><title>Violence at the Wedding</title></episode>
<episode><epnum>30</epnum><seasonnum>30</seasonnum><prodnum></prodnum><airdate>1960-06-08</airdate><link>http://www.tvrage.com/shows/id-10413/episodes/645298</link><title>Battle of the Innocents</title></episode>
<episode><epnum>31</epnum><seasonnum>31</seasonnum><prodnum></prodnum><airdate>1960-06-15</airdate><link>http://www.tvrage.com/shows/id-10413/episodes/645299</link><title>The Haystack Murder</title></episode>
<episode><epnum>32</epnum><seasonnum>32</seasonnum><prodnum></prodnum><airdate>1960-07-13</airdate><link>http://www.tvrage.com/shows/id-10413/episodes/645300</link><title>Thin Ice</title></episode>
<episode><epnum>33</epnum><seasonnum>33</seasonnum><prodnum></prodnum><airdate>1960-08-24</airdate><link>http://www.tvrage.com/shows/id-10413/episodes/645301</link><title>Storm O'Brien</title></episode>
<episode><epnum>34</epnum><seasonnum>34</seasonnum><prodnum></prodnum><airdate>1960-08-31</airdate><link>http://www.tvrage.com/shows/id-10413/episodes/645302</link><title>Breakout</title></episode>
<episode><epnum>35</epnum><seasonnum>35</seasonnum><prodnum></prodnum><airdate>1960-09-14</airdate><link>http://www.tvrage.com/shows/id-10413/episodes/645303</link><title>The Third Question</title></episode>
<episode><epnum>36</epnum><seasonnum>36</seasonnum><prodnum></prodnum><airdate>1960-09-21</airdate><link>http://www.tvrage.com/shows/id-10413/episodes/645304</link><title>Mop-Up</title></episode>
<episode><epnum>37</epnum><seasonnum>37</seasonnum><prodnum></prodnum><airdate>1960-10-05</airdate><link>http://www.tvrage.com/shows/id-10413/episodes/645305</link><title>Shotgun Lady</title></episode>
<episode><epnum>38</epnum><seasonnum>38</seasonnum><prodnum></prodnum><airdate>1960-10-12</airdate><link>http://www.tvrage.com/shows/id-10413/episodes/645306</link><title>The Rustler</title></episode>
<episode><epnum>39</epnum><seasonnum>39</seasonnum><prodnum></prodnum><airdate>1960-10-19</airdate><link>http://www.tvrage.com/shows/id-10413/episodes/645307</link><title>The Piggy Bank Robbery</title></episode>
</Season>

</Episodelist>

</Show>