<?xml version="1.0" encoding="UTF-8" ?>


<Show>
<name>Playtime With Jerry</name>
<totalseasons>1</totalseasons>
<showid>10410</showid>
<showlink>http://tvrage.com/shows/id-10410</showlink>
<started>Sep/1955</started>
<ended>Jan/1956</ended>
<origin_country>CA</origin_country>
<status>Canceled/Ended</status>
<classification>Scripted</classification>
<genres><genre>Children</genre><genre>Drama</genre></genres>
<runtime>15</runtime>
<network country="CA">CBC</network>
<airtime>01:15</airtime>
<airday>Sunday</airday>
<timezone>GMT-5 -DST</timezone>

</Show>