<?xml version="1.0" encoding="UTF-8" ?>


<Show>
<name>Ritter's Cove</name>
<totalseasons>1</totalseasons>
<showid>10415</showid>
<showlink>http://tvrage.com/shows/id-10415</showlink>
<started>Sep/19/1980</started>
<ended>Mar/20/1981</ended>
<origin_country>CA</origin_country>
<status>Canceled/Ended</status>
<classification>Scripted</classification>
<genres><genre>Drama</genre></genres>
<runtime>30</runtime>
<network country="CA">CBC</network>
<airtime>20:00</airtime>
<airday>Friday</airday>
<timezone>GMT-5 -DST</timezone>
<akas><aka country="CO">Aventureros del Aire</aka><aka country="DE">Die Küstenpiloten</aka><aka country="IT">La Baia di Ritter</aka></akas>
<Episodelist>

<Season no="1">
<episode><epnum>1</epnum><seasonnum>01</seasonnum><prodnum></prodnum><airdate>1980-09-19</airdate><link>http://www.tvrage.com/shows/id-10415/episodes/775806</link><title>Pilot</title></episode>
<episode><epnum>2</epnum><seasonnum>02</seasonnum><prodnum></prodnum><airdate>1980-09-26</airdate><link>http://www.tvrage.com/shows/id-10415/episodes/775817</link><title>Unlikely Alliance</title></episode>
<episode><epnum>3</epnum><seasonnum>03</seasonnum><prodnum></prodnum><airdate>1980-10-03</airdate><link>http://www.tvrage.com/shows/id-10415/episodes/775818</link><title>In The Nick Of Time</title></episode>
<episode><epnum>4</epnum><seasonnum>04</seasonnum><prodnum></prodnum><airdate>1980-10-10</airdate><link>http://www.tvrage.com/shows/id-10415/episodes/775819</link><title>Sandby's Folly</title></episode>
<episode><epnum>5</epnum><seasonnum>05</seasonnum><prodnum></prodnum><airdate>1980-10-24</airdate><link>http://www.tvrage.com/shows/id-10415/episodes/775820</link><title>My Brother's Keeper</title></episode>
<episode><epnum>6</epnum><seasonnum>06</seasonnum><prodnum></prodnum><airdate>1980-10-31</airdate><link>http://www.tvrage.com/shows/id-10415/episodes/775821</link><title>Vancouver Adventure</title></episode>
<episode><epnum>7</epnum><seasonnum>07</seasonnum><prodnum></prodnum><airdate>1980-11-07</airdate><link>http://www.tvrage.com/shows/id-10415/episodes/775822</link><title>At Odds</title></episode>
<episode><epnum>8</epnum><seasonnum>08</seasonnum><prodnum></prodnum><airdate>1980-11-14</airdate><link>http://www.tvrage.com/shows/id-10415/episodes/775823</link><title>The Inheritance</title></episode>
<episode><epnum>9</epnum><seasonnum>09</seasonnum><prodnum></prodnum><airdate>1980-11-21</airdate><link>http://www.tvrage.com/shows/id-10415/episodes/775824</link><title>Lost</title></episode>
<episode><epnum>10</epnum><seasonnum>10</seasonnum><prodnum></prodnum><airdate>1980-11-28</airdate><link>http://www.tvrage.com/shows/id-10415/episodes/775825</link><title>Fight Fire With Fire</title></episode>
<episode><epnum>11</epnum><seasonnum>11</seasonnum><prodnum></prodnum><airdate>1980-12-05</airdate><link>http://www.tvrage.com/shows/id-10415/episodes/775826</link><title>Tug Of War</title></episode>
<episode><epnum>12</epnum><seasonnum>12</seasonnum><prodnum></prodnum><airdate>1980-12-12</airdate><link>http://www.tvrage.com/shows/id-10415/episodes/775827</link><title>No Way Of Knowing</title></episode>
<episode><epnum>13</epnum><seasonnum>13</seasonnum><prodnum></prodnum><airdate>1980-12-19</airdate><link>http://www.tvrage.com/shows/id-10415/episodes/775828</link><title>Mad Man Mulligan</title></episode>
<episode><epnum>14</epnum><seasonnum>14</seasonnum><prodnum></prodnum><airdate>1980-12-26</airdate><link>http://www.tvrage.com/shows/id-10415/episodes/775829</link><title>Out of the Wilderness</title></episode>
<episode><epnum>15</epnum><seasonnum>15</seasonnum><prodnum></prodnum><airdate>1981-01-02</airdate><link>http://www.tvrage.com/shows/id-10415/episodes/775830</link><title>The Last Flight</title></episode>
<episode><epnum>16</epnum><seasonnum>16</seasonnum><prodnum></prodnum><airdate>1981-01-09</airdate><link>http://www.tvrage.com/shows/id-10415/episodes/775831</link><title>The Newborn</title></episode>
<episode><epnum>17</epnum><seasonnum>17</seasonnum><prodnum></prodnum><airdate>1981-01-16</airdate><link>http://www.tvrage.com/shows/id-10415/episodes/775832</link><title>The Smugglers</title></episode>
<episode><epnum>18</epnum><seasonnum>18</seasonnum><prodnum></prodnum><airdate>1981-01-23</airdate><link>http://www.tvrage.com/shows/id-10415/episodes/775833</link><title>The Thief</title></episode>
<episode><epnum>19</epnum><seasonnum>19</seasonnum><prodnum></prodnum><airdate>1981-01-30</airdate><link>http://www.tvrage.com/shows/id-10415/episodes/775834</link><title>Gift of Life</title></episode>
<episode><epnum>20</epnum><seasonnum>20</seasonnum><prodnum></prodnum><airdate>1981-02-06</airdate><link>http://www.tvrage.com/shows/id-10415/episodes/775835</link><title>Talk Down</title></episode>
<episode><epnum>21</epnum><seasonnum>21</seasonnum><prodnum></prodnum><airdate>1981-02-13</airdate><link>http://www.tvrage.com/shows/id-10415/episodes/775836</link><title>The Swindle</title></episode>
<episode><epnum>22</epnum><seasonnum>22</seasonnum><prodnum></prodnum><airdate>1981-02-20</airdate><link>http://www.tvrage.com/shows/id-10415/episodes/775837</link><title>The Accident</title></episode>
<episode><epnum>23</epnum><seasonnum>23</seasonnum><prodnum></prodnum><airdate>1981-02-27</airdate><link>http://www.tvrage.com/shows/id-10415/episodes/775838</link><title>Triangle Plus One</title></episode>
<episode><epnum>24</epnum><seasonnum>24</seasonnum><prodnum></prodnum><airdate>1981-03-06</airdate><link>http://www.tvrage.com/shows/id-10415/episodes/775839</link><title>The Businessman</title></episode>
<episode><epnum>25</epnum><seasonnum>25</seasonnum><prodnum></prodnum><airdate>1981-03-13</airdate><link>http://www.tvrage.com/shows/id-10415/episodes/775840</link><title>Stranded</title></episode>
<episode><epnum>26</epnum><seasonnum>26</seasonnum><prodnum></prodnum><airdate>1981-03-20</airdate><link>http://www.tvrage.com/shows/id-10415/episodes/775841</link><title>The Long Journey</title></episode>
</Season>

</Episodelist>

</Show>