<?xml version="1.0" encoding="UTF-8" ?>


<Show>
<name>My Boys</name>
<totalseasons>4</totalseasons>
<showid>10417</showid>
<showlink>http://tvrage.com/My_Boys</showlink>
<started>Nov/28/2006</started>
<ended>Sep/12/2010</ended>
<image>http://images.tvrage.com/shows/11/10417.jpg</image>
<origin_country>US</origin_country>
<status>Canceled/Ended</status>
<classification>Scripted</classification>
<genres><genre>Comedy</genre><genre>Family</genre></genres>
<runtime>30</runtime>
<network country="US">TBS</network>
<airtime>12:00</airtime>
<timezone>GMT-5 -DST</timezone>
<akas><aka country="LT">Mano vaikinai</aka></akas>
<Episodelist>

<Season no="1">
<episode><epnum>1</epnum><seasonnum>01</seasonnum><prodnum>101</prodnum><airdate>2006-11-28</airdate><link>http://www.tvrage.com/My_Boys/episodes/487207</link><title>Pilot</title></episode>
<episode><epnum>2</epnum><seasonnum>02</seasonnum><prodnum>102</prodnum><airdate>2006-11-28</airdate><link>http://www.tvrage.com/My_Boys/episodes/487208</link><title>Mixed Signals</title></episode>
<episode><epnum>3</epnum><seasonnum>03</seasonnum><prodnum>103</prodnum><airdate>2006-12-05</airdate><link>http://www.tvrage.com/My_Boys/episodes/487682</link><title>Team Chemistry</title></episode>
<episode><epnum>4</epnum><seasonnum>04</seasonnum><prodnum>104</prodnum><airdate>2006-12-05</airdate><link>http://www.tvrage.com/My_Boys/episodes/487683</link><title>The Slump</title></episode>
<episode><epnum>5</epnum><seasonnum>05</seasonnum><prodnum>105</prodnum><airdate>2006-12-12</airdate><link>http://www.tvrage.com/My_Boys/episodes/487684</link><title>The Show</title></episode>
<episode><epnum>6</epnum><seasonnum>06</seasonnum><prodnum>106</prodnum><airdate>2006-12-12</airdate><link>http://www.tvrage.com/My_Boys/episodes/487685</link><title>Clubhouse Poison</title></episode>
<episode><epnum>7</epnum><seasonnum>07</seasonnum><prodnum>107</prodnum><airdate>2006-12-19</airdate><link>http://www.tvrage.com/My_Boys/episodes/487686</link><title>Free Agent</title></episode>
<episode><epnum>8</epnum><seasonnum>08</seasonnum><prodnum>108</prodnum><airdate>2006-12-19</airdate><link>http://www.tvrage.com/My_Boys/episodes/487687</link><title>Superstar Treatment</title></episode>
<episode><epnum>9</epnum><seasonnum>09</seasonnum><prodnum>109</prodnum><airdate>2006-12-26</airdate><link>http://www.tvrage.com/My_Boys/episodes/494050</link><title>Managers</title></episode>
<episode><epnum>10</epnum><seasonnum>10</seasonnum><prodnum>110</prodnum><airdate>2006-12-26</airdate><link>http://www.tvrage.com/My_Boys/episodes/494051</link><title>Take One for the Team</title></episode>
<episode><epnum>11</epnum><seasonnum>11</seasonnum><prodnum>111</prodnum><airdate>2006-12-27</airdate><link>http://www.tvrage.com/My_Boys/episodes/494052</link><title>When Heroes Fall from Grace</title></episode>
<episode><epnum>12</epnum><seasonnum>12</seasonnum><prodnum>112</prodnum><airdate>2006-12-27</airdate><link>http://www.tvrage.com/My_Boys/episodes/494053</link><title>Released</title></episode>
<episode><epnum>13</epnum><seasonnum>13</seasonnum><prodnum>113</prodnum><airdate>2006-12-28</airdate><link>http://www.tvrage.com/My_Boys/episodes/586315</link><title>Baseball Myths</title></episode>
<episode><epnum>14</epnum><seasonnum>14</seasonnum><prodnum>114</prodnum><airdate>2007-07-30</airdate><link>http://www.tvrage.com/My_Boys/episodes/494054</link><title>Promise of a New Season</title></episode>
<episode><epnum>15</epnum><seasonnum>15</seasonnum><prodnum>115</prodnum><airdate>2007-07-30</airdate><link>http://www.tvrage.com/My_Boys/episodes/580184</link><title>Off Day</title></episode>
<episode><epnum>16</epnum><seasonnum>16</seasonnum><prodnum>116</prodnum><airdate>2007-08-06</airdate><link>http://www.tvrage.com/My_Boys/episodes/546294</link><title>Ethics</title></episode>
<episode><epnum>17</epnum><seasonnum>17</seasonnum><prodnum>117</prodnum><airdate>2007-08-13</airdate><link>http://www.tvrage.com/My_Boys/episodes/546295</link><title>Dirty Little Secrets</title></episode>
<episode><epnum>18</epnum><seasonnum>18</seasonnum><prodnum>118</prodnum><airdate>2007-08-20</airdate><link>http://www.tvrage.com/My_Boys/episodes/580185</link><title>Second Chances</title></episode>
<episode><epnum>19</epnum><seasonnum>19</seasonnum><prodnum>119</prodnum><airdate>2007-08-27</airdate><link>http://www.tvrage.com/My_Boys/episodes/580186</link><title>Douchebag in the City</title></episode>
<episode><epnum>20</epnum><seasonnum>20</seasonnum><prodnum></prodnum><airdate>2007-09-03</airdate><link>http://www.tvrage.com/My_Boys/episodes/580187</link><title>The Estates of Hoffman</title></episode>
<episode><epnum>21</epnum><seasonnum>21</seasonnum><prodnum></prodnum><airdate>2007-09-10</airdate><link>http://www.tvrage.com/My_Boys/episodes/580189</link><title>110 Percent Solution</title></episode>
<episode><epnum>22</epnum><seasonnum>22</seasonnum><prodnum></prodnum><airdate>2007-09-10</airdate><link>http://www.tvrage.com/My_Boys/episodes/580190</link><title>Rome, if You Want To</title></episode>
</Season>

<Season no="2">
<episode><epnum>23</epnum><seasonnum>01</seasonnum><prodnum></prodnum><airdate>2008-06-12</airdate><link>http://www.tvrage.com/My_Boys/episodes/661947</link><title>The Transitioning</title></episode>
<episode><epnum>24</epnum><seasonnum>02</seasonnum><prodnum></prodnum><airdate>2008-06-19</airdate><link>http://www.tvrage.com/My_Boys/episodes/663065</link><title>Dinner Party</title></episode>
<episode><epnum>25</epnum><seasonnum>03</seasonnum><prodnum>203</prodnum><airdate>2008-06-26</airdate><link>http://www.tvrage.com/My_Boys/episodes/674475</link><title>The Shirt Contest</title></episode>
<episode><epnum>26</epnum><seasonnum>04</seasonnum><prodnum>204</prodnum><airdate>2008-07-03</airdate><link>http://www.tvrage.com/My_Boys/episodes/674476</link><title>Spit Take</title></episode>
<episode><epnum>27</epnum><seasonnum>05</seasonnum><prodnum>205</prodnum><airdate>2008-07-10</airdate><link>http://www.tvrage.com/My_Boys/episodes/679231</link><title>Take My Work Wife… Please</title></episode>
<episode><epnum>28</epnum><seasonnum>06</seasonnum><prodnum>206</prodnum><airdate>2008-07-17</airdate><link>http://www.tvrage.com/My_Boys/episodes/679829</link><title>Dudes Being Dudes</title></episode>
<episode><epnum>29</epnum><seasonnum>07</seasonnum><prodnum></prodnum><airdate>2008-07-24</airdate><link>http://www.tvrage.com/My_Boys/episodes/686621</link><title>Opportunity Knocks</title></episode>
<episode><epnum>30</epnum><seasonnum>08</seasonnum><prodnum></prodnum><airdate>2008-07-31</airdate><link>http://www.tvrage.com/My_Boys/episodes/686622</link><title>Jack and Bobby</title></episode>
<episode><epnum>31</epnum><seasonnum>09</seasonnum><prodnum>209</prodnum><airdate>2008-08-07</airdate><link>http://www.tvrage.com/My_Boys/episodes/691339</link><title>John, Cougar, Newman Camp</title></episode>
</Season>

<Season no="3">
<episode><epnum>32</epnum><seasonnum>01</seasonnum><prodnum></prodnum><airdate>2009-03-31</airdate><link>http://www.tvrage.com/My_Boys/episodes/723891</link><title>Welcome Back, Kalla Fötter</title><screencap>http://images.tvrage.com/screencaps/53/10417/723891.jpg</screencap></episode>
<episode><epnum>33</epnum><seasonnum>02</seasonnum><prodnum></prodnum><airdate>2009-04-07</airdate><link>http://www.tvrage.com/My_Boys/episodes/782578</link><title>Private Eyes</title><screencap>http://images.tvrage.com/screencaps/53/10417/782578.jpg</screencap></episode>
<episode><epnum>34</epnum><seasonnum>03</seasonnum><prodnum>303</prodnum><airdate>2009-04-14</airdate><link>http://www.tvrage.com/My_Boys/episodes/1064799586</link><title>The Boyfriend Hat</title><screencap>http://images.tvrage.com/screencaps/53/10417/1064799586.jpg</screencap></episode>
<episode><epnum>35</epnum><seasonnum>04</seasonnum><prodnum>304</prodnum><airdate>2009-04-21</airdate><link>http://www.tvrage.com/My_Boys/episodes/1064799587</link><title>Decathlon: Part Deux</title><screencap>http://images.tvrage.com/screencaps/53/10417/1064799587.jpg</screencap></episode>
<episode><epnum>36</epnum><seasonnum>05</seasonnum><prodnum></prodnum><airdate>2009-04-28</airdate><link>http://www.tvrage.com/My_Boys/episodes/1064805619</link><title>Carpe Burritoem</title><screencap>http://images.tvrage.com/screencaps/53/10417/1064805619.jpg</screencap></episode>
<episode><epnum>37</epnum><seasonnum>06</seasonnum><prodnum></prodnum><airdate>2009-05-05</airdate><link>http://www.tvrage.com/My_Boys/episodes/1064805620</link><title>Madder of Degrees</title><screencap>http://images.tvrage.com/screencaps/53/10417/1064805620.jpg</screencap></episode>
<episode><epnum>38</epnum><seasonnum>07</seasonnum><prodnum></prodnum><airdate>2009-05-12</airdate><link>http://www.tvrage.com/My_Boys/episodes/1064809332</link><title>Facebook the Past</title><screencap>http://images.tvrage.com/screencaps/53/10417/1064809332.jpg</screencap></episode>
<episode><epnum>39</epnum><seasonnum>08</seasonnum><prodnum></prodnum><airdate>2009-05-19</airdate><link>http://www.tvrage.com/My_Boys/episodes/1064809333</link><title>Friends of Friends</title><screencap>http://images.tvrage.com/screencaps/53/10417/1064809333.jpg</screencap></episode>
<episode><epnum>40</epnum><seasonnum>09</seasonnum><prodnum></prodnum><airdate>2009-05-26</airdate><link>http://www.tvrage.com/My_Boys/episodes/1064810715</link><title>Spring Training</title><screencap>http://images.tvrage.com/screencaps/53/10417/1064810715.jpg</screencap></episode>
</Season>

<Season no="4">
<episode><epnum>41</epnum><seasonnum>01</seasonnum><prodnum></prodnum><airdate>2010-07-25</airdate><link>http://www.tvrage.com/My_Boys/episodes/1064927295</link><title>Addition by Subtraction</title></episode>
<episode><epnum>42</epnum><seasonnum>02</seasonnum><prodnum></prodnum><airdate>2010-07-25</airdate><link>http://www.tvrage.com/My_Boys/episodes/1064938351</link><title>Gourmets and Confused</title></episode>
<episode><epnum>43</epnum><seasonnum>03</seasonnum><prodnum></prodnum><airdate>2010-08-01</airdate><link>http://www.tvrage.com/My_Boys/episodes/1064940494</link><title>Mike-Fest</title></episode>
<episode><epnum>44</epnum><seasonnum>04</seasonnum><prodnum></prodnum><airdate>2010-08-08</airdate><link>http://www.tvrage.com/My_Boys/episodes/1064940495</link><title>Be a Man!</title></episode>
<episode><epnum>45</epnum><seasonnum>05</seasonnum><prodnum></prodnum><airdate>2010-08-15</airdate><link>http://www.tvrage.com/My_Boys/episodes/1064940496</link><title>The NTO</title></episode>
<episode><epnum>46</epnum><seasonnum>06</seasonnum><prodnum></prodnum><airdate>2010-08-22</airdate><link>http://www.tvrage.com/My_Boys/episodes/1064940497</link><title>Hanger Management</title></episode>
<episode><epnum>47</epnum><seasonnum>07</seasonnum><prodnum></prodnum><airdate>2010-09-05</airdate><link>http://www.tvrage.com/My_Boys/episodes/1064940498</link><title>Puss 'N' Glutes</title></episode>
<episode><epnum>48</epnum><seasonnum>08</seasonnum><prodnum></prodnum><airdate>2010-09-12</airdate><link>http://www.tvrage.com/My_Boys/episodes/1064957886</link><title>Extreme Mike-Over</title></episode>
<episode><epnum>49</epnum><seasonnum>09</seasonnum><prodnum></prodnum><airdate>2010-09-12</airdate><link>http://www.tvrage.com/My_Boys/episodes/1064957887</link><title>My Men</title></episode>
</Season>

</Episodelist>

</Show>