<?xml version="1.0" encoding="UTF-8" ?>


<Show>
<name>Royal Suite</name>
<totalseasons>1</totalseasons>
<showid>10416</showid>
<showlink>http://tvrage.com/shows/id-10416</showlink>
<started>Oct/1976</started>
<ended>Dec/1976</ended>
<origin_country>CA</origin_country>
<status>Canceled/Ended</status>
<classification>Scripted</classification>
<genres><genre>Comedy</genre></genres>
<runtime>30</runtime>
<network country="CA">CBC</network>
<airtime>22:30</airtime>
<airday>Wednesday</airday>
<timezone>GMT-5 -DST</timezone>

</Show>