<?xml version="1.0" encoding="UTF-8" ?>


<Show>
<name>Program X</name>
<totalseasons>1</totalseasons>
<showid>10411</showid>
<showlink>http://tvrage.com/shows/id-10411</showlink>
<started>Dec/1970</started>
<ended>Jun/1973</ended>
<origin_country>CA</origin_country>
<status>Canceled/Ended</status>
<classification>Scripted</classification>
<genres><genre>Drama</genre></genres>
<runtime>30</runtime>
<network country="CA">CBC</network>
<airtime>12:00</airtime>
<timezone>GMT-5 -DST</timezone>

</Show>