<?xml version="1.0" encoding="UTF-8" ?>


<Show>
<name>10 Items or Less</name>
<totalseasons>3</totalseasons>
<showid>10418</showid>
<showlink>http://tvrage.com/10_Items_or_Less</showlink>
<started>Nov/27/2006</started>
<ended>Feb/24/2009</ended>
<image>http://images.tvrage.com/shows/11/10418.jpg</image>
<origin_country>US</origin_country>
<status>Canceled/Ended</status>
<classification>Scripted</classification>
<genres><genre>Comedy</genre></genres>
<runtime>30</runtime>
<network country="US">TBS</network>
<airtime>23:00</airtime>
<airday>Tuesday</airday>
<timezone>GMT-5 -DST</timezone>
<akas><aka country="HU">Jópofa kofa</aka></akas>
<Episodelist>

<Season no="1">
<episode><epnum>1</epnum><seasonnum>01</seasonnum><prodnum>101</prodnum><airdate>2006-11-27</airdate><link>http://www.tvrage.com/10_Items_or_Less/episodes/486942</link><title>The New Boss</title><screencap>http://images.tvrage.com/screencaps/53/10418/486942.jpg</screencap></episode>
<episode><epnum>2</epnum><seasonnum>02</seasonnum><prodnum>102</prodnum><airdate>2006-12-04</airdate><link>http://www.tvrage.com/10_Items_or_Less/episodes/486943</link><title>The Miracle Worker</title><screencap>http://images.tvrage.com/screencaps/53/10418/486943.jpg</screencap></episode>
<episode><epnum>3</epnum><seasonnum>03</seasonnum><prodnum>103</prodnum><airdate>2006-12-11</airdate><link>http://www.tvrage.com/10_Items_or_Less/episodes/486944</link><title>Health Insurance</title><screencap>http://images.tvrage.com/screencaps/53/10418/486944.jpg</screencap></episode>
<episode><epnum>4</epnum><seasonnum>04</seasonnum><prodnum>104</prodnum><airdate>2006-12-18</airdate><link>http://www.tvrage.com/10_Items_or_Less/episodes/486945</link><title>What Women Want</title><screencap>http://images.tvrage.com/screencaps/53/10418/486945.jpg</screencap></episode>
<episode><epnum>5</epnum><seasonnum>05</seasonnum><prodnum>105</prodnum><airdate>2006-12-25</airdate><link>http://www.tvrage.com/10_Items_or_Less/episodes/486946</link><title>Bag It</title><screencap>http://images.tvrage.com/screencaps/53/10418/486946.jpg</screencap></episode>
</Season>

<Season no="2">
<episode><epnum>6</epnum><seasonnum>01</seasonnum><prodnum>201</prodnum><airdate>2008-01-15</airdate><link>http://www.tvrage.com/10_Items_or_Less/episodes/635690</link><title>Dollar Day Afternoon</title><screencap>http://images.tvrage.com/screencaps/53/10418/635690.jpg</screencap></episode>
<episode><epnum>7</epnum><seasonnum>02</seasonnum><prodnum>202</prodnum><airdate>2008-01-22</airdate><link>http://www.tvrage.com/10_Items_or_Less/episodes/635691</link><title>Forever Young</title><screencap>http://images.tvrage.com/screencaps/53/10418/635691.jpg</screencap></episode>
<episode><epnum>8</epnum><seasonnum>03</seasonnum><prodnum>203</prodnum><airdate>2008-01-29</airdate><link>http://www.tvrage.com/10_Items_or_Less/episodes/638307</link><title>To Heir Is Human</title><screencap>http://images.tvrage.com/screencaps/53/10418/638307.jpg</screencap></episode>
<episode><epnum>9</epnum><seasonnum>04</seasonnum><prodnum>204</prodnum><airdate>2008-02-05</airdate><link>http://www.tvrage.com/10_Items_or_Less/episodes/640100</link><title>First Time</title></episode>
<episode><epnum>10</epnum><seasonnum>05</seasonnum><prodnum>205</prodnum><airdate>2008-02-12</airdate><link>http://www.tvrage.com/10_Items_or_Less/episodes/640978</link><title>The Bromance</title><screencap>http://images.tvrage.com/screencaps/53/10418/640978.jpg</screencap></episode>
<episode><epnum>11</epnum><seasonnum>06</seasonnum><prodnum>206</prodnum><airdate>2008-02-19</airdate><link>http://www.tvrage.com/10_Items_or_Less/episodes/640979</link><title>Amy Strikes Back</title></episode>
<episode><epnum>12</epnum><seasonnum>07</seasonnum><prodnum>207</prodnum><airdate>2008-02-26</airdate><link>http://www.tvrage.com/10_Items_or_Less/episodes/642720</link><title>Illegal Alien</title><screencap>http://images.tvrage.com/screencaps/53/10418/642720.jpg</screencap></episode>
<episode><epnum>13</epnum><seasonnum>08</seasonnum><prodnum>208</prodnum><airdate>2008-03-04</airdate><link>http://www.tvrage.com/10_Items_or_Less/episodes/642736</link><title>The Ren Fair</title><screencap>http://images.tvrage.com/screencaps/53/10418/642736.jpg</screencap></episode>
</Season>

<Season no="3">
<episode><epnum>14</epnum><seasonnum>01</seasonnum><prodnum></prodnum><airdate>2009-01-06</airdate><link>http://www.tvrage.com/10_Items_or_Less/episodes/744867</link><title>Turkey Bowling</title><screencap>http://images.tvrage.com/screencaps/53/10418/744867.jpg</screencap></episode>
<episode><epnum>15</epnum><seasonnum>02</seasonnum><prodnum></prodnum><airdate>2009-01-13</airdate><link>http://www.tvrage.com/10_Items_or_Less/episodes/757455</link><title>Eye Can See Clearly</title><screencap>http://images.tvrage.com/screencaps/53/10418/757455.jpg</screencap></episode>
<episode><epnum>16</epnum><seasonnum>03</seasonnum><prodnum></prodnum><airdate>2009-01-20</airdate><link>http://www.tvrage.com/10_Items_or_Less/episodes/757456</link><title>Star Trok</title><screencap>http://images.tvrage.com/screencaps/53/10418/757456.jpg</screencap></episode>
<episode><epnum>17</epnum><seasonnum>04</seasonnum><prodnum></prodnum><airdate>2009-01-27</airdate><link>http://www.tvrage.com/10_Items_or_Less/episodes/757457</link><title>One Day at a Time</title><screencap>http://images.tvrage.com/screencaps/53/10418/757457.jpg</screencap></episode>
<episode><epnum>18</epnum><seasonnum>05</seasonnum><prodnum></prodnum><airdate>2009-02-03</airdate><link>http://www.tvrage.com/10_Items_or_Less/episodes/774139</link><title>The Whistler</title><screencap>http://images.tvrage.com/screencaps/53/10418/774139.jpg</screencap></episode>
<episode><epnum>19</epnum><seasonnum>06</seasonnum><prodnum></prodnum><airdate>2009-02-10</airdate><link>http://www.tvrage.com/10_Items_or_Less/episodes/774140</link><title>The Milk Man</title><screencap>http://images.tvrage.com/screencaps/53/10418/774140.jpg</screencap></episode>
<episode><epnum>20</epnum><seasonnum>07</seasonnum><prodnum></prodnum><airdate>2009-02-17</airdate><link>http://www.tvrage.com/10_Items_or_Less/episodes/780116</link><title>Dances with Groceries</title><screencap>http://images.tvrage.com/screencaps/53/10418/780116.jpg</screencap></episode>
<episode><epnum>21</epnum><seasonnum>08</seasonnum><prodnum></prodnum><airdate>2009-02-24</airdate><link>http://www.tvrage.com/10_Items_or_Less/episodes/780117</link><title>Sesquicentennial</title><screencap>http://images.tvrage.com/screencaps/53/10418/780117.jpg</screencap></episode>
</Season>

</Episodelist>

</Show>