<?xml version="1.0" encoding="UTF-8" ?>


<Show>
<name>Nic And Pic</name>
<totalseasons>1</totalseasons>
<showid>10423</showid>
<showlink>http://tvrage.com/shows/id-10423</showlink>
<started>Sep/1975</started>
<ended>Mar/1977</ended>
<image>http://images.tvrage.com/shows/11/10423.jpg</image>
<origin_country>CA</origin_country>
<status>Canceled/Ended</status>
<classification>Scripted</classification>
<genres><genre>Adventure</genre><genre>Children</genre></genres>
<runtime>30</runtime>
<network country="CA">CBC</network>
<airtime>17:00</airtime>
<airday>Wednesday</airday>
<timezone>GMT-5 -DST</timezone>

</Show>