<?xml version="1.0" encoding="UTF-8" ?>


<Show>
<name>Angelic Layer</name>
<totalseasons>1</totalseasons>
<showid>1042</showid>
<showlink>http://tvrage.com/shows/id-1042</showlink>
<started>Apr/2001</started>
<ended>Sep/2001</ended>
<image>http://images.tvrage.com/shows/2/1042.jpg</image>
<origin_country>JP</origin_country>
<status>Canceled/Ended</status>
<classification>Animation</classification>
<genres><genre>Anime</genre><genre>Comedy</genre><genre>Drama</genre><genre>Sci-Fi</genre><genre>Sports</genre></genres>
<runtime>25</runtime>
<network country="JP">TV Tokyo</network>
<airtime>00:00</airtime>
<timezone>GMT+9 -DST</timezone>
<Episodelist>

<Season no="1">
<episode><epnum>1</epnum><seasonnum>01</seasonnum><prodnum></prodnum><airdate>2001-04-01</airdate><link>http://www.tvrage.com/shows/id-1042/episodes/272854</link><title>Battle 1: Hello! My Very Own Angel</title></episode>
<episode><epnum>2</epnum><seasonnum>02</seasonnum><prodnum></prodnum><airdate>2001-04-08</airdate><link>http://www.tvrage.com/shows/id-1042/episodes/272855</link><title>Battle 2: Let's Try Our Best Hikaru! The First Fight</title></episode>
<episode><epnum>3</epnum><seasonnum>03</seasonnum><prodnum></prodnum><airdate>2001-04-15</airdate><link>http://www.tvrage.com/shows/id-1042/episodes/272856</link><title>Battle 3: Who Are You? Misaki's Heart-Pounding Lesson</title></episode>
<episode><epnum>4</epnum><seasonnum>04</seasonnum><prodnum></prodnum><airdate>2001-04-22</airdate><link>http://www.tvrage.com/shows/id-1042/episodes/272857</link><title>Battle 4: The Day the Angel Descended</title></episode>
<episode><epnum>5</epnum><seasonnum>05</seasonnum><prodnum></prodnum><airdate>2001-04-29</airdate><link>http://www.tvrage.com/shows/id-1042/episodes/272858</link><title>Battle 5: I Don't Want to Lose! Please Believe in Hikaru</title></episode>
<episode><epnum>6</epnum><seasonnum>06</seasonnum><prodnum></prodnum><airdate>2001-05-06</airdate><link>http://www.tvrage.com/shows/id-1042/episodes/272859</link><title>Battle 6: The Light-Speed Suzuka! Hotoko's Declaration of Rivalry</title></episode>
<episode><epnum>7</epnum><seasonnum>07</seasonnum><prodnum></prodnum><airdate>2001-05-13</airdate><link>http://www.tvrage.com/shows/id-1042/episodes/272860</link><title>Battle 7: Fight to the Limit... Misaki's Last Chance</title></episode>
<episode><epnum>8</epnum><seasonnum>08</seasonnum><prodnum></prodnum><airdate>2001-05-20</airdate><link>http://www.tvrage.com/shows/id-1042/episodes/272861</link><title>Battle 8: Misaki vs Misaki? The Dangerous Classmate</title></episode>
<episode><epnum>9</epnum><seasonnum>09</seasonnum><prodnum></prodnum><airdate>2001-05-27</airdate><link>http://www.tvrage.com/shows/id-1042/episodes/272862</link><title>Battle 9: Sing Misaki! The Deus is an Idol</title></episode>
<episode><epnum>10</epnum><seasonnum>10</seasonnum><prodnum></prodnum><airdate>2001-06-03</airdate><link>http://www.tvrage.com/shows/id-1042/episodes/272863</link><title>Battle 10: The Mean Sisters! And the Targeted Hikaru</title></episode>
<episode><epnum>11</epnum><seasonnum>11</seasonnum><prodnum></prodnum><airdate>2001-06-10</airdate><link>http://www.tvrage.com/shows/id-1042/episodes/272864</link><title>Battle 11: The Match! Hikaru and Mao's Real Fight</title></episode>
<episode><epnum>12</epnum><seasonnum>12</seasonnum><prodnum></prodnum><airdate>2001-06-17</airdate><link>http://www.tvrage.com/shows/id-1042/episodes/272865</link><title>Battle 12: Misaki and Kotaru - The Two's Exciting Date</title></episode>
<episode><epnum>13</epnum><seasonnum>13</seasonnum><prodnum></prodnum><airdate>2001-06-24</airdate><link>http://www.tvrage.com/shows/id-1042/episodes/272866</link><title>Battle 13: The Pure White Buranshe - Kaede's Smile</title></episode>
<episode><epnum>14</epnum><seasonnum>14</seasonnum><prodnum></prodnum><airdate>2001-07-01</airdate><link>http://www.tvrage.com/shows/id-1042/episodes/272867</link><title>Battle 14: Never Give Up! And Then an Angel was Born</title></episode>
<episode><epnum>15</epnum><seasonnum>15</seasonnum><prodnum></prodnum><airdate>2001-07-08</airdate><link>http://www.tvrage.com/shows/id-1042/episodes/272868</link><title>Battle 15: Shirahime vs Suzuka! The Ice Machine's Secret</title></episode>
<episode><epnum>16</epnum><seasonnum>16</seasonnum><prodnum></prodnum><airdate>2001-07-15</airdate><link>http://www.tvrage.com/shows/id-1042/episodes/272869</link><title>Battle 16: The Final Match! Hikaru's Last Attack</title></episode>
<episode><epnum>17</epnum><seasonnum>17</seasonnum><prodnum></prodnum><airdate>2001-07-22</airdate><link>http://www.tvrage.com/shows/id-1042/episodes/272870</link><title>Battle 17: I Choose You! Misaki's Chosen Person</title></episode>
<episode><epnum>18</epnum><seasonnum>18</seasonnum><prodnum></prodnum><airdate>2001-07-29</airdate><link>http://www.tvrage.com/shows/id-1042/episodes/272871</link><title>Battle 18: Lots of Formidable Opponents! The Much Anticipated National Tournamen</title></episode>
<episode><epnum>19</epnum><seasonnum>19</seasonnum><prodnum></prodnum><airdate>2001-08-05</airdate><link>http://www.tvrage.com/shows/id-1042/episodes/272872</link><title>Battle 19: System Down? A Battle Onboatd a Boat Amidst a Storm</title></episode>
<episode><epnum>20</epnum><seasonnum>20</seasonnum><prodnum></prodnum><airdate>2001-08-12</airdate><link>http://www.tvrage.com/shows/id-1042/episodes/272873</link><title>Battle 20: The Enemy is Icchan? The Stuttering Second Match</title></episode>
<episode><epnum>21</epnum><seasonnum>21</seasonnum><prodnum></prodnum><airdate>2001-08-19</airdate><link>http://www.tvrage.com/shows/id-1042/episodes/272874</link><title>Battle 21: The Summer Sea! Someone is in Love with Someone</title></episode>
<episode><epnum>22</epnum><seasonnum>22</seasonnum><prodnum></prodnum><airdate>2001-08-26</airdate><link>http://www.tvrage.com/shows/id-1042/episodes/272875</link><title>Battle 22: Suddenly Alone Together - The Secret Double Date</title></episode>
<episode><epnum>23</epnum><seasonnum>23</seasonnum><prodnum></prodnum><airdate>2001-09-02</airdate><link>http://www.tvrage.com/shows/id-1042/episodes/272876</link><title>Battle 23: Break into the Magical Wall! Misaki vs Ohjirou</title></episode>
<episode><epnum>24</epnum><seasonnum>24</seasonnum><prodnum></prodnum><airdate>2001-09-09</airdate><link>http://www.tvrage.com/shows/id-1042/episodes/272877</link><title>Battle 24: Reach Out to Misaki! This Feeling is Over the Rainbow</title></episode>
<episode><epnum>25</epnum><seasonnum>25</seasonnum><prodnum></prodnum><airdate>2001-09-16</airdate><link>http://www.tvrage.com/shows/id-1042/episodes/272878</link><title>Battle 25: Fateful Reunion - An Angel Soaked with Tears</title></episode>
<episode><epnum>26</epnum><seasonnum>26</seasonnum><prodnum></prodnum><airdate>2001-09-23</airdate><link>http://www.tvrage.com/shows/id-1042/episodes/272879</link><title>Battle 26: Angels Wings! Pull Me and Hikaru Together</title></episode>
</Season>

</Episodelist>

</Show>