<?xml version="1.0" encoding="UTF-8" ?>


<Show>
<name>Norman Corwin Presents</name>
<totalseasons>1</totalseasons>
<showid>10424</showid>
<showlink>http://tvrage.com/shows/id-10424</showlink>
<started>Jun/19/1972</started>
<ended>Sep/12/1973</ended>
<origin_country>CA</origin_country>
<status>Canceled/Ended</status>
<classification>Scripted</classification>
<genres><genre>Anthology</genre><genre>Drama</genre></genres>
<runtime>30</runtime>
<network country="CA">CBC</network>
<airtime>12:00</airtime>
<timezone>GMT-5 -DST</timezone>

</Show>