<?xml version="1.0" encoding="UTF-8" ?>


<Show>
<name>A Little Princess Sara</name>
<totalseasons>1</totalseasons>
<showid>10420</showid>
<showlink>http://tvrage.com/shows/id-10420</showlink>
<started>Jan/1985</started>
<ended>Dec/1985</ended>
<image>http://images.tvrage.com/shows/11/10420.jpg</image>
<origin_country>JP</origin_country>
<status>Canceled/Ended</status>
<classification>Animation</classification>
<genres><genre>Anime</genre><genre>Drama</genre></genres>
<runtime>30</runtime>
<network country="JP">Fuji TV</network>
<airtime>12:00</airtime>
<timezone>GMT+9 -DST</timezone>
<akas><aka country="DE">Die kleine Prinzessin Sara</aka><aka country="IT">Lovely Sara</aka><aka country="FR">Princesse Sarah</aka></akas>
<Episodelist>

<Season no="1">
<episode><epnum>1</epnum><seasonnum>01</seasonnum><prodnum></prodnum><airdate>1985-01-06</airdate><link>http://www.tvrage.com/shows/id-10420/episodes/356856</link><title>Miss Minchin's Girl's School</title></episode>
<episode><epnum>2</epnum><seasonnum>02</seasonnum><prodnum></prodnum><airdate>1985-01-13</airdate><link>http://www.tvrage.com/shows/id-10420/episodes/356857</link><title>In Search of Emily</title></episode>
<episode><epnum>3</epnum><seasonnum>03</seasonnum><prodnum></prodnum><airdate>1985-01-20</airdate><link>http://www.tvrage.com/shows/id-10420/episodes/356858</link><title>The First Day in School</title></episode>
<episode><epnum>4</epnum><seasonnum>04</seasonnum><prodnum></prodnum><airdate>1985-01-27</airdate><link>http://www.tvrage.com/shows/id-10420/episodes/356859</link><title>Good Friend Ermengarde</title></episode>
<episode><epnum>5</epnum><seasonnum>05</seasonnum><prodnum></prodnum><airdate>1985-02-03</airdate><link>http://www.tvrage.com/shows/id-10420/episodes/356860</link><title>Lottie the Squaller</title></episode>
<episode><epnum>6</epnum><seasonnum>06</seasonnum><prodnum></prodnum><airdate>1985-02-10</airdate><link>http://www.tvrage.com/shows/id-10420/episodes/356861</link><title>Cinderella Becky</title></episode>
<episode><epnum>7</epnum><seasonnum>07</seasonnum><prodnum></prodnum><airdate>1985-02-17</airdate><link>http://www.tvrage.com/shows/id-10420/episodes/356862</link><title>The Representative of the Class</title></episode>
<episode><epnum>8</epnum><seasonnum>08</seasonnum><prodnum></prodnum><airdate>1985-02-24</airdate><link>http://www.tvrage.com/shows/id-10420/episodes/356863</link><title>A Nice Little Lady</title></episode>
<episode><epnum>9</epnum><seasonnum>09</seasonnum><prodnum></prodnum><airdate>1985-03-03</airdate><link>http://www.tvrage.com/shows/id-10420/episodes/356864</link><title>A Letter from India</title></episode>
<episode><epnum>10</epnum><seasonnum>10</seasonnum><prodnum></prodnum><airdate>1985-03-10</airdate><link>http://www.tvrage.com/shows/id-10420/episodes/356865</link><title>Two Presents</title></episode>
<episode><epnum>11</epnum><seasonnum>11</seasonnum><prodnum></prodnum><airdate>1985-03-17</airdate><link>http://www.tvrage.com/shows/id-10420/episodes/356866</link><title>The Birthday of the Princess</title></episode>
<episode><epnum>12</epnum><seasonnum>12</seasonnum><prodnum></prodnum><airdate>1985-03-24</airdate><link>http://www.tvrage.com/shows/id-10420/episodes/356867</link><title>The Dark Attic</title></episode>
<episode><epnum>13</epnum><seasonnum>13</seasonnum><prodnum></prodnum><airdate>1985-03-31</airdate><link>http://www.tvrage.com/shows/id-10420/episodes/356868</link><title>A Hard Work Day</title></episode>
<episode><epnum>14</epnum><seasonnum>14</seasonnum><prodnum></prodnum><airdate>1985-04-07</airdate><link>http://www.tvrage.com/shows/id-10420/episodes/356869</link><title>A Nightly Visitor</title></episode>
<episode><epnum>15</epnum><seasonnum>15</seasonnum><prodnum></prodnum><airdate>1985-04-14</airdate><link>http://www.tvrage.com/shows/id-10420/episodes/356870</link><title>Peter, a Child of the Populace</title></episode>
<episode><epnum>16</epnum><seasonnum>16</seasonnum><prodnum></prodnum><airdate>1985-04-21</airdate><link>http://www.tvrage.com/shows/id-10420/episodes/356871</link><title>Lottie's Adventure</title></episode>
<episode><epnum>17</epnum><seasonnum>17</seasonnum><prodnum></prodnum><airdate>1985-04-28</airdate><link>http://www.tvrage.com/shows/id-10420/episodes/356872</link><title>Little Melle's Family</title></episode>
<episode><epnum>18</epnum><seasonnum>18</seasonnum><prodnum></prodnum><airdate>1985-05-05</airdate><link>http://www.tvrage.com/shows/id-10420/episodes/356873</link><title>Sad Maypole Celebration</title></episode>
<episode><epnum>19</epnum><seasonnum>19</seasonnum><prodnum></prodnum><airdate>1985-05-12</airdate><link>http://www.tvrage.com/shows/id-10420/episodes/356874</link><title>Call to India</title></episode>
<episode><epnum>20</epnum><seasonnum>20</seasonnum><prodnum></prodnum><airdate>1985-05-19</airdate><link>http://www.tvrage.com/shows/id-10420/episodes/356875</link><title>Mysterious Visitors</title></episode>
<episode><epnum>21</epnum><seasonnum>21</seasonnum><prodnum></prodnum><airdate>1985-05-26</airdate><link>http://www.tvrage.com/shows/id-10420/episodes/356876</link><title>Bitter Tears</title></episode>
<episode><epnum>22</epnum><seasonnum>22</seasonnum><prodnum></prodnum><airdate>1985-06-02</airdate><link>http://www.tvrage.com/shows/id-10420/episodes/356877</link><title>The Party on the Attic</title></episode>
<episode><epnum>23</epnum><seasonnum>23</seasonnum><prodnum></prodnum><airdate>1985-06-09</airdate><link>http://www.tvrage.com/shows/id-10420/episodes/356878</link><title>The Friendly Baker</title></episode>
<episode><epnum>24</epnum><seasonnum>24</seasonnum><prodnum></prodnum><airdate>1985-06-16</airdate><link>http://www.tvrage.com/shows/id-10420/episodes/356879</link><title>Emily's Fate</title></episode>
<episode><epnum>25</epnum><seasonnum>25</seasonnum><prodnum></prodnum><airdate>1985-06-23</airdate><link>http://www.tvrage.com/shows/id-10420/episodes/356880</link><title>Cinderella for one Day</title></episode>
<episode><epnum>26</epnum><seasonnum>26</seasonnum><prodnum></prodnum><airdate>1985-06-30</airdate><link>http://www.tvrage.com/shows/id-10420/episodes/356881</link><title>The Little Teacher</title></episode>
<episode><epnum>27</epnum><seasonnum>27</seasonnum><prodnum></prodnum><airdate>1985-07-07</airdate><link>http://www.tvrage.com/shows/id-10420/episodes/356882</link><title>The Homecoming of Msr. Dufarge</title></episode>
<episode><epnum>28</epnum><seasonnum>28</seasonnum><prodnum></prodnum><airdate>1985-07-14</airdate><link>http://www.tvrage.com/shows/id-10420/episodes/356883</link><title>Summer Holidays</title></episode>
<episode><epnum>29</epnum><seasonnum>29</seasonnum><prodnum></prodnum><airdate>1985-07-21</airdate><link>http://www.tvrage.com/shows/id-10420/episodes/356884</link><title>Becky's Village</title></episode>
<episode><epnum>30</epnum><seasonnum>30</seasonnum><prodnum></prodnum><airdate>1985-08-04</airdate><link>http://www.tvrage.com/shows/id-10420/episodes/356885</link><title>The Indian Gentleman</title></episode>
<episode><epnum>31</epnum><seasonnum>31</seasonnum><prodnum></prodnum><airdate>1985-08-11</airdate><link>http://www.tvrage.com/shows/id-10420/episodes/356886</link><title>The Monster on the Attic</title></episode>
<episode><epnum>32</epnum><seasonnum>32</seasonnum><prodnum></prodnum><airdate>1985-08-18</airdate><link>http://www.tvrage.com/shows/id-10420/episodes/356887</link><title>The Secret behind the Wall</title></episode>
<episode><epnum>33</epnum><seasonnum>33</seasonnum><prodnum></prodnum><airdate>1985-08-25</airdate><link>http://www.tvrage.com/shows/id-10420/episodes/356888</link><title>The Beginning of School</title></episode>
<episode><epnum>34</epnum><seasonnum>34</seasonnum><prodnum></prodnum><airdate>1985-09-08</airdate><link>http://www.tvrage.com/shows/id-10420/episodes/356889</link><title>Redemption in the Middle of the Storm</title></episode>
<episode><epnum>35</epnum><seasonnum>35</seasonnum><prodnum></prodnum><airdate>1985-09-22</airdate><link>http://www.tvrage.com/shows/id-10420/episodes/356890</link><title>At Death's Door</title></episode>
<episode><epnum>36</epnum><seasonnum>36</seasonnum><prodnum></prodnum><airdate>1985-09-29</airdate><link>http://www.tvrage.com/shows/id-10420/episodes/356891</link><title>The Beginning of the Magic</title></episode>
<episode><epnum>37</epnum><seasonnum>37</seasonnum><prodnum></prodnum><airdate>1985-10-06</airdate><link>http://www.tvrage.com/shows/id-10420/episodes/356892</link><title>A Commotion on the Attic</title></episode>
<episode><epnum>38</epnum><seasonnum>38</seasonnum><prodnum></prodnum><airdate>1985-10-13</airdate><link>http://www.tvrage.com/shows/id-10420/episodes/356893</link><title>The End of the Magic</title></episode>
<episode><epnum>39</epnum><seasonnum>39</seasonnum><prodnum></prodnum><airdate>1985-10-20</airdate><link>http://www.tvrage.com/shows/id-10420/episodes/356894</link><title>A Cold Night in the Stable</title></episode>
<episode><epnum>40</epnum><seasonnum>40</seasonnum><prodnum></prodnum><airdate>1985-10-27</airdate><link>http://www.tvrage.com/shows/id-10420/episodes/356895</link><title>Miss Amelia's Tears</title></episode>
<episode><epnum>41</epnum><seasonnum>41</seasonnum><prodnum></prodnum><airdate>1985-11-03</airdate><link>http://www.tvrage.com/shows/id-10420/episodes/356896</link><title>The Halloween Party</title></episode>
<episode><epnum>42</epnum><seasonnum>42</seasonnum><prodnum></prodnum><airdate>1985-11-10</airdate><link>http://www.tvrage.com/shows/id-10420/episodes/356897</link><title>On the Street</title></episode>
<episode><epnum>43</epnum><seasonnum>43</seasonnum><prodnum></prodnum><airdate>1985-12-08</airdate><link>http://www.tvrage.com/shows/id-10420/episodes/356898</link><title>A Nice Parcel</title></episode>
<episode><epnum>44</epnum><seasonnum>44</seasonnum><prodnum></prodnum><airdate>1985-12-15</airdate><link>http://www.tvrage.com/shows/id-10420/episodes/356899</link><title>It is the Child!</title></episode>
<episode><epnum>45</epnum><seasonnum>45</seasonnum><prodnum></prodnum><airdate>1985-12-22</airdate><link>http://www.tvrage.com/shows/id-10420/episodes/356900</link><title>Miss Minchin's Remorse</title></episode>
<episode><epnum>46</epnum><seasonnum>46</seasonnum><prodnum></prodnum><airdate>1985-12-29</airdate><link>http://www.tvrage.com/shows/id-10420/episodes/356901</link><title>Till We Meet Again</title></episode>
</Season>

</Episodelist>

</Show>