<?xml version="1.0" encoding="UTF-8" ?>


<Show>
<name>Search For the Funniest Mom in America</name>
<totalseasons>3</totalseasons>
<showid>10430</showid>
<showlink>http://tvrage.com/shows/id-10430</showlink>
<started>May/03/2005</started>
<ended>May/13/2007</ended>
<image>http://images.tvrage.com/shows/11/10430.jpg</image>
<origin_country>US</origin_country>
<status>Canceled/Ended</status>
<classification>Reality</classification>
<genres><genre>Children</genre><genre>Comedy</genre></genres>
<runtime>30</runtime>
<network country="US">Nick @ Nite</network>
<airtime>12:00</airtime>
<timezone>GMT-5 -DST</timezone>
<Episodelist>

<Season no="1">
<episode><epnum>1</epnum><seasonnum>01</seasonnum><prodnum></prodnum><airdate>2005-05-03</airdate><link>http://www.tvrage.com/shows/id-10430/episodes/536206</link><title>Season 1, Episode 1</title><runtime>60</runtime></episode>
</Season>

<Season no="2">
<episode><epnum>2</epnum><seasonnum>01</seasonnum><prodnum></prodnum><airdate>2006-04-04</airdate><link>http://www.tvrage.com/shows/id-10430/episodes/536209</link><title>Season 2, Episode 1</title><runtime>60</runtime></episode>
<episode><epnum>3</epnum><seasonnum>02</seasonnum><prodnum></prodnum><airdate>2006-04-11</airdate><link>http://www.tvrage.com/shows/id-10430/episodes/536211</link><title>Season 2, Episode 2</title></episode>
<episode><epnum>4</epnum><seasonnum>03</seasonnum><prodnum></prodnum><airdate>2006-04-18</airdate><link>http://www.tvrage.com/shows/id-10430/episodes/536212</link><title>Season 2, Episode 3</title></episode>
<episode><epnum>5</epnum><seasonnum>04</seasonnum><prodnum></prodnum><airdate>2006-04-25</airdate><link>http://www.tvrage.com/shows/id-10430/episodes/536213</link><title>Season 2, Episode 4</title></episode>
<episode><epnum>6</epnum><seasonnum>05</seasonnum><prodnum></prodnum><airdate>2006-05-02</airdate><link>http://www.tvrage.com/shows/id-10430/episodes/536214</link><title>Season 2, Episode 5</title></episode>
<episode><epnum>7</epnum><seasonnum>06</seasonnum><prodnum></prodnum><airdate>2006-05-09</airdate><link>http://www.tvrage.com/shows/id-10430/episodes/536215</link><title>Season 2, Episode 6</title><runtime>60</runtime></episode>
</Season>

<Season no="3">
<episode><epnum>8</epnum><seasonnum>01</seasonnum><prodnum></prodnum><airdate>2007-04-10</airdate><link>http://www.tvrage.com/shows/id-10430/episodes/536220</link><title>Season 3, Episode 1</title><runtime>60</runtime></episode>
<episode><epnum>9</epnum><seasonnum>02</seasonnum><prodnum></prodnum><airdate>2007-04-17</airdate><link>http://www.tvrage.com/shows/id-10430/episodes/536221</link><title>Season 3, Episode 2</title></episode>
<episode><epnum>10</epnum><seasonnum>03</seasonnum><prodnum></prodnum><airdate>2007-04-24</airdate><link>http://www.tvrage.com/shows/id-10430/episodes/536222</link><title>Season 3, Episode 3</title></episode>
<episode><epnum>11</epnum><seasonnum>04</seasonnum><prodnum></prodnum><airdate>2007-05-01</airdate><link>http://www.tvrage.com/shows/id-10430/episodes/536223</link><title>Season 3, Episode 4</title></episode>
<episode><epnum>12</epnum><seasonnum>05</seasonnum><prodnum></prodnum><airdate>2007-05-08</airdate><link>http://www.tvrage.com/shows/id-10430/episodes/536224</link><title>Season 3, Episode 5</title></episode>
<episode><epnum>13</epnum><seasonnum>06</seasonnum><prodnum></prodnum><airdate>2007-05-13</airdate><link>http://www.tvrage.com/shows/id-10430/episodes/536225</link><title>Season 3, Episode 6</title><runtime>60</runtime></episode>
</Season>

</Episodelist>

</Show>