<?xml version="1.0" encoding="UTF-8" ?>


<Show>
<name>IslanDares</name>
<totalseasons>1</totalseasons>
<showid>10439</showid>
<showlink>http://tvrage.com/shows/id-10439</showlink>
<started>Sep/2003</started>
<ended></ended>
<image>http://images.tvrage.com/shows/11/10439.jpg</image>
<origin_country>AU</origin_country>
<status>Canceled/Ended</status>
<classification>Game Show</classification>
<runtime>30</runtime>
<network country="AU">Nickelodeon</network>
<airtime>12:00</airtime>
<timezone>GMT+10 -DST</timezone>

</Show>