<?xml version="1.0" encoding="UTF-8" ?>


<Show>
<name>Interceptor</name>
<totalseasons>1</totalseasons>
<showid>10437</showid>
<showlink>http://tvrage.com/shows/id-10437</showlink>
<started>Jul/1989</started>
<ended>Jan/1990</ended>
<image>http://images.tvrage.com/shows/11/10437.jpg</image>
<origin_country>UK</origin_country>
<status>Canceled/Ended</status>
<classification>Game Show</classification>
<genres><genre>Action</genre><genre>Adventure</genre><genre>Family</genre></genres>
<runtime>60</runtime>
<network country="UK">ITV London</network>
<airtime>12:00</airtime>
<airday>Wednesday</airday>
<timezone>GMT+0 -DST</timezone>
<Episodelist>

<Season no="1">
<episode><epnum>1</epnum><seasonnum>01</seasonnum><prodnum></prodnum><airdate>1989-07-19</airdate><link>http://www.tvrage.com/shows/id-10437/episodes/367315</link><title>Kent</title></episode>
<episode><epnum>2</epnum><seasonnum>02</seasonnum><prodnum></prodnum><airdate>1989-07-26</airdate><link>http://www.tvrage.com/shows/id-10437/episodes/367316</link><title>Norfolk</title></episode>
<episode><epnum>3</epnum><seasonnum>03</seasonnum><prodnum></prodnum><airdate>1989-08-02</airdate><link>http://www.tvrage.com/shows/id-10437/episodes/367317</link><title>Wye Valley</title></episode>
<episode><epnum>4</epnum><seasonnum>04</seasonnum><prodnum></prodnum><airdate>1989-08-09</airdate><link>http://www.tvrage.com/shows/id-10437/episodes/367318</link><title>Cumbria</title></episode>
<episode><epnum>5</epnum><seasonnum>05</seasonnum><prodnum></prodnum><airdate>1989-08-16</airdate><link>http://www.tvrage.com/shows/id-10437/episodes/367319</link><title>Derbyshire</title></episode>
<episode><epnum>6</epnum><seasonnum>06</seasonnum><prodnum></prodnum><airdate>1989-08-23</airdate><link>http://www.tvrage.com/shows/id-10437/episodes/367320</link><title>Borders</title></episode>
<episode><epnum>7</epnum><seasonnum>07</seasonnum><prodnum></prodnum><airdate>1989-08-30</airdate><link>http://www.tvrage.com/shows/id-10437/episodes/367321</link><title>Cotswolds</title></episode>
</Season>

<Special>
<episode><season>1</season><airdate>1990-01-01</airdate><link>http://www.tvrage.com/shows/id-10437/episodes/367322</link><title>Cornwall</title></episode>
</Special>

</Episodelist>

</Show>