<?xml version="1.0" encoding="UTF-8" ?>


<Show>
<name>The Trouble With Gay Men</name>
<totalseasons>1</totalseasons>
<showid>10434</showid>
<showlink>http://tvrage.com/shows/id-10434</showlink>
<started>Apr/24/2006</started>
<ended></ended>
<origin_country>UK</origin_country>
<status>Canceled/Ended</status>
<classification>Documentary</classification>
<genres><genre>Drama</genre></genres>
<runtime>60</runtime>
<network country="UK">BBC TWO</network>
<airtime>12:00</airtime>
<timezone>GMT+0 -DST</timezone>

</Show>