<?xml version="1.0" encoding="UTF-8" ?>


<Show>
<name>Dark Towers</name>
<totalseasons>1</totalseasons>
<showid>10431</showid>
<showlink>http://tvrage.com/shows/id-10431</showlink>
<started>Sep/22/1981</started>
<ended>Dec/01/1981</ended>
<image>http://images.tvrage.com/shows/11/10431.jpg</image>
<origin_country>UK</origin_country>
<status>Canceled/Ended</status>
<classification>Scripted</classification>
<genres><genre>Action</genre><genre>Adventure</genre><genre>Children</genre></genres>
<runtime>25</runtime>
<network country="UK">BBC One</network>
<airtime>11:30</airtime>
<airday>Tuesday</airday>
<timezone>GMT+0 -DST</timezone>
<akas><aka country="UK">Look And Read: Dark Towers</aka></akas>

</Show>