<?xml version="1.0" encoding="UTF-8" ?>


<Show>
<name>The Smith &amp; Jones Sketchbook</name>
<totalseasons>1</totalseasons>
<showid>10435</showid>
<showlink>http://tvrage.com/shows/id-10435</showlink>
<started>Apr/21/2006</started>
<ended>May/26/2006</ended>
<image>http://images.tvrage.com/shows/11/10435.jpg</image>
<origin_country>UK</origin_country>
<status>Canceled/Ended</status>
<classification>Variety</classification>
<genres><genre>Comedy</genre><genre>Sketch/Improv</genre></genres>
<runtime>30</runtime>
<network country="UK">BBC One</network>
<airtime>21:30</airtime>
<airday>Friday</airday>
<timezone>GMT+0 -DST</timezone>
<Episodelist>

<Season no="1">
<episode><epnum>1</epnum><seasonnum>01</seasonnum><prodnum></prodnum><airdate>2006-04-21</airdate><link>http://www.tvrage.com/shows/id-10435/episodes/358837</link><title>Episode 1</title></episode>
<episode><epnum>2</epnum><seasonnum>02</seasonnum><prodnum></prodnum><airdate>2006-04-28</airdate><link>http://www.tvrage.com/shows/id-10435/episodes/358838</link><title>Episode 2</title></episode>
<episode><epnum>3</epnum><seasonnum>03</seasonnum><prodnum></prodnum><airdate>2006-05-05</airdate><link>http://www.tvrage.com/shows/id-10435/episodes/365309</link><title>Episode 3</title></episode>
<episode><epnum>4</epnum><seasonnum>04</seasonnum><prodnum></prodnum><airdate>2006-05-12</airdate><link>http://www.tvrage.com/shows/id-10435/episodes/371203</link><title>Episode 4</title></episode>
<episode><epnum>5</epnum><seasonnum>05</seasonnum><prodnum></prodnum><airdate>2006-05-19</airdate><link>http://www.tvrage.com/shows/id-10435/episodes/376919</link><title>Episode 5</title></episode>
<episode><epnum>6</epnum><seasonnum>06</seasonnum><prodnum></prodnum><airdate>2006-05-26</airdate><link>http://www.tvrage.com/shows/id-10435/episodes/380959</link><title>Episode 6</title></episode>
</Season>

</Episodelist>

</Show>