<?xml version="1.0" encoding="UTF-8" ?>


<Show>
<name>Jokers Wild</name>
<totalseasons>1</totalseasons>
<showid>10442</showid>
<showlink>http://tvrage.com/shows/id-10442</showlink>
<started>Jul/1969</started>
<ended>Apr/1974</ended>
<image>http://images.tvrage.com/shows/11/10442.jpg</image>
<origin_country>UK</origin_country>
<status>Canceled/Ended</status>
<classification>Game Show</classification>
<runtime>30</runtime>
<network country="UK">ITV Yorkshire</network>
<airtime>12:00</airtime>
<timezone>GMT+0 -DST</timezone>

</Show>