<?xml version="1.0" encoding="UTF-8" ?>


<Show>
<name>Haunted Junction</name>
<totalseasons>1</totalseasons>
<showid>1044</showid>
<showlink>http://tvrage.com/shows/id-1044</showlink>
<started>Apr/1997</started>
<ended>Jun/1997</ended>
<image>http://images.tvrage.com/shows/2/1044.jpg</image>
<origin_country>JP</origin_country>
<status>Canceled/Ended</status>
<classification>Animation</classification>
<genres><genre>Anime</genre><genre>Comedy</genre></genres>
<runtime>30</runtime>
<airtime>12:00</airtime>
<Episodelist>

<Season no="1">
<episode><epnum>1</epnum><seasonnum>01</seasonnum><prodnum></prodnum><airdate>1997-04-02</airdate><link>http://www.tvrage.com/shows/id-1044/episodes/272910</link><title>Three Members, Seven Spirits</title></episode>
<episode><epnum>2</epnum><seasonnum>02</seasonnum><prodnum></prodnum><airdate>1997-04-09</airdate><link>http://www.tvrage.com/shows/id-1044/episodes/272911</link><title>It's Good To Have School Spirits!</title></episode>
<episode><epnum>3</epnum><seasonnum>03</seasonnum><prodnum></prodnum><airdate>1997-04-16</airdate><link>http://www.tvrage.com/shows/id-1044/episodes/272912</link><title>Love To The Point Of Possession</title></episode>
<episode><epnum>4</epnum><seasonnum>04</seasonnum><prodnum></prodnum><airdate>1997-04-23</airdate><link>http://www.tvrage.com/shows/id-1044/episodes/272913</link><title>Who's There In The Blooming Cherry Orchard?</title></episode>
<episode><epnum>5</epnum><seasonnum>05</seasonnum><prodnum></prodnum><airdate>1997-04-30</airdate><link>http://www.tvrage.com/shows/id-1044/episodes/272914</link><title>Alone In The Dark? Nurse's Room</title></episode>
<episode><epnum>6</epnum><seasonnum>06</seasonnum><prodnum></prodnum><airdate>1997-05-07</airdate><link>http://www.tvrage.com/shows/id-1044/episodes/272915</link><title>Popular Maidens Hanako And Yamiko</title></episode>
<episode><epnum>7</epnum><seasonnum>07</seasonnum><prodnum></prodnum><airdate>1997-05-14</airdate><link>http://www.tvrage.com/shows/id-1044/episodes/272916</link><title>Goodbye Selfishness, Hello Purity!</title></episode>
<episode><epnum>8</epnum><seasonnum>08</seasonnum><prodnum></prodnum><airdate>1997-05-21</airdate><link>http://www.tvrage.com/shows/id-1044/episodes/272917</link><title>Oh, The Forbidden Red And Blue</title></episode>
<episode><epnum>9</epnum><seasonnum>09</seasonnum><prodnum></prodnum><airdate>1997-05-28</airdate><link>http://www.tvrage.com/shows/id-1044/episodes/272918</link><title>Leave It! Chase It! Caught In The Middle!</title></episode>
<episode><epnum>10</epnum><seasonnum>10</seasonnum><prodnum></prodnum><airdate>1997-06-11</airdate><link>http://www.tvrage.com/shows/id-1044/episodes/272919</link><title>It's A Pretty Night! I Can't Sleep!</title></episode>
<episode><epnum>11</epnum><seasonnum>11</seasonnum><prodnum></prodnum><airdate>1997-06-18</airdate><link>http://www.tvrage.com/shows/id-1044/episodes/272920</link><title>The Holy Student Council To Split Up And Disappear?</title></episode>
<episode><epnum>12</epnum><seasonnum>12</seasonnum><prodnum></prodnum><airdate>1997-06-25</airdate><link>http://www.tvrage.com/shows/id-1044/episodes/272921</link><title>Losing All That Was Gained! The Garden Of Hope</title></episode>
</Season>

</Episodelist>

</Show>