<?xml version="1.0" encoding="UTF-8" ?>


<Show>
<name>It's A Knockout</name>
<totalseasons>1</totalseasons>
<showid>10440</showid>
<showlink>http://tvrage.com/shows/id-10440</showlink>
<started>Jul/1966</started>
<ended>Apr/1982</ended>
<image>http://images.tvrage.com/shows/11/10440.jpg</image>
<origin_country>UK</origin_country>
<status>Canceled/Ended</status>
<classification>Game Show</classification>
<runtime>30</runtime>
<network country="UK">BBC One</network>
<airtime>12:00</airtime>
<timezone>GMT+0 -DST</timezone>

</Show>