<?xml version="1.0" encoding="UTF-8" ?>


<Show>
<name>I've Got A Secret (UK)</name>
<totalseasons>3</totalseasons>
<showid>10441</showid>
<showlink>http://tvrage.com/Ive_Got_A_Secret_UK</showlink>
<started>Oct/24/1984</started>
<ended>Nov/1988</ended>
<image>http://images.tvrage.com/shows/11/10441.jpg</image>
<origin_country>UK</origin_country>
<status>Canceled/Ended</status>
<classification>Game Show</classification>
<runtime>30</runtime>
<network country="UK">BBC One</network>
<airtime>14:40</airtime>
<airday>Wednesday</airday>
<timezone>GMT+0 -DST</timezone>
<Episodelist>

<Season no="1">
<episode><epnum>1</epnum><seasonnum>01</seasonnum><prodnum></prodnum><airdate>1984-10-24</airdate><link>http://www.tvrage.com/Ive_Got_A_Secret_UK/episodes/503238</link><title>Series 1, Show 1</title></episode>
<episode><epnum>2</epnum><seasonnum>02</seasonnum><prodnum></prodnum><airdate>1984-10-31</airdate><link>http://www.tvrage.com/Ive_Got_A_Secret_UK/episodes/503239</link><title>Series 1, Show 2</title></episode>
<episode><epnum>3</epnum><seasonnum>03</seasonnum><prodnum></prodnum><airdate>1984-11-07</airdate><link>http://www.tvrage.com/Ive_Got_A_Secret_UK/episodes/503240</link><title>Series 1, Show 3</title></episode>
<episode><epnum>4</epnum><seasonnum>04</seasonnum><prodnum></prodnum><airdate>1984-11-14</airdate><link>http://www.tvrage.com/Ive_Got_A_Secret_UK/episodes/503241</link><title>Series 1, Show 4</title></episode>
<episode><epnum>5</epnum><seasonnum>05</seasonnum><prodnum></prodnum><airdate>1984-11-21</airdate><link>http://www.tvrage.com/Ive_Got_A_Secret_UK/episodes/503242</link><title>Series 1, Show 5</title></episode>
<episode><epnum>6</epnum><seasonnum>06</seasonnum><prodnum></prodnum><airdate>1984-11-28</airdate><link>http://www.tvrage.com/Ive_Got_A_Secret_UK/episodes/503243</link><title>Series 1, Show 6</title></episode>
<episode><epnum>7</epnum><seasonnum>07</seasonnum><prodnum></prodnum><airdate>1984-12-05</airdate><link>http://www.tvrage.com/Ive_Got_A_Secret_UK/episodes/503244</link><title>Series 1, Show 7</title></episode>
<episode><epnum>8</epnum><seasonnum>08</seasonnum><prodnum></prodnum><airdate>1984-12-12</airdate><link>http://www.tvrage.com/Ive_Got_A_Secret_UK/episodes/503245</link><title>Series 1, Show 8</title></episode>
</Season>

<Season no="2">
<episode><epnum>9</epnum><seasonnum>01</seasonnum><prodnum></prodnum><airdate>1986-03-28</airdate><link>http://www.tvrage.com/Ive_Got_A_Secret_UK/episodes/503246</link><title>Series 2, Show 1</title></episode>
<episode><epnum>10</epnum><seasonnum>02</seasonnum><prodnum></prodnum><airdate>1986-04-04</airdate><link>http://www.tvrage.com/Ive_Got_A_Secret_UK/episodes/503247</link><title>Series 2, Show 2</title></episode>
<episode><epnum>11</epnum><seasonnum>03</seasonnum><prodnum></prodnum><airdate>1986-04-11</airdate><link>http://www.tvrage.com/Ive_Got_A_Secret_UK/episodes/503248</link><title>Series 2, Show 3</title></episode>
<episode><epnum>12</epnum><seasonnum>04</seasonnum><prodnum></prodnum><airdate>1986-04-18</airdate><link>http://www.tvrage.com/Ive_Got_A_Secret_UK/episodes/503249</link><title>Series 2, Show 4</title></episode>
<episode><epnum>13</epnum><seasonnum>05</seasonnum><prodnum></prodnum><airdate>1986-04-25</airdate><link>http://www.tvrage.com/Ive_Got_A_Secret_UK/episodes/503250</link><title>Series 2, Show 5</title></episode>
<episode><epnum>14</epnum><seasonnum>06</seasonnum><prodnum></prodnum><airdate>1986-05-02</airdate><link>http://www.tvrage.com/Ive_Got_A_Secret_UK/episodes/503251</link><title>Series 2, Show 6</title></episode>
<episode><epnum>15</epnum><seasonnum>07</seasonnum><prodnum></prodnum><airdate>1986-05-09</airdate><link>http://www.tvrage.com/Ive_Got_A_Secret_UK/episodes/503252</link><title>Series 2, Show 7</title></episode>
<episode><epnum>16</epnum><seasonnum>08</seasonnum><prodnum></prodnum><airdate>1986-05-16</airdate><link>http://www.tvrage.com/Ive_Got_A_Secret_UK/episodes/503253</link><title>Series 2, Show 8</title></episode>
<episode><epnum>17</epnum><seasonnum>09</seasonnum><prodnum></prodnum><airdate>1986-05-23</airdate><link>http://www.tvrage.com/Ive_Got_A_Secret_UK/episodes/503254</link><title>Series 2, Show 9</title></episode>
<episode><epnum>18</epnum><seasonnum>10</seasonnum><prodnum></prodnum><airdate>1986-05-30</airdate><link>http://www.tvrage.com/Ive_Got_A_Secret_UK/episodes/503255</link><title>Series 2, Show 10</title></episode>
<episode><epnum>19</epnum><seasonnum>11</seasonnum><prodnum></prodnum><airdate>1986-06-06</airdate><link>http://www.tvrage.com/Ive_Got_A_Secret_UK/episodes/503256</link><title>Series 2, Show 11</title></episode>
<episode><epnum>20</epnum><seasonnum>12</seasonnum><prodnum></prodnum><airdate>1986-06-13</airdate><link>http://www.tvrage.com/Ive_Got_A_Secret_UK/episodes/503257</link><title>Series 2, Show 12</title></episode>
<episode><epnum>21</epnum><seasonnum>13</seasonnum><prodnum></prodnum><airdate>1986-06-20</airdate><link>http://www.tvrage.com/Ive_Got_A_Secret_UK/episodes/503258</link><title>Series 2, Show 13</title></episode>
</Season>

<Season no="3">
<episode><epnum>22</epnum><seasonnum>01</seasonnum><prodnum></prodnum><airdate>1988-09-14</airdate><link>http://www.tvrage.com/Ive_Got_A_Secret_UK/episodes/503259</link><title>Series 3, Show 1</title></episode>
<episode><epnum>23</epnum><seasonnum>02</seasonnum><prodnum></prodnum><airdate>1988-09-21</airdate><link>http://www.tvrage.com/Ive_Got_A_Secret_UK/episodes/503260</link><title>Series 3, Show 2</title></episode>
<episode><epnum>24</epnum><seasonnum>03</seasonnum><prodnum></prodnum><airdate>1988-10-05</airdate><link>http://www.tvrage.com/Ive_Got_A_Secret_UK/episodes/503261</link><title>Series 3, Show 3</title></episode>
<episode><epnum>25</epnum><seasonnum>04</seasonnum><prodnum></prodnum><airdate>1988-10-12</airdate><link>http://www.tvrage.com/Ive_Got_A_Secret_UK/episodes/503262</link><title>Series 3, Show 4</title></episode>
<episode><epnum>26</epnum><seasonnum>05</seasonnum><prodnum></prodnum><airdate>1988-10-19</airdate><link>http://www.tvrage.com/Ive_Got_A_Secret_UK/episodes/503263</link><title>Series 3, Show 5</title></episode>
<episode><epnum>27</epnum><seasonnum>06</seasonnum><prodnum></prodnum><airdate>1988-10-26</airdate><link>http://www.tvrage.com/Ive_Got_A_Secret_UK/episodes/503264</link><title>Series 3, Show 6</title></episode>
<episode><epnum>28</epnum><seasonnum>07</seasonnum><prodnum></prodnum><airdate>1988-11-02</airdate><link>http://www.tvrage.com/Ive_Got_A_Secret_UK/episodes/503265</link><title>Series 3, Show 7</title></episode>
<episode><epnum>29</epnum><seasonnum>08</seasonnum><prodnum></prodnum><airdate>1988-11-09</airdate><link>http://www.tvrage.com/Ive_Got_A_Secret_UK/episodes/503266</link><title>Series 3, Show 8</title></episode>
<episode><epnum>30</epnum><seasonnum>09</seasonnum><prodnum></prodnum><airdate>1988-11-16</airdate><link>http://www.tvrage.com/Ive_Got_A_Secret_UK/episodes/503267</link><title>Series 3, Show 9</title></episode>
<episode><epnum>31</epnum><seasonnum>10</seasonnum><prodnum></prodnum><airdate>1988-11-23</airdate><link>http://www.tvrage.com/Ive_Got_A_Secret_UK/episodes/503268</link><title>Series 3, Show 10</title></episode>
<episode><epnum>32</epnum><seasonnum>11</seasonnum><prodnum></prodnum><airdate>1988-11-30</airdate><link>http://www.tvrage.com/Ive_Got_A_Secret_UK/episodes/503269</link><title>Series 3, Show 11</title></episode>
</Season>

</Episodelist>

</Show>