<?xml version="1.0" encoding="UTF-8" ?>


<Show>
<name>Jumpers For Goalpoasts</name>
<totalseasons>1</totalseasons>
<showid>10443</showid>
<showlink>http://tvrage.com/shows/id-10443</showlink>
<started>Mar/2001</started>
<ended>May/2001</ended>
<image>http://images.tvrage.com/shows/11/10443.jpg</image>
<origin_country>UK</origin_country>
<status>Canceled/Ended</status>
<classification>Game Show</classification>
<genres><genre>Family</genre></genres>
<runtime>30</runtime>
<network country="UK">Sky1</network>
<airtime>12:00</airtime>
<timezone>GMT+0 -DST</timezone>
<Episodelist>

<Season no="1">
<episode><epnum>1</epnum><seasonnum>01</seasonnum><prodnum></prodnum><airdate>2001-03-05</airdate><link>http://www.tvrage.com/shows/id-10443/episodes/450064</link><title>Show 1</title></episode>
<episode><epnum>2</epnum><seasonnum>02</seasonnum><prodnum></prodnum><airdate>2001-03-12</airdate><link>http://www.tvrage.com/shows/id-10443/episodes/450065</link><title>Show 2</title></episode>
<episode><epnum>3</epnum><seasonnum>03</seasonnum><prodnum></prodnum><airdate>2001-03-19</airdate><link>http://www.tvrage.com/shows/id-10443/episodes/450066</link><title>Show 3</title></episode>
<episode><epnum>4</epnum><seasonnum>04</seasonnum><prodnum></prodnum><airdate>2001-03-26</airdate><link>http://www.tvrage.com/shows/id-10443/episodes/450067</link><title>Show 4</title></episode>
<episode><epnum>5</epnum><seasonnum>05</seasonnum><prodnum></prodnum><airdate>2001-04-02</airdate><link>http://www.tvrage.com/shows/id-10443/episodes/450068</link><title>Show 5</title></episode>
<episode><epnum>6</epnum><seasonnum>06</seasonnum><prodnum></prodnum><airdate>2001-04-09</airdate><link>http://www.tvrage.com/shows/id-10443/episodes/450069</link><title>Show 6</title></episode>
<episode><epnum>7</epnum><seasonnum>07</seasonnum><prodnum></prodnum><airdate>2001-04-16</airdate><link>http://www.tvrage.com/shows/id-10443/episodes/450070</link><title>Show 7</title></episode>
<episode><epnum>8</epnum><seasonnum>08</seasonnum><prodnum></prodnum><airdate>2001-04-23</airdate><link>http://www.tvrage.com/shows/id-10443/episodes/450071</link><title>Show 8</title></episode>
<episode><epnum>9</epnum><seasonnum>09</seasonnum><prodnum></prodnum><airdate>2001-04-30</airdate><link>http://www.tvrage.com/shows/id-10443/episodes/450072</link><title>Show 9</title></episode>
<episode><epnum>10</epnum><seasonnum>10</seasonnum><prodnum></prodnum><airdate>2001-05-07</airdate><link>http://www.tvrage.com/shows/id-10443/episodes/450073</link><title>Show 10</title></episode>
<episode><epnum>11</epnum><seasonnum>11</seasonnum><prodnum></prodnum><airdate>2001-05-14</airdate><link>http://www.tvrage.com/shows/id-10443/episodes/450074</link><title>Show 11</title></episode>
<episode><epnum>12</epnum><seasonnum>12</seasonnum><prodnum></prodnum><airdate>2001-05-21</airdate><link>http://www.tvrage.com/shows/id-10443/episodes/450075</link><title>Show 12</title></episode>
<episode><epnum>13</epnum><seasonnum>13</seasonnum><prodnum></prodnum><airdate>2001-05-28</airdate><link>http://www.tvrage.com/shows/id-10443/episodes/450076</link><title>Show 13</title></episode>
</Season>

</Episodelist>

</Show>